order_id,agent_id,order_date,breed_type,quantity_ordered,batch_id
ORD-000007,AGT-0002,2025-06-18,SASSO (Dual-Purpose),100.0,BATCH-202506-112
ORD-000008,AGT-0002,2025-10-18,SASSO (Dual-Purpose),200.0,BATCH-202510-796
ORD-000009,AGT-0002,2025-03-10,SASSO (Dual-Purpose),100.0,BATCH-202503-311
ORD-000010,AGT-0002,2025-02-08,Bovans Brown (Layer),300.0,BATCH-202502-979
ORD-000011,AGT-0002,2025-06-27,SASSO (Dual-Purpose),300.0,BATCH-202506-903
ORD-000012,AGT-0002,2025-11-26,Bovans Brown (Layer),200.0,BATCH-202511-552
ORD-000013,AGT-0002,2025-01-29,Bovans Brown (Layer),100.0,BATCH-202501-888
ORD-000014,AGT-0003,2025-04-03,SASSO (Dual-Purpose),200.0,BATCH-202504-688
ORD-000015,AGT-0003,2025-01-18,SASSO (Dual-Purpose),300.0,BATCH-202501-630
ORD-000016,AGT-0003,2025-03-25,SASSO (Dual-Purpose),300.0,BATCH-202503-622
ORD-000017,AGT-0003,2025-03-21,SASSO (Dual-Purpose),200.0,BATCH-202503-623
ORD-000018,AGT-0003,2025-09-30,SASSO (Dual-Purpose),200.0,BATCH-202509-764
ORD-000019,AGT-0003,2025-09-16,SASSO (Dual-Purpose),300.0,BATCH-202509-200
ORD-000020,AGT-0003,2025-01-26,Bovans Brown (Layer),100.0,BATCH-202501-866
ORD-000021,AGT-0003,2025-04-16,SASSO (Dual-Purpose),200.0,BATCH-202504-541
ORD-000022,AGT-0003,2025-01-25,SASSO (Dual-Purpose),200.0,BATCH-202501-893
ORD-000023,AGT-0003,2025-07-01,SASSO (Dual-Purpose),100.0,BATCH-202507-334
ORD-000024,AGT-0003,2025-04-10,SASSO (Dual-Purpose),200.0,BATCH-202504-712
ORD-000025,AGT-0004,2025-05-10,SASSO (Dual-Purpose),300.0,BATCH-202505-265
ORD-000026,AGT-0004,2025-07-13,SASSO (Dual-Purpose),300.0,BATCH-202507-538
ORD-000027,AGT-0004,2025-07-10,SASSO (Dual-Purpose),300.0,BATCH-202507-511
ORD-000028,AGT-0004,2025-01-15,SASSO (Dual-Purpose),100.0,BATCH-202501-579
ORD-000029,AGT-0004,2025-11-30,SASSO (Dual-Purpose),200.0,BATCH-202511-760
ORD-000030,AGT-0004,2025-12-03,Bovans Brown (Layer),200.0,BATCH-202512-166
ORD-000031,AGT-0004,2025-12-03,SASSO (Dual-Purpose),100.0,BATCH-202512-515
ORD-000034,AGT-0005,2025-06-12,Bovans Brown (Layer),200.0,BATCH-202506-305
ORD-000035,AGT-0005,2025-08-25,SASSO (Dual-Purpose),500.0,BATCH-202508-404
ORD-000036,AGT-0005,2025-10-09,SASSO (Dual-Purpose),300.0,BATCH-202510-191
ORD-000037,AGT-0005,2025-02-22,SASSO (Dual-Purpose),300.0,
ORD-000038,AGT-0005,2025-12-30,SASSO (Dual-Purpose),300.0,BATCH-202512-339
ORD-000039,AGT-0005,2025-07-08,SASSO (Dual-Purpose),300.0,BATCH-202507-620
ORD-000040,AGT-0005,2025-08-22,SASSO (Dual-Purpose),200.0,BATCH-202508-218
ORD-000041,AGT-0006,2025-05-27,SASSO (Dual-Purpose),300.0,BATCH-202505-851
ORD-000042,AGT-0006,2025-04-15,SASSO (Dual-Purpose),100.0,BATCH-202504-873
ORD-000043,AGT-0006,2025-08-10,SASSO (Dual-Purpose),200.0,BATCH-202508-813
ORD-000044,AGT-0006,2025-12-19,Bovans Brown (Layer),300.0,BATCH-202512-579
ORD-000045,AGT-0006,2025-02-09,SASSO (Dual-Purpose),100.0,BATCH-202502-236
ORD-000048,AGT-0006,2025-03-20,Bovans Brown (Layer),200.0,BATCH-202503-407
ORD-000049,AGT-0006,2025-04-23,SASSO (Dual-Purpose),300.0,BATCH-202504-877
ORD-000050,AGT-0007,2025-11-09,SASSO (Dual-Purpose),300.0,BATCH-202511-332
ORD-000051,AGT-0007,2025-06-26,Bovans Brown (Layer),200.0,BATCH-202506-152
ORD-000052,AGT-0007,2025-02-25,Bovans Brown (Layer),300.0,BATCH-202502-902
ORD-000053,AGT-0007,2025-07-15,Bovans Brown (Layer),200.0,
ORD-000054,AGT-0007,2025-01-07,SASSO (Dual-Purpose),500.0,BATCH-202501-339
ORD-000055,AGT-0007,2025-11-29,SASSO (Dual-Purpose),200.0,BATCH-202511-514
ORD-000056,AGT-0007,2025-08-11,SASSO (Dual-Purpose),300.0,BATCH-202508-812
ORD-000057,AGT-0007,2025-06-02,SASSO (Dual-Purpose),300.0,BATCH-202506-339
ORD-000058,AGT-0007,2025-10-26,SASSO (Dual-Purpose),200.0,BATCH-202510-521
ORD-000059,AGT-0008,2025-03-27,SASSO (Dual-Purpose),300.0,BATCH-202503-436
ORD-000060,AGT-0008,2025-08-28,SASSO (Dual-Purpose),200.0,BATCH-202508-675
ORD-000061,AGT-0008,2025-05-25,SASSO (Dual-Purpose),100.0,BATCH-202505-649
ORD-000062,AGT-0008,2025-10-27,SASSO (Dual-Purpose),100.0,BATCH-202510-787
ORD-000063,AGT-0008,2025-08-12,SASSO (Dual-Purpose),100.0,BATCH-202508-325
ORD-000064,AGT-0008,2025-07-29,SASSO (Dual-Purpose),200.0,BATCH-202507-855
ORD-000065,AGT-0008,2025-11-28,SASSO (Dual-Purpose),300.0,BATCH-202511-890
ORD-000066,AGT-0008,2025-02-15,SASSO (Dual-Purpose),300.0,BATCH-202502-433
ORD-000067,AGT-0008,2025-04-14,SASSO (Dual-Purpose),300.0,BATCH-202504-341
ORD-000068,AGT-0008,2025-02-15,SASSO (Dual-Purpose),200.0,BATCH-202502-311
ORD-000069,AGT-0008,2025-09-30,Bovans Brown (Layer),300.0,BATCH-202509-144
ORD-000070,AGT-0008,2025-08-16,SASSO (Dual-Purpose),200.0,BATCH-202508-937
ORD-000071,AGT-0009,2025-05-25,SASSO (Dual-Purpose),100.0,BATCH-202505-886
ORD-000072,AGT-0009,2025-10-30,SASSO (Dual-Purpose),1000.0,BATCH-202510-782
ORD-000073,AGT-0009,2025-05-18,SASSO (Dual-Purpose),200.0,BATCH-202505-888
ORD-000074,AGT-0009,2025-05-07,SASSO (Dual-Purpose),300.0,BATCH-202505-989
ORD-000075,AGT-0009,2025-08-16,SASSO (Dual-Purpose),200.0,BATCH-202508-328
ORD-000076,AGT-0009,2025-11-27,SASSO (Dual-Purpose),300.0,BATCH-202511-997
ORD-000077,AGT-0009,2025-07-15,SASSO (Dual-Purpose),100.0,BATCH-202507-688
ORD-000079,AGT-0009,2025-04-13,Bovans Brown (Layer),100.0,BATCH-202504-805
ORD-000080,AGT-0009,2025-06-14,SASSO (Dual-Purpose),1000.0,BATCH-202506-836
ORD-000081,AGT-0010,2025-05-19,SASSO (Dual-Purpose),200.0,BATCH-202505-151
ORD-000082,AGT-0010,2025-04-03,SASSO (Dual-Purpose),200.0,BATCH-202504-608
ORD-000083,AGT-0010,2025-06-13,Bovans Brown (Layer),200.0,BATCH-202506-700
ORD-000084,AGT-0010,2025-02-25,Bovans Brown (Layer),500.0,BATCH-202502-439
ORD-000085,AGT-0010,2025-10-02,Bovans Brown (Layer),100.0,BATCH-202510-761
ORD-000086,AGT-0010,2025-08-06,SASSO (Dual-Purpose),100.0,BATCH-202508-934
ORD-000087,AGT-0010,2025-02-17,Bovans Brown (Layer),500.0,BATCH-202502-907
ORD-000088,AGT-0010,2025-07-22,SASSO (Dual-Purpose),200.0,BATCH-202507-991
ORD-000089,AGT-0010,2025-01-23,SASSO (Dual-Purpose),100.0,BATCH-202501-420
ORD-000090,AGT-0011,2025-03-20,SASSO (Dual-Purpose),100.0,BATCH-202503-352
ORD-000091,AGT-0011,2025-10-29,SASSO (Dual-Purpose),300.0,BATCH-202510-269
ORD-000092,AGT-0011,2025-10-14,SASSO (Dual-Purpose),300.0,BATCH-202510-763
ORD-000093,AGT-0011,2025-09-23,SASSO (Dual-Purpose),300.0,BATCH-202509-514
ORD-000094,AGT-0011,2025-04-19,Bovans Brown (Layer),300.0,BATCH-202504-661
ORD-000095,AGT-0011,2025-04-15,SASSO (Dual-Purpose),200.0,BATCH-202504-765
ORD-000096,AGT-0011,2025-03-06,SASSO (Dual-Purpose),200.0,BATCH-202503-247
ORD-000097,AGT-0011,2025-10-05,SASSO (Dual-Purpose),200.0,BATCH-202510-891
ORD-000098,AGT-0011,2025-12-17,SASSO (Dual-Purpose),200.0,BATCH-202512-537
ORD-000099,AGT-0011,2025-03-16,Bovans Brown (Layer),300.0,BATCH-202503-797
ORD-000100,AGT-0012,2025-05-18,Bovans Brown (Layer),300.0,BATCH-202505-961
ORD-000101,AGT-0012,2025-02-25,SASSO (Dual-Purpose),200.0,BATCH-202502-475
ORD-000102,AGT-0012,2025-10-17,Bovans Brown (Layer),200.0,BATCH-202510-455
ORD-000103,AGT-0012,2025-05-30,SASSO (Dual-Purpose),200.0,BATCH-202505-822
ORD-000104,AGT-0012,2025-09-29,Bovans Brown (Layer),300.0,BATCH-202509-224
ORD-000105,AGT-0012,2025-06-10,Bovans Brown (Layer),100.0,BATCH-202506-462
ORD-000106,AGT-0012,2025-05-12,SASSO (Dual-Purpose),500.0,BATCH-202505-955
ORD-000107,AGT-0012,2025-01-28,SASSO (Dual-Purpose),300.0,BATCH-202501-141
ORD-000108,AGT-0013,2025-11-21,SASSO (Dual-Purpose),200.0,BATCH-202511-170
ORD-000109,AGT-0013,2025-06-11,Bovans Brown (Layer),200.0,BATCH-202506-918
ORD-000110,AGT-0013,2025-03-03,Bovans Brown (Layer),200.0,BATCH-202503-946
ORD-000112,AGT-0013,2025-01-10,SASSO (Dual-Purpose),200.0,BATCH-202501-164
ORD-000113,AGT-0013,2025-12-09,Bovans Brown (Layer),500.0,BATCH-202512-453
ORD-000114,AGT-0014,2025-01-01,SASSO (Dual-Purpose),200.0,BATCH-202501-634
ORD-000115,AGT-0014,2025-05-19,SASSO (Dual-Purpose),200.0,BATCH-202505-419
ORD-000116,AGT-0014,2025-07-24,SASSO (Dual-Purpose),100.0,BATCH-202507-119
ORD-000117,AGT-0014,2025-12-22,Bovans Brown (Layer),300.0,BATCH-202512-314
ORD-000118,AGT-0014,2025-10-05,SASSO (Dual-Purpose),100.0,BATCH-202510-205
ORD-000119,AGT-0014,2025-11-02,SASSO (Dual-Purpose),500.0,BATCH-202511-657
ORD-000120,AGT-0014,2025-05-19,SASSO (Dual-Purpose),500.0,BATCH-202505-924
ORD-000121,AGT-0014,2025-04-25,Bovans Brown (Layer),200.0,BATCH-202504-425
ORD-000122,AGT-0014,2025-05-25,SASSO (Dual-Purpose),100.0,BATCH-202505-576
ORD-000123,AGT-0014,2025-05-08,SASSO (Dual-Purpose),500.0,BATCH-202505-258
ORD-000124,AGT-0015,2025-08-05,SASSO (Dual-Purpose),1000.0,BATCH-202508-518
ORD-000125,AGT-0015,2025-11-11,SASSO (Dual-Purpose),100.0,
ORD-000126,AGT-0015,2025-11-26,SASSO (Dual-Purpose),500.0,BATCH-202511-942
ORD-000127,AGT-0015,2025-06-12,SASSO (Dual-Purpose),500.0,BATCH-202506-373
ORD-000128,AGT-0015,2025-01-31,Bovans Brown (Layer),200.0,BATCH-202501-352
ORD-000129,AGT-0015,2025-08-24,SASSO (Dual-Purpose),300.0,BATCH-202508-598
ORD-000130,AGT-0015,2025-05-19,Bovans Brown (Layer),200.0,BATCH-202505-747
ORD-000131,AGT-0015,2025-04-04,Bovans Brown (Layer),500.0,BATCH-202504-607
ORD-000132,AGT-0015,2025-03-17,SASSO (Dual-Purpose),500.0,BATCH-202503-205
ORD-000133,AGT-0015,2025-07-30,SASSO (Dual-Purpose),200.0,BATCH-202507-481
ORD-000134,AGT-0016,2025-03-25,SASSO (Dual-Purpose),500.0,BATCH-202503-545
ORD-000135,AGT-0016,2025-07-28,SASSO (Dual-Purpose),100.0,BATCH-202507-367
ORD-000136,AGT-0016,2025-06-26,SASSO (Dual-Purpose),200.0,BATCH-202506-388
ORD-000137,AGT-0016,2025-04-02,SASSO (Dual-Purpose),200.0,BATCH-202504-929
ORD-000138,AGT-0016,2025-03-05,SASSO (Dual-Purpose),200.0,BATCH-202503-686
ORD-000139,AGT-0016,2025-03-29,SASSO (Dual-Purpose),200.0,BATCH-202503-939
ORD-000140,AGT-0016,2025-05-13,SASSO (Dual-Purpose),100.0,BATCH-202505-275
ORD-000141,AGT-0016,2025-05-11,SASSO (Dual-Purpose),200.0,BATCH-202505-460
ORD-000142,AGT-0016,2025-11-17,SASSO (Dual-Purpose),300.0,BATCH-202511-682
ORD-000144,AGT-0017,2025-10-06,SASSO (Dual-Purpose),100.0,BATCH-202510-918
ORD-000145,AGT-0017,2025-07-10,Bovans Brown (Layer),200.0,BATCH-202507-818
ORD-000146,AGT-0017,2025-08-31,SASSO (Dual-Purpose),200.0,BATCH-202508-464
ORD-000147,AGT-0017,2025-08-17,Bovans Brown (Layer),200.0,BATCH-202508-110
ORD-000148,AGT-0017,2025-03-30,SASSO (Dual-Purpose),300.0,BATCH-202503-308
ORD-000149,AGT-0017,2025-05-27,SASSO (Dual-Purpose),100.0,BATCH-202505-388
ORD-000150,AGT-0017,2025-12-11,Bovans Brown (Layer),300.0,BATCH-202512-369
ORD-000153,AGT-0017,2025-07-26,SASSO (Dual-Purpose),100.0,BATCH-202507-848
ORD-000154,AGT-0017,2025-10-24,Bovans Brown (Layer),300.0,BATCH-202510-676
ORD-000156,AGT-0018,2025-02-23,SASSO (Dual-Purpose),300.0,BATCH-202502-621
ORD-000157,AGT-0018,2025-04-29,SASSO (Dual-Purpose),100.0,BATCH-202504-200
ORD-000158,AGT-0018,2025-12-28,SASSO (Dual-Purpose),100.0,BATCH-202512-911
ORD-000159,AGT-0018,2025-06-10,SASSO (Dual-Purpose),200.0,BATCH-202506-974
ORD-000160,AGT-0018,2025-01-30,SASSO (Dual-Purpose),300.0,BATCH-202501-412
ORD-000161,AGT-0018,2025-07-05,Bovans Brown (Layer),200.0,BATCH-202507-579
ORD-000162,AGT-0018,2025-12-19,SASSO (Dual-Purpose),200.0,BATCH-202512-217
ORD-000163,AGT-0019,2025-09-28,SASSO (Dual-Purpose),300.0,BATCH-202509-637
ORD-000164,AGT-0019,2025-05-03,SASSO (Dual-Purpose),200.0,BATCH-202505-955
ORD-000165,AGT-0019,2025-05-29,SASSO (Dual-Purpose),1000.0,BATCH-202505-337
ORD-000166,AGT-0019,2025-09-30,Bovans Brown (Layer),300.0,BATCH-202509-429
ORD-000167,AGT-0019,2025-03-30,SASSO (Dual-Purpose),200.0,BATCH-202503-700
ORD-000168,AGT-0019,2025-07-15,SASSO (Dual-Purpose),500.0,BATCH-202507-213
ORD-000169,AGT-0019,2025-04-12,SASSO (Dual-Purpose),100.0,BATCH-202504-986
ORD-000170,AGT-0019,2025-08-19,SASSO (Dual-Purpose),200.0,BATCH-202508-395
ORD-000171,AGT-0019,2025-11-21,SASSO (Dual-Purpose),500.0,BATCH-202511-860
ORD-000172,AGT-0019,2025-03-31,Bovans Brown (Layer),500.0,BATCH-202503-871
ORD-000173,AGT-0019,2025-12-15,Bovans Brown (Layer),500.0,BATCH-202512-767
ORD-000174,AGT-0020,2025-08-05,SASSO (Dual-Purpose),500.0,BATCH-202508-810
ORD-000175,AGT-0020,2025-08-10,SASSO (Dual-Purpose),100.0,BATCH-202508-987
ORD-000176,AGT-0020,2025-03-15,SASSO (Dual-Purpose),1000.0,BATCH-202503-829
ORD-000177,AGT-0020,2025-03-11,Bovans Brown (Layer),200.0,BATCH-202503-898
ORD-000178,AGT-0020,2025-05-08,SASSO (Dual-Purpose),1000.0,BATCH-202505-325
ORD-000179,AGT-0020,2025-12-03,SASSO (Dual-Purpose),1000.0,BATCH-202512-900
ORD-000180,AGT-0020,2025-12-23,SASSO (Dual-Purpose),200.0,BATCH-202512-427
ORD-000181,AGT-0021,2025-03-30,SASSO (Dual-Purpose),200.0,BATCH-202503-742
ORD-000182,AGT-0021,2025-01-02,Bovans Brown (Layer),200.0,BATCH-202501-672
ORD-000183,AGT-0021,2025-05-11,SASSO (Dual-Purpose),200.0,BATCH-202505-392
ORD-000184,AGT-0021,2025-09-04,SASSO (Dual-Purpose),1000.0,BATCH-202509-179
ORD-000185,AGT-0021,2025-08-02,SASSO (Dual-Purpose),200.0,BATCH-202508-882
ORD-000186,AGT-0021,2025-07-05,SASSO (Dual-Purpose),200.0,BATCH-202507-336
ORD-000187,AGT-0021,2025-03-21,SASSO (Dual-Purpose),300.0,BATCH-202503-770
ORD-000188,AGT-0021,2025-04-29,SASSO (Dual-Purpose),200.0,BATCH-202504-972
ORD-000189,AGT-0021,2025-10-10,SASSO (Dual-Purpose),100.0,BATCH-202510-839
ORD-000190,AGT-0021,2025-02-27,SASSO (Dual-Purpose),300.0,BATCH-202502-526
ORD-000191,AGT-0021,2025-05-17,SASSO (Dual-Purpose),500.0,BATCH-202505-101
ORD-000192,AGT-0022,2025-11-09,SASSO (Dual-Purpose),200.0,BATCH-202511-752
ORD-000193,AGT-0022,2025-04-14,Bovans Brown (Layer),200.0,BATCH-202504-341
ORD-000194,AGT-0022,2025-09-11,SASSO (Dual-Purpose),100.0,BATCH-202509-225
ORD-000195,AGT-0022,2025-10-02,SASSO (Dual-Purpose),200.0,BATCH-202510-661
ORD-000196,AGT-0022,2025-09-11,SASSO (Dual-Purpose),300.0,BATCH-202509-925
ORD-000197,AGT-0022,2025-11-07,SASSO (Dual-Purpose),200.0,BATCH-202511-151
ORD-000198,AGT-0022,2025-10-27,SASSO (Dual-Purpose),200.0,BATCH-202510-167
ORD-000199,AGT-0022,2025-09-17,SASSO (Dual-Purpose),100.0,BATCH-202509-283
ORD-000200,AGT-0022,2025-07-05,SASSO (Dual-Purpose),200.0,BATCH-202507-566
ORD-000201,AGT-0022,2025-12-12,SASSO (Dual-Purpose),1000.0,BATCH-202512-275
ORD-000202,AGT-0023,2025-08-17,SASSO (Dual-Purpose),200.0,BATCH-202508-326
ORD-000203,AGT-0023,2025-09-04,SASSO (Dual-Purpose),200.0,BATCH-202509-246
ORD-000204,AGT-0023,2025-05-22,Bovans Brown (Layer),500.0,BATCH-202505-495
ORD-000205,AGT-0023,2025-10-12,SASSO (Dual-Purpose),100.0,BATCH-202510-211
ORD-000206,AGT-0023,2025-03-15,SASSO (Dual-Purpose),200.0,BATCH-202503-532
ORD-000207,AGT-0023,2025-08-13,Bovans Brown (Layer),1000.0,BATCH-202508-672
ORD-000208,AGT-0023,2025-07-08,SASSO (Dual-Purpose),200.0,BATCH-202507-408
ORD-000209,AGT-0023,2025-05-12,Bovans Brown (Layer),300.0,BATCH-202505-733
ORD-000210,AGT-0023,2025-06-10,Bovans Brown (Layer),1000.0,BATCH-202506-602
ORD-000211,AGT-0023,2025-10-14,SASSO (Dual-Purpose),300.0,BATCH-202510-742
ORD-000212,AGT-0024,2025-11-30,Bovans Brown (Layer),200.0,BATCH-202511-556
ORD-000213,AGT-0024,2025-05-27,Bovans Brown (Layer),300.0,BATCH-202505-611
ORD-000214,AGT-0024,2025-01-09,SASSO (Dual-Purpose),300.0,BATCH-202501-119
ORD-000215,AGT-0024,2025-03-30,SASSO (Dual-Purpose),300.0,BATCH-202503-406
ORD-000216,AGT-0024,2025-08-11,SASSO (Dual-Purpose),200.0,BATCH-202508-103
ORD-000217,AGT-0024,2025-12-21,SASSO (Dual-Purpose),200.0,BATCH-202512-480
ORD-000220,AGT-0025,2025-10-28,SASSO (Dual-Purpose),200.0,BATCH-202510-612
ORD-000222,AGT-0025,2025-06-17,SASSO (Dual-Purpose),200.0,BATCH-202506-722
ORD-000223,AGT-0025,2025-12-02,Bovans Brown (Layer),300.0,BATCH-202512-536
ORD-000224,AGT-0025,2025-11-04,SASSO (Dual-Purpose),1000.0,BATCH-202511-444
ORD-000225,AGT-0025,2025-09-16,SASSO (Dual-Purpose),300.0,BATCH-202509-591
ORD-000226,AGT-0025,2025-12-13,SASSO (Dual-Purpose),200.0,BATCH-202512-166
ORD-000227,AGT-0025,2025-08-30,SASSO (Dual-Purpose),500.0,BATCH-202508-944
ORD-000228,AGT-0025,2025-11-13,Bovans Brown (Layer),100.0,BATCH-202511-660
ORD-000229,AGT-0026,2025-05-03,SASSO (Dual-Purpose),300.0,BATCH-202505-564
ORD-000230,AGT-0026,2025-02-10,SASSO (Dual-Purpose),300.0,BATCH-202502-180
ORD-000231,AGT-0026,2025-08-01,SASSO (Dual-Purpose),200.0,BATCH-202508-176
ORD-000232,AGT-0026,2025-07-29,SASSO (Dual-Purpose),300.0,BATCH-202507-256
ORD-000233,AGT-0026,2025-03-08,SASSO (Dual-Purpose),200.0,BATCH-202503-960
ORD-000234,AGT-0026,2025-11-12,SASSO (Dual-Purpose),100.0,BATCH-202511-988
ORD-000235,AGT-0026,2025-08-23,SASSO (Dual-Purpose),200.0,BATCH-202508-183
ORD-000236,AGT-0026,2025-03-28,SASSO (Dual-Purpose),200.0,BATCH-202503-577
ORD-000237,AGT-0026,2025-07-25,SASSO (Dual-Purpose),200.0,BATCH-202507-962
ORD-000238,AGT-0026,2025-07-08,Bovans Brown (Layer),500.0,BATCH-202507-395
ORD-000239,AGT-0027,2025-02-17,SASSO (Dual-Purpose),200.0,
ORD-000240,AGT-0027,2025-12-12,SASSO (Dual-Purpose),200.0,BATCH-202512-701
ORD-000241,AGT-0027,2025-04-22,SASSO (Dual-Purpose),200.0,BATCH-202504-899
ORD-000242,AGT-0027,2025-07-08,SASSO (Dual-Purpose),100.0,BATCH-202507-748
ORD-000244,AGT-0027,2025-09-26,SASSO (Dual-Purpose),300.0,BATCH-202509-628
ORD-000245,AGT-0027,2025-09-26,SASSO (Dual-Purpose),300.0,BATCH-202509-932
ORD-000246,AGT-0027,2025-07-21,SASSO (Dual-Purpose),500.0,BATCH-202507-240
ORD-000247,AGT-0027,2025-06-21,SASSO (Dual-Purpose),200.0,BATCH-202506-310
ORD-000248,AGT-0027,2025-02-02,SASSO (Dual-Purpose),300.0,BATCH-202502-838
ORD-000249,AGT-0027,2025-09-11,SASSO (Dual-Purpose),200.0,BATCH-202509-845
ORD-000251,AGT-0028,2025-08-05,SASSO (Dual-Purpose),200.0,BATCH-202508-452
ORD-000252,AGT-0028,2025-01-18,SASSO (Dual-Purpose),300.0,BATCH-202501-344
ORD-000253,AGT-0028,2025-10-27,SASSO (Dual-Purpose),300.0,BATCH-202510-601
ORD-000254,AGT-0028,2025-08-17,Bovans Brown (Layer),200.0,BATCH-202508-716
ORD-000256,AGT-0028,2025-08-21,SASSO (Dual-Purpose),200.0,BATCH-202508-776
ORD-000259,AGT-0029,2025-10-23,Bovans Brown (Layer),200.0,BATCH-202510-469
ORD-000260,AGT-0029,2025-06-15,SASSO (Dual-Purpose),100.0,BATCH-202506-601
ORD-000261,AGT-0029,2025-04-11,SASSO (Dual-Purpose),200.0,BATCH-202504-858
ORD-000262,AGT-0029,2025-12-25,SASSO (Dual-Purpose),200.0,BATCH-202512-919
ORD-000263,AGT-0029,2025-11-29,SASSO (Dual-Purpose),100.0,BATCH-202511-508
ORD-000264,AGT-0029,2025-07-03,SASSO (Dual-Purpose),100.0,BATCH-202507-100
ORD-000265,AGT-0030,2025-08-23,SASSO (Dual-Purpose),300.0,BATCH-202508-515
ORD-000266,AGT-0030,2025-03-08,Bovans Brown (Layer),300.0,BATCH-202503-580
ORD-000267,AGT-0030,2025-03-20,SASSO (Dual-Purpose),200.0,BATCH-202503-544
ORD-000268,AGT-0030,2025-09-23,SASSO (Dual-Purpose),100.0,BATCH-202509-539
ORD-000269,AGT-0030,2025-11-07,SASSO (Dual-Purpose),100.0,BATCH-202511-765
ORD-000270,AGT-0030,2025-09-12,Bovans Brown (Layer),1000.0,BATCH-202509-782
ORD-000271,AGT-0030,2025-09-01,Bovans Brown (Layer),100.0,BATCH-202509-154
ORD-000272,AGT-0030,2025-06-03,SASSO (Dual-Purpose),100.0,BATCH-202506-862
ORD-000273,AGT-0030,2025-11-25,Bovans Brown (Layer),300.0,BATCH-202511-226
ORD-000274,AGT-0030,2025-02-01,SASSO (Dual-Purpose),300.0,BATCH-202502-774
ORD-000275,AGT-0031,2025-05-29,SASSO (Dual-Purpose),100.0,BATCH-202505-581
ORD-000276,AGT-0031,2025-07-31,SASSO (Dual-Purpose),200.0,BATCH-202507-372
ORD-000277,AGT-0031,2025-10-31,Bovans Brown (Layer),100.0,BATCH-202510-604
ORD-000278,AGT-0031,2025-08-24,SASSO (Dual-Purpose),200.0,BATCH-202508-642
ORD-000279,AGT-0031,2025-10-06,Bovans Brown (Layer),200.0,BATCH-202510-407
ORD-000280,AGT-0031,2025-05-05,SASSO (Dual-Purpose),200.0,BATCH-202505-565
ORD-000281,AGT-0031,2025-01-21,SASSO (Dual-Purpose),500.0,BATCH-202501-621
ORD-000282,AGT-0031,2025-09-07,SASSO (Dual-Purpose),200.0,BATCH-202509-161
ORD-000283,AGT-0031,2025-03-17,SASSO (Dual-Purpose),300.0,BATCH-202503-930
ORD-000284,AGT-0031,2025-11-22,SASSO (Dual-Purpose),200.0,BATCH-202511-906
ORD-000285,AGT-0031,2025-09-08,Bovans Brown (Layer),100.0,BATCH-202509-874
ORD-000286,AGT-0032,2025-03-16,SASSO (Dual-Purpose),300.0,BATCH-202503-186
ORD-000287,AGT-0032,2025-09-23,SASSO (Dual-Purpose),200.0,BATCH-202509-628
ORD-000288,AGT-0032,2025-10-19,SASSO (Dual-Purpose),300.0,BATCH-202510-173
ORD-000289,AGT-0032,2025-09-11,SASSO (Dual-Purpose),500.0,BATCH-202509-173
ORD-000290,AGT-0032,2025-08-23,Bovans Brown (Layer),200.0,BATCH-202508-846
ORD-000292,AGT-0032,2025-11-20,SASSO (Dual-Purpose),200.0,BATCH-202511-921
ORD-000293,AGT-0033,2025-02-08,SASSO (Dual-Purpose),100.0,BATCH-202502-528
ORD-000294,AGT-0033,2025-12-20,Bovans Brown (Layer),1000.0,BATCH-202512-808
ORD-000295,AGT-0033,2025-09-10,Bovans Brown (Layer),200.0,BATCH-202509-736
ORD-000296,AGT-0033,2025-04-23,SASSO (Dual-Purpose),500.0,BATCH-202504-930
ORD-000297,AGT-0033,2025-05-12,SASSO (Dual-Purpose),300.0,BATCH-202505-791
ORD-000298,AGT-0033,2025-09-29,SASSO (Dual-Purpose),200.0,BATCH-202509-980
ORD-000299,AGT-0033,2025-07-02,Bovans Brown (Layer),100.0,BATCH-202507-679
ORD-000300,AGT-0033,2025-04-29,SASSO (Dual-Purpose),200.0,BATCH-202504-662
ORD-000301,AGT-0034,2025-08-23,SASSO (Dual-Purpose),200.0,BATCH-202508-516
ORD-000302,AGT-0034,2025-01-10,SASSO (Dual-Purpose),200.0,BATCH-202501-829
ORD-000303,AGT-0034,2025-08-04,SASSO (Dual-Purpose),100.0,BATCH-202508-900
ORD-000304,AGT-0034,2025-01-01,SASSO (Dual-Purpose),100.0,BATCH-202501-823
ORD-000305,AGT-0034,2025-01-12,SASSO (Dual-Purpose),200.0,BATCH-202501-477
ORD-000306,AGT-0034,2025-02-03,SASSO (Dual-Purpose),200.0,BATCH-202502-838
ORD-000307,AGT-0035,2025-06-29,SASSO (Dual-Purpose),300.0,BATCH-202506-704
ORD-000308,AGT-0035,2025-03-10,SASSO (Dual-Purpose),300.0,BATCH-202503-725
ORD-000309,AGT-0035,2025-07-16,SASSO (Dual-Purpose),100.0,BATCH-202507-902
ORD-000310,AGT-0035,2025-10-01,SASSO (Dual-Purpose),1000.0,BATCH-202510-915
ORD-000311,AGT-0035,2025-05-08,SASSO (Dual-Purpose),200.0,BATCH-202505-751
ORD-000312,AGT-0035,2025-06-16,SASSO (Dual-Purpose),300.0,BATCH-202506-983
ORD-000313,AGT-0035,2025-07-21,Bovans Brown (Layer),100.0,BATCH-202507-283
ORD-000314,AGT-0035,2025-09-22,SASSO (Dual-Purpose),300.0,BATCH-202509-598
ORD-000315,AGT-0036,2025-09-12,SASSO (Dual-Purpose),300.0,BATCH-202509-699
ORD-000316,AGT-0036,2025-12-21,Bovans Brown (Layer),200.0,BATCH-202512-912
ORD-000317,AGT-0036,2025-02-16,SASSO (Dual-Purpose),300.0,BATCH-202502-342
ORD-000318,AGT-0036,2025-06-19,Bovans Brown (Layer),500.0,BATCH-202506-422
ORD-000319,AGT-0036,2025-02-27,Bovans Brown (Layer),100.0,BATCH-202502-481
ORD-000320,AGT-0036,2025-12-05,SASSO (Dual-Purpose),200.0,BATCH-202512-139
ORD-000321,AGT-0036,2025-09-02,SASSO (Dual-Purpose),200.0,BATCH-202509-683
ORD-000323,AGT-0036,2025-05-14,SASSO (Dual-Purpose),300.0,BATCH-202505-497
ORD-000324,AGT-0036,2025-03-22,SASSO (Dual-Purpose),200.0,BATCH-202503-280
ORD-000325,AGT-0037,2025-03-21,SASSO (Dual-Purpose),300.0,BATCH-202503-265
ORD-000326,AGT-0037,2025-03-06,SASSO (Dual-Purpose),300.0,BATCH-202503-565
ORD-000327,AGT-0037,2025-10-10,SASSO (Dual-Purpose),200.0,BATCH-202510-688
ORD-000328,AGT-0037,2025-08-10,SASSO (Dual-Purpose),300.0,BATCH-202508-176
ORD-000329,AGT-0037,2025-10-07,Bovans Brown (Layer),300.0,BATCH-202510-862
ORD-000330,AGT-0037,2025-10-31,Bovans Brown (Layer),500.0,BATCH-202510-656
ORD-000331,AGT-0038,2025-02-06,SASSO (Dual-Purpose),200.0,BATCH-202502-484
ORD-000332,AGT-0038,2025-08-07,SASSO (Dual-Purpose),300.0,BATCH-202508-230
ORD-000334,AGT-0038,2025-01-11,SASSO (Dual-Purpose),200.0,BATCH-202501-639
ORD-000335,AGT-0038,2025-07-31,SASSO (Dual-Purpose),200.0,BATCH-202507-716
ORD-000336,AGT-0038,2025-08-13,SASSO (Dual-Purpose),100.0,BATCH-202508-691
ORD-000337,AGT-0038,2025-08-31,SASSO (Dual-Purpose),100.0,BATCH-202508-796
ORD-000338,AGT-0038,2025-08-03,SASSO (Dual-Purpose),200.0,BATCH-202508-881
ORD-000339,AGT-0038,2025-06-04,SASSO (Dual-Purpose),100.0,BATCH-202506-399
ORD-000340,AGT-0038,2025-08-20,SASSO (Dual-Purpose),200.0,BATCH-202508-402
ORD-000342,AGT-0039,2025-03-02,SASSO (Dual-Purpose),500.0,BATCH-202503-254
ORD-000343,AGT-0039,2025-06-10,SASSO (Dual-Purpose),200.0,BATCH-202506-946
ORD-000344,AGT-0039,2025-05-03,SASSO (Dual-Purpose),200.0,BATCH-202505-507
ORD-000345,AGT-0039,2025-11-23,SASSO (Dual-Purpose),200.0,BATCH-202511-156
ORD-000346,AGT-0039,2025-06-28,SASSO (Dual-Purpose),300.0,BATCH-202506-554
ORD-000348,AGT-0039,2025-07-04,SASSO (Dual-Purpose),200.0,BATCH-202507-664
ORD-000349,AGT-0039,2025-07-16,SASSO (Dual-Purpose),200.0,BATCH-202507-903
ORD-000350,AGT-0039,2025-08-09,SASSO (Dual-Purpose),100.0,BATCH-202508-481
ORD-000351,AGT-0040,2025-08-22,SASSO (Dual-Purpose),300.0,BATCH-202508-408
ORD-000352,AGT-0040,2025-11-04,SASSO (Dual-Purpose),500.0,BATCH-202511-296
ORD-000353,AGT-0040,2025-02-10,SASSO (Dual-Purpose),200.0,BATCH-202502-806
ORD-000354,AGT-0040,2025-04-18,SASSO (Dual-Purpose),100.0,BATCH-202504-230
ORD-000355,AGT-0040,2025-03-04,SASSO (Dual-Purpose),300.0,
ORD-000356,AGT-0040,2025-09-17,SASSO (Dual-Purpose),100.0,BATCH-202509-430
ORD-000357,AGT-0040,2025-10-09,SASSO (Dual-Purpose),300.0,BATCH-202510-427
ORD-000358,AGT-0040,2025-04-15,SASSO (Dual-Purpose),200.0,BATCH-202504-698
ORD-000359,AGT-0040,2025-03-13,Bovans Brown (Layer),200.0,BATCH-202503-785
ORD-000360,AGT-0040,2025-09-16,Bovans Brown (Layer),300.0,BATCH-202509-188
ORD-000361,AGT-0040,2025-04-21,SASSO (Dual-Purpose),200.0,BATCH-202504-336
ORD-000362,AGT-0040,2025-05-23,Bovans Brown (Layer),200.0,BATCH-202505-323
ORD-000363,AGT-0041,2025-04-30,SASSO (Dual-Purpose),200.0,BATCH-202504-494
ORD-000364,AGT-0041,2025-08-14,SASSO (Dual-Purpose),200.0,BATCH-202508-986
ORD-000366,AGT-0041,2025-07-29,Bovans Brown (Layer),100.0,BATCH-202507-615
ORD-000367,AGT-0041,2025-01-31,SASSO (Dual-Purpose),200.0,BATCH-202501-584
ORD-000368,AGT-0041,2025-11-02,SASSO (Dual-Purpose),100.0,BATCH-202511-200
ORD-000369,AGT-0041,2025-12-19,SASSO (Dual-Purpose),100.0,BATCH-202512-189
ORD-000370,AGT-0042,2025-12-14,SASSO (Dual-Purpose),300.0,BATCH-202512-580
ORD-000371,AGT-0042,2025-12-01,SASSO (Dual-Purpose),300.0,BATCH-202512-463
ORD-000372,AGT-0042,2025-12-28,Bovans Brown (Layer),200.0,BATCH-202512-467
ORD-000373,AGT-0042,2025-10-14,SASSO (Dual-Purpose),300.0,BATCH-202510-918
ORD-000374,AGT-0042,2025-07-07,SASSO (Dual-Purpose),300.0,BATCH-202507-555
ORD-000375,AGT-0042,2025-10-11,SASSO (Dual-Purpose),200.0,BATCH-202510-902
ORD-000376,AGT-0042,2025-04-25,SASSO (Dual-Purpose),300.0,BATCH-202504-424
ORD-000377,AGT-0042,2025-11-30,Bovans Brown (Layer),200.0,BATCH-202511-713
ORD-000378,AGT-0043,2025-08-10,SASSO (Dual-Purpose),500.0,BATCH-202508-334
ORD-000379,AGT-0043,2025-02-15,SASSO (Dual-Purpose),300.0,BATCH-202502-670
ORD-000380,AGT-0043,2025-11-05,SASSO (Dual-Purpose),300.0,BATCH-202511-546
ORD-000381,AGT-0043,2025-01-29,SASSO (Dual-Purpose),200.0,BATCH-202501-518
ORD-000382,AGT-0043,2025-01-16,SASSO (Dual-Purpose),200.0,BATCH-202501-309
ORD-000383,AGT-0043,2025-08-20,SASSO (Dual-Purpose),300.0,BATCH-202508-187
ORD-000384,AGT-0043,2025-02-03,SASSO (Dual-Purpose),200.0,BATCH-202502-254
ORD-000385,AGT-0043,2025-10-03,SASSO (Dual-Purpose),200.0,BATCH-202510-522
ORD-000386,AGT-0043,2025-04-14,SASSO (Dual-Purpose),200.0,BATCH-202504-928
ORD-000387,AGT-0043,2025-11-28,SASSO (Dual-Purpose),500.0,BATCH-202511-202
ORD-000389,AGT-0043,2025-01-05,Bovans Brown (Layer),200.0,BATCH-202501-760
ORD-000390,AGT-0044,2025-09-22,Bovans Brown (Layer),1000.0,BATCH-202509-630
ORD-000391,AGT-0044,2025-09-08,Bovans Brown (Layer),300.0,BATCH-202509-657
ORD-000392,AGT-0044,2025-01-28,SASSO (Dual-Purpose),500.0,BATCH-202501-432
ORD-000393,AGT-0044,2025-09-07,SASSO (Dual-Purpose),500.0,BATCH-202509-752
ORD-000394,AGT-0044,2025-04-07,SASSO (Dual-Purpose),300.0,BATCH-202504-841
ORD-000395,AGT-0044,2025-11-16,SASSO (Dual-Purpose),1000.0,BATCH-202511-643
ORD-000396,AGT-0045,2025-06-10,SASSO (Dual-Purpose),200.0,BATCH-202506-752
ORD-000397,AGT-0045,2025-02-17,SASSO (Dual-Purpose),300.0,BATCH-202502-652
ORD-000398,AGT-0045,2025-09-27,Bovans Brown (Layer),200.0,BATCH-202509-828
ORD-000399,AGT-0045,2025-08-28,Bovans Brown (Layer),300.0,BATCH-202508-604
ORD-000401,AGT-0045,2025-11-02,SASSO (Dual-Purpose),300.0,BATCH-202511-836
ORD-000402,AGT-0045,2025-01-22,Bovans Brown (Layer),200.0,BATCH-202501-232
ORD-000403,AGT-0045,2025-11-14,Bovans Brown (Layer),300.0,BATCH-202511-608
ORD-000405,AGT-0045,2025-05-05,Bovans Brown (Layer),100.0,BATCH-202505-249
ORD-000406,AGT-0045,2025-11-17,SASSO (Dual-Purpose),100.0,BATCH-202511-591
ORD-000407,AGT-0046,2025-06-22,Bovans Brown (Layer),300.0,BATCH-202506-110
ORD-000408,AGT-0046,2025-06-21,SASSO (Dual-Purpose),200.0,BATCH-202506-790
ORD-000409,AGT-0046,2025-11-15,SASSO (Dual-Purpose),1000.0,BATCH-202511-496
ORD-000410,AGT-0046,2025-03-02,SASSO (Dual-Purpose),200.0,BATCH-202503-595
ORD-000411,AGT-0046,2025-08-03,Bovans Brown (Layer),200.0,BATCH-202508-694
ORD-000412,AGT-0046,2025-07-06,SASSO (Dual-Purpose),200.0,BATCH-202507-749
ORD-000413,AGT-0046,2025-03-25,SASSO (Dual-Purpose),200.0,BATCH-202503-859
ORD-000414,AGT-0046,2025-06-27,SASSO (Dual-Purpose),200.0,BATCH-202506-416
ORD-000415,AGT-0046,2025-03-22,SASSO (Dual-Purpose),1000.0,BATCH-202503-363
ORD-000416,AGT-0047,2025-11-06,SASSO (Dual-Purpose),1000.0,BATCH-202511-133
ORD-000417,AGT-0047,2025-02-23,SASSO (Dual-Purpose),1000.0,BATCH-202502-963
ORD-000418,AGT-0047,2025-10-22,Bovans Brown (Layer),300.0,BATCH-202510-691
ORD-000419,AGT-0047,2025-05-21,Bovans Brown (Layer),500.0,BATCH-202505-308
ORD-000420,AGT-0047,2025-11-16,Bovans Brown (Layer),200.0,BATCH-202511-818
ORD-000421,AGT-0047,2025-04-06,Bovans Brown (Layer),200.0,BATCH-202504-488
ORD-000422,AGT-0048,2025-01-21,SASSO (Dual-Purpose),200.0,BATCH-202501-763
ORD-000423,AGT-0048,2025-02-26,SASSO (Dual-Purpose),200.0,BATCH-202502-219
ORD-000424,AGT-0048,2025-05-31,SASSO (Dual-Purpose),100.0,BATCH-202505-676
ORD-000425,AGT-0048,2025-04-03,Bovans Brown (Layer),100.0,BATCH-202504-915
ORD-000426,AGT-0048,2025-02-24,Bovans Brown (Layer),200.0,BATCH-202502-468
ORD-000427,AGT-0048,2025-09-24,SASSO (Dual-Purpose),300.0,BATCH-202509-820
ORD-000428,AGT-0048,2025-11-04,SASSO (Dual-Purpose),300.0,BATCH-202511-794
ORD-000429,AGT-0048,2025-03-01,SASSO (Dual-Purpose),100.0,BATCH-202503-632
ORD-000430,AGT-0049,2025-08-17,SASSO (Dual-Purpose),200.0,BATCH-202508-335
ORD-000431,AGT-0049,2025-11-27,SASSO (Dual-Purpose),200.0,BATCH-202511-223
ORD-000432,AGT-0049,2025-10-02,SASSO (Dual-Purpose),200.0,BATCH-202510-141
ORD-000433,AGT-0049,2025-11-05,SASSO (Dual-Purpose),100.0,BATCH-202511-161
ORD-000434,AGT-0049,2025-08-06,SASSO (Dual-Purpose),100.0,BATCH-202508-614
ORD-000436,AGT-0050,2025-09-17,SASSO (Dual-Purpose),300.0,BATCH-202509-737
ORD-000437,AGT-0050,2025-06-25,SASSO (Dual-Purpose),500.0,BATCH-202506-903
ORD-000438,AGT-0050,2025-04-20,SASSO (Dual-Purpose),300.0,BATCH-202504-559
ORD-000439,AGT-0050,2025-12-21,SASSO (Dual-Purpose),200.0,BATCH-202512-390
ORD-000440,AGT-0050,2025-07-09,SASSO (Dual-Purpose),200.0,BATCH-202507-793
ORD-000441,AGT-0050,2025-09-13,SASSO (Dual-Purpose),200.0,BATCH-202509-102
ORD-000442,AGT-0050,2025-04-17,SASSO (Dual-Purpose),200.0,BATCH-202504-766
ORD-000443,AGT-0050,2025-02-04,SASSO (Dual-Purpose),500.0,BATCH-202502-736
ORD-000444,AGT-0050,2025-08-20,SASSO (Dual-Purpose),500.0,BATCH-202508-530
ORD-000445,AGT-0050,2025-01-27,Bovans Brown (Layer),300.0,BATCH-202501-358
ORD-000446,AGT-0050,2025-07-30,SASSO (Dual-Purpose),100.0,BATCH-202507-625
ORD-000447,AGT-0050,2025-01-16,SASSO (Dual-Purpose),200.0,BATCH-202501-659
ORD-000448,AGT-0051,2025-02-07,Bovans Brown (Layer),500.0,BATCH-202502-332
ORD-000449,AGT-0051,2025-02-11,SASSO (Dual-Purpose),1000.0,BATCH-202502-354
ORD-000450,AGT-0051,2025-03-10,Bovans Brown (Layer),500.0,BATCH-202503-583
ORD-000451,AGT-0051,2025-03-13,SASSO (Dual-Purpose),300.0,BATCH-202503-421
ORD-000452,AGT-0051,2025-05-08,SASSO (Dual-Purpose),200.0,BATCH-202505-909
ORD-000453,AGT-0051,2025-12-03,Bovans Brown (Layer),200.0,BATCH-202512-190
ORD-000454,AGT-0051,2025-08-07,SASSO (Dual-Purpose),300.0,BATCH-202508-405
ORD-000455,AGT-0051,2025-04-22,Bovans Brown (Layer),100.0,BATCH-202504-840
ORD-000456,AGT-0051,2025-03-11,SASSO (Dual-Purpose),200.0,BATCH-202503-700
ORD-000457,AGT-0051,2025-04-10,Bovans Brown (Layer),200.0,BATCH-202504-150
ORD-000458,AGT-0052,2025-12-12,SASSO (Dual-Purpose),300.0,BATCH-202512-975
ORD-000459,AGT-0052,2025-07-30,SASSO (Dual-Purpose),100.0,BATCH-202507-159
ORD-000460,AGT-0052,2025-04-16,SASSO (Dual-Purpose),100.0,BATCH-202504-978
ORD-000462,AGT-0052,2025-11-17,SASSO (Dual-Purpose),500.0,BATCH-202511-166
ORD-000463,AGT-0052,2025-09-11,Bovans Brown (Layer),300.0,BATCH-202509-313
ORD-000464,AGT-0053,2025-03-29,SASSO (Dual-Purpose),100.0,BATCH-202503-870
ORD-000465,AGT-0053,2025-12-16,SASSO (Dual-Purpose),100.0,BATCH-202512-329
ORD-000466,AGT-0053,2025-02-18,SASSO (Dual-Purpose),100.0,BATCH-202502-102
ORD-000467,AGT-0053,2025-11-23,Bovans Brown (Layer),200.0,BATCH-202511-404
ORD-000468,AGT-0053,2025-08-01,Bovans Brown (Layer),300.0,BATCH-202508-821
ORD-000469,AGT-0053,2025-02-23,SASSO (Dual-Purpose),300.0,BATCH-202502-403
ORD-000471,AGT-0053,2025-08-30,SASSO (Dual-Purpose),200.0,BATCH-202508-267
ORD-000472,AGT-0053,2025-09-10,SASSO (Dual-Purpose),500.0,BATCH-202509-692
ORD-000473,AGT-0054,2025-05-12,SASSO (Dual-Purpose),1000.0,BATCH-202505-726
ORD-000474,AGT-0054,2025-01-16,SASSO (Dual-Purpose),500.0,BATCH-202501-602
ORD-000475,AGT-0054,2025-09-20,Bovans Brown (Layer),100.0,
ORD-000476,AGT-0054,2025-10-31,Bovans Brown (Layer),100.0,BATCH-202510-298
ORD-000477,AGT-0054,2025-10-03,SASSO (Dual-Purpose),100.0,BATCH-202510-865
ORD-000478,AGT-0054,2025-10-22,SASSO (Dual-Purpose),100.0,BATCH-202510-665
ORD-000479,AGT-0054,2025-10-21,SASSO (Dual-Purpose),200.0,BATCH-202510-968
ORD-000480,AGT-0054,2025-03-23,SASSO (Dual-Purpose),100.0,BATCH-202503-621
ORD-000481,AGT-0054,2025-04-26,SASSO (Dual-Purpose),500.0,BATCH-202504-190
ORD-000482,AGT-0055,2025-06-05,SASSO (Dual-Purpose),300.0,BATCH-202506-157
ORD-000483,AGT-0055,2025-10-16,SASSO (Dual-Purpose),300.0,BATCH-202510-403
ORD-000484,AGT-0055,2025-08-08,SASSO (Dual-Purpose),100.0,BATCH-202508-314
ORD-000485,AGT-0055,2025-01-19,SASSO (Dual-Purpose),300.0,BATCH-202501-897
ORD-000486,AGT-0055,2025-04-04,SASSO (Dual-Purpose),500.0,BATCH-202504-311
ORD-000487,AGT-0055,2025-04-01,SASSO (Dual-Purpose),500.0,BATCH-202504-779
ORD-000488,AGT-0055,2025-02-24,SASSO (Dual-Purpose),200.0,BATCH-202502-245
ORD-000489,AGT-0055,2025-03-03,SASSO (Dual-Purpose),100.0,BATCH-202503-312
ORD-000490,AGT-0055,2025-01-27,SASSO (Dual-Purpose),300.0,BATCH-202501-173
ORD-000491,AGT-0056,2025-08-25,SASSO (Dual-Purpose),100.0,BATCH-202508-475
ORD-000492,AGT-0056,2025-10-07,SASSO (Dual-Purpose),200.0,BATCH-202510-946
ORD-000493,AGT-0056,2025-01-08,SASSO (Dual-Purpose),500.0,BATCH-202501-718
ORD-000494,AGT-0056,2025-03-03,Bovans Brown (Layer),100.0,BATCH-202503-376
ORD-000495,AGT-0056,2025-06-12,Bovans Brown (Layer),200.0,BATCH-202506-423
ORD-000496,AGT-0056,2025-03-07,SASSO (Dual-Purpose),100.0,BATCH-202503-358
ORD-000497,AGT-0056,2025-10-07,SASSO (Dual-Purpose),100.0,BATCH-202510-873
ORD-000498,AGT-0056,2025-01-29,SASSO (Dual-Purpose),200.0,BATCH-202501-491
ORD-000499,AGT-0056,2025-10-07,SASSO (Dual-Purpose),100.0,BATCH-202510-550
ORD-000501,AGT-0056,2025-03-24,SASSO (Dual-Purpose),200.0,BATCH-202503-475
ORD-000502,AGT-0057,2025-02-19,SASSO (Dual-Purpose),100.0,BATCH-202502-375
ORD-000503,AGT-0057,2025-08-12,SASSO (Dual-Purpose),300.0,BATCH-202508-340
ORD-000504,AGT-0057,2025-11-30,SASSO (Dual-Purpose),200.0,BATCH-202511-775
ORD-000505,AGT-0057,2025-04-26,SASSO (Dual-Purpose),200.0,BATCH-202504-185
ORD-000506,AGT-0057,2025-06-01,SASSO (Dual-Purpose),500.0,BATCH-202506-841
ORD-000507,AGT-0057,2025-01-06,SASSO (Dual-Purpose),100.0,BATCH-202501-494
ORD-000508,AGT-0057,2025-09-18,SASSO (Dual-Purpose),200.0,BATCH-202509-924
ORD-000509,AGT-0057,2025-03-16,SASSO (Dual-Purpose),300.0,BATCH-202503-374
ORD-000510,AGT-0057,2025-09-12,SASSO (Dual-Purpose),200.0,BATCH-202509-303
ORD-000511,AGT-0058,2025-11-16,Bovans Brown (Layer),100.0,BATCH-202511-298
ORD-000512,AGT-0058,2025-05-02,Bovans Brown (Layer),200.0,BATCH-202505-557
ORD-000513,AGT-0058,2025-07-20,SASSO (Dual-Purpose),300.0,BATCH-202507-498
ORD-000514,AGT-0058,2025-05-14,Bovans Brown (Layer),200.0,BATCH-202505-724
ORD-000515,AGT-0058,2025-05-27,SASSO (Dual-Purpose),200.0,BATCH-202505-735
ORD-000516,AGT-0058,2025-11-10,SASSO (Dual-Purpose),300.0,
ORD-000517,AGT-0058,2025-05-17,Bovans Brown (Layer),100.0,BATCH-202505-364
ORD-000518,AGT-0059,2025-09-18,SASSO (Dual-Purpose),300.0,BATCH-202509-321
ORD-000520,AGT-0059,2025-07-29,SASSO (Dual-Purpose),1000.0,BATCH-202507-314
ORD-000521,AGT-0059,2025-12-28,SASSO (Dual-Purpose),300.0,BATCH-202512-993
ORD-000522,AGT-0059,2025-01-18,SASSO (Dual-Purpose),200.0,BATCH-202501-997
ORD-000523,AGT-0059,2025-04-16,Bovans Brown (Layer),500.0,BATCH-202504-602
ORD-000524,AGT-0060,2025-07-05,SASSO (Dual-Purpose),300.0,BATCH-202507-415
ORD-000525,AGT-0060,2025-08-31,SASSO (Dual-Purpose),1000.0,BATCH-202508-856
ORD-000526,AGT-0060,2025-05-29,SASSO (Dual-Purpose),200.0,BATCH-202505-968
ORD-000527,AGT-0060,2025-04-13,SASSO (Dual-Purpose),100.0,BATCH-202504-432
ORD-000528,AGT-0060,2025-11-09,SASSO (Dual-Purpose),200.0,BATCH-202511-560
ORD-000529,AGT-0060,2025-12-10,SASSO (Dual-Purpose),200.0,BATCH-202512-738
ORD-000530,AGT-0060,2025-05-21,Bovans Brown (Layer),100.0,BATCH-202505-186
ORD-000531,AGT-0060,2025-10-11,SASSO (Dual-Purpose),1000.0,BATCH-202510-832
ORD-000532,AGT-0060,2025-06-13,SASSO (Dual-Purpose),200.0,BATCH-202506-221
ORD-000533,AGT-0060,2025-11-06,SASSO (Dual-Purpose),200.0,BATCH-202511-890
ORD-000534,AGT-0060,2025-09-06,SASSO (Dual-Purpose),500.0,BATCH-202509-863
ORD-000535,AGT-0060,2025-04-23,SASSO (Dual-Purpose),200.0,BATCH-202504-326
ORD-000536,AGT-0061,2025-04-18,SASSO (Dual-Purpose),500.0,BATCH-202504-543
ORD-000537,AGT-0061,2025-02-14,SASSO (Dual-Purpose),300.0,BATCH-202502-960
ORD-000538,AGT-0061,2025-12-01,SASSO (Dual-Purpose),200.0,BATCH-202512-485
ORD-000539,AGT-0061,2025-10-09,SASSO (Dual-Purpose),200.0,BATCH-202510-989
ORD-000541,AGT-0061,2025-11-13,SASSO (Dual-Purpose),200.0,BATCH-202511-158
ORD-000542,AGT-0061,2025-12-20,SASSO (Dual-Purpose),1000.0,BATCH-202512-570
ORD-000543,AGT-0061,2025-07-01,Bovans Brown (Layer),200.0,BATCH-202507-515
ORD-000544,AGT-0061,2025-04-13,SASSO (Dual-Purpose),200.0,BATCH-202504-128
ORD-000545,AGT-0061,2025-11-02,SASSO (Dual-Purpose),300.0,BATCH-202511-963
ORD-000546,AGT-0061,2025-05-03,Bovans Brown (Layer),500.0,BATCH-202505-182
ORD-000549,AGT-0062,2025-12-27,SASSO (Dual-Purpose),200.0,BATCH-202512-852
ORD-000550,AGT-0062,2025-10-09,SASSO (Dual-Purpose),200.0,BATCH-202510-385
ORD-000551,AGT-0062,2025-11-17,SASSO (Dual-Purpose),300.0,BATCH-202511-798
ORD-000552,AGT-0062,2025-11-03,Bovans Brown (Layer),200.0,BATCH-202511-744
ORD-000553,AGT-0062,2025-04-19,SASSO (Dual-Purpose),500.0,BATCH-202504-488
ORD-000554,AGT-0062,2025-03-13,SASSO (Dual-Purpose),200.0,BATCH-202503-567
ORD-000555,AGT-0062,2025-05-27,Bovans Brown (Layer),100.0,BATCH-202505-231
ORD-000556,AGT-0062,2025-10-10,SASSO (Dual-Purpose),500.0,BATCH-202510-435
ORD-000557,AGT-0062,2025-05-22,SASSO (Dual-Purpose),200.0,BATCH-202505-982
ORD-000558,AGT-0063,2025-12-30,Bovans Brown (Layer),200.0,BATCH-202512-173
ORD-000559,AGT-0063,2025-07-29,Bovans Brown (Layer),1000.0,BATCH-202507-412
ORD-000560,AGT-0063,2025-01-23,SASSO (Dual-Purpose),100.0,BATCH-202501-692
ORD-000561,AGT-0063,2025-05-01,SASSO (Dual-Purpose),100.0,BATCH-202505-553
ORD-000562,AGT-0063,2025-01-02,SASSO (Dual-Purpose),300.0,BATCH-202501-482
ORD-000563,AGT-0063,2025-02-25,SASSO (Dual-Purpose),1000.0,BATCH-202502-283
ORD-000564,AGT-0063,2025-09-17,SASSO (Dual-Purpose),300.0,BATCH-202509-770
ORD-000565,AGT-0063,2025-07-02,Bovans Brown (Layer),100.0,BATCH-202507-789
ORD-000566,AGT-0063,2025-01-18,SASSO (Dual-Purpose),200.0,BATCH-202501-827
ORD-000567,AGT-0064,2025-07-20,Bovans Brown (Layer),300.0,BATCH-202507-751
ORD-000568,AGT-0064,2025-06-26,SASSO (Dual-Purpose),200.0,BATCH-202506-313
ORD-000569,AGT-0064,2025-07-17,SASSO (Dual-Purpose),200.0,BATCH-202507-477
ORD-000570,AGT-0064,2025-02-08,SASSO (Dual-Purpose),500.0,BATCH-202502-138
ORD-000572,AGT-0064,2025-02-12,SASSO (Dual-Purpose),300.0,BATCH-202502-634
ORD-000573,AGT-0064,2025-02-20,SASSO (Dual-Purpose),200.0,BATCH-202502-238
ORD-000574,AGT-0064,2025-02-18,SASSO (Dual-Purpose),500.0,BATCH-202502-161
ORD-000575,AGT-0065,2025-01-29,SASSO (Dual-Purpose),300.0,BATCH-202501-784
ORD-000576,AGT-0065,2025-09-08,SASSO (Dual-Purpose),200.0,BATCH-202509-824
ORD-000577,AGT-0065,2025-10-28,SASSO (Dual-Purpose),200.0,BATCH-202510-380
ORD-000578,AGT-0065,2025-10-27,SASSO (Dual-Purpose),200.0,BATCH-202510-364
ORD-000579,AGT-0065,2025-11-18,SASSO (Dual-Purpose),100.0,BATCH-202511-461
ORD-000580,AGT-0065,2025-10-05,SASSO (Dual-Purpose),200.0,BATCH-202510-624
ORD-000581,AGT-0066,2025-05-28,SASSO (Dual-Purpose),200.0,BATCH-202505-861
ORD-000582,AGT-0066,2025-12-05,Bovans Brown (Layer),100.0,BATCH-202512-574
ORD-000583,AGT-0066,2025-12-14,SASSO (Dual-Purpose),200.0,BATCH-202512-125
ORD-000585,AGT-0066,2025-09-25,SASSO (Dual-Purpose),300.0,BATCH-202509-500
ORD-000586,AGT-0066,2025-08-12,Bovans Brown (Layer),200.0,BATCH-202508-861
ORD-000587,AGT-0066,2025-12-17,Bovans Brown (Layer),1000.0,BATCH-202512-108
ORD-000588,AGT-0066,2025-02-09,SASSO (Dual-Purpose),200.0,BATCH-202502-354
ORD-000589,AGT-0066,2025-03-19,SASSO (Dual-Purpose),1000.0,BATCH-202503-701
ORD-000590,AGT-0066,2025-05-29,SASSO (Dual-Purpose),200.0,BATCH-202505-385
ORD-000591,AGT-0066,2025-02-19,Bovans Brown (Layer),200.0,BATCH-202502-385
ORD-000593,AGT-0067,2025-07-12,SASSO (Dual-Purpose),200.0,BATCH-202507-742
ORD-000594,AGT-0067,2025-09-20,Bovans Brown (Layer),1000.0,BATCH-202509-587
ORD-000595,AGT-0067,2025-01-28,SASSO (Dual-Purpose),300.0,BATCH-202501-191
ORD-000596,AGT-0067,2025-04-18,Bovans Brown (Layer),100.0,BATCH-202504-256
ORD-000598,AGT-0067,2025-08-01,Bovans Brown (Layer),500.0,BATCH-202508-300
ORD-000599,AGT-0068,2025-03-15,SASSO (Dual-Purpose),200.0,BATCH-202503-323
ORD-000600,AGT-0068,2025-08-29,Bovans Brown (Layer),200.0,BATCH-202508-697
ORD-000601,AGT-0068,2025-01-20,Bovans Brown (Layer),300.0,BATCH-202501-253
ORD-000602,AGT-0068,2025-12-25,SASSO (Dual-Purpose),200.0,BATCH-202512-865
ORD-000603,AGT-0068,2025-04-24,SASSO (Dual-Purpose),500.0,BATCH-202504-435
ORD-000604,AGT-0068,2025-01-26,SASSO (Dual-Purpose),300.0,BATCH-202501-329
ORD-000606,AGT-0069,2025-12-11,SASSO (Dual-Purpose),200.0,BATCH-202512-921
ORD-000607,AGT-0069,2025-05-22,SASSO (Dual-Purpose),300.0,BATCH-202505-210
ORD-000608,AGT-0069,2025-02-19,SASSO (Dual-Purpose),300.0,BATCH-202502-609
ORD-000609,AGT-0069,2025-06-05,SASSO (Dual-Purpose),300.0,BATCH-202506-580
ORD-000610,AGT-0069,2025-04-04,SASSO (Dual-Purpose),300.0,
ORD-000611,AGT-0069,2025-07-31,SASSO (Dual-Purpose),200.0,BATCH-202507-605
ORD-000612,AGT-0069,2025-02-28,Bovans Brown (Layer),100.0,BATCH-202502-588
ORD-000613,AGT-0069,2025-08-21,Bovans Brown (Layer),100.0,BATCH-202508-410
ORD-000614,AGT-0069,2025-12-01,SASSO (Dual-Purpose),300.0,BATCH-202512-335
ORD-000615,AGT-0069,2025-05-14,Bovans Brown (Layer),200.0,BATCH-202505-565
ORD-000616,AGT-0069,2025-01-30,SASSO (Dual-Purpose),300.0,BATCH-202501-754
ORD-000617,AGT-0069,2025-01-21,SASSO (Dual-Purpose),200.0,BATCH-202501-415
ORD-000618,AGT-0070,2025-07-20,Bovans Brown (Layer),1000.0,BATCH-202507-122
ORD-000619,AGT-0070,2025-11-14,SASSO (Dual-Purpose),100.0,BATCH-202511-602
ORD-000620,AGT-0070,2025-12-18,SASSO (Dual-Purpose),100.0,BATCH-202512-905
ORD-000621,AGT-0070,2025-07-10,SASSO (Dual-Purpose),200.0,BATCH-202507-549
ORD-000622,AGT-0070,2025-10-04,SASSO (Dual-Purpose),300.0,BATCH-202510-335
ORD-000623,AGT-0070,2025-03-12,Bovans Brown (Layer),200.0,BATCH-202503-911
ORD-000624,AGT-0070,2025-08-19,SASSO (Dual-Purpose),200.0,BATCH-202508-797
ORD-000625,AGT-0070,2025-08-08,SASSO (Dual-Purpose),100.0,BATCH-202508-939
ORD-000626,AGT-0070,2025-11-29,SASSO (Dual-Purpose),200.0,BATCH-202511-450
ORD-000627,AGT-0071,2025-03-04,SASSO (Dual-Purpose),200.0,BATCH-202503-191
ORD-000628,AGT-0071,2025-11-16,Bovans Brown (Layer),100.0,BATCH-202511-189
ORD-000629,AGT-0071,2025-09-30,Bovans Brown (Layer),200.0,BATCH-202509-821
ORD-000630,AGT-0071,2025-01-16,SASSO (Dual-Purpose),1000.0,BATCH-202501-204
ORD-000631,AGT-0071,2025-02-12,SASSO (Dual-Purpose),200.0,BATCH-202502-243
ORD-000632,AGT-0071,2025-11-28,Bovans Brown (Layer),300.0,BATCH-202511-266
ORD-000633,AGT-0071,2025-12-23,SASSO (Dual-Purpose),200.0,BATCH-202512-123
ORD-000635,AGT-0071,2025-01-09,SASSO (Dual-Purpose),200.0,BATCH-202501-960
ORD-000637,AGT-0072,2025-08-29,SASSO (Dual-Purpose),200.0,BATCH-202508-724
ORD-000638,AGT-0072,2025-11-12,SASSO (Dual-Purpose),100.0,BATCH-202511-714
ORD-000639,AGT-0072,2025-11-07,SASSO (Dual-Purpose),100.0,BATCH-202511-277
ORD-000640,AGT-0072,2025-03-03,SASSO (Dual-Purpose),200.0,BATCH-202503-587
ORD-000642,AGT-0072,2025-11-30,SASSO (Dual-Purpose),200.0,BATCH-202511-315
ORD-000643,AGT-0072,2025-05-07,Bovans Brown (Layer),100.0,BATCH-202505-965
ORD-000644,AGT-0072,2025-09-26,Bovans Brown (Layer),200.0,BATCH-202509-776
ORD-000645,AGT-0072,2025-12-18,SASSO (Dual-Purpose),200.0,BATCH-202512-399
ORD-000646,AGT-0072,2025-09-13,SASSO (Dual-Purpose),200.0,BATCH-202509-768
ORD-000647,AGT-0072,2025-08-26,SASSO (Dual-Purpose),100.0,BATCH-202508-972
ORD-000648,AGT-0073,2025-03-22,SASSO (Dual-Purpose),200.0,BATCH-202503-670
ORD-000649,AGT-0073,2025-10-14,SASSO (Dual-Purpose),100.0,BATCH-202510-242
ORD-000650,AGT-0073,2025-02-15,Bovans Brown (Layer),500.0,BATCH-202502-558
ORD-000651,AGT-0073,2025-03-14,SASSO (Dual-Purpose),200.0,BATCH-202503-930
ORD-000653,AGT-0073,2025-03-11,SASSO (Dual-Purpose),200.0,BATCH-202503-346
ORD-000654,AGT-0073,2025-11-19,SASSO (Dual-Purpose),300.0,BATCH-202511-902
ORD-000655,AGT-0073,2025-04-06,Bovans Brown (Layer),200.0,BATCH-202504-887
ORD-000656,AGT-0073,2025-01-20,SASSO (Dual-Purpose),200.0,BATCH-202501-551
ORD-000657,AGT-0073,2025-10-02,SASSO (Dual-Purpose),1000.0,BATCH-202510-597
ORD-000658,AGT-0073,2025-05-14,SASSO (Dual-Purpose),500.0,BATCH-202505-228
ORD-000659,AGT-0073,2025-08-02,Bovans Brown (Layer),500.0,BATCH-202508-485
ORD-000671,AGT-0075,2025-05-08,SASSO (Dual-Purpose),500.0,
ORD-000672,AGT-0075,2025-11-05,SASSO (Dual-Purpose),200.0,BATCH-202511-788
ORD-000673,AGT-0075,2025-05-02,SASSO (Dual-Purpose),100.0,BATCH-202505-511
ORD-000674,AGT-0075,2025-12-14,Bovans Brown (Layer),200.0,BATCH-202512-327
ORD-000675,AGT-0075,2025-05-07,Bovans Brown (Layer),100.0,BATCH-202505-789
ORD-000676,AGT-0075,2025-09-04,SASSO (Dual-Purpose),100.0,BATCH-202509-519
ORD-000677,AGT-0075,2025-11-04,SASSO (Dual-Purpose),200.0,BATCH-202511-748
ORD-000678,AGT-0075,2025-04-05,SASSO (Dual-Purpose),200.0,BATCH-202504-508
ORD-000679,AGT-0076,2025-09-28,SASSO (Dual-Purpose),200.0,BATCH-202509-470
ORD-000680,AGT-0076,2025-07-30,Bovans Brown (Layer),200.0,BATCH-202507-290
ORD-000681,AGT-0076,2025-03-08,SASSO (Dual-Purpose),100.0,BATCH-202503-797
ORD-000682,AGT-0076,2025-09-23,Bovans Brown (Layer),100.0,BATCH-202509-611
ORD-000683,AGT-0076,2025-05-12,Bovans Brown (Layer),200.0,BATCH-202505-229
ORD-000684,AGT-0076,2025-05-15,SASSO (Dual-Purpose),100.0,BATCH-202505-720
ORD-000685,AGT-0077,2025-12-08,SASSO (Dual-Purpose),100.0,BATCH-202512-265
ORD-000686,AGT-0077,2025-04-30,Bovans Brown (Layer),200.0,BATCH-202504-776
ORD-000687,AGT-0077,2025-01-18,SASSO (Dual-Purpose),500.0,BATCH-202501-595
ORD-000688,AGT-0077,2025-01-05,SASSO (Dual-Purpose),100.0,BATCH-202501-841
ORD-000689,AGT-0077,2025-06-02,SASSO (Dual-Purpose),200.0,BATCH-202506-724
ORD-000690,AGT-0077,2025-08-06,SASSO (Dual-Purpose),100.0,BATCH-202508-438
ORD-000691,AGT-0077,2025-07-26,SASSO (Dual-Purpose),300.0,BATCH-202507-135
ORD-000692,AGT-0077,2025-01-23,SASSO (Dual-Purpose),300.0,BATCH-202501-352
ORD-000693,AGT-0077,2025-04-20,Bovans Brown (Layer),1000.0,BATCH-202504-817
ORD-000694,AGT-0077,2025-01-31,SASSO (Dual-Purpose),300.0,BATCH-202501-511
ORD-000695,AGT-0077,2025-10-16,SASSO (Dual-Purpose),200.0,BATCH-202510-112
ORD-000697,AGT-0078,2025-03-17,SASSO (Dual-Purpose),300.0,BATCH-202503-667
ORD-000698,AGT-0078,2025-07-10,SASSO (Dual-Purpose),500.0,BATCH-202507-923
ORD-000700,AGT-0078,2025-04-15,SASSO (Dual-Purpose),200.0,BATCH-202504-725
ORD-000702,AGT-0078,2025-04-12,SASSO (Dual-Purpose),100.0,BATCH-202504-562
ORD-000703,AGT-0078,2025-11-28,SASSO (Dual-Purpose),200.0,BATCH-202511-450
ORD-000704,AGT-0078,2025-11-30,SASSO (Dual-Purpose),300.0,BATCH-202511-345
ORD-000705,AGT-0078,2025-06-07,Bovans Brown (Layer),300.0,BATCH-202506-545
ORD-000706,AGT-0079,2025-07-17,SASSO (Dual-Purpose),300.0,BATCH-202507-123
ORD-000707,AGT-0079,2025-10-13,Bovans Brown (Layer),100.0,BATCH-202510-809
ORD-000708,AGT-0079,2025-01-16,Bovans Brown (Layer),100.0,BATCH-202501-536
ORD-000709,AGT-0079,2025-06-25,SASSO (Dual-Purpose),200.0,BATCH-202506-884
ORD-000711,AGT-0079,2025-04-01,SASSO (Dual-Purpose),200.0,BATCH-202504-406
ORD-000712,AGT-0080,2025-05-08,SASSO (Dual-Purpose),500.0,BATCH-202505-639
ORD-000713,AGT-0080,2025-02-07,SASSO (Dual-Purpose),200.0,BATCH-202502-553
ORD-000714,AGT-0080,2025-07-28,Bovans Brown (Layer),1000.0,BATCH-202507-100
ORD-000715,AGT-0080,2025-01-30,SASSO (Dual-Purpose),300.0,BATCH-202501-946
ORD-000716,AGT-0080,2025-04-11,Bovans Brown (Layer),100.0,BATCH-202504-221
ORD-000717,AGT-0080,2025-02-14,SASSO (Dual-Purpose),300.0,BATCH-202502-341
ORD-000718,AGT-0080,2025-10-21,SASSO (Dual-Purpose),100.0,BATCH-202510-949
ORD-000720,AGT-0081,2025-02-23,SASSO (Dual-Purpose),100.0,BATCH-202502-997
ORD-000721,AGT-0081,2025-03-30,Bovans Brown (Layer),200.0,BATCH-202503-698
ORD-000722,AGT-0081,2025-04-16,SASSO (Dual-Purpose),300.0,BATCH-202504-407
ORD-000723,AGT-0081,2025-11-18,Bovans Brown (Layer),100.0,BATCH-202511-709
ORD-000724,AGT-0081,2025-03-19,SASSO (Dual-Purpose),200.0,BATCH-202503-211
ORD-000725,AGT-0081,2025-06-27,SASSO (Dual-Purpose),200.0,BATCH-202506-254
ORD-000726,AGT-0081,2025-01-16,Bovans Brown (Layer),1000.0,BATCH-202501-294
ORD-000729,AGT-0082,2025-02-07,SASSO (Dual-Purpose),200.0,BATCH-202502-125
ORD-000730,AGT-0082,2025-10-20,SASSO (Dual-Purpose),200.0,BATCH-202510-145
ORD-000731,AGT-0082,2025-07-13,SASSO (Dual-Purpose),300.0,BATCH-202507-694
ORD-000732,AGT-0082,2025-09-11,Bovans Brown (Layer),100.0,BATCH-202509-557
ORD-000733,AGT-0082,2025-09-01,SASSO (Dual-Purpose),200.0,BATCH-202509-480
ORD-000734,AGT-0082,2025-01-18,Bovans Brown (Layer),200.0,BATCH-202501-360
ORD-000735,AGT-0082,2025-01-10,SASSO (Dual-Purpose),100.0,BATCH-202501-524
ORD-000736,AGT-0082,2025-11-25,SASSO (Dual-Purpose),200.0,BATCH-202511-434
ORD-000737,AGT-0083,2025-10-12,SASSO (Dual-Purpose),100.0,BATCH-202510-328
ORD-000738,AGT-0083,2025-08-25,SASSO (Dual-Purpose),200.0,BATCH-202508-946
ORD-000739,AGT-0083,2025-03-05,SASSO (Dual-Purpose),200.0,BATCH-202503-678
ORD-000740,AGT-0083,2025-07-18,SASSO (Dual-Purpose),300.0,BATCH-202507-941
ORD-000741,AGT-0083,2025-08-20,SASSO (Dual-Purpose),200.0,BATCH-202508-837
ORD-000742,AGT-0083,2025-07-11,SASSO (Dual-Purpose),300.0,BATCH-202507-116
ORD-000743,AGT-0083,2025-05-14,Bovans Brown (Layer),100.0,BATCH-202505-268
ORD-000744,AGT-0083,2025-03-12,Bovans Brown (Layer),100.0,BATCH-202503-903
ORD-000745,AGT-0083,2025-12-17,Bovans Brown (Layer),200.0,BATCH-202512-321
ORD-000746,AGT-0083,2025-05-31,Bovans Brown (Layer),100.0,BATCH-202505-332
ORD-000747,AGT-0083,2025-03-19,SASSO (Dual-Purpose),1000.0,BATCH-202503-471
ORD-000748,AGT-0084,2025-06-23,Bovans Brown (Layer),200.0,BATCH-202506-378
ORD-000749,AGT-0084,2025-09-01,SASSO (Dual-Purpose),300.0,BATCH-202509-384
ORD-000751,AGT-0084,2025-01-15,Bovans Brown (Layer),100.0,BATCH-202501-681
ORD-000752,AGT-0084,2025-09-03,SASSO (Dual-Purpose),200.0,BATCH-202509-123
ORD-000753,AGT-0084,2025-07-05,SASSO (Dual-Purpose),200.0,BATCH-202507-307
ORD-000754,AGT-0084,2025-04-13,SASSO (Dual-Purpose),300.0,BATCH-202504-881
ORD-000755,AGT-0085,2025-04-27,SASSO (Dual-Purpose),200.0,BATCH-202504-204
ORD-000756,AGT-0085,2025-09-17,SASSO (Dual-Purpose),200.0,BATCH-202509-538
ORD-000757,AGT-0085,2025-07-18,SASSO (Dual-Purpose),100.0,BATCH-202507-902
ORD-000758,AGT-0085,2025-01-14,SASSO (Dual-Purpose),100.0,BATCH-202501-778
ORD-000759,AGT-0085,2025-02-21,SASSO (Dual-Purpose),200.0,BATCH-202502-523
ORD-000760,AGT-0085,2025-03-10,Bovans Brown (Layer),200.0,BATCH-202503-340
ORD-000761,AGT-0085,2025-04-21,Bovans Brown (Layer),300.0,BATCH-202504-368
ORD-000762,AGT-0085,2025-10-14,SASSO (Dual-Purpose),500.0,BATCH-202510-515
ORD-000763,AGT-0085,2025-03-27,Bovans Brown (Layer),100.0,BATCH-202503-981
ORD-000764,AGT-0085,2025-01-25,SASSO (Dual-Purpose),200.0,BATCH-202501-749
ORD-000765,AGT-0085,2025-01-16,Bovans Brown (Layer),300.0,BATCH-202501-942
ORD-000766,AGT-0085,2025-10-21,Bovans Brown (Layer),100.0,BATCH-202510-217
ORD-000767,AGT-0086,2025-04-21,SASSO (Dual-Purpose),300.0,BATCH-202504-213
ORD-000768,AGT-0086,2025-03-20,Bovans Brown (Layer),200.0,BATCH-202503-384
ORD-000769,AGT-0086,2025-11-12,Bovans Brown (Layer),300.0,BATCH-202511-912
ORD-000770,AGT-0086,2025-07-28,SASSO (Dual-Purpose),500.0,BATCH-202507-830
ORD-000771,AGT-0086,2025-01-14,SASSO (Dual-Purpose),200.0,BATCH-202501-700
ORD-000772,AGT-0086,2025-12-16,SASSO (Dual-Purpose),200.0,BATCH-202512-477
ORD-000773,AGT-0086,2025-11-09,SASSO (Dual-Purpose),500.0,BATCH-202511-631
ORD-000774,AGT-0087,2025-10-10,SASSO (Dual-Purpose),1000.0,BATCH-202510-429
ORD-000776,AGT-0087,2025-11-27,SASSO (Dual-Purpose),100.0,BATCH-202511-216
ORD-000777,AGT-0087,2025-07-08,Bovans Brown (Layer),1000.0,BATCH-202507-792
ORD-000778,AGT-0087,2025-09-19,SASSO (Dual-Purpose),200.0,BATCH-202509-824
ORD-000779,AGT-0087,2025-04-26,SASSO (Dual-Purpose),200.0,BATCH-202504-822
ORD-000780,AGT-0087,2025-06-17,SASSO (Dual-Purpose),100.0,BATCH-202506-586
ORD-000781,AGT-0087,2025-09-02,SASSO (Dual-Purpose),200.0,BATCH-202509-757
ORD-000782,AGT-0087,2025-10-06,SASSO (Dual-Purpose),200.0,BATCH-202510-970
ORD-000783,AGT-0088,2025-12-03,SASSO (Dual-Purpose),1000.0,BATCH-202512-645
ORD-000784,AGT-0088,2025-01-05,SASSO (Dual-Purpose),200.0,BATCH-202501-122
ORD-000785,AGT-0088,2025-04-02,SASSO (Dual-Purpose),300.0,BATCH-202504-275
ORD-000786,AGT-0088,2025-05-25,SASSO (Dual-Purpose),200.0,BATCH-202505-964
ORD-000787,AGT-0088,2025-07-15,Bovans Brown (Layer),200.0,BATCH-202507-785
ORD-000788,AGT-0088,2025-10-02,SASSO (Dual-Purpose),300.0,BATCH-202510-169
ORD-000789,AGT-0088,2025-06-29,SASSO (Dual-Purpose),200.0,BATCH-202506-312
ORD-000790,AGT-0088,2025-11-04,SASSO (Dual-Purpose),300.0,BATCH-202511-696
ORD-000791,AGT-0089,2025-01-22,SASSO (Dual-Purpose),300.0,BATCH-202501-717
ORD-000792,AGT-0089,2025-11-23,SASSO (Dual-Purpose),100.0,BATCH-202511-764
ORD-000793,AGT-0089,2025-12-01,SASSO (Dual-Purpose),100.0,BATCH-202512-183
ORD-000794,AGT-0089,2025-05-08,Bovans Brown (Layer),300.0,BATCH-202505-562
ORD-000795,AGT-0089,2025-03-11,SASSO (Dual-Purpose),300.0,BATCH-202503-549
ORD-000796,AGT-0089,2025-06-01,SASSO (Dual-Purpose),300.0,BATCH-202506-641
ORD-000797,AGT-0089,2025-02-27,SASSO (Dual-Purpose),500.0,BATCH-202502-996
ORD-000798,AGT-0089,2025-07-05,SASSO (Dual-Purpose),100.0,BATCH-202507-620
ORD-000799,AGT-0089,2025-04-16,SASSO (Dual-Purpose),100.0,BATCH-202504-803
ORD-000801,AGT-0089,2025-05-05,SASSO (Dual-Purpose),300.0,BATCH-202505-687
ORD-000802,AGT-0090,2025-07-23,Bovans Brown (Layer),500.0,BATCH-202507-161
ORD-000803,AGT-0090,2025-02-17,SASSO (Dual-Purpose),300.0,BATCH-202502-969
ORD-000804,AGT-0090,2025-02-18,SASSO (Dual-Purpose),200.0,BATCH-202502-373
ORD-000805,AGT-0090,2025-01-07,SASSO (Dual-Purpose),300.0,BATCH-202501-189
ORD-000806,AGT-0090,2025-11-28,SASSO (Dual-Purpose),500.0,BATCH-202511-151
ORD-000808,AGT-0090,2025-01-03,Bovans Brown (Layer),1000.0,BATCH-202501-451
ORD-000809,AGT-0090,2025-06-04,SASSO (Dual-Purpose),200.0,BATCH-202506-699
ORD-000810,AGT-0090,2025-02-22,Bovans Brown (Layer),500.0,BATCH-202502-636
ORD-000812,AGT-0090,2025-09-21,SASSO (Dual-Purpose),1000.0,BATCH-202509-870
ORD-000814,AGT-0091,2025-01-30,SASSO (Dual-Purpose),500.0,BATCH-202501-804
ORD-000815,AGT-0091,2025-08-27,Bovans Brown (Layer),300.0,BATCH-202508-688
ORD-000816,AGT-0091,2025-10-01,Bovans Brown (Layer),200.0,BATCH-202510-506
ORD-000817,AGT-0091,2025-02-09,SASSO (Dual-Purpose),300.0,BATCH-202502-302
ORD-000818,AGT-0091,2025-12-17,SASSO (Dual-Purpose),200.0,BATCH-202512-353
ORD-000819,AGT-0091,2025-01-27,SASSO (Dual-Purpose),200.0,BATCH-202501-293
ORD-000820,AGT-0091,2025-07-25,SASSO (Dual-Purpose),1000.0,BATCH-202507-348
ORD-000821,AGT-0091,2025-11-19,SASSO (Dual-Purpose),300.0,BATCH-202511-922
ORD-000822,AGT-0091,2025-06-15,SASSO (Dual-Purpose),200.0,BATCH-202506-684
ORD-000823,AGT-0092,2025-07-29,SASSO (Dual-Purpose),1000.0,BATCH-202507-912
ORD-000824,AGT-0092,2025-08-15,Bovans Brown (Layer),300.0,BATCH-202508-459
ORD-000825,AGT-0092,2025-09-30,SASSO (Dual-Purpose),100.0,BATCH-202509-608
ORD-000826,AGT-0092,2025-02-22,SASSO (Dual-Purpose),200.0,BATCH-202502-333
ORD-000827,AGT-0092,2025-01-25,SASSO (Dual-Purpose),100.0,BATCH-202501-963
ORD-000828,AGT-0092,2025-05-16,SASSO (Dual-Purpose),200.0,BATCH-202505-673
ORD-000829,AGT-0092,2025-07-31,Bovans Brown (Layer),300.0,BATCH-202507-249
ORD-000830,AGT-0092,2025-08-07,SASSO (Dual-Purpose),500.0,BATCH-202508-686
ORD-000831,AGT-0093,2025-04-09,SASSO (Dual-Purpose),200.0,BATCH-202504-763
ORD-000832,AGT-0093,2025-01-10,SASSO (Dual-Purpose),300.0,BATCH-202501-222
ORD-000833,AGT-0093,2025-03-08,SASSO (Dual-Purpose),200.0,BATCH-202503-669
ORD-000834,AGT-0093,2025-09-07,Bovans Brown (Layer),300.0,BATCH-202509-681
ORD-000835,AGT-0093,2025-09-03,SASSO (Dual-Purpose),100.0,BATCH-202509-146
ORD-000836,AGT-0093,2025-10-16,Bovans Brown (Layer),300.0,BATCH-202510-263
ORD-000837,AGT-0093,2025-10-21,SASSO (Dual-Purpose),500.0,BATCH-202510-609
ORD-000838,AGT-0094,2025-08-06,SASSO (Dual-Purpose),100.0,BATCH-202508-487
ORD-000839,AGT-0094,2025-10-20,SASSO (Dual-Purpose),300.0,BATCH-202510-644
ORD-000840,AGT-0094,2025-07-04,SASSO (Dual-Purpose),200.0,BATCH-202507-815
ORD-000841,AGT-0094,2025-05-08,Bovans Brown (Layer),200.0,BATCH-202505-848
ORD-000842,AGT-0094,2025-09-04,Bovans Brown (Layer),500.0,BATCH-202509-406
ORD-000844,AGT-0094,2025-02-07,SASSO (Dual-Purpose),100.0,BATCH-202502-283
ORD-000845,AGT-0094,2025-10-23,SASSO (Dual-Purpose),300.0,BATCH-202510-572
ORD-000846,AGT-0094,2025-05-19,Bovans Brown (Layer),500.0,BATCH-202505-628
ORD-000847,AGT-0095,2025-12-02,Bovans Brown (Layer),200.0,BATCH-202512-228
ORD-000848,AGT-0095,2025-11-09,SASSO (Dual-Purpose),200.0,BATCH-202511-769
ORD-000849,AGT-0095,2025-01-04,SASSO (Dual-Purpose),1000.0,BATCH-202501-600
ORD-000850,AGT-0095,2025-04-03,SASSO (Dual-Purpose),300.0,BATCH-202504-916
ORD-000851,AGT-0095,2025-04-05,SASSO (Dual-Purpose),200.0,BATCH-202504-772
ORD-000852,AGT-0095,2025-02-20,SASSO (Dual-Purpose),300.0,BATCH-202502-266
ORD-000853,AGT-0095,2025-06-07,SASSO (Dual-Purpose),200.0,BATCH-202506-608
ORD-000854,AGT-0095,2025-08-06,SASSO (Dual-Purpose),200.0,BATCH-202508-431
ORD-000855,AGT-0095,2025-01-15,SASSO (Dual-Purpose),1000.0,BATCH-202501-183
ORD-000856,AGT-0095,2025-05-16,Bovans Brown (Layer),500.0,BATCH-202505-225
ORD-000857,AGT-0095,2025-07-08,SASSO (Dual-Purpose),500.0,BATCH-202507-875
ORD-000858,AGT-0096,2025-11-16,Bovans Brown (Layer),300.0,BATCH-202511-832
ORD-000859,AGT-0096,2025-12-19,SASSO (Dual-Purpose),200.0,BATCH-202512-325
ORD-000860,AGT-0096,2025-11-21,Bovans Brown (Layer),500.0,BATCH-202511-213
ORD-000861,AGT-0096,2025-06-18,SASSO (Dual-Purpose),500.0,BATCH-202506-246
ORD-000862,AGT-0096,2025-06-29,SASSO (Dual-Purpose),300.0,BATCH-202506-611
ORD-000863,AGT-0096,2025-05-07,SASSO (Dual-Purpose),100.0,BATCH-202505-964
ORD-000864,AGT-0096,2025-10-04,Bovans Brown (Layer),200.0,BATCH-202510-947
ORD-000865,AGT-0096,2025-07-17,SASSO (Dual-Purpose),200.0,BATCH-202507-220
ORD-000866,AGT-0096,2025-02-18,SASSO (Dual-Purpose),500.0,BATCH-202502-531
ORD-000868,AGT-0097,2025-02-17,SASSO (Dual-Purpose),200.0,BATCH-202502-853
ORD-000869,AGT-0097,2025-02-11,SASSO (Dual-Purpose),1000.0,BATCH-202502-111
ORD-000870,AGT-0097,2025-11-28,SASSO (Dual-Purpose),500.0,BATCH-202511-708
ORD-000871,AGT-0097,2025-04-19,Bovans Brown (Layer),200.0,BATCH-202504-393
ORD-000873,AGT-0098,2025-08-20,Bovans Brown (Layer),200.0,BATCH-202508-477
ORD-000874,AGT-0098,2025-10-24,SASSO (Dual-Purpose),1000.0,BATCH-202510-730
ORD-000875,AGT-0098,2025-04-18,Bovans Brown (Layer),100.0,BATCH-202504-481
ORD-000876,AGT-0098,2025-04-03,SASSO (Dual-Purpose),1000.0,BATCH-202504-441
ORD-000877,AGT-0098,2025-01-01,SASSO (Dual-Purpose),300.0,BATCH-202501-764
ORD-000878,AGT-0098,2025-02-10,SASSO (Dual-Purpose),200.0,BATCH-202502-754
ORD-000879,AGT-0098,2025-08-19,Bovans Brown (Layer),100.0,BATCH-202508-934
ORD-000880,AGT-0098,2025-09-10,Bovans Brown (Layer),200.0,BATCH-202509-901
ORD-000882,AGT-0098,2025-09-15,SASSO (Dual-Purpose),300.0,BATCH-202509-777
ORD-000883,AGT-0098,2025-06-07,SASSO (Dual-Purpose),200.0,BATCH-202506-750
ORD-000884,AGT-0098,2025-07-02,SASSO (Dual-Purpose),200.0,BATCH-202507-433
ORD-000885,AGT-0099,2025-06-21,SASSO (Dual-Purpose),200.0,BATCH-202506-460
ORD-000886,AGT-0099,2025-07-27,SASSO (Dual-Purpose),100.0,BATCH-202507-971
ORD-000887,AGT-0099,2025-07-02,SASSO (Dual-Purpose),300.0,BATCH-202507-873
ORD-000888,AGT-0099,2025-01-25,SASSO (Dual-Purpose),200.0,BATCH-202501-812
ORD-000889,AGT-0099,2025-01-26,SASSO (Dual-Purpose),300.0,BATCH-202501-622
ORD-000890,AGT-0099,2025-03-28,SASSO (Dual-Purpose),200.0,BATCH-202503-919
ORD-000891,AGT-0099,2025-07-25,SASSO (Dual-Purpose),200.0,BATCH-202507-683
ORD-000892,AGT-0100,2025-09-26,SASSO (Dual-Purpose),100.0,BATCH-202509-851
ORD-000893,AGT-0100,2025-09-16,SASSO (Dual-Purpose),300.0,BATCH-202509-486
ORD-000894,AGT-0100,2025-06-19,SASSO (Dual-Purpose),100.0,BATCH-202506-156
ORD-000895,AGT-0100,2025-11-12,SASSO (Dual-Purpose),200.0,BATCH-202511-615
ORD-000896,AGT-0100,2025-05-25,SASSO (Dual-Purpose),300.0,BATCH-202505-126
ORD-000897,AGT-0100,2025-12-11,SASSO (Dual-Purpose),200.0,BATCH-202512-548
ORD-000898,AGT-0100,2025-09-22,Bovans Brown (Layer),200.0,BATCH-202509-345
ORD-000899,AGT-0100,2025-10-20,SASSO (Dual-Purpose),100.0,BATCH-202510-496
ORD-000900,AGT-0100,2025-08-11,Bovans Brown (Layer),300.0,BATCH-202508-428
ORD-000901,AGT-0100,2025-11-13,SASSO (Dual-Purpose),300.0,BATCH-202511-565
ORD-000903,AGT-0101,2025-11-04,SASSO (Dual-Purpose),500.0,BATCH-202511-736
ORD-000904,AGT-0101,2025-07-08,Bovans Brown (Layer),200.0,BATCH-202507-130
ORD-000905,AGT-0101,2025-12-23,Bovans Brown (Layer),300.0,BATCH-202512-859
ORD-000906,AGT-0101,2025-11-13,SASSO (Dual-Purpose),500.0,BATCH-202511-745
ORD-000907,AGT-0101,2025-01-22,Bovans Brown (Layer),300.0,BATCH-202501-831
ORD-000908,AGT-0101,2025-08-16,SASSO (Dual-Purpose),300.0,BATCH-202508-669
ORD-000909,AGT-0101,2025-04-16,Bovans Brown (Layer),100.0,BATCH-202504-142
ORD-000910,AGT-0101,2025-10-29,SASSO (Dual-Purpose),300.0,BATCH-202510-306
ORD-000911,AGT-0102,2025-10-12,SASSO (Dual-Purpose),100.0,BATCH-202510-124
ORD-000912,AGT-0102,2025-12-27,SASSO (Dual-Purpose),300.0,BATCH-202512-789
ORD-000913,AGT-0102,2025-01-24,SASSO (Dual-Purpose),100.0,BATCH-202501-886
ORD-000914,AGT-0102,2025-03-26,Bovans Brown (Layer),300.0,BATCH-202503-105
ORD-000915,AGT-0102,2025-02-11,SASSO (Dual-Purpose),100.0,BATCH-202502-996
ORD-000916,AGT-0102,2025-06-12,SASSO (Dual-Purpose),300.0,BATCH-202506-407
ORD-000917,AGT-0102,2025-09-14,SASSO (Dual-Purpose),200.0,BATCH-202509-920
ORD-000918,AGT-0102,2025-02-21,Bovans Brown (Layer),200.0,BATCH-202502-170
ORD-000919,AGT-0103,2025-12-29,SASSO (Dual-Purpose),300.0,BATCH-202512-769
ORD-000920,AGT-0103,2025-10-30,SASSO (Dual-Purpose),200.0,BATCH-202510-498
ORD-000921,AGT-0103,2025-11-02,SASSO (Dual-Purpose),100.0,BATCH-202511-728
ORD-000922,AGT-0103,2025-05-09,SASSO (Dual-Purpose),200.0,BATCH-202505-925
ORD-000923,AGT-0103,2025-04-11,Bovans Brown (Layer),200.0,BATCH-202504-128
ORD-000924,AGT-0103,2025-04-14,SASSO (Dual-Purpose),200.0,BATCH-202504-294
ORD-000925,AGT-0103,2025-02-18,SASSO (Dual-Purpose),300.0,BATCH-202502-756
ORD-000926,AGT-0103,2025-07-05,SASSO (Dual-Purpose),300.0,BATCH-202507-250
ORD-000927,AGT-0103,2025-09-13,SASSO (Dual-Purpose),500.0,BATCH-202509-885
ORD-000928,AGT-0103,2025-02-18,SASSO (Dual-Purpose),100.0,BATCH-202502-147
ORD-000929,AGT-0103,2025-06-08,SASSO (Dual-Purpose),200.0,BATCH-202506-618
ORD-000930,AGT-0104,2025-12-24,Bovans Brown (Layer),200.0,BATCH-202512-602
ORD-000931,AGT-0104,2025-01-26,SASSO (Dual-Purpose),300.0,BATCH-202501-376
ORD-000932,AGT-0104,2025-01-27,Bovans Brown (Layer),100.0,BATCH-202501-399
ORD-000933,AGT-0104,2025-05-23,SASSO (Dual-Purpose),200.0,BATCH-202505-465
ORD-000934,AGT-0104,2025-11-10,SASSO (Dual-Purpose),1000.0,BATCH-202511-118
ORD-000935,AGT-0104,2025-08-18,SASSO (Dual-Purpose),200.0,BATCH-202508-676
ORD-000936,AGT-0104,2025-10-20,SASSO (Dual-Purpose),100.0,BATCH-202510-748
ORD-000937,AGT-0104,2025-05-01,SASSO (Dual-Purpose),200.0,BATCH-202505-467
ORD-000938,AGT-0104,2025-11-14,SASSO (Dual-Purpose),200.0,BATCH-202511-718
ORD-000940,AGT-0104,2025-11-04,Bovans Brown (Layer),300.0,BATCH-202511-834
ORD-000941,AGT-0104,2025-02-25,SASSO (Dual-Purpose),200.0,BATCH-202502-585
ORD-000942,AGT-0105,2025-02-13,SASSO (Dual-Purpose),200.0,BATCH-202502-735
ORD-000943,AGT-0105,2025-03-11,Bovans Brown (Layer),200.0,BATCH-202503-350
ORD-000944,AGT-0105,2025-11-04,SASSO (Dual-Purpose),1000.0,BATCH-202511-627
ORD-000945,AGT-0105,2025-04-29,SASSO (Dual-Purpose),1000.0,BATCH-202504-586
ORD-000946,AGT-0105,2025-08-08,SASSO (Dual-Purpose),100.0,BATCH-202508-888
ORD-000948,AGT-0105,2025-06-12,Bovans Brown (Layer),100.0,BATCH-202506-198
ORD-000950,AGT-0105,2025-09-07,SASSO (Dual-Purpose),300.0,BATCH-202509-572
ORD-000951,AGT-0105,2025-06-30,Bovans Brown (Layer),100.0,BATCH-202506-652
ORD-000952,AGT-0105,2025-03-04,SASSO (Dual-Purpose),300.0,BATCH-202503-757
ORD-000953,AGT-0106,2025-02-13,SASSO (Dual-Purpose),100.0,BATCH-202502-666
ORD-000954,AGT-0106,2025-05-17,SASSO (Dual-Purpose),200.0,BATCH-202505-919
ORD-000955,AGT-0106,2025-11-27,SASSO (Dual-Purpose),300.0,BATCH-202511-687
ORD-000956,AGT-0106,2025-06-19,SASSO (Dual-Purpose),500.0,BATCH-202506-587
ORD-000957,AGT-0106,2025-12-30,SASSO (Dual-Purpose),200.0,BATCH-202512-915
ORD-000958,AGT-0106,2025-08-21,SASSO (Dual-Purpose),300.0,BATCH-202508-270
ORD-000959,AGT-0106,2025-08-29,SASSO (Dual-Purpose),1000.0,BATCH-202508-898
ORD-000960,AGT-0106,2025-11-24,Bovans Brown (Layer),100.0,BATCH-202511-447
ORD-000961,AGT-0106,2025-05-11,SASSO (Dual-Purpose),200.0,BATCH-202505-506
ORD-000962,AGT-0106,2025-12-21,Bovans Brown (Layer),100.0,BATCH-202512-267
ORD-000963,AGT-0106,2025-07-13,Bovans Brown (Layer),200.0,BATCH-202507-928
ORD-000964,AGT-0107,2025-10-28,SASSO (Dual-Purpose),200.0,BATCH-202510-742
ORD-000965,AGT-0107,2025-08-16,SASSO (Dual-Purpose),1000.0,BATCH-202508-710
ORD-000966,AGT-0107,2025-12-01,SASSO (Dual-Purpose),100.0,BATCH-202512-818
ORD-000967,AGT-0107,2025-09-11,SASSO (Dual-Purpose),100.0,BATCH-202509-680
ORD-000968,AGT-0107,2025-04-17,SASSO (Dual-Purpose),200.0,BATCH-202504-298
ORD-000970,AGT-0107,2025-11-06,SASSO (Dual-Purpose),100.0,BATCH-202511-151
ORD-000971,AGT-0107,2025-12-26,SASSO (Dual-Purpose),300.0,BATCH-202512-466
ORD-000972,AGT-0107,2025-01-13,SASSO (Dual-Purpose),300.0,BATCH-202501-608
ORD-000973,AGT-0107,2025-05-13,SASSO (Dual-Purpose),1000.0,BATCH-202505-817
ORD-000974,AGT-0107,2025-06-03,Bovans Brown (Layer),100.0,BATCH-202506-276
ORD-000975,AGT-0107,2025-08-23,SASSO (Dual-Purpose),200.0,BATCH-202508-224
ORD-000976,AGT-0108,2025-05-11,SASSO (Dual-Purpose),200.0,BATCH-202505-855
ORD-000977,AGT-0108,2025-12-25,SASSO (Dual-Purpose),300.0,BATCH-202512-113
ORD-000978,AGT-0108,2025-02-10,SASSO (Dual-Purpose),200.0,BATCH-202502-791
ORD-000979,AGT-0108,2025-09-29,SASSO (Dual-Purpose),300.0,BATCH-202509-812
ORD-000980,AGT-0108,2025-07-14,SASSO (Dual-Purpose),500.0,BATCH-202507-408
ORD-000981,AGT-0108,2025-06-19,SASSO (Dual-Purpose),200.0,BATCH-202506-839
ORD-000982,AGT-0108,2025-10-29,SASSO (Dual-Purpose),300.0,BATCH-202510-222
ORD-000983,AGT-0109,2025-12-13,SASSO (Dual-Purpose),1000.0,BATCH-202512-846
ORD-000984,AGT-0109,2025-08-08,SASSO (Dual-Purpose),100.0,BATCH-202508-364
ORD-000985,AGT-0109,2025-07-04,SASSO (Dual-Purpose),300.0,BATCH-202507-910
ORD-000986,AGT-0109,2025-08-04,Bovans Brown (Layer),300.0,BATCH-202508-890
ORD-000987,AGT-0109,2025-10-12,SASSO (Dual-Purpose),200.0,BATCH-202510-823
ORD-000988,AGT-0109,2025-10-31,SASSO (Dual-Purpose),300.0,BATCH-202510-517
ORD-000989,AGT-0109,2025-08-06,SASSO (Dual-Purpose),500.0,BATCH-202508-410
ORD-000990,AGT-0109,2025-11-09,SASSO (Dual-Purpose),500.0,BATCH-202511-211
ORD-000991,AGT-0109,2025-08-09,Bovans Brown (Layer),200.0,BATCH-202508-739
ORD-000992,AGT-0109,2025-12-12,SASSO (Dual-Purpose),200.0,BATCH-202512-144
ORD-000993,AGT-0109,2025-03-30,Bovans Brown (Layer),200.0,BATCH-202503-521
ORD-000994,AGT-0110,2025-03-20,SASSO (Dual-Purpose),100.0,BATCH-202503-804
ORD-000995,AGT-0110,2025-12-15,Bovans Brown (Layer),200.0,BATCH-202512-940
ORD-000996,AGT-0110,2025-12-26,SASSO (Dual-Purpose),100.0,BATCH-202512-563
ORD-000997,AGT-0110,2025-12-13,Bovans Brown (Layer),100.0,BATCH-202512-220
ORD-000998,AGT-0110,2025-11-27,SASSO (Dual-Purpose),200.0,BATCH-202511-639
ORD-001001,AGT-0110,2025-03-05,SASSO (Dual-Purpose),100.0,BATCH-202503-862
ORD-001002,AGT-0110,2025-11-16,SASSO (Dual-Purpose),200.0,BATCH-202511-260
ORD-001003,AGT-0110,2025-02-19,SASSO (Dual-Purpose),200.0,BATCH-202502-114
ORD-001004,AGT-0110,2025-04-08,SASSO (Dual-Purpose),100.0,BATCH-202504-708
ORD-001005,AGT-0111,2025-09-14,SASSO (Dual-Purpose),100.0,BATCH-202509-222
ORD-001006,AGT-0111,2025-09-26,SASSO (Dual-Purpose),300.0,BATCH-202509-830
ORD-001007,AGT-0111,2025-08-06,SASSO (Dual-Purpose),100.0,BATCH-202508-700
ORD-001008,AGT-0111,2025-04-20,Bovans Brown (Layer),300.0,BATCH-202504-513
ORD-001009,AGT-0111,2025-05-13,Bovans Brown (Layer),200.0,BATCH-202505-859
ORD-001010,AGT-0111,2025-02-13,Bovans Brown (Layer),500.0,BATCH-202502-259
ORD-001011,AGT-0112,2025-06-09,SASSO (Dual-Purpose),200.0,BATCH-202506-646
ORD-001012,AGT-0112,2025-04-21,SASSO (Dual-Purpose),200.0,BATCH-202504-359
ORD-001013,AGT-0112,2025-07-24,Bovans Brown (Layer),200.0,BATCH-202507-164
ORD-001014,AGT-0112,2025-01-06,SASSO (Dual-Purpose),100.0,BATCH-202501-425
ORD-001015,AGT-0112,2025-09-12,SASSO (Dual-Purpose),200.0,BATCH-202509-428
ORD-001016,AGT-0112,2025-09-02,Bovans Brown (Layer),500.0,BATCH-202509-693
ORD-001017,AGT-0112,2025-07-03,SASSO (Dual-Purpose),100.0,BATCH-202507-805
ORD-001018,AGT-0112,2025-03-01,SASSO (Dual-Purpose),200.0,BATCH-202503-630
ORD-001019,AGT-0113,2025-08-11,SASSO (Dual-Purpose),1000.0,BATCH-202508-127
ORD-001020,AGT-0113,2025-04-12,Bovans Brown (Layer),300.0,BATCH-202504-989
ORD-001021,AGT-0113,2025-11-14,Bovans Brown (Layer),200.0,BATCH-202511-141
ORD-001022,AGT-0113,2025-04-17,Bovans Brown (Layer),200.0,BATCH-202504-220
ORD-001023,AGT-0113,2025-07-04,SASSO (Dual-Purpose),200.0,BATCH-202507-698
ORD-001024,AGT-0113,2025-08-17,SASSO (Dual-Purpose),200.0,BATCH-202508-972
ORD-001025,AGT-0114,2025-06-05,SASSO (Dual-Purpose),200.0,BATCH-202506-561
ORD-001026,AGT-0114,2025-07-18,Bovans Brown (Layer),200.0,BATCH-202507-265
ORD-001027,AGT-0114,2025-10-10,SASSO (Dual-Purpose),300.0,BATCH-202510-943
ORD-001028,AGT-0114,2025-06-29,SASSO (Dual-Purpose),300.0,BATCH-202506-177
ORD-001029,AGT-0114,2025-06-18,SASSO (Dual-Purpose),200.0,BATCH-202506-417
ORD-001030,AGT-0114,2025-04-28,SASSO (Dual-Purpose),200.0,BATCH-202504-621
ORD-001031,AGT-0114,2025-09-06,Bovans Brown (Layer),300.0,BATCH-202509-336
ORD-001032,AGT-0114,2025-06-18,Bovans Brown (Layer),300.0,BATCH-202506-367
ORD-001033,AGT-0115,2025-01-21,SASSO (Dual-Purpose),100.0,BATCH-202501-973
ORD-001034,AGT-0115,2025-11-14,SASSO (Dual-Purpose),200.0,BATCH-202511-364
ORD-001035,AGT-0115,2025-07-15,Bovans Brown (Layer),200.0,BATCH-202507-829
ORD-001036,AGT-0115,2025-03-11,SASSO (Dual-Purpose),300.0,BATCH-202503-351
ORD-001037,AGT-0115,2025-02-18,SASSO (Dual-Purpose),200.0,BATCH-202502-557
ORD-001038,AGT-0115,2025-01-29,SASSO (Dual-Purpose),200.0,BATCH-202501-578
ORD-001039,AGT-0116,2025-08-22,SASSO (Dual-Purpose),200.0,BATCH-202508-506
ORD-001040,AGT-0116,2025-07-18,SASSO (Dual-Purpose),300.0,BATCH-202507-185
ORD-001041,AGT-0116,2025-01-09,Bovans Brown (Layer),300.0,BATCH-202501-901
ORD-001042,AGT-0116,2025-01-23,SASSO (Dual-Purpose),200.0,BATCH-202501-562
ORD-001043,AGT-0116,2025-08-26,SASSO (Dual-Purpose),200.0,BATCH-202508-481
ORD-001044,AGT-0116,2025-11-04,SASSO (Dual-Purpose),200.0,BATCH-202511-553
ORD-001045,AGT-0116,2025-12-09,Bovans Brown (Layer),500.0,BATCH-202512-926
ORD-001046,AGT-0116,2025-11-17,SASSO (Dual-Purpose),200.0,BATCH-202511-535
ORD-001047,AGT-0116,2025-10-15,Bovans Brown (Layer),100.0,BATCH-202510-824
ORD-001048,AGT-0116,2025-05-06,SASSO (Dual-Purpose),200.0,BATCH-202505-278
ORD-001049,AGT-0116,2025-07-15,SASSO (Dual-Purpose),100.0,BATCH-202507-526
ORD-001050,AGT-0117,2025-07-18,SASSO (Dual-Purpose),1000.0,BATCH-202507-803
ORD-001051,AGT-0117,2025-04-08,SASSO (Dual-Purpose),200.0,BATCH-202504-341
ORD-001052,AGT-0117,2025-11-03,SASSO (Dual-Purpose),100.0,BATCH-202511-186
ORD-001053,AGT-0117,2025-12-28,SASSO (Dual-Purpose),300.0,BATCH-202512-234
ORD-001054,AGT-0117,2025-09-16,Bovans Brown (Layer),500.0,BATCH-202509-116
ORD-001055,AGT-0117,2025-10-18,Bovans Brown (Layer),200.0,BATCH-202510-529
ORD-001056,AGT-0118,2025-12-07,SASSO (Dual-Purpose),200.0,BATCH-202512-567
ORD-001057,AGT-0118,2025-09-26,Bovans Brown (Layer),500.0,
ORD-001058,AGT-0118,2025-09-12,SASSO (Dual-Purpose),100.0,BATCH-202509-433
ORD-001059,AGT-0118,2025-06-25,SASSO (Dual-Purpose),100.0,BATCH-202506-499
ORD-001060,AGT-0118,2025-06-28,SASSO (Dual-Purpose),200.0,BATCH-202506-519
ORD-001061,AGT-0118,2025-07-06,SASSO (Dual-Purpose),100.0,BATCH-202507-642
ORD-001062,AGT-0118,2025-02-18,SASSO (Dual-Purpose),300.0,BATCH-202502-699
ORD-001063,AGT-0118,2025-05-25,SASSO (Dual-Purpose),100.0,BATCH-202505-157
ORD-001064,AGT-0118,2025-11-23,Bovans Brown (Layer),200.0,BATCH-202511-922
ORD-001065,AGT-0118,2025-02-03,SASSO (Dual-Purpose),200.0,BATCH-202502-802
ORD-001066,AGT-0119,2025-08-09,Bovans Brown (Layer),300.0,BATCH-202508-798
ORD-001067,AGT-0119,2025-09-03,Bovans Brown (Layer),100.0,BATCH-202509-100
ORD-001068,AGT-0119,2025-08-31,SASSO (Dual-Purpose),100.0,BATCH-202508-104
ORD-001069,AGT-0119,2025-09-22,SASSO (Dual-Purpose),300.0,BATCH-202509-468
ORD-001070,AGT-0119,2025-07-27,SASSO (Dual-Purpose),100.0,BATCH-202507-803
ORD-001071,AGT-0119,2025-02-19,SASSO (Dual-Purpose),200.0,BATCH-202502-331
ORD-001072,AGT-0119,2025-09-15,SASSO (Dual-Purpose),100.0,BATCH-202509-858
ORD-001073,AGT-0119,2025-05-06,SASSO (Dual-Purpose),200.0,BATCH-202505-761
ORD-001074,AGT-0119,2025-05-18,SASSO (Dual-Purpose),300.0,BATCH-202505-719
ORD-001075,AGT-0119,2025-09-29,SASSO (Dual-Purpose),200.0,BATCH-202509-965
ORD-001076,AGT-0120,2025-03-23,Bovans Brown (Layer),500.0,BATCH-202503-612
ORD-001077,AGT-0120,2025-10-15,Bovans Brown (Layer),100.0,BATCH-202510-179
ORD-001078,AGT-0120,2025-05-07,Bovans Brown (Layer),100.0,BATCH-202505-568
ORD-001079,AGT-0120,2025-02-02,Bovans Brown (Layer),200.0,BATCH-202502-259
ORD-001080,AGT-0120,2025-04-01,SASSO (Dual-Purpose),200.0,BATCH-202504-546
ORD-001081,AGT-0120,2025-08-02,SASSO (Dual-Purpose),200.0,BATCH-202508-941
ORD-001082,AGT-0121,2025-10-17,SASSO (Dual-Purpose),300.0,BATCH-202510-491
ORD-001083,AGT-0121,2025-04-02,SASSO (Dual-Purpose),100.0,BATCH-202504-806
ORD-001084,AGT-0121,2025-01-10,SASSO (Dual-Purpose),200.0,BATCH-202501-294
ORD-001085,AGT-0121,2025-05-07,SASSO (Dual-Purpose),200.0,BATCH-202505-582
ORD-001086,AGT-0121,2025-09-10,Bovans Brown (Layer),200.0,BATCH-202509-433
ORD-001087,AGT-0121,2025-06-11,Bovans Brown (Layer),200.0,BATCH-202506-854
ORD-001088,AGT-0121,2025-04-23,SASSO (Dual-Purpose),200.0,BATCH-202504-552
ORD-001089,AGT-0121,2025-08-28,SASSO (Dual-Purpose),500.0,BATCH-202508-401
ORD-001090,AGT-0121,2025-01-29,SASSO (Dual-Purpose),300.0,BATCH-202501-615
ORD-001091,AGT-0121,2025-05-16,SASSO (Dual-Purpose),200.0,BATCH-202505-746
ORD-001092,AGT-0121,2025-05-06,SASSO (Dual-Purpose),300.0,BATCH-202505-917
ORD-001093,AGT-0121,2025-06-22,Bovans Brown (Layer),200.0,BATCH-202506-931
ORD-001094,AGT-0122,2025-05-10,SASSO (Dual-Purpose),300.0,BATCH-202505-599
ORD-001095,AGT-0122,2025-01-30,SASSO (Dual-Purpose),1000.0,BATCH-202501-321
ORD-001096,AGT-0122,2025-03-18,SASSO (Dual-Purpose),100.0,BATCH-202503-611
ORD-001097,AGT-0122,2025-02-15,SASSO (Dual-Purpose),1000.0,BATCH-202502-548
ORD-001099,AGT-0122,2025-05-27,SASSO (Dual-Purpose),300.0,BATCH-202505-519
ORD-001100,AGT-0122,2025-02-14,SASSO (Dual-Purpose),100.0,BATCH-202502-132
ORD-001101,AGT-0122,2025-04-10,SASSO (Dual-Purpose),300.0,BATCH-202504-308
ORD-001102,AGT-0122,2025-10-05,SASSO (Dual-Purpose),200.0,BATCH-202510-957
ORD-001103,AGT-0122,2025-02-07,SASSO (Dual-Purpose),200.0,BATCH-202502-489
ORD-001105,AGT-0122,2025-02-27,SASSO (Dual-Purpose),300.0,BATCH-202502-566
ORD-001106,AGT-0123,2025-03-04,SASSO (Dual-Purpose),300.0,BATCH-202503-757
ORD-001107,AGT-0123,2025-10-20,SASSO (Dual-Purpose),300.0,BATCH-202510-519
ORD-001108,AGT-0123,2025-01-15,SASSO (Dual-Purpose),300.0,BATCH-202501-362
ORD-001109,AGT-0123,2025-08-18,SASSO (Dual-Purpose),300.0,BATCH-202508-775
ORD-001110,AGT-0123,2025-02-18,SASSO (Dual-Purpose),200.0,BATCH-202502-270
ORD-001111,AGT-0123,2025-12-22,Bovans Brown (Layer),200.0,BATCH-202512-962
ORD-001112,AGT-0124,2025-11-30,SASSO (Dual-Purpose),500.0,BATCH-202511-736
ORD-001113,AGT-0124,2025-12-24,Bovans Brown (Layer),200.0,BATCH-202512-457
ORD-001114,AGT-0124,2025-07-03,SASSO (Dual-Purpose),200.0,BATCH-202507-262
ORD-001115,AGT-0124,2025-02-03,SASSO (Dual-Purpose),200.0,BATCH-202502-386
ORD-001116,AGT-0124,2025-12-05,SASSO (Dual-Purpose),200.0,BATCH-202512-592
ORD-001117,AGT-0124,2025-09-19,SASSO (Dual-Purpose),100.0,BATCH-202509-925
ORD-001118,AGT-0124,2025-09-07,Bovans Brown (Layer),200.0,BATCH-202509-815
ORD-001119,AGT-0125,2025-11-18,Bovans Brown (Layer),500.0,BATCH-202511-221
ORD-001120,AGT-0125,2025-01-07,SASSO (Dual-Purpose),200.0,BATCH-202501-220
ORD-001121,AGT-0125,2025-01-01,SASSO (Dual-Purpose),100.0,BATCH-202501-675
ORD-001122,AGT-0125,2025-04-25,SASSO (Dual-Purpose),300.0,BATCH-202504-862
ORD-001123,AGT-0125,2025-04-09,SASSO (Dual-Purpose),200.0,BATCH-202504-868
ORD-001124,AGT-0125,2025-03-10,SASSO (Dual-Purpose),100.0,BATCH-202503-214
ORD-001125,AGT-0125,2025-09-26,SASSO (Dual-Purpose),200.0,BATCH-202509-836
ORD-001126,AGT-0125,2025-01-18,SASSO (Dual-Purpose),300.0,BATCH-202501-439
ORD-001127,AGT-0125,2025-09-26,SASSO (Dual-Purpose),200.0,BATCH-202509-682
ORD-001128,AGT-0126,2025-12-13,SASSO (Dual-Purpose),200.0,BATCH-202512-740
ORD-001129,AGT-0126,2025-04-26,SASSO (Dual-Purpose),200.0,BATCH-202504-503
ORD-001130,AGT-0126,2025-08-16,SASSO (Dual-Purpose),200.0,BATCH-202508-338
ORD-001131,AGT-0126,2025-06-24,SASSO (Dual-Purpose),100.0,BATCH-202506-292
ORD-001132,AGT-0126,2025-05-03,Bovans Brown (Layer),300.0,BATCH-202505-723
ORD-001133,AGT-0126,2025-04-25,Bovans Brown (Layer),1000.0,BATCH-202504-602
ORD-001134,AGT-0126,2025-04-11,SASSO (Dual-Purpose),300.0,BATCH-202504-165
ORD-001135,AGT-0126,2025-12-24,Bovans Brown (Layer),200.0,BATCH-202512-909
ORD-001136,AGT-0126,2025-10-24,SASSO (Dual-Purpose),300.0,BATCH-202510-659
ORD-001137,AGT-0126,2025-10-18,SASSO (Dual-Purpose),1000.0,BATCH-202510-394
ORD-001138,AGT-0126,2025-09-15,Bovans Brown (Layer),100.0,BATCH-202509-309
ORD-001139,AGT-0127,2025-09-12,Bovans Brown (Layer),200.0,BATCH-202509-691
ORD-001140,AGT-0127,2025-08-17,Bovans Brown (Layer),1000.0,BATCH-202508-593
ORD-001141,AGT-0127,2025-12-09,Bovans Brown (Layer),100.0,BATCH-202512-623
ORD-001142,AGT-0127,2025-07-23,SASSO (Dual-Purpose),100.0,BATCH-202507-846
ORD-001143,AGT-0127,2025-06-02,Bovans Brown (Layer),200.0,BATCH-202506-483
ORD-001144,AGT-0127,2025-12-02,Bovans Brown (Layer),100.0,BATCH-202512-131
ORD-001145,AGT-0127,2025-10-30,SASSO (Dual-Purpose),100.0,BATCH-202510-465
ORD-001146,AGT-0127,2025-03-14,SASSO (Dual-Purpose),300.0,BATCH-202503-232
ORD-001147,AGT-0127,2025-01-22,Bovans Brown (Layer),100.0,BATCH-202501-671
ORD-001149,AGT-0127,2025-04-17,Bovans Brown (Layer),100.0,BATCH-202504-648
ORD-001150,AGT-0127,2025-12-20,SASSO (Dual-Purpose),200.0,BATCH-202512-509
ORD-001151,AGT-0128,2025-01-18,Bovans Brown (Layer),200.0,BATCH-202501-856
ORD-001152,AGT-0128,2025-01-19,Bovans Brown (Layer),300.0,BATCH-202501-652
ORD-001154,AGT-0128,2025-02-13,SASSO (Dual-Purpose),200.0,BATCH-202502-166
ORD-001155,AGT-0128,2025-09-01,SASSO (Dual-Purpose),200.0,BATCH-202509-196
ORD-001156,AGT-0128,2025-02-06,SASSO (Dual-Purpose),300.0,BATCH-202502-234
ORD-001157,AGT-0128,2025-07-27,SASSO (Dual-Purpose),300.0,BATCH-202507-747
ORD-001158,AGT-0128,2025-04-19,SASSO (Dual-Purpose),200.0,BATCH-202504-143
ORD-001159,AGT-0128,2025-05-01,SASSO (Dual-Purpose),300.0,BATCH-202505-460
ORD-001160,AGT-0128,2025-03-12,SASSO (Dual-Purpose),200.0,BATCH-202503-563
ORD-001161,AGT-0128,2025-09-13,SASSO (Dual-Purpose),200.0,BATCH-202509-496
ORD-001162,AGT-0128,2025-05-19,SASSO (Dual-Purpose),500.0,BATCH-202505-790
ORD-001163,AGT-0129,2025-05-12,SASSO (Dual-Purpose),500.0,BATCH-202505-878
ORD-001165,AGT-0129,2025-10-14,Bovans Brown (Layer),300.0,
ORD-001166,AGT-0129,2025-04-08,Bovans Brown (Layer),200.0,BATCH-202504-510
ORD-001167,AGT-0129,2025-05-05,Bovans Brown (Layer),200.0,BATCH-202505-175
ORD-001168,AGT-0129,2025-11-11,SASSO (Dual-Purpose),300.0,BATCH-202511-314
ORD-001170,AGT-0130,2025-04-22,Bovans Brown (Layer),300.0,BATCH-202504-106
ORD-001171,AGT-0130,2025-09-29,SASSO (Dual-Purpose),300.0,BATCH-202509-907
ORD-001172,AGT-0130,2025-11-15,SASSO (Dual-Purpose),300.0,BATCH-202511-420
ORD-001173,AGT-0130,2025-08-22,SASSO (Dual-Purpose),500.0,BATCH-202508-421
ORD-001174,AGT-0130,2025-08-27,SASSO (Dual-Purpose),200.0,BATCH-202508-279
ORD-001175,AGT-0130,2025-09-07,SASSO (Dual-Purpose),200.0,BATCH-202509-817
ORD-001176,AGT-0130,2025-06-28,SASSO (Dual-Purpose),300.0,BATCH-202506-978
ORD-001177,AGT-0130,2025-09-20,SASSO (Dual-Purpose),1000.0,BATCH-202509-173
ORD-001178,AGT-0131,2025-07-12,SASSO (Dual-Purpose),200.0,BATCH-202507-399
ORD-001179,AGT-0131,2025-09-24,SASSO (Dual-Purpose),1000.0,BATCH-202509-723
ORD-001180,AGT-0131,2025-09-18,SASSO (Dual-Purpose),200.0,BATCH-202509-764
ORD-001181,AGT-0131,2025-08-22,SASSO (Dual-Purpose),200.0,BATCH-202508-901
ORD-001182,AGT-0131,2025-10-22,SASSO (Dual-Purpose),200.0,BATCH-202510-473
ORD-001183,AGT-0131,2025-08-25,SASSO (Dual-Purpose),200.0,BATCH-202508-222
ORD-001184,AGT-0132,2025-03-05,Bovans Brown (Layer),100.0,BATCH-202503-692
ORD-001185,AGT-0132,2025-05-08,SASSO (Dual-Purpose),300.0,BATCH-202505-432
ORD-001186,AGT-0132,2025-10-05,Bovans Brown (Layer),200.0,BATCH-202510-706
ORD-001187,AGT-0132,2025-05-22,Bovans Brown (Layer),300.0,BATCH-202505-828
ORD-001188,AGT-0132,2025-11-11,Bovans Brown (Layer),1000.0,BATCH-202511-264
ORD-001189,AGT-0132,2025-10-16,Bovans Brown (Layer),200.0,BATCH-202510-910
ORD-001190,AGT-0132,2025-03-04,SASSO (Dual-Purpose),200.0,BATCH-202503-632
ORD-001191,AGT-0132,2025-03-28,SASSO (Dual-Purpose),300.0,BATCH-202503-926
ORD-001192,AGT-0132,2025-09-20,Bovans Brown (Layer),1000.0,BATCH-202509-727
ORD-001193,AGT-0132,2025-07-07,SASSO (Dual-Purpose),200.0,BATCH-202507-883
ORD-001194,AGT-0132,2025-05-01,SASSO (Dual-Purpose),200.0,BATCH-202505-263
ORD-001195,AGT-0132,2025-05-30,SASSO (Dual-Purpose),200.0,BATCH-202505-613
ORD-001196,AGT-0133,2025-03-16,Bovans Brown (Layer),200.0,BATCH-202503-614
ORD-001197,AGT-0133,2025-05-13,Bovans Brown (Layer),200.0,BATCH-202505-840
ORD-001198,AGT-0133,2025-05-01,SASSO (Dual-Purpose),100.0,BATCH-202505-633
ORD-001199,AGT-0133,2025-08-19,SASSO (Dual-Purpose),200.0,BATCH-202508-377
ORD-001201,AGT-0133,2025-10-09,SASSO (Dual-Purpose),300.0,BATCH-202510-822
ORD-001202,AGT-0133,2025-04-30,SASSO (Dual-Purpose),200.0,BATCH-202504-615
ORD-001203,AGT-0133,2025-08-08,Bovans Brown (Layer),200.0,BATCH-202508-131
ORD-001204,AGT-0133,2025-12-18,SASSO (Dual-Purpose),200.0,BATCH-202512-192
ORD-001205,AGT-0134,2025-04-10,SASSO (Dual-Purpose),100.0,BATCH-202504-133
ORD-001206,AGT-0134,2025-12-06,Bovans Brown (Layer),500.0,BATCH-202512-517
ORD-001207,AGT-0134,2025-07-31,SASSO (Dual-Purpose),300.0,BATCH-202507-338
ORD-001208,AGT-0134,2025-11-20,SASSO (Dual-Purpose),200.0,BATCH-202511-577
ORD-001209,AGT-0134,2025-05-22,SASSO (Dual-Purpose),300.0,BATCH-202505-245
ORD-001210,AGT-0134,2025-06-05,SASSO (Dual-Purpose),1000.0,BATCH-202506-211
ORD-001211,AGT-0134,2025-03-22,SASSO (Dual-Purpose),200.0,BATCH-202503-591
ORD-001212,AGT-0134,2025-11-15,SASSO (Dual-Purpose),200.0,BATCH-202511-962
ORD-001213,AGT-0134,2025-05-20,Bovans Brown (Layer),100.0,BATCH-202505-268
ORD-001214,AGT-0134,2025-06-10,SASSO (Dual-Purpose),1000.0,BATCH-202506-210
ORD-001215,AGT-0134,2025-10-11,SASSO (Dual-Purpose),200.0,BATCH-202510-252
ORD-001216,AGT-0135,2025-06-07,SASSO (Dual-Purpose),200.0,BATCH-202506-515
ORD-001217,AGT-0135,2025-05-11,SASSO (Dual-Purpose),200.0,BATCH-202505-777
ORD-001218,AGT-0135,2025-07-21,SASSO (Dual-Purpose),200.0,BATCH-202507-115
ORD-001219,AGT-0135,2025-03-19,SASSO (Dual-Purpose),300.0,BATCH-202503-548
ORD-001220,AGT-0135,2025-07-17,SASSO (Dual-Purpose),300.0,BATCH-202507-638
ORD-001221,AGT-0135,2025-08-26,SASSO (Dual-Purpose),100.0,BATCH-202508-757
ORD-001222,AGT-0135,2025-02-11,SASSO (Dual-Purpose),200.0,BATCH-202502-364
ORD-001223,AGT-0135,2025-03-15,SASSO (Dual-Purpose),200.0,BATCH-202503-260
ORD-001224,AGT-0135,2025-08-15,SASSO (Dual-Purpose),300.0,BATCH-202508-568
ORD-001225,AGT-0135,2025-02-24,SASSO (Dual-Purpose),100.0,BATCH-202502-774
ORD-001226,AGT-0135,2025-03-08,Bovans Brown (Layer),100.0,BATCH-202503-457
ORD-001227,AGT-0135,2025-10-01,Bovans Brown (Layer),300.0,BATCH-202510-684
ORD-001228,AGT-0136,2025-11-05,SASSO (Dual-Purpose),200.0,BATCH-202511-458
ORD-001229,AGT-0136,2025-02-10,SASSO (Dual-Purpose),200.0,BATCH-202502-979
ORD-001230,AGT-0136,2025-08-16,SASSO (Dual-Purpose),200.0,BATCH-202508-155
ORD-001231,AGT-0136,2025-08-01,SASSO (Dual-Purpose),200.0,BATCH-202508-232
ORD-001232,AGT-0136,2025-08-19,SASSO (Dual-Purpose),300.0,BATCH-202508-573
ORD-001233,AGT-0136,2025-04-23,SASSO (Dual-Purpose),300.0,BATCH-202504-934
ORD-001234,AGT-0136,2025-02-23,SASSO (Dual-Purpose),100.0,BATCH-202502-481
ORD-001235,AGT-0136,2025-02-27,SASSO (Dual-Purpose),200.0,BATCH-202502-517
ORD-001236,AGT-0136,2025-06-09,SASSO (Dual-Purpose),500.0,BATCH-202506-491
ORD-001237,AGT-0136,2025-04-21,SASSO (Dual-Purpose),300.0,BATCH-202504-581
ORD-001238,AGT-0136,2025-10-31,SASSO (Dual-Purpose),300.0,BATCH-202510-265
ORD-001239,AGT-0136,2025-06-18,Bovans Brown (Layer),200.0,BATCH-202506-559
ORD-001240,AGT-0137,2025-08-09,Bovans Brown (Layer),200.0,BATCH-202508-513
ORD-001241,AGT-0137,2025-07-24,SASSO (Dual-Purpose),200.0,BATCH-202507-342
ORD-001242,AGT-0137,2025-11-15,Bovans Brown (Layer),100.0,BATCH-202511-414
ORD-001243,AGT-0137,2025-03-29,SASSO (Dual-Purpose),200.0,BATCH-202503-844
ORD-001244,AGT-0137,2025-05-26,SASSO (Dual-Purpose),1000.0,BATCH-202505-481
ORD-001245,AGT-0137,2025-11-09,SASSO (Dual-Purpose),500.0,
ORD-001246,AGT-0137,2025-12-25,SASSO (Dual-Purpose),100.0,BATCH-202512-460
ORD-001247,AGT-0137,2025-12-11,SASSO (Dual-Purpose),200.0,BATCH-202512-340
ORD-001248,AGT-0137,2025-01-31,SASSO (Dual-Purpose),300.0,BATCH-202501-655
ORD-001249,AGT-0137,2025-01-24,Bovans Brown (Layer),500.0,BATCH-202501-627
ORD-001251,AGT-0137,2025-01-16,SASSO (Dual-Purpose),200.0,BATCH-202501-478
ORD-001252,AGT-0138,2025-05-01,SASSO (Dual-Purpose),200.0,BATCH-202505-115
ORD-001253,AGT-0138,2025-04-03,SASSO (Dual-Purpose),300.0,BATCH-202504-414
ORD-001254,AGT-0138,2025-01-05,Bovans Brown (Layer),200.0,BATCH-202501-162
ORD-001255,AGT-0138,2025-06-20,SASSO (Dual-Purpose),200.0,BATCH-202506-313
ORD-001256,AGT-0138,2025-07-17,SASSO (Dual-Purpose),200.0,BATCH-202507-556
ORD-001257,AGT-0138,2025-04-17,SASSO (Dual-Purpose),100.0,BATCH-202504-545
ORD-001258,AGT-0138,2025-11-25,SASSO (Dual-Purpose),200.0,BATCH-202511-676
ORD-001259,AGT-0138,2025-10-12,SASSO (Dual-Purpose),200.0,BATCH-202510-574
ORD-001260,AGT-0138,2025-08-28,Bovans Brown (Layer),100.0,BATCH-202508-256
ORD-001261,AGT-0138,2025-12-28,SASSO (Dual-Purpose),100.0,BATCH-202512-772
ORD-001262,AGT-0139,2025-02-05,SASSO (Dual-Purpose),500.0,BATCH-202502-340
ORD-001263,AGT-0139,2025-06-18,SASSO (Dual-Purpose),300.0,BATCH-202506-644
ORD-001264,AGT-0139,2025-05-17,SASSO (Dual-Purpose),200.0,BATCH-202505-975
ORD-001266,AGT-0139,2025-05-21,SASSO (Dual-Purpose),1000.0,BATCH-202505-137
ORD-001268,AGT-0140,2025-11-21,SASSO (Dual-Purpose),100.0,BATCH-202511-565
ORD-001269,AGT-0140,2025-07-04,SASSO (Dual-Purpose),500.0,BATCH-202507-775
ORD-001270,AGT-0140,2025-09-12,Bovans Brown (Layer),300.0,BATCH-202509-702
ORD-001271,AGT-0140,2025-02-02,SASSO (Dual-Purpose),100.0,BATCH-202502-885
ORD-001272,AGT-0140,2025-04-06,Bovans Brown (Layer),200.0,BATCH-202504-422
ORD-001273,AGT-0140,2025-09-04,SASSO (Dual-Purpose),500.0,BATCH-202509-739
ORD-001274,AGT-0140,2025-07-21,Bovans Brown (Layer),300.0,BATCH-202507-438
ORD-001275,AGT-0140,2025-02-11,SASSO (Dual-Purpose),300.0,BATCH-202502-405
ORD-001276,AGT-0140,2025-02-28,SASSO (Dual-Purpose),200.0,BATCH-202502-692
ORD-001277,AGT-0140,2025-10-04,SASSO (Dual-Purpose),100.0,BATCH-202510-179
ORD-001278,AGT-0140,2025-06-15,SASSO (Dual-Purpose),200.0,BATCH-202506-473
ORD-001279,AGT-0141,2025-06-09,Bovans Brown (Layer),200.0,BATCH-202506-964
ORD-001280,AGT-0141,2025-12-11,SASSO (Dual-Purpose),300.0,BATCH-202512-804
ORD-001281,AGT-0141,2025-01-13,SASSO (Dual-Purpose),300.0,BATCH-202501-564
ORD-001282,AGT-0141,2025-02-07,SASSO (Dual-Purpose),100.0,BATCH-202502-918
ORD-001284,AGT-0141,2025-07-07,SASSO (Dual-Purpose),300.0,BATCH-202507-556
ORD-001285,AGT-0141,2025-03-03,SASSO (Dual-Purpose),200.0,BATCH-202503-354
ORD-001286,AGT-0141,2025-02-26,SASSO (Dual-Purpose),500.0,BATCH-202502-468
ORD-001287,AGT-0142,2025-09-24,SASSO (Dual-Purpose),300.0,BATCH-202509-252
ORD-001288,AGT-0142,2025-06-05,SASSO (Dual-Purpose),200.0,BATCH-202506-149
ORD-001289,AGT-0142,2025-11-05,Bovans Brown (Layer),100.0,BATCH-202511-511
ORD-001290,AGT-0142,2025-03-11,SASSO (Dual-Purpose),500.0,BATCH-202503-648
ORD-001291,AGT-0142,2025-03-05,Bovans Brown (Layer),200.0,BATCH-202503-267
ORD-001292,AGT-0142,2025-10-18,SASSO (Dual-Purpose),300.0,BATCH-202510-802
ORD-001293,AGT-0142,2025-07-21,SASSO (Dual-Purpose),500.0,BATCH-202507-935
ORD-001294,AGT-0142,2025-07-07,SASSO (Dual-Purpose),200.0,BATCH-202507-665
ORD-001295,AGT-0142,2025-12-13,SASSO (Dual-Purpose),100.0,BATCH-202512-587
ORD-001296,AGT-0142,2025-11-28,SASSO (Dual-Purpose),300.0,BATCH-202511-318
ORD-001298,AGT-0143,2025-08-15,SASSO (Dual-Purpose),100.0,BATCH-202508-435
ORD-001299,AGT-0143,2025-01-27,SASSO (Dual-Purpose),1000.0,BATCH-202501-563
ORD-001300,AGT-0143,2025-04-05,SASSO (Dual-Purpose),1000.0,BATCH-202504-538
ORD-001301,AGT-0143,2025-03-11,Bovans Brown (Layer),200.0,BATCH-202503-554
ORD-001302,AGT-0143,2025-10-19,Bovans Brown (Layer),300.0,BATCH-202510-211
ORD-001303,AGT-0143,2025-12-14,SASSO (Dual-Purpose),500.0,BATCH-202512-153
ORD-001304,AGT-0143,2025-08-08,SASSO (Dual-Purpose),100.0,BATCH-202508-100
ORD-001305,AGT-0144,2025-07-07,SASSO (Dual-Purpose),500.0,BATCH-202507-138
ORD-001306,AGT-0144,2025-10-08,SASSO (Dual-Purpose),300.0,BATCH-202510-210
ORD-001307,AGT-0144,2025-09-04,Bovans Brown (Layer),200.0,BATCH-202509-272
ORD-001308,AGT-0144,2025-06-25,Bovans Brown (Layer),100.0,BATCH-202506-308
ORD-001309,AGT-0144,2025-02-23,SASSO (Dual-Purpose),200.0,BATCH-202502-906
ORD-001310,AGT-0144,2025-06-01,Bovans Brown (Layer),100.0,BATCH-202506-425
ORD-001311,AGT-0145,2025-07-03,Bovans Brown (Layer),300.0,BATCH-202507-175
ORD-001312,AGT-0145,2025-10-31,Bovans Brown (Layer),300.0,BATCH-202510-844
ORD-001313,AGT-0145,2025-02-27,SASSO (Dual-Purpose),200.0,BATCH-202502-484
ORD-001315,AGT-0145,2025-07-27,Bovans Brown (Layer),300.0,BATCH-202507-470
ORD-001316,AGT-0145,2025-04-15,SASSO (Dual-Purpose),200.0,BATCH-202504-401
ORD-001317,AGT-0146,2025-12-13,SASSO (Dual-Purpose),200.0,BATCH-202512-912
ORD-001318,AGT-0146,2025-03-03,SASSO (Dual-Purpose),300.0,BATCH-202503-626
ORD-001319,AGT-0146,2025-10-03,SASSO (Dual-Purpose),100.0,BATCH-202510-755
ORD-001320,AGT-0146,2025-04-15,Bovans Brown (Layer),200.0,BATCH-202504-662
ORD-001321,AGT-0146,2025-06-19,SASSO (Dual-Purpose),500.0,BATCH-202506-110
ORD-001322,AGT-0146,2025-02-23,SASSO (Dual-Purpose),300.0,BATCH-202502-641
ORD-001323,AGT-0146,2025-11-23,SASSO (Dual-Purpose),100.0,BATCH-202511-339
ORD-001324,AGT-0146,2025-12-18,SASSO (Dual-Purpose),200.0,BATCH-202512-765
ORD-001325,AGT-0146,2025-07-04,SASSO (Dual-Purpose),100.0,BATCH-202507-614
ORD-001326,AGT-0146,2025-11-01,SASSO (Dual-Purpose),200.0,BATCH-202511-361
ORD-001327,AGT-0146,2025-09-25,Bovans Brown (Layer),200.0,BATCH-202509-699
ORD-001328,AGT-0146,2025-11-20,Bovans Brown (Layer),300.0,BATCH-202511-153
ORD-001340,AGT-0148,2025-09-10,SASSO (Dual-Purpose),100.0,BATCH-202509-676
ORD-001341,AGT-0148,2025-06-13,SASSO (Dual-Purpose),200.0,BATCH-202506-784
ORD-001342,AGT-0148,2025-05-14,Bovans Brown (Layer),200.0,BATCH-202505-969
ORD-001343,AGT-0148,2025-09-23,SASSO (Dual-Purpose),100.0,BATCH-202509-734
ORD-001344,AGT-0148,2025-03-06,Bovans Brown (Layer),200.0,BATCH-202503-325
ORD-001345,AGT-0148,2025-11-29,SASSO (Dual-Purpose),200.0,BATCH-202511-553
ORD-001346,AGT-0148,2025-09-02,Bovans Brown (Layer),200.0,BATCH-202509-220
ORD-001347,AGT-0149,2025-04-24,Bovans Brown (Layer),300.0,BATCH-202504-485
ORD-001348,AGT-0149,2025-12-23,Bovans Brown (Layer),200.0,
ORD-001349,AGT-0149,2025-01-16,SASSO (Dual-Purpose),500.0,BATCH-202501-427
ORD-001350,AGT-0149,2025-02-01,Bovans Brown (Layer),200.0,BATCH-202502-276
ORD-001351,AGT-0149,2025-01-07,SASSO (Dual-Purpose),200.0,BATCH-202501-870
ORD-001353,AGT-0149,2025-01-31,SASSO (Dual-Purpose),200.0,BATCH-202501-290
ORD-001354,AGT-0149,2025-12-16,SASSO (Dual-Purpose),200.0,BATCH-202512-800
ORD-001355,AGT-0149,2025-04-15,Bovans Brown (Layer),1000.0,BATCH-202504-778
ORD-001356,AGT-0150,2025-08-05,SASSO (Dual-Purpose),300.0,BATCH-202508-334
ORD-001357,AGT-0150,2025-08-27,SASSO (Dual-Purpose),500.0,BATCH-202508-403
ORD-001358,AGT-0150,2025-03-11,SASSO (Dual-Purpose),500.0,BATCH-202503-354
ORD-001359,AGT-0150,2025-05-23,Bovans Brown (Layer),200.0,BATCH-202505-903
ORD-001360,AGT-0150,2025-07-29,Bovans Brown (Layer),300.0,BATCH-202507-480
ORD-001361,AGT-0150,2025-12-14,SASSO (Dual-Purpose),1000.0,BATCH-202512-533
ORD-001362,AGT-0150,2025-07-17,SASSO (Dual-Purpose),200.0,BATCH-202507-818
ORD-001363,AGT-0150,2025-06-21,SASSO (Dual-Purpose),300.0,BATCH-202506-974
ORD-001364,AGT-0150,2025-07-06,SASSO (Dual-Purpose),300.0,BATCH-202507-200
ORD-001365,AGT-0150,2025-06-09,Bovans Brown (Layer),500.0,BATCH-202506-857
ORD-001366,AGT-0150,2025-10-10,SASSO (Dual-Purpose),500.0,BATCH-202510-911
ORD-001367,AGT-0151,2025-01-29,SASSO (Dual-Purpose),300.0,BATCH-202501-237
ORD-001368,AGT-0151,2025-02-24,SASSO (Dual-Purpose),200.0,BATCH-202502-311
ORD-001369,AGT-0151,2025-03-28,SASSO (Dual-Purpose),300.0,BATCH-202503-834
ORD-001370,AGT-0151,2025-08-20,Bovans Brown (Layer),500.0,BATCH-202508-837
ORD-001371,AGT-0151,2025-09-26,SASSO (Dual-Purpose),200.0,BATCH-202509-258
ORD-001372,AGT-0151,2025-04-19,SASSO (Dual-Purpose),200.0,BATCH-202504-491
ORD-001373,AGT-0152,2025-10-15,SASSO (Dual-Purpose),100.0,BATCH-202510-281
ORD-001374,AGT-0152,2025-02-12,SASSO (Dual-Purpose),200.0,BATCH-202502-667
ORD-001375,AGT-0152,2025-02-13,SASSO (Dual-Purpose),300.0,BATCH-202502-293
ORD-001376,AGT-0152,2025-09-10,SASSO (Dual-Purpose),200.0,BATCH-202509-624
ORD-001377,AGT-0152,2025-08-16,Bovans Brown (Layer),100.0,BATCH-202508-598
ORD-001378,AGT-0152,2025-07-20,SASSO (Dual-Purpose),100.0,BATCH-202507-402
ORD-001379,AGT-0153,2025-12-13,SASSO (Dual-Purpose),200.0,BATCH-202512-100
ORD-001380,AGT-0153,2025-05-05,Bovans Brown (Layer),100.0,BATCH-202505-727
ORD-001381,AGT-0153,2025-02-04,SASSO (Dual-Purpose),1000.0,BATCH-202502-156
ORD-001382,AGT-0153,2025-11-15,SASSO (Dual-Purpose),1000.0,BATCH-202511-954
ORD-001383,AGT-0153,2025-08-05,SASSO (Dual-Purpose),1000.0,BATCH-202508-829
ORD-001384,AGT-0153,2025-01-02,Bovans Brown (Layer),200.0,BATCH-202501-567
ORD-001385,AGT-0153,2025-10-19,SASSO (Dual-Purpose),200.0,BATCH-202510-882
ORD-001386,AGT-0153,2025-03-27,SASSO (Dual-Purpose),300.0,BATCH-202503-864
ORD-001388,AGT-0153,2025-11-25,SASSO (Dual-Purpose),300.0,BATCH-202511-343
ORD-001389,AGT-0153,2025-02-04,Bovans Brown (Layer),300.0,BATCH-202502-573
ORD-001390,AGT-0154,2025-01-13,SASSO (Dual-Purpose),100.0,BATCH-202501-302
ORD-001391,AGT-0154,2025-04-21,Bovans Brown (Layer),200.0,BATCH-202504-869
ORD-001392,AGT-0154,2025-11-27,SASSO (Dual-Purpose),100.0,BATCH-202511-963
ORD-001393,AGT-0154,2025-04-16,SASSO (Dual-Purpose),300.0,BATCH-202504-586
ORD-001394,AGT-0154,2025-05-31,SASSO (Dual-Purpose),200.0,BATCH-202505-413
ORD-001395,AGT-0154,2025-08-03,Bovans Brown (Layer),200.0,BATCH-202508-467
ORD-001396,AGT-0154,2025-05-01,SASSO (Dual-Purpose),500.0,BATCH-202505-388
ORD-001397,AGT-0154,2025-08-09,SASSO (Dual-Purpose),100.0,BATCH-202508-209
ORD-001398,AGT-0155,2025-05-09,Bovans Brown (Layer),1000.0,BATCH-202505-165
ORD-001399,AGT-0155,2025-11-17,SASSO (Dual-Purpose),200.0,BATCH-202511-309
ORD-001400,AGT-0155,2025-03-06,SASSO (Dual-Purpose),100.0,BATCH-202503-431
ORD-001401,AGT-0155,2025-11-23,SASSO (Dual-Purpose),200.0,BATCH-202511-212
ORD-001403,AGT-0155,2025-01-26,Bovans Brown (Layer),200.0,BATCH-202501-194
ORD-001404,AGT-0155,2025-07-29,SASSO (Dual-Purpose),100.0,BATCH-202507-795
ORD-001405,AGT-0156,2025-11-25,SASSO (Dual-Purpose),100.0,BATCH-202511-792
ORD-001406,AGT-0156,2025-07-03,SASSO (Dual-Purpose),100.0,
ORD-001407,AGT-0156,2025-09-01,SASSO (Dual-Purpose),500.0,BATCH-202509-843
ORD-001408,AGT-0156,2025-10-08,SASSO (Dual-Purpose),300.0,BATCH-202510-366
ORD-001409,AGT-0156,2025-10-22,SASSO (Dual-Purpose),200.0,BATCH-202510-642
ORD-001410,AGT-0156,2025-05-30,SASSO (Dual-Purpose),200.0,BATCH-202505-830
ORD-001411,AGT-0156,2025-01-05,SASSO (Dual-Purpose),200.0,BATCH-202501-123
ORD-001412,AGT-0156,2025-03-01,SASSO (Dual-Purpose),200.0,BATCH-202503-695
ORD-001413,AGT-0156,2025-06-05,Bovans Brown (Layer),500.0,BATCH-202506-751
ORD-001414,AGT-0157,2025-09-28,SASSO (Dual-Purpose),100.0,BATCH-202509-628
ORD-001415,AGT-0157,2025-11-19,SASSO (Dual-Purpose),200.0,BATCH-202511-127
ORD-001416,AGT-0157,2025-12-23,SASSO (Dual-Purpose),300.0,BATCH-202512-657
ORD-001417,AGT-0157,2025-03-29,SASSO (Dual-Purpose),100.0,BATCH-202503-473
ORD-001418,AGT-0157,2025-04-18,Bovans Brown (Layer),100.0,BATCH-202504-125
ORD-001419,AGT-0157,2025-01-12,SASSO (Dual-Purpose),1000.0,BATCH-202501-706
ORD-001420,AGT-0157,2025-12-07,SASSO (Dual-Purpose),500.0,BATCH-202512-885
ORD-001421,AGT-0157,2025-06-22,Bovans Brown (Layer),500.0,BATCH-202506-932
ORD-001422,AGT-0157,2025-04-10,SASSO (Dual-Purpose),500.0,BATCH-202504-137
ORD-001423,AGT-0157,2025-07-12,SASSO (Dual-Purpose),300.0,BATCH-202507-654
ORD-001424,AGT-0157,2025-02-13,SASSO (Dual-Purpose),500.0,BATCH-202502-413
ORD-001425,AGT-0157,2025-09-03,Bovans Brown (Layer),100.0,BATCH-202509-426
ORD-001426,AGT-0158,2025-06-16,SASSO (Dual-Purpose),1000.0,BATCH-202506-631
ORD-001427,AGT-0158,2025-09-18,SASSO (Dual-Purpose),100.0,BATCH-202509-830
ORD-001429,AGT-0158,2025-04-06,SASSO (Dual-Purpose),100.0,BATCH-202504-341
ORD-001430,AGT-0158,2025-03-02,SASSO (Dual-Purpose),500.0,BATCH-202503-745
ORD-001431,AGT-0158,2025-10-24,SASSO (Dual-Purpose),200.0,BATCH-202510-275
ORD-001432,AGT-0158,2025-08-14,Bovans Brown (Layer),200.0,BATCH-202508-809
ORD-001433,AGT-0158,2025-02-05,SASSO (Dual-Purpose),300.0,BATCH-202502-519
ORD-001434,AGT-0158,2025-05-02,SASSO (Dual-Purpose),300.0,BATCH-202505-806
ORD-001435,AGT-0158,2025-02-08,Bovans Brown (Layer),200.0,BATCH-202502-521
ORD-001436,AGT-0159,2025-03-11,SASSO (Dual-Purpose),200.0,BATCH-202503-579
ORD-001437,AGT-0159,2025-02-14,SASSO (Dual-Purpose),200.0,BATCH-202502-529
ORD-001438,AGT-0159,2025-12-22,SASSO (Dual-Purpose),200.0,BATCH-202512-641
ORD-001439,AGT-0159,2025-10-19,Bovans Brown (Layer),500.0,BATCH-202510-702
ORD-001440,AGT-0159,2025-08-22,SASSO (Dual-Purpose),500.0,BATCH-202508-279
ORD-001441,AGT-0159,2025-02-24,Bovans Brown (Layer),200.0,BATCH-202502-376
ORD-001442,AGT-0159,2025-02-12,SASSO (Dual-Purpose),300.0,BATCH-202502-949
ORD-001443,AGT-0159,2025-02-03,SASSO (Dual-Purpose),300.0,BATCH-202502-729
ORD-001444,AGT-0160,2025-07-26,SASSO (Dual-Purpose),200.0,BATCH-202507-261
ORD-001445,AGT-0160,2025-11-20,SASSO (Dual-Purpose),100.0,BATCH-202511-224
ORD-001446,AGT-0160,2025-07-11,SASSO (Dual-Purpose),100.0,BATCH-202507-895
ORD-001447,AGT-0160,2025-06-01,SASSO (Dual-Purpose),100.0,BATCH-202506-369
ORD-001448,AGT-0160,2025-11-17,SASSO (Dual-Purpose),200.0,BATCH-202511-493
ORD-001449,AGT-0160,2025-02-17,Bovans Brown (Layer),200.0,BATCH-202502-556
ORD-001450,AGT-0161,2025-12-18,SASSO (Dual-Purpose),200.0,BATCH-202512-162
ORD-001451,AGT-0161,2025-06-15,SASSO (Dual-Purpose),200.0,BATCH-202506-492
ORD-001452,AGT-0161,2025-01-27,SASSO (Dual-Purpose),100.0,BATCH-202501-864
ORD-001453,AGT-0161,2025-09-15,Bovans Brown (Layer),100.0,BATCH-202509-345
ORD-001454,AGT-0161,2025-09-25,Bovans Brown (Layer),300.0,BATCH-202509-297
ORD-001455,AGT-0161,2025-03-20,SASSO (Dual-Purpose),1000.0,BATCH-202503-720
ORD-001456,AGT-0162,2025-07-16,SASSO (Dual-Purpose),200.0,BATCH-202507-176
ORD-001457,AGT-0162,2025-02-28,Bovans Brown (Layer),300.0,BATCH-202502-133
ORD-001458,AGT-0162,2025-06-29,Bovans Brown (Layer),200.0,BATCH-202506-756
ORD-001459,AGT-0162,2025-10-29,SASSO (Dual-Purpose),200.0,BATCH-202510-180
ORD-001460,AGT-0162,2025-03-15,SASSO (Dual-Purpose),200.0,BATCH-202503-355
ORD-001461,AGT-0162,2025-07-28,SASSO (Dual-Purpose),300.0,BATCH-202507-415
ORD-001462,AGT-0162,2025-09-16,SASSO (Dual-Purpose),200.0,BATCH-202509-669
ORD-001463,AGT-0162,2025-11-01,SASSO (Dual-Purpose),200.0,BATCH-202511-518
ORD-001464,AGT-0162,2025-09-09,SASSO (Dual-Purpose),200.0,BATCH-202509-403
ORD-001465,AGT-0162,2025-05-12,Bovans Brown (Layer),500.0,BATCH-202505-974
ORD-001466,AGT-0162,2025-11-07,SASSO (Dual-Purpose),200.0,BATCH-202511-294
ORD-001467,AGT-0163,2025-12-01,SASSO (Dual-Purpose),300.0,BATCH-202512-555
ORD-001468,AGT-0163,2025-08-29,SASSO (Dual-Purpose),300.0,BATCH-202508-828
ORD-001469,AGT-0163,2025-11-22,SASSO (Dual-Purpose),200.0,BATCH-202511-773
ORD-001470,AGT-0163,2025-02-27,SASSO (Dual-Purpose),300.0,BATCH-202502-250
ORD-001471,AGT-0163,2025-12-06,Bovans Brown (Layer),200.0,BATCH-202512-196
ORD-001472,AGT-0163,2025-12-06,SASSO (Dual-Purpose),200.0,BATCH-202512-415
ORD-001473,AGT-0163,2025-09-09,SASSO (Dual-Purpose),500.0,BATCH-202509-130
ORD-001474,AGT-0163,2025-12-20,SASSO (Dual-Purpose),500.0,BATCH-202512-608
ORD-001475,AGT-0163,2025-12-11,SASSO (Dual-Purpose),500.0,BATCH-202512-448
ORD-001476,AGT-0164,2025-04-06,SASSO (Dual-Purpose),200.0,BATCH-202504-458
ORD-001477,AGT-0164,2025-07-22,SASSO (Dual-Purpose),300.0,BATCH-202507-237
ORD-001478,AGT-0164,2025-02-28,SASSO (Dual-Purpose),300.0,BATCH-202502-500
ORD-001479,AGT-0164,2025-08-04,SASSO (Dual-Purpose),200.0,BATCH-202508-568
ORD-001480,AGT-0164,2025-01-14,SASSO (Dual-Purpose),100.0,BATCH-202501-982
ORD-001481,AGT-0164,2025-03-02,SASSO (Dual-Purpose),100.0,BATCH-202503-696
ORD-001482,AGT-0164,2025-10-17,SASSO (Dual-Purpose),500.0,BATCH-202510-798
ORD-001483,AGT-0164,2025-03-15,Bovans Brown (Layer),200.0,BATCH-202503-121
ORD-001484,AGT-0165,2025-03-11,SASSO (Dual-Purpose),100.0,BATCH-202503-318
ORD-001485,AGT-0165,2025-05-19,SASSO (Dual-Purpose),200.0,BATCH-202505-285
ORD-001486,AGT-0165,2025-10-01,SASSO (Dual-Purpose),500.0,BATCH-202510-340
ORD-001487,AGT-0165,2025-10-04,SASSO (Dual-Purpose),300.0,BATCH-202510-237
ORD-001488,AGT-0165,2025-11-07,SASSO (Dual-Purpose),200.0,BATCH-202511-666
ORD-001489,AGT-0165,2025-10-17,Bovans Brown (Layer),500.0,BATCH-202510-614
ORD-001490,AGT-0165,2025-09-11,Bovans Brown (Layer),100.0,BATCH-202509-987
ORD-001491,AGT-0165,2025-08-14,SASSO (Dual-Purpose),100.0,BATCH-202508-469
ORD-001492,AGT-0166,2025-02-09,SASSO (Dual-Purpose),200.0,BATCH-202502-526
ORD-001493,AGT-0166,2025-01-27,SASSO (Dual-Purpose),200.0,BATCH-202501-168
ORD-001494,AGT-0166,2025-07-15,SASSO (Dual-Purpose),100.0,BATCH-202507-785
ORD-001495,AGT-0166,2025-01-30,SASSO (Dual-Purpose),100.0,BATCH-202501-836
ORD-001497,AGT-0166,2025-10-08,Bovans Brown (Layer),500.0,BATCH-202510-133
ORD-001498,AGT-0166,2025-08-15,SASSO (Dual-Purpose),100.0,BATCH-202508-518
ORD-001501,AGT-0167,2025-06-27,SASSO (Dual-Purpose),300.0,BATCH-202506-735
ORD-001502,AGT-0167,2025-11-04,SASSO (Dual-Purpose),100.0,BATCH-202511-311
ORD-001503,AGT-0167,2025-11-03,SASSO (Dual-Purpose),200.0,BATCH-202511-246
ORD-001504,AGT-0167,2025-09-12,SASSO (Dual-Purpose),200.0,BATCH-202509-228
ORD-001505,AGT-0168,2025-11-27,SASSO (Dual-Purpose),500.0,BATCH-202511-552
ORD-001506,AGT-0168,2025-08-17,Bovans Brown (Layer),300.0,BATCH-202508-800
ORD-001507,AGT-0168,2025-10-21,SASSO (Dual-Purpose),300.0,BATCH-202510-510
ORD-001508,AGT-0168,2025-04-12,Bovans Brown (Layer),200.0,BATCH-202504-758
ORD-001509,AGT-0168,2025-10-10,SASSO (Dual-Purpose),200.0,BATCH-202510-317
ORD-001510,AGT-0168,2025-06-02,SASSO (Dual-Purpose),200.0,BATCH-202506-262
ORD-001511,AGT-0168,2025-12-19,Bovans Brown (Layer),200.0,BATCH-202512-432
ORD-001512,AGT-0168,2025-05-08,SASSO (Dual-Purpose),300.0,BATCH-202505-890
ORD-001513,AGT-0168,2025-05-16,SASSO (Dual-Purpose),200.0,BATCH-202505-571
ORD-001514,AGT-0168,2025-03-10,SASSO (Dual-Purpose),100.0,BATCH-202503-733
ORD-001515,AGT-0168,2025-05-26,SASSO (Dual-Purpose),100.0,BATCH-202505-778
ORD-001516,AGT-0168,2025-02-27,SASSO (Dual-Purpose),100.0,
ORD-001517,AGT-0169,2025-12-22,SASSO (Dual-Purpose),200.0,BATCH-202512-143
ORD-001518,AGT-0169,2025-01-14,SASSO (Dual-Purpose),300.0,BATCH-202501-690
ORD-001519,AGT-0169,2025-04-17,SASSO (Dual-Purpose),100.0,BATCH-202504-825
ORD-001520,AGT-0169,2025-03-22,SASSO (Dual-Purpose),200.0,
ORD-001521,AGT-0169,2025-02-06,SASSO (Dual-Purpose),200.0,BATCH-202502-313
ORD-001522,AGT-0169,2025-08-12,Bovans Brown (Layer),300.0,BATCH-202508-546
ORD-001523,AGT-0169,2025-11-27,SASSO (Dual-Purpose),300.0,BATCH-202511-202
ORD-001524,AGT-0169,2025-04-14,Bovans Brown (Layer),200.0,BATCH-202504-906
ORD-001525,AGT-0169,2025-09-20,SASSO (Dual-Purpose),200.0,BATCH-202509-603
ORD-001526,AGT-0169,2025-03-25,SASSO (Dual-Purpose),200.0,BATCH-202503-971
ORD-001527,AGT-0169,2025-05-26,SASSO (Dual-Purpose),200.0,BATCH-202505-439
ORD-001528,AGT-0169,2025-04-23,SASSO (Dual-Purpose),100.0,BATCH-202504-527
ORD-001529,AGT-0170,2025-05-08,SASSO (Dual-Purpose),200.0,BATCH-202505-456
ORD-001530,AGT-0170,2025-11-12,SASSO (Dual-Purpose),200.0,BATCH-202511-746
ORD-001531,AGT-0170,2025-02-28,SASSO (Dual-Purpose),200.0,BATCH-202502-410
ORD-001532,AGT-0170,2025-04-24,SASSO (Dual-Purpose),200.0,BATCH-202504-968
ORD-001533,AGT-0170,2025-11-03,SASSO (Dual-Purpose),300.0,BATCH-202511-777
ORD-001534,AGT-0170,2025-03-14,SASSO (Dual-Purpose),300.0,BATCH-202503-850
ORD-001535,AGT-0170,2025-02-21,SASSO (Dual-Purpose),200.0,BATCH-202502-456
ORD-001536,AGT-0170,2025-01-06,SASSO (Dual-Purpose),200.0,BATCH-202501-180
ORD-001538,AGT-0170,2025-05-26,Bovans Brown (Layer),200.0,BATCH-202505-277
ORD-001539,AGT-0170,2025-08-05,SASSO (Dual-Purpose),300.0,BATCH-202508-375
ORD-001540,AGT-0171,2025-09-22,SASSO (Dual-Purpose),200.0,BATCH-202509-441
ORD-001541,AGT-0171,2025-01-20,Bovans Brown (Layer),300.0,BATCH-202501-606
ORD-001542,AGT-0171,2025-03-30,SASSO (Dual-Purpose),100.0,BATCH-202503-637
ORD-001543,AGT-0171,2025-04-29,SASSO (Dual-Purpose),200.0,BATCH-202504-538
ORD-001544,AGT-0171,2025-03-15,SASSO (Dual-Purpose),300.0,BATCH-202503-657
ORD-001545,AGT-0171,2025-04-18,SASSO (Dual-Purpose),200.0,BATCH-202504-546
ORD-001546,AGT-0171,2025-04-06,SASSO (Dual-Purpose),500.0,BATCH-202504-820
ORD-001547,AGT-0171,2025-03-23,Bovans Brown (Layer),200.0,BATCH-202503-522
ORD-001548,AGT-0171,2025-08-13,SASSO (Dual-Purpose),200.0,BATCH-202508-996
ORD-001549,AGT-0172,2025-11-12,SASSO (Dual-Purpose),100.0,BATCH-202511-531
ORD-001550,AGT-0172,2025-08-18,SASSO (Dual-Purpose),200.0,BATCH-202508-923
ORD-001551,AGT-0172,2025-07-04,SASSO (Dual-Purpose),200.0,BATCH-202507-817
ORD-001552,AGT-0172,2025-03-25,SASSO (Dual-Purpose),1000.0,BATCH-202503-357
ORD-001553,AGT-0172,2025-02-09,SASSO (Dual-Purpose),100.0,BATCH-202502-775
ORD-001554,AGT-0172,2025-07-29,SASSO (Dual-Purpose),300.0,BATCH-202507-116
ORD-001555,AGT-0172,2025-11-30,SASSO (Dual-Purpose),200.0,BATCH-202511-179
ORD-001556,AGT-0172,2025-09-29,SASSO (Dual-Purpose),300.0,BATCH-202509-872
ORD-001557,AGT-0172,2025-09-27,SASSO (Dual-Purpose),200.0,BATCH-202509-389
ORD-001558,AGT-0172,2025-12-20,Bovans Brown (Layer),300.0,BATCH-202512-780
ORD-001559,AGT-0172,2025-12-06,Bovans Brown (Layer),1000.0,BATCH-202512-114
ORD-001560,AGT-0173,2025-06-09,SASSO (Dual-Purpose),300.0,BATCH-202506-480
ORD-001561,AGT-0173,2025-10-01,SASSO (Dual-Purpose),200.0,BATCH-202510-216
ORD-001562,AGT-0173,2025-11-08,SASSO (Dual-Purpose),300.0,BATCH-202511-104
ORD-001563,AGT-0173,2025-08-04,SASSO (Dual-Purpose),300.0,BATCH-202508-711
ORD-001564,AGT-0173,2025-04-26,SASSO (Dual-Purpose),100.0,BATCH-202504-301
ORD-001565,AGT-0173,2025-09-07,SASSO (Dual-Purpose),300.0,BATCH-202509-488
ORD-001566,AGT-0173,2025-04-22,SASSO (Dual-Purpose),200.0,BATCH-202504-684
ORD-001567,AGT-0173,2025-03-09,SASSO (Dual-Purpose),300.0,BATCH-202503-124
ORD-001568,AGT-0173,2025-11-28,SASSO (Dual-Purpose),1000.0,BATCH-202511-110
ORD-001569,AGT-0173,2025-08-29,SASSO (Dual-Purpose),200.0,BATCH-202508-713
ORD-001570,AGT-0173,2025-03-18,SASSO (Dual-Purpose),1000.0,BATCH-202503-138
ORD-001571,AGT-0174,2025-03-25,SASSO (Dual-Purpose),200.0,BATCH-202503-704
ORD-001572,AGT-0174,2025-10-01,SASSO (Dual-Purpose),200.0,BATCH-202510-821
ORD-001574,AGT-0174,2025-07-18,SASSO (Dual-Purpose),300.0,BATCH-202507-772
ORD-001575,AGT-0174,2025-09-17,SASSO (Dual-Purpose),200.0,BATCH-202509-459
ORD-001576,AGT-0174,2025-06-02,SASSO (Dual-Purpose),200.0,BATCH-202506-816
ORD-001577,AGT-0174,2025-08-29,SASSO (Dual-Purpose),300.0,BATCH-202508-998
ORD-001578,AGT-0174,2025-03-16,SASSO (Dual-Purpose),500.0,BATCH-202503-850
ORD-001579,AGT-0174,2025-09-10,SASSO (Dual-Purpose),100.0,BATCH-202509-593
ORD-001580,AGT-0174,2025-08-19,Bovans Brown (Layer),200.0,BATCH-202508-331
ORD-001582,AGT-0174,2025-07-26,Bovans Brown (Layer),300.0,BATCH-202507-221
ORD-001583,AGT-0175,2025-01-11,SASSO (Dual-Purpose),300.0,BATCH-202501-661
ORD-001584,AGT-0175,2025-04-02,Bovans Brown (Layer),100.0,BATCH-202504-527
ORD-001585,AGT-0175,2025-12-27,SASSO (Dual-Purpose),300.0,BATCH-202512-491
ORD-001586,AGT-0175,2025-12-19,SASSO (Dual-Purpose),300.0,BATCH-202512-948
ORD-001587,AGT-0175,2025-08-24,Bovans Brown (Layer),200.0,BATCH-202508-280
ORD-001588,AGT-0175,2025-12-02,Bovans Brown (Layer),300.0,BATCH-202512-365
ORD-001589,AGT-0176,2025-04-13,SASSO (Dual-Purpose),300.0,BATCH-202504-492
ORD-001590,AGT-0176,2025-11-07,Bovans Brown (Layer),200.0,BATCH-202511-264
ORD-001591,AGT-0176,2025-05-02,Bovans Brown (Layer),300.0,BATCH-202505-687
ORD-001592,AGT-0176,2025-04-03,SASSO (Dual-Purpose),100.0,BATCH-202504-391
ORD-001593,AGT-0176,2025-04-19,SASSO (Dual-Purpose),300.0,BATCH-202504-274
ORD-001594,AGT-0176,2025-07-13,Bovans Brown (Layer),200.0,BATCH-202507-301
ORD-001595,AGT-0176,2025-05-06,SASSO (Dual-Purpose),200.0,BATCH-202505-978
ORD-001596,AGT-0176,2025-09-06,SASSO (Dual-Purpose),200.0,BATCH-202509-723
ORD-001597,AGT-0176,2025-11-03,SASSO (Dual-Purpose),200.0,
ORD-001598,AGT-0177,2025-05-22,SASSO (Dual-Purpose),100.0,BATCH-202505-761
ORD-001601,AGT-0177,2025-03-05,SASSO (Dual-Purpose),200.0,BATCH-202503-121
ORD-001602,AGT-0177,2025-08-25,SASSO (Dual-Purpose),500.0,BATCH-202508-896
ORD-001603,AGT-0177,2025-09-10,SASSO (Dual-Purpose),100.0,BATCH-202509-911
ORD-001604,AGT-0177,2025-07-20,SASSO (Dual-Purpose),300.0,BATCH-202507-337
ORD-001605,AGT-0178,2025-09-07,SASSO (Dual-Purpose),200.0,BATCH-202509-250
ORD-001606,AGT-0178,2025-08-04,SASSO (Dual-Purpose),200.0,BATCH-202508-610
ORD-001607,AGT-0178,2025-11-26,SASSO (Dual-Purpose),300.0,BATCH-202511-219
ORD-001609,AGT-0178,2025-10-06,SASSO (Dual-Purpose),300.0,BATCH-202510-277
ORD-001610,AGT-0178,2025-02-25,SASSO (Dual-Purpose),300.0,BATCH-202502-454
ORD-001611,AGT-0178,2025-03-28,SASSO (Dual-Purpose),100.0,BATCH-202503-747
ORD-001612,AGT-0178,2025-11-24,SASSO (Dual-Purpose),300.0,BATCH-202511-183
ORD-001613,AGT-0179,2025-04-16,SASSO (Dual-Purpose),200.0,BATCH-202504-970
ORD-001614,AGT-0179,2025-09-14,SASSO (Dual-Purpose),200.0,BATCH-202509-293
ORD-001615,AGT-0179,2025-08-01,SASSO (Dual-Purpose),100.0,BATCH-202508-698
ORD-001616,AGT-0179,2025-04-23,SASSO (Dual-Purpose),100.0,BATCH-202504-844
ORD-001617,AGT-0179,2025-06-04,SASSO (Dual-Purpose),300.0,BATCH-202506-691
ORD-001618,AGT-0179,2025-09-06,SASSO (Dual-Purpose),100.0,BATCH-202509-650
ORD-001619,AGT-0179,2025-06-02,SASSO (Dual-Purpose),300.0,BATCH-202506-462
ORD-001620,AGT-0179,2025-07-21,SASSO (Dual-Purpose),500.0,BATCH-202507-448
ORD-001621,AGT-0179,2025-01-21,SASSO (Dual-Purpose),500.0,BATCH-202501-644
ORD-001622,AGT-0179,2025-11-26,SASSO (Dual-Purpose),300.0,BATCH-202511-609
ORD-001623,AGT-0180,2025-08-17,SASSO (Dual-Purpose),200.0,BATCH-202508-380
ORD-001624,AGT-0180,2025-12-15,Bovans Brown (Layer),500.0,BATCH-202512-957
ORD-001625,AGT-0180,2025-06-13,SASSO (Dual-Purpose),200.0,BATCH-202506-671
ORD-001626,AGT-0180,2025-08-09,SASSO (Dual-Purpose),300.0,BATCH-202508-769
ORD-001627,AGT-0180,2025-12-26,SASSO (Dual-Purpose),500.0,BATCH-202512-311
ORD-001628,AGT-0180,2025-10-07,SASSO (Dual-Purpose),300.0,BATCH-202510-480
ORD-001629,AGT-0181,2025-11-27,SASSO (Dual-Purpose),200.0,BATCH-202511-865
ORD-001630,AGT-0181,2025-10-31,SASSO (Dual-Purpose),1000.0,BATCH-202510-889
ORD-001631,AGT-0181,2025-01-19,SASSO (Dual-Purpose),500.0,BATCH-202501-549
ORD-001632,AGT-0181,2025-04-05,SASSO (Dual-Purpose),300.0,BATCH-202504-422
ORD-001633,AGT-0181,2025-11-16,Bovans Brown (Layer),200.0,BATCH-202511-783
ORD-001634,AGT-0181,2025-11-05,Bovans Brown (Layer),100.0,BATCH-202511-542
ORD-001635,AGT-0181,2025-04-19,SASSO (Dual-Purpose),100.0,BATCH-202504-267
ORD-001636,AGT-0182,2025-11-15,SASSO (Dual-Purpose),500.0,BATCH-202511-805
ORD-001637,AGT-0182,2025-09-19,Bovans Brown (Layer),300.0,BATCH-202509-847
ORD-001638,AGT-0182,2025-10-08,SASSO (Dual-Purpose),300.0,BATCH-202510-717
ORD-001639,AGT-0182,2025-11-17,SASSO (Dual-Purpose),500.0,BATCH-202511-463
ORD-001640,AGT-0182,2025-06-23,SASSO (Dual-Purpose),200.0,BATCH-202506-300
ORD-001641,AGT-0182,2025-05-20,SASSO (Dual-Purpose),300.0,BATCH-202505-680
ORD-001642,AGT-0182,2025-05-25,SASSO (Dual-Purpose),300.0,BATCH-202505-265
ORD-001643,AGT-0182,2025-07-16,SASSO (Dual-Purpose),1000.0,BATCH-202507-176
ORD-001644,AGT-0183,2025-02-05,SASSO (Dual-Purpose),200.0,BATCH-202502-845
ORD-001645,AGT-0183,2025-10-21,Bovans Brown (Layer),100.0,BATCH-202510-612
ORD-001646,AGT-0183,2025-04-03,Bovans Brown (Layer),500.0,BATCH-202504-578
ORD-001647,AGT-0183,2025-08-27,SASSO (Dual-Purpose),300.0,BATCH-202508-496
ORD-001648,AGT-0183,2025-10-11,SASSO (Dual-Purpose),300.0,BATCH-202510-956
ORD-001649,AGT-0183,2025-08-15,SASSO (Dual-Purpose),200.0,BATCH-202508-149
ORD-001650,AGT-0184,2025-03-18,SASSO (Dual-Purpose),100.0,BATCH-202503-952
ORD-001651,AGT-0184,2025-09-06,SASSO (Dual-Purpose),200.0,BATCH-202509-688
ORD-001652,AGT-0184,2025-06-14,SASSO (Dual-Purpose),1000.0,BATCH-202506-767
ORD-001653,AGT-0184,2025-12-18,SASSO (Dual-Purpose),200.0,BATCH-202512-542
ORD-001654,AGT-0184,2025-01-02,SASSO (Dual-Purpose),100.0,BATCH-202501-410
ORD-001655,AGT-0184,2025-11-20,SASSO (Dual-Purpose),200.0,BATCH-202511-802
ORD-001656,AGT-0184,2025-09-22,SASSO (Dual-Purpose),1000.0,BATCH-202509-507
ORD-001657,AGT-0184,2025-06-09,SASSO (Dual-Purpose),100.0,BATCH-202506-677
ORD-001658,AGT-0185,2025-11-19,SASSO (Dual-Purpose),100.0,BATCH-202511-438
ORD-001659,AGT-0185,2025-09-14,SASSO (Dual-Purpose),500.0,BATCH-202509-678
ORD-001660,AGT-0185,2025-03-09,SASSO (Dual-Purpose),100.0,BATCH-202503-827
ORD-001661,AGT-0185,2025-01-07,SASSO (Dual-Purpose),200.0,BATCH-202501-517
ORD-001662,AGT-0185,2025-04-19,SASSO (Dual-Purpose),500.0,BATCH-202504-313
ORD-001663,AGT-0185,2025-01-11,SASSO (Dual-Purpose),500.0,BATCH-202501-603
ORD-001664,AGT-0185,2025-12-12,Bovans Brown (Layer),200.0,BATCH-202512-976
ORD-001666,AGT-0185,2025-01-27,Bovans Brown (Layer),1000.0,BATCH-202501-229
ORD-001667,AGT-0185,2025-03-29,Bovans Brown (Layer),500.0,BATCH-202503-539
ORD-001668,AGT-0185,2025-04-18,SASSO (Dual-Purpose),200.0,BATCH-202504-182
ORD-001669,AGT-0186,2025-10-11,SASSO (Dual-Purpose),100.0,BATCH-202510-304
ORD-001670,AGT-0186,2025-01-17,SASSO (Dual-Purpose),100.0,BATCH-202501-497
ORD-001671,AGT-0186,2025-11-23,SASSO (Dual-Purpose),300.0,BATCH-202511-983
ORD-001672,AGT-0186,2025-04-21,SASSO (Dual-Purpose),300.0,BATCH-202504-623
ORD-001673,AGT-0186,2025-05-02,SASSO (Dual-Purpose),200.0,BATCH-202505-784
ORD-001674,AGT-0186,2025-09-14,Bovans Brown (Layer),200.0,BATCH-202509-639
ORD-001675,AGT-0186,2025-09-01,Bovans Brown (Layer),300.0,BATCH-202509-578
ORD-001676,AGT-0186,2025-04-09,SASSO (Dual-Purpose),100.0,BATCH-202504-229
ORD-001677,AGT-0186,2025-04-06,Bovans Brown (Layer),300.0,BATCH-202504-329
ORD-001678,AGT-0186,2025-02-09,Bovans Brown (Layer),500.0,BATCH-202502-246
ORD-001679,AGT-0186,2025-11-25,SASSO (Dual-Purpose),100.0,
ORD-001680,AGT-0187,2025-02-26,SASSO (Dual-Purpose),300.0,BATCH-202502-697
ORD-001681,AGT-0187,2025-06-25,SASSO (Dual-Purpose),200.0,BATCH-202506-144
ORD-001682,AGT-0187,2025-12-30,SASSO (Dual-Purpose),300.0,BATCH-202512-376
ORD-001683,AGT-0187,2025-02-19,SASSO (Dual-Purpose),100.0,BATCH-202502-152
ORD-001684,AGT-0187,2025-06-18,SASSO (Dual-Purpose),200.0,BATCH-202506-752
ORD-001685,AGT-0187,2025-09-28,Bovans Brown (Layer),300.0,BATCH-202509-151
ORD-001686,AGT-0187,2025-11-11,SASSO (Dual-Purpose),100.0,BATCH-202511-896
ORD-001687,AGT-0187,2025-02-15,SASSO (Dual-Purpose),300.0,BATCH-202502-890
ORD-001688,AGT-0187,2025-09-27,SASSO (Dual-Purpose),200.0,BATCH-202509-170
ORD-001689,AGT-0187,2025-04-29,Bovans Brown (Layer),200.0,BATCH-202504-704
ORD-001690,AGT-0187,2025-10-30,Bovans Brown (Layer),300.0,BATCH-202510-302
ORD-001691,AGT-0187,2025-04-04,SASSO (Dual-Purpose),200.0,BATCH-202504-439
ORD-001692,AGT-0188,2025-04-16,SASSO (Dual-Purpose),100.0,BATCH-202504-569
ORD-001693,AGT-0188,2025-11-28,Bovans Brown (Layer),200.0,BATCH-202511-501
ORD-001694,AGT-0188,2025-12-30,SASSO (Dual-Purpose),500.0,BATCH-202512-169
ORD-001695,AGT-0188,2025-05-11,Bovans Brown (Layer),200.0,BATCH-202505-166
ORD-001696,AGT-0188,2025-02-26,SASSO (Dual-Purpose),300.0,BATCH-202502-470
ORD-001697,AGT-0188,2025-04-01,Bovans Brown (Layer),200.0,BATCH-202504-965
ORD-001698,AGT-0188,2025-05-06,SASSO (Dual-Purpose),300.0,BATCH-202505-652
ORD-001699,AGT-0188,2025-01-18,SASSO (Dual-Purpose),100.0,BATCH-202501-647
ORD-001700,AGT-0188,2025-01-19,SASSO (Dual-Purpose),100.0,BATCH-202501-847
ORD-001701,AGT-0188,2025-10-14,Bovans Brown (Layer),300.0,BATCH-202510-800
ORD-001702,AGT-0189,2025-09-17,SASSO (Dual-Purpose),200.0,BATCH-202509-922
ORD-001703,AGT-0189,2025-04-25,SASSO (Dual-Purpose),200.0,BATCH-202504-384
ORD-001704,AGT-0189,2025-12-13,Bovans Brown (Layer),200.0,BATCH-202512-711
ORD-001705,AGT-0189,2025-09-06,SASSO (Dual-Purpose),300.0,BATCH-202509-186
ORD-001706,AGT-0189,2025-10-21,SASSO (Dual-Purpose),200.0,BATCH-202510-208
ORD-001707,AGT-0189,2025-10-23,SASSO (Dual-Purpose),200.0,BATCH-202510-967
ORD-001708,AGT-0189,2025-03-23,SASSO (Dual-Purpose),200.0,BATCH-202503-345
ORD-001709,AGT-0189,2025-01-21,SASSO (Dual-Purpose),300.0,BATCH-202501-778
ORD-001710,AGT-0189,2025-01-25,SASSO (Dual-Purpose),300.0,BATCH-202501-692
ORD-001711,AGT-0189,2025-02-03,SASSO (Dual-Purpose),200.0,BATCH-202502-233
ORD-001712,AGT-0189,2025-05-15,Bovans Brown (Layer),300.0,BATCH-202505-218
ORD-001714,AGT-0190,2025-01-22,SASSO (Dual-Purpose),500.0,BATCH-202501-143
ORD-001715,AGT-0190,2025-07-05,Bovans Brown (Layer),300.0,BATCH-202507-774
ORD-001716,AGT-0190,2025-12-27,SASSO (Dual-Purpose),100.0,BATCH-202512-645
ORD-001717,AGT-0190,2025-05-04,SASSO (Dual-Purpose),200.0,BATCH-202505-576
ORD-001718,AGT-0190,2025-10-02,SASSO (Dual-Purpose),100.0,
ORD-001719,AGT-0190,2025-07-09,Bovans Brown (Layer),500.0,BATCH-202507-545
ORD-001720,AGT-0190,2025-02-23,Bovans Brown (Layer),200.0,BATCH-202502-578
ORD-001721,AGT-0190,2025-03-24,Bovans Brown (Layer),300.0,BATCH-202503-358
ORD-001722,AGT-0191,2025-06-29,SASSO (Dual-Purpose),200.0,BATCH-202506-786
ORD-001723,AGT-0191,2025-08-25,SASSO (Dual-Purpose),200.0,BATCH-202508-628
ORD-001724,AGT-0191,2025-12-03,SASSO (Dual-Purpose),200.0,BATCH-202512-993
ORD-001725,AGT-0191,2025-03-18,Bovans Brown (Layer),500.0,BATCH-202503-791
ORD-001726,AGT-0191,2025-04-15,SASSO (Dual-Purpose),300.0,BATCH-202504-227
ORD-001727,AGT-0191,2025-10-19,SASSO (Dual-Purpose),300.0,BATCH-202510-824
ORD-001728,AGT-0191,2025-01-18,Bovans Brown (Layer),1000.0,BATCH-202501-811
ORD-001729,AGT-0191,2025-01-30,SASSO (Dual-Purpose),1000.0,BATCH-202501-251
ORD-001730,AGT-0192,2025-01-21,SASSO (Dual-Purpose),500.0,BATCH-202501-793
ORD-001731,AGT-0192,2025-08-28,Bovans Brown (Layer),200.0,BATCH-202508-551
ORD-001732,AGT-0192,2025-01-26,SASSO (Dual-Purpose),500.0,BATCH-202501-977
ORD-001733,AGT-0192,2025-01-01,SASSO (Dual-Purpose),100.0,BATCH-202501-365
ORD-001734,AGT-0192,2025-02-14,SASSO (Dual-Purpose),100.0,BATCH-202502-160
ORD-001735,AGT-0192,2025-10-03,SASSO (Dual-Purpose),300.0,BATCH-202510-909
ORD-001736,AGT-0192,2025-02-06,SASSO (Dual-Purpose),500.0,BATCH-202502-336
ORD-001737,AGT-0192,2025-12-27,SASSO (Dual-Purpose),200.0,BATCH-202512-699
ORD-001738,AGT-0192,2025-07-02,SASSO (Dual-Purpose),100.0,BATCH-202507-583
ORD-001739,AGT-0193,2025-10-21,SASSO (Dual-Purpose),500.0,BATCH-202510-288
ORD-001740,AGT-0193,2025-09-18,SASSO (Dual-Purpose),100.0,BATCH-202509-173
ORD-001741,AGT-0193,2025-05-09,SASSO (Dual-Purpose),200.0,BATCH-202505-543
ORD-001742,AGT-0193,2025-05-05,Bovans Brown (Layer),100.0,BATCH-202505-381
ORD-001743,AGT-0193,2025-02-11,SASSO (Dual-Purpose),300.0,BATCH-202502-292
ORD-001744,AGT-0193,2025-03-31,SASSO (Dual-Purpose),200.0,BATCH-202503-918
ORD-001745,AGT-0193,2025-01-09,SASSO (Dual-Purpose),200.0,BATCH-202501-324
ORD-001746,AGT-0194,2025-07-03,SASSO (Dual-Purpose),200.0,BATCH-202507-340
ORD-001747,AGT-0194,2025-09-01,Bovans Brown (Layer),100.0,BATCH-202509-583
ORD-001748,AGT-0194,2025-08-31,SASSO (Dual-Purpose),300.0,BATCH-202508-481
ORD-001749,AGT-0194,2025-04-03,SASSO (Dual-Purpose),500.0,BATCH-202504-498
ORD-001751,AGT-0194,2025-02-12,Bovans Brown (Layer),1000.0,BATCH-202502-459
ORD-001753,AGT-0194,2025-09-04,SASSO (Dual-Purpose),200.0,BATCH-202509-976
ORD-001754,AGT-0194,2025-01-23,SASSO (Dual-Purpose),500.0,BATCH-202501-275
ORD-001755,AGT-0194,2025-02-13,SASSO (Dual-Purpose),200.0,BATCH-202502-340
ORD-001756,AGT-0195,2025-04-16,SASSO (Dual-Purpose),300.0,BATCH-202504-426
ORD-001758,AGT-0195,2025-05-26,SASSO (Dual-Purpose),500.0,BATCH-202505-817
ORD-001759,AGT-0195,2025-05-05,SASSO (Dual-Purpose),200.0,BATCH-202505-801
ORD-001760,AGT-0195,2025-04-05,SASSO (Dual-Purpose),300.0,BATCH-202504-525
ORD-001761,AGT-0195,2025-10-12,SASSO (Dual-Purpose),200.0,BATCH-202510-154
ORD-001762,AGT-0195,2025-10-04,SASSO (Dual-Purpose),100.0,BATCH-202510-674
ORD-001763,AGT-0195,2025-09-10,Bovans Brown (Layer),100.0,BATCH-202509-938
ORD-001764,AGT-0196,2025-03-13,SASSO (Dual-Purpose),100.0,BATCH-202503-389
ORD-001765,AGT-0196,2025-03-21,SASSO (Dual-Purpose),200.0,BATCH-202503-158
ORD-001766,AGT-0196,2025-08-25,SASSO (Dual-Purpose),100.0,BATCH-202508-214
ORD-001767,AGT-0196,2025-11-13,SASSO (Dual-Purpose),200.0,BATCH-202511-484
ORD-001768,AGT-0196,2025-08-22,SASSO (Dual-Purpose),200.0,BATCH-202508-555
ORD-001769,AGT-0196,2025-10-03,Bovans Brown (Layer),500.0,BATCH-202510-599
ORD-001770,AGT-0196,2025-06-15,Bovans Brown (Layer),200.0,BATCH-202506-944
ORD-001771,AGT-0196,2025-12-04,SASSO (Dual-Purpose),200.0,BATCH-202512-923
ORD-001772,AGT-0196,2025-07-28,Bovans Brown (Layer),500.0,BATCH-202507-167
ORD-001773,AGT-0196,2025-12-26,SASSO (Dual-Purpose),200.0,BATCH-202512-343
ORD-001774,AGT-0196,2025-02-27,Bovans Brown (Layer),1000.0,BATCH-202502-911
ORD-001775,AGT-0196,2025-07-02,SASSO (Dual-Purpose),500.0,BATCH-202507-878
ORD-001776,AGT-0197,2025-12-09,Bovans Brown (Layer),200.0,BATCH-202512-626
ORD-001777,AGT-0197,2025-03-14,SASSO (Dual-Purpose),100.0,BATCH-202503-330
ORD-001778,AGT-0197,2025-10-07,SASSO (Dual-Purpose),300.0,BATCH-202510-365
ORD-001779,AGT-0197,2025-06-25,SASSO (Dual-Purpose),200.0,BATCH-202506-353
ORD-001780,AGT-0197,2025-12-08,SASSO (Dual-Purpose),300.0,BATCH-202512-318
ORD-001781,AGT-0197,2025-05-27,SASSO (Dual-Purpose),200.0,BATCH-202505-240
ORD-001782,AGT-0197,2025-06-20,SASSO (Dual-Purpose),100.0,BATCH-202506-210
ORD-001783,AGT-0198,2025-10-13,SASSO (Dual-Purpose),100.0,BATCH-202510-143
ORD-001784,AGT-0198,2025-10-12,SASSO (Dual-Purpose),200.0,BATCH-202510-524
ORD-001785,AGT-0198,2025-07-24,SASSO (Dual-Purpose),300.0,BATCH-202507-563
ORD-001786,AGT-0198,2025-05-12,Bovans Brown (Layer),300.0,BATCH-202505-596
ORD-001787,AGT-0198,2025-05-31,SASSO (Dual-Purpose),100.0,BATCH-202505-913
ORD-001788,AGT-0198,2025-12-10,SASSO (Dual-Purpose),1000.0,BATCH-202512-733
ORD-001789,AGT-0198,2025-01-23,SASSO (Dual-Purpose),100.0,BATCH-202501-927
ORD-001790,AGT-0198,2025-01-09,SASSO (Dual-Purpose),100.0,BATCH-202501-471
ORD-001791,AGT-0198,2025-03-12,Bovans Brown (Layer),100.0,BATCH-202503-445
ORD-001792,AGT-0198,2025-12-14,SASSO (Dual-Purpose),300.0,BATCH-202512-947
ORD-001793,AGT-0198,2025-08-28,SASSO (Dual-Purpose),500.0,BATCH-202508-894
ORD-001794,AGT-0199,2025-10-30,SASSO (Dual-Purpose),500.0,BATCH-202510-121
ORD-001795,AGT-0199,2025-05-23,Bovans Brown (Layer),100.0,BATCH-202505-244
ORD-001796,AGT-0199,2025-06-14,SASSO (Dual-Purpose),200.0,BATCH-202506-490
ORD-001797,AGT-0199,2025-05-26,Bovans Brown (Layer),100.0,BATCH-202505-625
ORD-001798,AGT-0199,2025-12-13,Bovans Brown (Layer),1000.0,BATCH-202512-349
ORD-001799,AGT-0199,2025-10-12,SASSO (Dual-Purpose),100.0,BATCH-202510-514
ORD-001800,AGT-0200,2025-11-25,SASSO (Dual-Purpose),200.0,BATCH-202511-756
ORD-001801,AGT-0200,2025-07-27,SASSO (Dual-Purpose),300.0,BATCH-202507-339
ORD-001802,AGT-0200,2025-09-05,SASSO (Dual-Purpose),300.0,BATCH-202509-163
ORD-001803,AGT-0200,2025-12-03,SASSO (Dual-Purpose),300.0,BATCH-202512-561
ORD-001804,AGT-0200,2025-06-11,SASSO (Dual-Purpose),300.0,BATCH-202506-231
ORD-001805,AGT-0200,2025-10-27,Bovans Brown (Layer),100.0,BATCH-202510-927
ORD-001806,AGT-0201,2025-06-27,Bovans Brown (Layer),200.0,BATCH-202506-867
ORD-001807,AGT-0201,2025-07-15,SASSO (Dual-Purpose),200.0,BATCH-202507-472
ORD-001808,AGT-0201,2025-03-14,Bovans Brown (Layer),300.0,BATCH-202503-820
ORD-001809,AGT-0201,2025-07-13,SASSO (Dual-Purpose),200.0,BATCH-202507-157
ORD-001810,AGT-0201,2025-04-04,SASSO (Dual-Purpose),200.0,BATCH-202504-773
ORD-001811,AGT-0201,2025-07-22,SASSO (Dual-Purpose),500.0,BATCH-202507-441
ORD-001812,AGT-0201,2025-01-12,SASSO (Dual-Purpose),300.0,BATCH-202501-844
ORD-001813,AGT-0201,2025-10-18,Bovans Brown (Layer),200.0,BATCH-202510-386
ORD-001814,AGT-0201,2025-09-20,SASSO (Dual-Purpose),200.0,BATCH-202509-223
ORD-001815,AGT-0202,2025-02-05,SASSO (Dual-Purpose),200.0,BATCH-202502-319
ORD-001816,AGT-0202,2025-11-17,SASSO (Dual-Purpose),300.0,BATCH-202511-698
ORD-001817,AGT-0202,2025-11-23,SASSO (Dual-Purpose),300.0,BATCH-202511-650
ORD-001818,AGT-0202,2025-03-26,SASSO (Dual-Purpose),200.0,BATCH-202503-698
ORD-001819,AGT-0202,2025-06-08,SASSO (Dual-Purpose),100.0,BATCH-202506-451
ORD-001820,AGT-0202,2025-08-12,SASSO (Dual-Purpose),100.0,BATCH-202508-296
ORD-001821,AGT-0202,2025-11-15,SASSO (Dual-Purpose),500.0,BATCH-202511-735
ORD-001822,AGT-0202,2025-09-16,Bovans Brown (Layer),200.0,
ORD-001823,AGT-0202,2025-10-29,SASSO (Dual-Purpose),200.0,BATCH-202510-549
ORD-001824,AGT-0202,2025-10-14,SASSO (Dual-Purpose),300.0,BATCH-202510-702
ORD-001825,AGT-0202,2025-08-02,SASSO (Dual-Purpose),200.0,BATCH-202508-343
ORD-001826,AGT-0203,2025-09-05,Bovans Brown (Layer),1000.0,BATCH-202509-162
ORD-001827,AGT-0203,2025-11-14,SASSO (Dual-Purpose),100.0,BATCH-202511-495
ORD-001828,AGT-0203,2025-05-16,SASSO (Dual-Purpose),200.0,BATCH-202505-943
ORD-001829,AGT-0203,2025-03-12,Bovans Brown (Layer),500.0,BATCH-202503-368
ORD-001830,AGT-0203,2025-08-16,SASSO (Dual-Purpose),100.0,BATCH-202508-637
ORD-001831,AGT-0203,2025-04-08,SASSO (Dual-Purpose),200.0,BATCH-202504-359
ORD-001832,AGT-0204,2025-10-10,SASSO (Dual-Purpose),200.0,BATCH-202510-443
ORD-001833,AGT-0204,2025-02-24,SASSO (Dual-Purpose),300.0,BATCH-202502-649
ORD-001834,AGT-0204,2025-11-24,Bovans Brown (Layer),200.0,BATCH-202511-460
ORD-001835,AGT-0204,2025-07-13,SASSO (Dual-Purpose),300.0,BATCH-202507-400
ORD-001836,AGT-0204,2025-09-14,Bovans Brown (Layer),300.0,BATCH-202509-798
ORD-001837,AGT-0204,2025-09-19,SASSO (Dual-Purpose),100.0,BATCH-202509-613
ORD-001838,AGT-0204,2025-05-28,Bovans Brown (Layer),200.0,BATCH-202505-494
ORD-001839,AGT-0204,2025-05-13,SASSO (Dual-Purpose),300.0,BATCH-202505-841
ORD-001840,AGT-0204,2025-04-27,SASSO (Dual-Purpose),200.0,BATCH-202504-965
ORD-001841,AGT-0204,2025-01-13,SASSO (Dual-Purpose),200.0,BATCH-202501-129
ORD-001842,AGT-0204,2025-08-14,SASSO (Dual-Purpose),200.0,BATCH-202508-134
ORD-001843,AGT-0205,2025-06-01,SASSO (Dual-Purpose),200.0,
ORD-001846,AGT-0205,2025-02-21,Bovans Brown (Layer),200.0,BATCH-202502-266
ORD-001847,AGT-0205,2025-04-09,Bovans Brown (Layer),100.0,BATCH-202504-615
ORD-001848,AGT-0205,2025-09-06,SASSO (Dual-Purpose),200.0,BATCH-202509-513
ORD-001849,AGT-0205,2025-07-18,SASSO (Dual-Purpose),200.0,BATCH-202507-177
ORD-001850,AGT-0205,2025-07-16,SASSO (Dual-Purpose),200.0,BATCH-202507-567
ORD-001851,AGT-0205,2025-01-07,Bovans Brown (Layer),200.0,BATCH-202501-120
ORD-001852,AGT-0205,2025-11-05,SASSO (Dual-Purpose),200.0,BATCH-202511-714
ORD-001853,AGT-0205,2025-12-08,SASSO (Dual-Purpose),200.0,BATCH-202512-767
ORD-001854,AGT-0205,2025-01-13,SASSO (Dual-Purpose),200.0,BATCH-202501-107
ORD-001855,AGT-0206,2025-10-16,Bovans Brown (Layer),200.0,BATCH-202510-529
ORD-001856,AGT-0206,2025-11-28,SASSO (Dual-Purpose),200.0,BATCH-202511-696
ORD-001857,AGT-0206,2025-07-22,SASSO (Dual-Purpose),100.0,BATCH-202507-603
ORD-001858,AGT-0206,2025-06-16,Bovans Brown (Layer),100.0,BATCH-202506-770
ORD-001860,AGT-0206,2025-09-01,SASSO (Dual-Purpose),500.0,BATCH-202509-778
ORD-001861,AGT-0207,2025-10-31,SASSO (Dual-Purpose),300.0,BATCH-202510-424
ORD-001862,AGT-0207,2025-10-08,SASSO (Dual-Purpose),200.0,BATCH-202510-216
ORD-001863,AGT-0207,2025-12-11,SASSO (Dual-Purpose),100.0,BATCH-202512-320
ORD-001864,AGT-0207,2025-07-30,SASSO (Dual-Purpose),200.0,BATCH-202507-617
ORD-001865,AGT-0207,2025-01-28,Bovans Brown (Layer),200.0,BATCH-202501-945
ORD-001866,AGT-0207,2025-09-20,Bovans Brown (Layer),200.0,BATCH-202509-355
ORD-001867,AGT-0207,2025-05-15,SASSO (Dual-Purpose),500.0,BATCH-202505-358
ORD-001869,AGT-0207,2025-09-10,SASSO (Dual-Purpose),200.0,BATCH-202509-948
ORD-001870,AGT-0207,2025-09-25,SASSO (Dual-Purpose),500.0,BATCH-202509-618
ORD-001871,AGT-0207,2025-05-16,SASSO (Dual-Purpose),300.0,BATCH-202505-659
ORD-001872,AGT-0208,2025-01-11,SASSO (Dual-Purpose),100.0,BATCH-202501-438
ORD-001873,AGT-0208,2025-05-07,Bovans Brown (Layer),100.0,BATCH-202505-342
ORD-001874,AGT-0208,2025-12-29,Bovans Brown (Layer),100.0,BATCH-202512-519
ORD-001875,AGT-0208,2025-10-22,SASSO (Dual-Purpose),500.0,BATCH-202510-511
ORD-001876,AGT-0208,2025-07-18,SASSO (Dual-Purpose),200.0,BATCH-202507-992
ORD-001877,AGT-0208,2025-08-20,SASSO (Dual-Purpose),200.0,BATCH-202508-931
ORD-001878,AGT-0208,2025-07-15,SASSO (Dual-Purpose),200.0,BATCH-202507-750
ORD-001879,AGT-0208,2025-03-21,Bovans Brown (Layer),200.0,BATCH-202503-826
ORD-001880,AGT-0208,2025-10-27,SASSO (Dual-Purpose),200.0,BATCH-202510-525
ORD-001881,AGT-0208,2025-06-12,Bovans Brown (Layer),200.0,BATCH-202506-464
ORD-001882,AGT-0208,2025-03-24,SASSO (Dual-Purpose),100.0,BATCH-202503-324
ORD-001883,AGT-0209,2025-06-08,SASSO (Dual-Purpose),300.0,BATCH-202506-247
ORD-001884,AGT-0209,2025-02-06,SASSO (Dual-Purpose),200.0,BATCH-202502-703
ORD-001885,AGT-0209,2025-08-07,SASSO (Dual-Purpose),500.0,BATCH-202508-928
ORD-001886,AGT-0209,2025-01-26,Bovans Brown (Layer),200.0,BATCH-202501-236
ORD-001888,AGT-0209,2025-08-07,SASSO (Dual-Purpose),100.0,BATCH-202508-953
ORD-001889,AGT-0209,2025-10-05,SASSO (Dual-Purpose),300.0,BATCH-202510-790
ORD-001890,AGT-0209,2025-10-02,SASSO (Dual-Purpose),200.0,BATCH-202510-972
ORD-001891,AGT-0210,2025-12-21,Bovans Brown (Layer),1000.0,BATCH-202512-180
ORD-001892,AGT-0210,2025-12-14,SASSO (Dual-Purpose),100.0,BATCH-202512-330
ORD-001893,AGT-0210,2025-10-02,Bovans Brown (Layer),200.0,BATCH-202510-627
ORD-001894,AGT-0210,2025-11-06,SASSO (Dual-Purpose),100.0,BATCH-202511-405
ORD-001895,AGT-0210,2025-03-09,SASSO (Dual-Purpose),300.0,BATCH-202503-446
ORD-001896,AGT-0210,2025-01-31,Bovans Brown (Layer),300.0,BATCH-202501-610
ORD-001897,AGT-0211,2025-12-04,Bovans Brown (Layer),300.0,BATCH-202512-312
ORD-001898,AGT-0211,2025-11-18,Bovans Brown (Layer),300.0,BATCH-202511-445
ORD-001899,AGT-0211,2025-11-11,SASSO (Dual-Purpose),1000.0,BATCH-202511-298
ORD-001900,AGT-0211,2025-01-14,SASSO (Dual-Purpose),200.0,BATCH-202501-602
ORD-001901,AGT-0211,2025-12-14,SASSO (Dual-Purpose),200.0,BATCH-202512-676
ORD-001902,AGT-0211,2025-09-03,SASSO (Dual-Purpose),200.0,BATCH-202509-777
ORD-001903,AGT-0211,2025-10-08,Bovans Brown (Layer),200.0,BATCH-202510-491
ORD-001904,AGT-0211,2025-09-28,SASSO (Dual-Purpose),500.0,BATCH-202509-269
ORD-001905,AGT-0211,2025-05-30,Bovans Brown (Layer),200.0,BATCH-202505-818
ORD-001906,AGT-0212,2025-01-19,SASSO (Dual-Purpose),200.0,BATCH-202501-580
ORD-001907,AGT-0212,2025-03-28,SASSO (Dual-Purpose),1000.0,BATCH-202503-484
ORD-001908,AGT-0212,2025-03-23,Bovans Brown (Layer),200.0,BATCH-202503-581
ORD-001909,AGT-0212,2025-07-30,SASSO (Dual-Purpose),100.0,BATCH-202507-494
ORD-001910,AGT-0212,2025-06-25,SASSO (Dual-Purpose),300.0,BATCH-202506-336
ORD-001911,AGT-0212,2025-02-26,SASSO (Dual-Purpose),1000.0,BATCH-202502-850
ORD-001912,AGT-0212,2025-01-11,SASSO (Dual-Purpose),100.0,BATCH-202501-770
ORD-001913,AGT-0212,2025-05-15,Bovans Brown (Layer),500.0,BATCH-202505-870
ORD-001914,AGT-0212,2025-06-22,SASSO (Dual-Purpose),100.0,BATCH-202506-658
ORD-001915,AGT-0212,2025-09-11,Bovans Brown (Layer),1000.0,BATCH-202509-561
ORD-001916,AGT-0213,2025-07-18,Bovans Brown (Layer),300.0,BATCH-202507-950
ORD-001917,AGT-0213,2025-04-26,SASSO (Dual-Purpose),200.0,BATCH-202504-355
ORD-001918,AGT-0213,2025-11-10,SASSO (Dual-Purpose),500.0,BATCH-202511-889
ORD-001919,AGT-0213,2025-05-20,SASSO (Dual-Purpose),100.0,BATCH-202505-991
ORD-001920,AGT-0213,2025-07-10,SASSO (Dual-Purpose),300.0,BATCH-202507-375
ORD-001921,AGT-0213,2025-12-11,SASSO (Dual-Purpose),300.0,BATCH-202512-805
ORD-001922,AGT-0213,2025-08-31,SASSO (Dual-Purpose),300.0,BATCH-202508-191
ORD-001923,AGT-0213,2025-02-10,SASSO (Dual-Purpose),200.0,BATCH-202502-200
ORD-001924,AGT-0214,2025-05-19,Bovans Brown (Layer),200.0,BATCH-202505-465
ORD-001925,AGT-0214,2025-01-07,Bovans Brown (Layer),1000.0,BATCH-202501-685
ORD-001926,AGT-0214,2025-04-30,SASSO (Dual-Purpose),200.0,BATCH-202504-477
ORD-001927,AGT-0214,2025-03-05,SASSO (Dual-Purpose),200.0,BATCH-202503-344
ORD-001928,AGT-0214,2025-12-06,SASSO (Dual-Purpose),500.0,BATCH-202512-606
ORD-001929,AGT-0214,2025-01-31,SASSO (Dual-Purpose),100.0,BATCH-202501-385
ORD-001930,AGT-0215,2025-05-25,Bovans Brown (Layer),200.0,BATCH-202505-602
ORD-001931,AGT-0215,2025-01-22,Bovans Brown (Layer),100.0,BATCH-202501-942
ORD-001932,AGT-0215,2025-02-27,Bovans Brown (Layer),200.0,BATCH-202502-259
ORD-001934,AGT-0215,2025-05-11,SASSO (Dual-Purpose),1000.0,BATCH-202505-245
ORD-001936,AGT-0215,2025-03-05,SASSO (Dual-Purpose),300.0,BATCH-202503-985
ORD-001937,AGT-0215,2025-01-06,SASSO (Dual-Purpose),200.0,BATCH-202501-933
ORD-001938,AGT-0215,2025-02-27,Bovans Brown (Layer),100.0,BATCH-202502-326
ORD-001939,AGT-0216,2025-04-27,SASSO (Dual-Purpose),200.0,BATCH-202504-483
ORD-001940,AGT-0216,2025-06-11,Bovans Brown (Layer),100.0,BATCH-202506-892
ORD-001941,AGT-0216,2025-05-19,Bovans Brown (Layer),100.0,BATCH-202505-881
ORD-001942,AGT-0216,2025-03-05,SASSO (Dual-Purpose),300.0,BATCH-202503-192
ORD-001943,AGT-0216,2025-12-26,SASSO (Dual-Purpose),500.0,BATCH-202512-627
ORD-001944,AGT-0216,2025-06-05,SASSO (Dual-Purpose),200.0,BATCH-202506-886
ORD-001945,AGT-0216,2025-09-02,SASSO (Dual-Purpose),1000.0,BATCH-202509-719
ORD-001946,AGT-0217,2025-02-02,SASSO (Dual-Purpose),500.0,BATCH-202502-920
ORD-001947,AGT-0217,2025-02-27,SASSO (Dual-Purpose),300.0,BATCH-202502-890
ORD-001948,AGT-0217,2025-12-29,Bovans Brown (Layer),200.0,BATCH-202512-673
ORD-001949,AGT-0217,2025-10-07,Bovans Brown (Layer),300.0,BATCH-202510-578
ORD-001950,AGT-0217,2025-09-27,Bovans Brown (Layer),200.0,BATCH-202509-437
ORD-001951,AGT-0217,2025-03-13,SASSO (Dual-Purpose),200.0,BATCH-202503-788
ORD-001952,AGT-0217,2025-12-10,SASSO (Dual-Purpose),300.0,BATCH-202512-995
ORD-001953,AGT-0217,2025-07-19,Bovans Brown (Layer),200.0,BATCH-202507-935
ORD-001954,AGT-0218,2025-03-17,Bovans Brown (Layer),500.0,BATCH-202503-357
ORD-001955,AGT-0218,2025-02-23,SASSO (Dual-Purpose),200.0,BATCH-202502-425
ORD-001956,AGT-0218,2025-02-01,SASSO (Dual-Purpose),100.0,BATCH-202502-789
ORD-001957,AGT-0218,2025-08-21,SASSO (Dual-Purpose),200.0,BATCH-202508-415
ORD-001958,AGT-0218,2025-05-10,SASSO (Dual-Purpose),1000.0,BATCH-202505-223
ORD-001959,AGT-0218,2025-12-16,SASSO (Dual-Purpose),1000.0,BATCH-202512-385
ORD-001960,AGT-0218,2025-09-13,SASSO (Dual-Purpose),200.0,BATCH-202509-905
ORD-001961,AGT-0218,2025-02-06,SASSO (Dual-Purpose),200.0,BATCH-202502-410
ORD-001962,AGT-0218,2025-04-17,SASSO (Dual-Purpose),200.0,BATCH-202504-106
ORD-001963,AGT-0218,2025-01-07,SASSO (Dual-Purpose),200.0,BATCH-202501-685
ORD-001964,AGT-0218,2025-11-04,SASSO (Dual-Purpose),500.0,BATCH-202511-352
ORD-001965,AGT-0219,2025-01-04,SASSO (Dual-Purpose),100.0,BATCH-202501-239
ORD-001966,AGT-0219,2025-01-02,SASSO (Dual-Purpose),300.0,BATCH-202501-336
ORD-001967,AGT-0219,2025-04-28,SASSO (Dual-Purpose),200.0,BATCH-202504-784
ORD-001968,AGT-0219,2025-03-24,SASSO (Dual-Purpose),100.0,BATCH-202503-832
ORD-001969,AGT-0219,2025-06-25,Bovans Brown (Layer),200.0,BATCH-202506-819
ORD-001970,AGT-0219,2025-08-04,SASSO (Dual-Purpose),300.0,BATCH-202508-392
ORD-001971,AGT-0219,2025-04-06,SASSO (Dual-Purpose),200.0,BATCH-202504-285
ORD-001972,AGT-0219,2025-02-28,SASSO (Dual-Purpose),300.0,BATCH-202502-336
ORD-001973,AGT-0219,2025-01-09,SASSO (Dual-Purpose),300.0,BATCH-202501-582
ORD-001980,AGT-0221,2025-12-27,SASSO (Dual-Purpose),200.0,BATCH-202512-463
ORD-001981,AGT-0221,2025-11-02,SASSO (Dual-Purpose),500.0,BATCH-202511-457
ORD-001982,AGT-0221,2025-01-04,SASSO (Dual-Purpose),200.0,BATCH-202501-666
ORD-001983,AGT-0221,2025-12-08,Bovans Brown (Layer),300.0,BATCH-202512-338
ORD-001984,AGT-0221,2025-09-10,SASSO (Dual-Purpose),1000.0,BATCH-202509-555
ORD-001985,AGT-0221,2025-05-31,SASSO (Dual-Purpose),1000.0,BATCH-202505-641
ORD-001986,AGT-0221,2025-06-05,SASSO (Dual-Purpose),200.0,BATCH-202506-653
ORD-001987,AGT-0222,2025-07-06,SASSO (Dual-Purpose),200.0,BATCH-202507-940
ORD-001988,AGT-0222,2025-08-02,Bovans Brown (Layer),300.0,BATCH-202508-370
ORD-001989,AGT-0222,2025-08-09,SASSO (Dual-Purpose),300.0,BATCH-202508-980
ORD-001990,AGT-0222,2025-01-18,SASSO (Dual-Purpose),500.0,BATCH-202501-535
ORD-001991,AGT-0222,2025-03-31,SASSO (Dual-Purpose),200.0,BATCH-202503-665
ORD-001992,AGT-0222,2025-01-12,SASSO (Dual-Purpose),300.0,BATCH-202501-599
ORD-001993,AGT-0222,2025-12-14,SASSO (Dual-Purpose),500.0,BATCH-202512-171
ORD-001994,AGT-0222,2025-08-17,SASSO (Dual-Purpose),200.0,BATCH-202508-198
ORD-001995,AGT-0222,2025-07-04,SASSO (Dual-Purpose),300.0,BATCH-202507-201
ORD-001996,AGT-0223,2025-08-17,SASSO (Dual-Purpose),100.0,BATCH-202508-949
ORD-001999,AGT-0223,2025-05-23,SASSO (Dual-Purpose),300.0,BATCH-202505-557
ORD-002001,AGT-0223,2025-09-12,SASSO (Dual-Purpose),200.0,BATCH-202509-709
ORD-002002,AGT-0223,2025-05-14,SASSO (Dual-Purpose),500.0,BATCH-202505-524
ORD-002003,AGT-0223,2025-10-30,SASSO (Dual-Purpose),300.0,BATCH-202510-405
ORD-002004,AGT-0224,2025-02-02,Bovans Brown (Layer),300.0,BATCH-202502-655
ORD-002005,AGT-0224,2025-05-05,Bovans Brown (Layer),500.0,BATCH-202505-638
ORD-002006,AGT-0224,2025-08-01,SASSO (Dual-Purpose),300.0,BATCH-202508-487
ORD-002007,AGT-0224,2025-06-18,SASSO (Dual-Purpose),500.0,BATCH-202506-164
ORD-002008,AGT-0224,2025-03-14,Bovans Brown (Layer),100.0,BATCH-202503-739
ORD-002009,AGT-0224,2025-03-22,SASSO (Dual-Purpose),300.0,BATCH-202503-608
ORD-002010,AGT-0225,2025-04-05,SASSO (Dual-Purpose),500.0,BATCH-202504-444
ORD-002011,AGT-0225,2025-02-15,SASSO (Dual-Purpose),100.0,BATCH-202502-333
ORD-002012,AGT-0225,2025-11-14,SASSO (Dual-Purpose),500.0,BATCH-202511-593
ORD-002013,AGT-0225,2025-06-11,SASSO (Dual-Purpose),200.0,BATCH-202506-825
ORD-002014,AGT-0225,2025-12-21,SASSO (Dual-Purpose),300.0,BATCH-202512-991
ORD-002015,AGT-0225,2025-02-04,SASSO (Dual-Purpose),300.0,BATCH-202502-873
ORD-002016,AGT-0226,2025-01-05,SASSO (Dual-Purpose),300.0,BATCH-202501-727
ORD-002017,AGT-0226,2025-09-15,SASSO (Dual-Purpose),200.0,BATCH-202509-202
ORD-002018,AGT-0226,2025-08-11,Bovans Brown (Layer),500.0,BATCH-202508-234
ORD-002019,AGT-0226,2025-12-05,SASSO (Dual-Purpose),500.0,BATCH-202512-209
ORD-002020,AGT-0226,2025-10-25,SASSO (Dual-Purpose),100.0,BATCH-202510-282
ORD-002021,AGT-0226,2025-11-14,Bovans Brown (Layer),300.0,BATCH-202511-909
ORD-002022,AGT-0226,2025-04-10,SASSO (Dual-Purpose),300.0,BATCH-202504-302
ORD-002023,AGT-0226,2025-01-10,SASSO (Dual-Purpose),100.0,BATCH-202501-456
ORD-002024,AGT-0226,2025-11-23,SASSO (Dual-Purpose),300.0,BATCH-202511-699
ORD-002025,AGT-0226,2025-03-01,SASSO (Dual-Purpose),300.0,BATCH-202503-459
ORD-002026,AGT-0226,2025-04-12,SASSO (Dual-Purpose),300.0,BATCH-202504-163
ORD-002027,AGT-0227,2025-05-13,SASSO (Dual-Purpose),200.0,BATCH-202505-134
ORD-002030,AGT-0227,2025-04-15,SASSO (Dual-Purpose),200.0,BATCH-202504-549
ORD-002031,AGT-0227,2025-07-31,Bovans Brown (Layer),200.0,BATCH-202507-221
ORD-002032,AGT-0227,2025-06-02,SASSO (Dual-Purpose),200.0,BATCH-202506-395
ORD-002033,AGT-0228,2025-04-06,SASSO (Dual-Purpose),300.0,BATCH-202504-780
ORD-002034,AGT-0228,2025-12-25,SASSO (Dual-Purpose),200.0,BATCH-202512-134
ORD-002035,AGT-0228,2025-07-26,SASSO (Dual-Purpose),100.0,BATCH-202507-904
ORD-002036,AGT-0228,2025-02-24,Bovans Brown (Layer),300.0,BATCH-202502-247
ORD-002037,AGT-0228,2025-03-24,SASSO (Dual-Purpose),200.0,BATCH-202503-716
ORD-002038,AGT-0228,2025-03-14,SASSO (Dual-Purpose),100.0,BATCH-202503-856
ORD-002039,AGT-0228,2025-03-27,SASSO (Dual-Purpose),200.0,BATCH-202503-866
ORD-002040,AGT-0228,2025-10-10,SASSO (Dual-Purpose),200.0,BATCH-202510-482
ORD-002041,AGT-0228,2025-08-15,SASSO (Dual-Purpose),100.0,BATCH-202508-302
ORD-002042,AGT-0228,2025-06-28,SASSO (Dual-Purpose),200.0,BATCH-202506-645
ORD-002043,AGT-0229,2025-07-06,SASSO (Dual-Purpose),300.0,BATCH-202507-426
ORD-002044,AGT-0229,2025-01-19,SASSO (Dual-Purpose),1000.0,BATCH-202501-537
ORD-002045,AGT-0229,2025-09-28,SASSO (Dual-Purpose),100.0,BATCH-202509-327
ORD-002046,AGT-0229,2025-03-13,SASSO (Dual-Purpose),1000.0,BATCH-202503-115
ORD-002047,AGT-0229,2025-05-12,SASSO (Dual-Purpose),300.0,BATCH-202505-254
ORD-002048,AGT-0229,2025-01-11,SASSO (Dual-Purpose),500.0,BATCH-202501-939
ORD-002049,AGT-0229,2025-10-05,SASSO (Dual-Purpose),100.0,BATCH-202510-684
ORD-002050,AGT-0229,2025-05-26,SASSO (Dual-Purpose),200.0,BATCH-202505-976
ORD-002051,AGT-0229,2025-05-03,SASSO (Dual-Purpose),200.0,BATCH-202505-851
ORD-002052,AGT-0229,2025-02-10,SASSO (Dual-Purpose),200.0,BATCH-202502-117
ORD-002053,AGT-0229,2025-11-28,SASSO (Dual-Purpose),200.0,BATCH-202511-305
ORD-002054,AGT-0229,2025-04-25,SASSO (Dual-Purpose),500.0,BATCH-202504-549
ORD-002055,AGT-0230,2025-11-20,SASSO (Dual-Purpose),200.0,BATCH-202511-587
ORD-002056,AGT-0230,2025-01-22,SASSO (Dual-Purpose),100.0,BATCH-202501-545
ORD-002057,AGT-0230,2025-08-21,SASSO (Dual-Purpose),100.0,BATCH-202508-428
ORD-002058,AGT-0230,2025-05-05,SASSO (Dual-Purpose),300.0,BATCH-202505-412
ORD-002059,AGT-0230,2025-03-18,SASSO (Dual-Purpose),300.0,BATCH-202503-505
ORD-002060,AGT-0230,2025-04-11,Bovans Brown (Layer),200.0,BATCH-202504-438
ORD-002062,AGT-0230,2025-05-21,SASSO (Dual-Purpose),300.0,BATCH-202505-817
ORD-002063,AGT-0230,2025-12-21,SASSO (Dual-Purpose),300.0,BATCH-202512-635
ORD-002064,AGT-0230,2025-07-07,SASSO (Dual-Purpose),300.0,BATCH-202507-547
ORD-002065,AGT-0230,2025-12-21,SASSO (Dual-Purpose),300.0,BATCH-202512-437
ORD-002066,AGT-0231,2025-02-22,SASSO (Dual-Purpose),300.0,BATCH-202502-603
ORD-002067,AGT-0231,2025-07-24,Bovans Brown (Layer),100.0,BATCH-202507-765
ORD-002068,AGT-0231,2025-06-23,SASSO (Dual-Purpose),200.0,BATCH-202506-627
ORD-002069,AGT-0231,2025-01-30,SASSO (Dual-Purpose),300.0,BATCH-202501-113
ORD-002070,AGT-0231,2025-01-10,SASSO (Dual-Purpose),300.0,BATCH-202501-331
ORD-002071,AGT-0231,2025-03-02,SASSO (Dual-Purpose),1000.0,BATCH-202503-379
ORD-002072,AGT-0231,2025-10-25,Bovans Brown (Layer),1000.0,BATCH-202510-477
ORD-002073,AGT-0231,2025-01-03,SASSO (Dual-Purpose),200.0,BATCH-202501-790
ORD-002074,AGT-0231,2025-04-04,SASSO (Dual-Purpose),100.0,BATCH-202504-777
ORD-002075,AGT-0231,2025-06-08,SASSO (Dual-Purpose),200.0,BATCH-202506-341
ORD-002076,AGT-0231,2025-01-07,Bovans Brown (Layer),300.0,BATCH-202501-176
ORD-002077,AGT-0232,2025-03-13,SASSO (Dual-Purpose),300.0,BATCH-202503-280
ORD-002079,AGT-0232,2025-02-10,SASSO (Dual-Purpose),300.0,BATCH-202502-976
ORD-002080,AGT-0232,2025-07-05,SASSO (Dual-Purpose),200.0,BATCH-202507-240
ORD-002081,AGT-0232,2025-04-28,Bovans Brown (Layer),500.0,BATCH-202504-222
ORD-002082,AGT-0232,2025-09-07,SASSO (Dual-Purpose),500.0,BATCH-202509-676
ORD-002083,AGT-0232,2025-01-29,SASSO (Dual-Purpose),200.0,BATCH-202501-933
ORD-002084,AGT-0232,2025-02-01,SASSO (Dual-Purpose),200.0,BATCH-202502-806
ORD-002086,AGT-0232,2025-03-17,SASSO (Dual-Purpose),300.0,BATCH-202503-459
ORD-002087,AGT-0233,2025-01-05,SASSO (Dual-Purpose),100.0,BATCH-202501-820
ORD-002088,AGT-0233,2025-06-26,Bovans Brown (Layer),300.0,BATCH-202506-760
ORD-002089,AGT-0233,2025-09-03,Bovans Brown (Layer),300.0,BATCH-202509-708
ORD-002091,AGT-0233,2025-05-02,SASSO (Dual-Purpose),300.0,BATCH-202505-393
ORD-002092,AGT-0233,2025-06-18,SASSO (Dual-Purpose),100.0,BATCH-202506-862
ORD-002093,AGT-0233,2025-12-03,SASSO (Dual-Purpose),100.0,BATCH-202512-281
ORD-002094,AGT-0233,2025-12-03,Bovans Brown (Layer),100.0,BATCH-202512-285
ORD-002095,AGT-0233,2025-06-10,SASSO (Dual-Purpose),300.0,BATCH-202506-383
ORD-002096,AGT-0233,2025-07-10,Bovans Brown (Layer),300.0,BATCH-202507-953
ORD-002097,AGT-0233,2025-01-25,SASSO (Dual-Purpose),200.0,BATCH-202501-786
ORD-002098,AGT-0234,2025-04-21,SASSO (Dual-Purpose),500.0,BATCH-202504-403
ORD-002099,AGT-0234,2025-10-06,SASSO (Dual-Purpose),500.0,BATCH-202510-176
ORD-002100,AGT-0234,2025-10-02,SASSO (Dual-Purpose),300.0,BATCH-202510-256
ORD-002102,AGT-0234,2025-09-19,SASSO (Dual-Purpose),100.0,BATCH-202509-973
ORD-002103,AGT-0234,2025-09-16,Bovans Brown (Layer),1000.0,BATCH-202509-679
ORD-002104,AGT-0234,2025-03-31,SASSO (Dual-Purpose),500.0,BATCH-202503-229
ORD-002105,AGT-0234,2025-10-04,Bovans Brown (Layer),200.0,BATCH-202510-498
ORD-002106,AGT-0234,2025-07-14,SASSO (Dual-Purpose),300.0,BATCH-202507-204
ORD-002107,AGT-0234,2025-01-25,SASSO (Dual-Purpose),500.0,BATCH-202501-173
ORD-002108,AGT-0235,2025-06-23,SASSO (Dual-Purpose),100.0,BATCH-202506-241
ORD-002109,AGT-0235,2025-09-12,SASSO (Dual-Purpose),200.0,BATCH-202509-152
ORD-002110,AGT-0235,2025-09-24,SASSO (Dual-Purpose),300.0,BATCH-202509-979
ORD-002111,AGT-0235,2025-04-14,SASSO (Dual-Purpose),300.0,BATCH-202504-190
ORD-002112,AGT-0235,2025-03-15,Bovans Brown (Layer),500.0,BATCH-202503-833
ORD-002113,AGT-0235,2025-04-24,SASSO (Dual-Purpose),500.0,BATCH-202504-324
ORD-002115,AGT-0235,2025-10-07,SASSO (Dual-Purpose),100.0,BATCH-202510-672
ORD-002116,AGT-0236,2025-09-29,SASSO (Dual-Purpose),1000.0,BATCH-202509-871
ORD-002117,AGT-0236,2025-02-23,SASSO (Dual-Purpose),500.0,BATCH-202502-704
ORD-002118,AGT-0236,2025-10-23,SASSO (Dual-Purpose),300.0,BATCH-202510-501
ORD-002120,AGT-0236,2025-12-07,SASSO (Dual-Purpose),200.0,BATCH-202512-480
ORD-002121,AGT-0236,2025-11-12,SASSO (Dual-Purpose),1000.0,BATCH-202511-935
ORD-002122,AGT-0236,2025-05-07,SASSO (Dual-Purpose),200.0,BATCH-202505-108
ORD-002123,AGT-0236,2025-03-27,SASSO (Dual-Purpose),1000.0,BATCH-202503-229
ORD-002125,AGT-0237,2025-07-16,SASSO (Dual-Purpose),1000.0,BATCH-202507-749
ORD-002126,AGT-0237,2025-03-17,Bovans Brown (Layer),300.0,BATCH-202503-770
ORD-002127,AGT-0237,2025-01-01,SASSO (Dual-Purpose),100.0,BATCH-202501-800
ORD-002128,AGT-0237,2025-10-08,SASSO (Dual-Purpose),1000.0,BATCH-202510-774
ORD-002129,AGT-0237,2025-04-04,SASSO (Dual-Purpose),200.0,BATCH-202504-161
ORD-002130,AGT-0237,2025-10-31,Bovans Brown (Layer),100.0,BATCH-202510-233
ORD-002132,AGT-0237,2025-05-31,Bovans Brown (Layer),300.0,BATCH-202505-330
ORD-002134,AGT-0237,2025-01-29,Bovans Brown (Layer),200.0,BATCH-202501-438
ORD-002135,AGT-0237,2025-04-10,SASSO (Dual-Purpose),100.0,BATCH-202504-117
ORD-002136,AGT-0237,2025-04-24,SASSO (Dual-Purpose),200.0,BATCH-202504-713
ORD-002137,AGT-0238,2025-01-24,Bovans Brown (Layer),200.0,BATCH-202501-280
ORD-002138,AGT-0238,2025-05-12,Bovans Brown (Layer),500.0,BATCH-202505-911
ORD-002139,AGT-0238,2025-08-25,SASSO (Dual-Purpose),300.0,BATCH-202508-458
ORD-002140,AGT-0238,2025-06-29,SASSO (Dual-Purpose),200.0,BATCH-202506-507
ORD-002141,AGT-0238,2025-06-04,SASSO (Dual-Purpose),300.0,BATCH-202506-754
ORD-002142,AGT-0238,2025-02-01,SASSO (Dual-Purpose),100.0,BATCH-202502-335
ORD-002143,AGT-0238,2025-09-12,SASSO (Dual-Purpose),1000.0,BATCH-202509-887
ORD-002144,AGT-0238,2025-08-03,SASSO (Dual-Purpose),200.0,BATCH-202508-586
ORD-002145,AGT-0239,2025-09-06,SASSO (Dual-Purpose),500.0,BATCH-202509-986
ORD-002146,AGT-0239,2025-06-09,SASSO (Dual-Purpose),100.0,BATCH-202506-652
ORD-002147,AGT-0239,2025-04-19,Bovans Brown (Layer),300.0,BATCH-202504-630
ORD-002148,AGT-0239,2025-03-30,SASSO (Dual-Purpose),200.0,BATCH-202503-672
ORD-002149,AGT-0239,2025-07-20,SASSO (Dual-Purpose),300.0,BATCH-202507-936
ORD-002150,AGT-0239,2025-06-06,SASSO (Dual-Purpose),200.0,BATCH-202506-889
ORD-002151,AGT-0239,2025-11-22,SASSO (Dual-Purpose),200.0,BATCH-202511-205
ORD-002152,AGT-0240,2025-07-25,SASSO (Dual-Purpose),200.0,BATCH-202507-330
ORD-002153,AGT-0240,2025-10-03,SASSO (Dual-Purpose),300.0,BATCH-202510-464
ORD-002154,AGT-0240,2025-11-14,SASSO (Dual-Purpose),200.0,BATCH-202511-367
ORD-002155,AGT-0240,2025-01-14,SASSO (Dual-Purpose),500.0,BATCH-202501-292
ORD-002156,AGT-0240,2025-06-12,SASSO (Dual-Purpose),200.0,BATCH-202506-247
ORD-002157,AGT-0240,2025-04-27,Bovans Brown (Layer),300.0,BATCH-202504-544
ORD-002158,AGT-0241,2025-11-12,SASSO (Dual-Purpose),200.0,BATCH-202511-522
ORD-002159,AGT-0241,2025-04-21,SASSO (Dual-Purpose),300.0,BATCH-202504-781
ORD-002160,AGT-0241,2025-03-30,SASSO (Dual-Purpose),300.0,BATCH-202503-970
ORD-002161,AGT-0241,2025-05-28,Bovans Brown (Layer),100.0,BATCH-202505-637
ORD-002162,AGT-0241,2025-03-11,Bovans Brown (Layer),500.0,BATCH-202503-995
ORD-002163,AGT-0241,2025-03-07,SASSO (Dual-Purpose),300.0,BATCH-202503-847
ORD-002164,AGT-0241,2025-10-11,Bovans Brown (Layer),200.0,BATCH-202510-991
ORD-002165,AGT-0241,2025-07-16,SASSO (Dual-Purpose),200.0,BATCH-202507-650
ORD-002166,AGT-0241,2025-05-29,Bovans Brown (Layer),500.0,BATCH-202505-993
ORD-002167,AGT-0241,2025-09-15,SASSO (Dual-Purpose),200.0,BATCH-202509-742
ORD-002168,AGT-0242,2025-04-26,SASSO (Dual-Purpose),100.0,BATCH-202504-591
ORD-002169,AGT-0242,2025-12-17,SASSO (Dual-Purpose),200.0,BATCH-202512-147
ORD-002170,AGT-0242,2025-01-10,SASSO (Dual-Purpose),300.0,BATCH-202501-439
ORD-002171,AGT-0242,2025-03-04,SASSO (Dual-Purpose),500.0,BATCH-202503-934
ORD-002172,AGT-0242,2025-08-12,SASSO (Dual-Purpose),100.0,BATCH-202508-195
ORD-002173,AGT-0242,2025-10-27,Bovans Brown (Layer),300.0,BATCH-202510-809
ORD-002174,AGT-0242,2025-01-27,SASSO (Dual-Purpose),200.0,BATCH-202501-742
ORD-002175,AGT-0243,2025-10-13,SASSO (Dual-Purpose),200.0,BATCH-202510-325
ORD-002176,AGT-0243,2025-04-21,SASSO (Dual-Purpose),100.0,BATCH-202504-750
ORD-002177,AGT-0243,2025-10-21,SASSO (Dual-Purpose),300.0,BATCH-202510-816
ORD-002178,AGT-0243,2025-10-07,SASSO (Dual-Purpose),200.0,BATCH-202510-234
ORD-002179,AGT-0243,2025-07-20,SASSO (Dual-Purpose),200.0,BATCH-202507-126
ORD-002180,AGT-0243,2025-01-21,SASSO (Dual-Purpose),100.0,BATCH-202501-621
ORD-002181,AGT-0244,2025-05-08,SASSO (Dual-Purpose),100.0,BATCH-202505-928
ORD-002182,AGT-0244,2025-01-21,Bovans Brown (Layer),500.0,BATCH-202501-304
ORD-002183,AGT-0244,2025-06-01,SASSO (Dual-Purpose),200.0,BATCH-202506-348
ORD-002184,AGT-0244,2025-06-07,Bovans Brown (Layer),100.0,BATCH-202506-123
ORD-002185,AGT-0244,2025-10-02,SASSO (Dual-Purpose),200.0,BATCH-202510-802
ORD-002186,AGT-0244,2025-08-31,SASSO (Dual-Purpose),500.0,BATCH-202508-524
ORD-002187,AGT-0244,2025-07-24,SASSO (Dual-Purpose),200.0,BATCH-202507-124
ORD-002188,AGT-0245,2025-10-03,SASSO (Dual-Purpose),300.0,BATCH-202510-538
ORD-002189,AGT-0245,2025-05-23,SASSO (Dual-Purpose),300.0,BATCH-202505-612
ORD-002190,AGT-0245,2025-08-29,SASSO (Dual-Purpose),500.0,BATCH-202508-560
ORD-002191,AGT-0245,2025-04-06,SASSO (Dual-Purpose),200.0,BATCH-202504-188
ORD-002192,AGT-0245,2025-06-11,SASSO (Dual-Purpose),200.0,BATCH-202506-655
ORD-002193,AGT-0245,2025-06-03,Bovans Brown (Layer),300.0,BATCH-202506-532
ORD-002194,AGT-0245,2025-04-17,Bovans Brown (Layer),200.0,BATCH-202504-176
ORD-002195,AGT-0245,2025-12-14,Bovans Brown (Layer),300.0,BATCH-202512-969
ORD-002196,AGT-0245,2025-10-18,Bovans Brown (Layer),300.0,BATCH-202510-909
ORD-002197,AGT-0245,2025-10-05,Bovans Brown (Layer),300.0,BATCH-202510-438
ORD-002198,AGT-0245,2025-09-18,Bovans Brown (Layer),200.0,BATCH-202509-866
ORD-002199,AGT-0246,2025-11-17,Bovans Brown (Layer),200.0,BATCH-202511-744
ORD-002200,AGT-0246,2025-04-17,SASSO (Dual-Purpose),200.0,BATCH-202504-944
ORD-002201,AGT-0246,2025-08-13,SASSO (Dual-Purpose),200.0,BATCH-202508-233
ORD-002202,AGT-0246,2025-07-06,SASSO (Dual-Purpose),200.0,BATCH-202507-772
ORD-002203,AGT-0246,2025-08-24,SASSO (Dual-Purpose),500.0,BATCH-202508-643
ORD-002204,AGT-0246,2025-08-02,SASSO (Dual-Purpose),100.0,BATCH-202508-797
ORD-002205,AGT-0246,2025-12-07,SASSO (Dual-Purpose),200.0,BATCH-202512-120
ORD-002206,AGT-0246,2025-09-26,Bovans Brown (Layer),300.0,BATCH-202509-371
ORD-002207,AGT-0246,2025-12-08,Bovans Brown (Layer),200.0,BATCH-202512-373
ORD-002209,AGT-0246,2025-05-31,SASSO (Dual-Purpose),300.0,BATCH-202505-938
ORD-002210,AGT-0246,2025-04-23,SASSO (Dual-Purpose),100.0,BATCH-202504-497
ORD-002211,AGT-0247,2025-12-21,SASSO (Dual-Purpose),200.0,BATCH-202512-811
ORD-002213,AGT-0247,2025-09-19,SASSO (Dual-Purpose),100.0,BATCH-202509-768
ORD-002214,AGT-0247,2025-06-09,SASSO (Dual-Purpose),300.0,BATCH-202506-440
ORD-002215,AGT-0247,2025-11-16,SASSO (Dual-Purpose),200.0,BATCH-202511-801
ORD-002216,AGT-0247,2025-06-17,SASSO (Dual-Purpose),1000.0,BATCH-202506-948
ORD-002217,AGT-0247,2025-11-15,SASSO (Dual-Purpose),100.0,BATCH-202511-617
ORD-002218,AGT-0248,2025-04-09,SASSO (Dual-Purpose),200.0,BATCH-202504-646
ORD-002219,AGT-0248,2025-03-16,Bovans Brown (Layer),1000.0,BATCH-202503-303
ORD-002220,AGT-0248,2025-05-13,SASSO (Dual-Purpose),1000.0,BATCH-202505-145
ORD-002221,AGT-0248,2025-07-06,Bovans Brown (Layer),300.0,BATCH-202507-764
ORD-002222,AGT-0248,2025-12-17,SASSO (Dual-Purpose),200.0,BATCH-202512-649
ORD-002223,AGT-0248,2025-10-11,SASSO (Dual-Purpose),500.0,BATCH-202510-649
ORD-002224,AGT-0248,2025-11-15,SASSO (Dual-Purpose),1000.0,BATCH-202511-839
ORD-002225,AGT-0248,2025-12-19,SASSO (Dual-Purpose),200.0,BATCH-202512-598
ORD-002226,AGT-0249,2025-03-31,SASSO (Dual-Purpose),1000.0,BATCH-202503-662
ORD-002227,AGT-0249,2025-10-09,Bovans Brown (Layer),300.0,BATCH-202510-421
ORD-002228,AGT-0249,2025-02-02,SASSO (Dual-Purpose),100.0,BATCH-202502-452
ORD-002229,AGT-0249,2025-01-30,SASSO (Dual-Purpose),200.0,BATCH-202501-594
ORD-002230,AGT-0249,2025-01-30,Bovans Brown (Layer),200.0,BATCH-202501-908
ORD-002231,AGT-0249,2025-09-01,SASSO (Dual-Purpose),200.0,BATCH-202509-630
ORD-002232,AGT-0249,2025-05-01,Bovans Brown (Layer),100.0,BATCH-202505-544
ORD-002233,AGT-0250,2025-10-19,Bovans Brown (Layer),200.0,BATCH-202510-760
ORD-002234,AGT-0250,2025-07-24,SASSO (Dual-Purpose),200.0,BATCH-202507-130
ORD-002235,AGT-0250,2025-12-01,SASSO (Dual-Purpose),200.0,BATCH-202512-912
ORD-002236,AGT-0250,2025-07-25,SASSO (Dual-Purpose),100.0,BATCH-202507-951
ORD-002237,AGT-0250,2025-11-02,SASSO (Dual-Purpose),300.0,BATCH-202511-164
ORD-002238,AGT-0250,2025-06-06,SASSO (Dual-Purpose),200.0,BATCH-202506-479
ORD-002239,AGT-0250,2025-07-28,SASSO (Dual-Purpose),200.0,BATCH-202507-374
ORD-002240,AGT-0250,2025-11-12,SASSO (Dual-Purpose),100.0,BATCH-202511-210
ORD-002241,AGT-0250,2025-02-09,SASSO (Dual-Purpose),100.0,BATCH-202502-555
ORD-002242,AGT-0250,2025-08-04,Bovans Brown (Layer),1000.0,BATCH-202508-698
ORD-002243,AGT-0250,2025-08-19,SASSO (Dual-Purpose),300.0,BATCH-202508-590
ORD-002244,AGT-0251,2025-09-18,Bovans Brown (Layer),300.0,BATCH-202509-417
ORD-002245,AGT-0251,2025-05-11,SASSO (Dual-Purpose),100.0,BATCH-202505-851
ORD-002246,AGT-0251,2025-09-16,SASSO (Dual-Purpose),300.0,BATCH-202509-857
ORD-002247,AGT-0251,2025-12-13,Bovans Brown (Layer),200.0,BATCH-202512-345
ORD-002248,AGT-0251,2025-05-13,SASSO (Dual-Purpose),300.0,BATCH-202505-967
ORD-002249,AGT-0251,2025-12-10,SASSO (Dual-Purpose),200.0,BATCH-202512-462
ORD-002251,AGT-0252,2025-04-21,Bovans Brown (Layer),300.0,BATCH-202504-425
ORD-002252,AGT-0252,2025-07-29,SASSO (Dual-Purpose),200.0,BATCH-202507-793
ORD-002253,AGT-0252,2025-08-02,SASSO (Dual-Purpose),500.0,BATCH-202508-391
ORD-002254,AGT-0252,2025-01-22,Bovans Brown (Layer),300.0,BATCH-202501-629
ORD-002255,AGT-0252,2025-03-08,SASSO (Dual-Purpose),300.0,BATCH-202503-807
ORD-002256,AGT-0252,2025-12-26,SASSO (Dual-Purpose),1000.0,BATCH-202512-219
ORD-002257,AGT-0253,2025-11-15,Bovans Brown (Layer),200.0,BATCH-202511-192
ORD-002259,AGT-0253,2025-10-06,SASSO (Dual-Purpose),200.0,
ORD-002260,AGT-0253,2025-02-01,SASSO (Dual-Purpose),1000.0,BATCH-202502-827
ORD-002261,AGT-0253,2025-03-11,Bovans Brown (Layer),300.0,BATCH-202503-173
ORD-002262,AGT-0253,2025-01-10,SASSO (Dual-Purpose),200.0,BATCH-202501-829
ORD-002263,AGT-0253,2025-06-26,SASSO (Dual-Purpose),200.0,BATCH-202506-468
ORD-002264,AGT-0253,2025-05-11,SASSO (Dual-Purpose),200.0,BATCH-202505-814
ORD-002265,AGT-0253,2025-05-17,Bovans Brown (Layer),200.0,BATCH-202505-416
ORD-002266,AGT-0253,2025-05-12,SASSO (Dual-Purpose),200.0,BATCH-202505-776
ORD-002267,AGT-0253,2025-03-16,Bovans Brown (Layer),300.0,BATCH-202503-411
ORD-002268,AGT-0253,2025-12-19,SASSO (Dual-Purpose),100.0,BATCH-202512-300
ORD-002269,AGT-0254,2025-12-07,SASSO (Dual-Purpose),100.0,BATCH-202512-966
ORD-002270,AGT-0254,2025-02-23,SASSO (Dual-Purpose),200.0,BATCH-202502-205
ORD-002271,AGT-0254,2025-12-20,SASSO (Dual-Purpose),300.0,BATCH-202512-292
ORD-002272,AGT-0254,2025-01-24,SASSO (Dual-Purpose),200.0,BATCH-202501-152
ORD-002273,AGT-0254,2025-06-13,Bovans Brown (Layer),200.0,BATCH-202506-966
ORD-002274,AGT-0254,2025-02-13,SASSO (Dual-Purpose),200.0,BATCH-202502-781
ORD-002275,AGT-0254,2025-01-16,SASSO (Dual-Purpose),200.0,BATCH-202501-630
ORD-002276,AGT-0254,2025-10-31,SASSO (Dual-Purpose),300.0,BATCH-202510-683
ORD-002277,AGT-0254,2025-09-26,Bovans Brown (Layer),300.0,BATCH-202509-219
ORD-002278,AGT-0254,2025-04-07,SASSO (Dual-Purpose),1000.0,BATCH-202504-255
ORD-002279,AGT-0254,2025-06-24,Bovans Brown (Layer),200.0,BATCH-202506-383
ORD-002280,AGT-0255,2025-05-17,Bovans Brown (Layer),200.0,BATCH-202505-405
ORD-002281,AGT-0255,2025-11-20,SASSO (Dual-Purpose),200.0,BATCH-202511-288
ORD-002282,AGT-0255,2025-05-20,SASSO (Dual-Purpose),200.0,BATCH-202505-682
ORD-002283,AGT-0255,2025-08-12,SASSO (Dual-Purpose),200.0,BATCH-202508-571
ORD-002284,AGT-0255,2025-10-17,Bovans Brown (Layer),200.0,BATCH-202510-270
ORD-002285,AGT-0255,2025-09-22,SASSO (Dual-Purpose),500.0,BATCH-202509-205
ORD-002286,AGT-0255,2025-07-29,SASSO (Dual-Purpose),300.0,BATCH-202507-709
ORD-002287,AGT-0255,2025-05-29,SASSO (Dual-Purpose),100.0,BATCH-202505-802
ORD-002288,AGT-0255,2025-09-22,SASSO (Dual-Purpose),300.0,BATCH-202509-615
ORD-002289,AGT-0255,2025-12-21,Bovans Brown (Layer),100.0,BATCH-202512-288
ORD-002290,AGT-0255,2025-01-05,Bovans Brown (Layer),200.0,BATCH-202501-440
ORD-002291,AGT-0256,2025-10-31,SASSO (Dual-Purpose),200.0,BATCH-202510-145
ORD-002292,AGT-0256,2025-07-23,Bovans Brown (Layer),500.0,BATCH-202507-368
ORD-002294,AGT-0256,2025-10-10,SASSO (Dual-Purpose),200.0,BATCH-202510-925
ORD-002295,AGT-0256,2025-05-23,SASSO (Dual-Purpose),200.0,BATCH-202505-542
ORD-002297,AGT-0257,2025-03-30,SASSO (Dual-Purpose),200.0,BATCH-202503-984
ORD-002298,AGT-0257,2025-08-10,SASSO (Dual-Purpose),300.0,BATCH-202508-754
ORD-002299,AGT-0257,2025-12-30,SASSO (Dual-Purpose),200.0,BATCH-202512-971
ORD-002300,AGT-0257,2025-01-30,SASSO (Dual-Purpose),100.0,BATCH-202501-941
ORD-002302,AGT-0257,2025-08-08,Bovans Brown (Layer),200.0,BATCH-202508-972
ORD-002303,AGT-0258,2025-10-23,Bovans Brown (Layer),100.0,BATCH-202510-284
ORD-002304,AGT-0258,2025-07-29,SASSO (Dual-Purpose),100.0,BATCH-202507-660
ORD-002305,AGT-0258,2025-10-07,Bovans Brown (Layer),300.0,BATCH-202510-495
ORD-002306,AGT-0258,2025-10-14,Bovans Brown (Layer),300.0,BATCH-202510-176
ORD-002307,AGT-0258,2025-04-27,SASSO (Dual-Purpose),200.0,BATCH-202504-838
ORD-002308,AGT-0258,2025-02-24,Bovans Brown (Layer),100.0,BATCH-202502-904
ORD-002309,AGT-0258,2025-01-28,Bovans Brown (Layer),500.0,BATCH-202501-213
ORD-002310,AGT-0258,2025-07-31,Bovans Brown (Layer),200.0,BATCH-202507-882
ORD-002311,AGT-0258,2025-11-05,SASSO (Dual-Purpose),200.0,BATCH-202511-141
ORD-002312,AGT-0259,2025-12-28,Bovans Brown (Layer),300.0,BATCH-202512-982
ORD-002313,AGT-0259,2025-08-06,Bovans Brown (Layer),100.0,BATCH-202508-538
ORD-002314,AGT-0259,2025-07-10,SASSO (Dual-Purpose),200.0,BATCH-202507-163
ORD-002315,AGT-0259,2025-01-29,SASSO (Dual-Purpose),100.0,BATCH-202501-835
ORD-002316,AGT-0259,2025-02-12,SASSO (Dual-Purpose),100.0,BATCH-202502-299
ORD-002317,AGT-0259,2025-01-10,SASSO (Dual-Purpose),300.0,BATCH-202501-869
ORD-002318,AGT-0259,2025-10-09,SASSO (Dual-Purpose),200.0,BATCH-202510-557
ORD-002319,AGT-0259,2025-11-27,SASSO (Dual-Purpose),200.0,BATCH-202511-107
ORD-002320,AGT-0259,2025-02-23,SASSO (Dual-Purpose),200.0,BATCH-202502-823
ORD-002321,AGT-0259,2025-07-27,Bovans Brown (Layer),100.0,BATCH-202507-463
ORD-002322,AGT-0260,2025-10-16,Bovans Brown (Layer),500.0,BATCH-202510-837
ORD-002323,AGT-0260,2025-11-28,SASSO (Dual-Purpose),200.0,BATCH-202511-447
ORD-002324,AGT-0260,2025-05-11,SASSO (Dual-Purpose),200.0,BATCH-202505-949
ORD-002325,AGT-0260,2025-05-31,SASSO (Dual-Purpose),200.0,BATCH-202505-929
ORD-002326,AGT-0260,2025-02-10,SASSO (Dual-Purpose),100.0,BATCH-202502-814
ORD-002327,AGT-0260,2025-10-30,Bovans Brown (Layer),100.0,BATCH-202510-563
ORD-002328,AGT-0260,2025-05-23,SASSO (Dual-Purpose),200.0,BATCH-202505-628
ORD-002329,AGT-0260,2025-11-30,Bovans Brown (Layer),100.0,BATCH-202511-273
ORD-002330,AGT-0260,2025-03-17,SASSO (Dual-Purpose),300.0,BATCH-202503-317
ORD-002332,AGT-0260,2025-11-02,Bovans Brown (Layer),500.0,BATCH-202511-358
ORD-002333,AGT-0261,2025-06-02,SASSO (Dual-Purpose),100.0,BATCH-202506-356
ORD-002334,AGT-0261,2025-06-13,SASSO (Dual-Purpose),200.0,BATCH-202506-463
ORD-002335,AGT-0261,2025-10-11,Bovans Brown (Layer),200.0,BATCH-202510-325
ORD-002336,AGT-0261,2025-06-02,Bovans Brown (Layer),300.0,BATCH-202506-601
ORD-002337,AGT-0261,2025-10-07,Bovans Brown (Layer),300.0,BATCH-202510-122
ORD-002338,AGT-0261,2025-07-02,Bovans Brown (Layer),100.0,BATCH-202507-480
ORD-002339,AGT-0261,2025-01-13,SASSO (Dual-Purpose),1000.0,BATCH-202501-412
ORD-002340,AGT-0261,2025-11-05,Bovans Brown (Layer),200.0,BATCH-202511-118
ORD-002341,AGT-0261,2025-07-18,SASSO (Dual-Purpose),100.0,BATCH-202507-600
ORD-002342,AGT-0261,2025-11-11,Bovans Brown (Layer),300.0,BATCH-202511-857
ORD-002343,AGT-0261,2025-04-07,Bovans Brown (Layer),200.0,BATCH-202504-751
ORD-002344,AGT-0261,2025-03-15,Bovans Brown (Layer),100.0,BATCH-202503-398
ORD-002346,AGT-0262,2025-12-29,SASSO (Dual-Purpose),1000.0,BATCH-202512-625
ORD-002347,AGT-0262,2025-02-04,SASSO (Dual-Purpose),300.0,BATCH-202502-180
ORD-002348,AGT-0262,2025-11-11,SASSO (Dual-Purpose),300.0,BATCH-202511-108
ORD-002349,AGT-0262,2025-08-10,Bovans Brown (Layer),300.0,BATCH-202508-621
ORD-002350,AGT-0262,2025-12-26,SASSO (Dual-Purpose),100.0,BATCH-202512-983
ORD-002351,AGT-0262,2025-07-22,SASSO (Dual-Purpose),300.0,BATCH-202507-981
ORD-002352,AGT-0263,2025-12-21,SASSO (Dual-Purpose),200.0,BATCH-202512-534
ORD-002353,AGT-0263,2025-12-24,SASSO (Dual-Purpose),500.0,BATCH-202512-379
ORD-002354,AGT-0263,2025-07-03,SASSO (Dual-Purpose),200.0,BATCH-202507-606
ORD-002355,AGT-0263,2025-11-17,Bovans Brown (Layer),200.0,BATCH-202511-292
ORD-002356,AGT-0263,2025-08-24,Bovans Brown (Layer),300.0,BATCH-202508-842
ORD-002357,AGT-0263,2025-12-03,SASSO (Dual-Purpose),300.0,BATCH-202512-579
ORD-002358,AGT-0263,2025-04-21,SASSO (Dual-Purpose),300.0,BATCH-202504-623
ORD-002359,AGT-0263,2025-01-28,Bovans Brown (Layer),300.0,BATCH-202501-285
ORD-002360,AGT-0264,2025-01-02,SASSO (Dual-Purpose),200.0,BATCH-202501-423
ORD-002361,AGT-0264,2025-01-18,SASSO (Dual-Purpose),300.0,BATCH-202501-726
ORD-002363,AGT-0264,2025-08-21,Bovans Brown (Layer),200.0,BATCH-202508-210
ORD-002364,AGT-0264,2025-08-27,SASSO (Dual-Purpose),1000.0,BATCH-202508-774
ORD-002365,AGT-0264,2025-12-22,SASSO (Dual-Purpose),200.0,BATCH-202512-355
ORD-002366,AGT-0264,2025-01-26,SASSO (Dual-Purpose),200.0,BATCH-202501-813
ORD-002367,AGT-0264,2025-06-20,SASSO (Dual-Purpose),1000.0,BATCH-202506-314
ORD-002368,AGT-0265,2025-01-12,SASSO (Dual-Purpose),500.0,BATCH-202501-649
ORD-002369,AGT-0265,2025-11-24,SASSO (Dual-Purpose),300.0,BATCH-202511-992
ORD-002370,AGT-0265,2025-09-19,Bovans Brown (Layer),200.0,BATCH-202509-456
ORD-002371,AGT-0265,2025-12-06,SASSO (Dual-Purpose),100.0,BATCH-202512-264
ORD-002372,AGT-0265,2025-06-18,SASSO (Dual-Purpose),500.0,BATCH-202506-611
ORD-002373,AGT-0265,2025-12-15,SASSO (Dual-Purpose),100.0,BATCH-202512-562
ORD-002374,AGT-0265,2025-04-11,SASSO (Dual-Purpose),200.0,BATCH-202504-180
ORD-002375,AGT-0265,2025-10-06,SASSO (Dual-Purpose),200.0,BATCH-202510-236
ORD-002376,AGT-0266,2025-01-07,Bovans Brown (Layer),200.0,BATCH-202501-313
ORD-002377,AGT-0266,2025-07-22,Bovans Brown (Layer),500.0,BATCH-202507-664
ORD-002378,AGT-0266,2025-04-28,SASSO (Dual-Purpose),100.0,BATCH-202504-314
ORD-002379,AGT-0266,2025-01-08,Bovans Brown (Layer),200.0,BATCH-202501-716
ORD-002380,AGT-0266,2025-02-02,SASSO (Dual-Purpose),200.0,BATCH-202502-828
ORD-002381,AGT-0266,2025-08-09,SASSO (Dual-Purpose),1000.0,BATCH-202508-230
ORD-002382,AGT-0266,2025-05-05,SASSO (Dual-Purpose),300.0,BATCH-202505-743
ORD-002383,AGT-0266,2025-12-18,Bovans Brown (Layer),300.0,BATCH-202512-150
ORD-002384,AGT-0266,2025-10-01,SASSO (Dual-Purpose),200.0,BATCH-202510-648
ORD-002385,AGT-0266,2025-04-16,SASSO (Dual-Purpose),200.0,BATCH-202504-759
ORD-002386,AGT-0267,2025-03-04,SASSO (Dual-Purpose),200.0,BATCH-202503-840
ORD-002387,AGT-0267,2025-01-05,SASSO (Dual-Purpose),300.0,BATCH-202501-650
ORD-002389,AGT-0267,2025-07-11,SASSO (Dual-Purpose),200.0,BATCH-202507-826
ORD-002390,AGT-0267,2025-01-23,Bovans Brown (Layer),300.0,BATCH-202501-807
ORD-002391,AGT-0267,2025-04-19,SASSO (Dual-Purpose),100.0,BATCH-202504-966
ORD-002392,AGT-0267,2025-05-25,SASSO (Dual-Purpose),100.0,BATCH-202505-234
ORD-002393,AGT-0268,2025-07-18,SASSO (Dual-Purpose),200.0,BATCH-202507-339
ORD-002394,AGT-0268,2025-07-09,SASSO (Dual-Purpose),200.0,BATCH-202507-457
ORD-002395,AGT-0268,2025-01-30,SASSO (Dual-Purpose),300.0,BATCH-202501-227
ORD-002396,AGT-0268,2025-06-20,SASSO (Dual-Purpose),200.0,BATCH-202506-493
ORD-002397,AGT-0268,2025-06-28,SASSO (Dual-Purpose),300.0,BATCH-202506-262
ORD-002398,AGT-0268,2025-07-08,SASSO (Dual-Purpose),200.0,BATCH-202507-360
ORD-002399,AGT-0268,2025-07-19,SASSO (Dual-Purpose),200.0,BATCH-202507-844
ORD-002401,AGT-0268,2025-03-17,SASSO (Dual-Purpose),300.0,BATCH-202503-730
ORD-002402,AGT-0268,2025-06-16,Bovans Brown (Layer),200.0,BATCH-202506-302
ORD-002403,AGT-0269,2025-10-15,SASSO (Dual-Purpose),100.0,BATCH-202510-783
ORD-002404,AGT-0269,2025-02-04,SASSO (Dual-Purpose),300.0,BATCH-202502-287
ORD-002405,AGT-0269,2025-11-03,SASSO (Dual-Purpose),200.0,BATCH-202511-105
ORD-002406,AGT-0269,2025-02-16,SASSO (Dual-Purpose),200.0,BATCH-202502-803
ORD-002407,AGT-0269,2025-09-28,SASSO (Dual-Purpose),300.0,BATCH-202509-686
ORD-002408,AGT-0269,2025-03-17,SASSO (Dual-Purpose),200.0,BATCH-202503-451
ORD-002409,AGT-0269,2025-02-13,SASSO (Dual-Purpose),300.0,BATCH-202502-333
ORD-002410,AGT-0269,2025-11-12,SASSO (Dual-Purpose),200.0,BATCH-202511-680
ORD-002411,AGT-0269,2025-09-23,SASSO (Dual-Purpose),200.0,BATCH-202509-958
ORD-002414,AGT-0270,2025-06-24,Bovans Brown (Layer),100.0,BATCH-202506-985
ORD-002415,AGT-0270,2025-09-03,SASSO (Dual-Purpose),300.0,BATCH-202509-498
ORD-002416,AGT-0270,2025-11-27,Bovans Brown (Layer),200.0,BATCH-202511-577
ORD-002417,AGT-0270,2025-07-18,SASSO (Dual-Purpose),200.0,BATCH-202507-490
ORD-002418,AGT-0270,2025-08-13,SASSO (Dual-Purpose),500.0,BATCH-202508-742
ORD-002419,AGT-0271,2025-03-10,Bovans Brown (Layer),300.0,BATCH-202503-926
ORD-002420,AGT-0271,2025-06-24,SASSO (Dual-Purpose),300.0,BATCH-202506-153
ORD-002421,AGT-0271,2025-11-15,SASSO (Dual-Purpose),300.0,BATCH-202511-519
ORD-002422,AGT-0271,2025-02-19,SASSO (Dual-Purpose),500.0,BATCH-202502-368
ORD-002423,AGT-0271,2025-12-10,SASSO (Dual-Purpose),100.0,BATCH-202512-750
ORD-002424,AGT-0271,2025-08-13,SASSO (Dual-Purpose),300.0,BATCH-202508-451
ORD-002425,AGT-0272,2025-08-02,Bovans Brown (Layer),500.0,BATCH-202508-533
ORD-002426,AGT-0272,2025-09-23,SASSO (Dual-Purpose),200.0,BATCH-202509-218
ORD-002428,AGT-0272,2025-11-20,SASSO (Dual-Purpose),200.0,BATCH-202511-487
ORD-002429,AGT-0272,2025-05-24,SASSO (Dual-Purpose),200.0,BATCH-202505-316
ORD-002430,AGT-0272,2025-02-09,Bovans Brown (Layer),100.0,BATCH-202502-167
ORD-002431,AGT-0272,2025-09-22,SASSO (Dual-Purpose),1000.0,BATCH-202509-997
ORD-002432,AGT-0272,2025-04-24,SASSO (Dual-Purpose),100.0,BATCH-202504-301
ORD-002433,AGT-0272,2025-04-28,SASSO (Dual-Purpose),100.0,BATCH-202504-312
ORD-002434,AGT-0273,2025-09-21,SASSO (Dual-Purpose),100.0,BATCH-202509-649
ORD-002435,AGT-0273,2025-03-15,SASSO (Dual-Purpose),200.0,BATCH-202503-366
ORD-002436,AGT-0273,2025-02-21,Bovans Brown (Layer),200.0,BATCH-202502-589
ORD-002437,AGT-0273,2025-12-16,Bovans Brown (Layer),200.0,BATCH-202512-991
ORD-002438,AGT-0273,2025-07-01,SASSO (Dual-Purpose),300.0,BATCH-202507-736
ORD-002439,AGT-0273,2025-10-20,Bovans Brown (Layer),200.0,BATCH-202510-753
ORD-002441,AGT-0273,2025-01-09,SASSO (Dual-Purpose),200.0,BATCH-202501-338
ORD-002442,AGT-0274,2025-08-26,SASSO (Dual-Purpose),300.0,BATCH-202508-669
ORD-002443,AGT-0274,2025-02-06,SASSO (Dual-Purpose),100.0,BATCH-202502-253
ORD-002444,AGT-0274,2025-05-11,SASSO (Dual-Purpose),200.0,BATCH-202505-338
ORD-002445,AGT-0274,2025-05-01,Bovans Brown (Layer),200.0,BATCH-202505-622
ORD-002446,AGT-0274,2025-01-19,SASSO (Dual-Purpose),500.0,BATCH-202501-710
ORD-002447,AGT-0274,2025-07-28,SASSO (Dual-Purpose),300.0,BATCH-202507-932
ORD-002448,AGT-0274,2025-10-24,Bovans Brown (Layer),100.0,BATCH-202510-126
ORD-002449,AGT-0274,2025-04-06,SASSO (Dual-Purpose),200.0,BATCH-202504-725
ORD-002450,AGT-0275,2025-11-20,SASSO (Dual-Purpose),1000.0,BATCH-202511-166
ORD-002451,AGT-0275,2025-08-19,SASSO (Dual-Purpose),1000.0,BATCH-202508-231
ORD-002452,AGT-0275,2025-06-19,SASSO (Dual-Purpose),200.0,BATCH-202506-638
ORD-002453,AGT-0275,2025-02-20,Bovans Brown (Layer),500.0,BATCH-202502-679
ORD-002455,AGT-0275,2025-01-31,SASSO (Dual-Purpose),200.0,BATCH-202501-149
ORD-002456,AGT-0275,2025-07-14,SASSO (Dual-Purpose),500.0,BATCH-202507-105
ORD-002457,AGT-0275,2025-10-09,SASSO (Dual-Purpose),100.0,BATCH-202510-679
ORD-002458,AGT-0276,2025-11-03,Bovans Brown (Layer),200.0,BATCH-202511-512
ORD-002459,AGT-0276,2025-08-16,SASSO (Dual-Purpose),100.0,BATCH-202508-386
ORD-002460,AGT-0276,2025-12-06,SASSO (Dual-Purpose),200.0,BATCH-202512-928
ORD-002461,AGT-0276,2025-08-14,SASSO (Dual-Purpose),500.0,BATCH-202508-194
ORD-002462,AGT-0276,2025-01-23,SASSO (Dual-Purpose),500.0,BATCH-202501-513
ORD-002463,AGT-0276,2025-05-19,Bovans Brown (Layer),300.0,BATCH-202505-771
ORD-002464,AGT-0276,2025-07-11,Bovans Brown (Layer),200.0,BATCH-202507-860
ORD-002465,AGT-0277,2025-05-05,SASSO (Dual-Purpose),200.0,BATCH-202505-689
ORD-002466,AGT-0277,2025-02-23,SASSO (Dual-Purpose),200.0,BATCH-202502-248
ORD-002467,AGT-0277,2025-10-15,SASSO (Dual-Purpose),200.0,BATCH-202510-148
ORD-002468,AGT-0277,2025-12-30,SASSO (Dual-Purpose),500.0,BATCH-202512-411
ORD-002469,AGT-0277,2025-04-25,SASSO (Dual-Purpose),200.0,BATCH-202504-108
ORD-002470,AGT-0277,2025-11-07,SASSO (Dual-Purpose),100.0,BATCH-202511-655
ORD-002471,AGT-0277,2025-12-21,SASSO (Dual-Purpose),200.0,BATCH-202512-989
ORD-002472,AGT-0277,2025-12-07,SASSO (Dual-Purpose),200.0,BATCH-202512-521
ORD-002473,AGT-0278,2025-04-30,SASSO (Dual-Purpose),100.0,BATCH-202504-843
ORD-002474,AGT-0278,2025-10-09,SASSO (Dual-Purpose),300.0,BATCH-202510-442
ORD-002475,AGT-0278,2025-07-17,SASSO (Dual-Purpose),200.0,BATCH-202507-441
ORD-002477,AGT-0278,2025-05-17,Bovans Brown (Layer),200.0,BATCH-202505-222
ORD-002478,AGT-0278,2025-09-30,SASSO (Dual-Purpose),300.0,BATCH-202509-414
ORD-002479,AGT-0278,2025-12-26,SASSO (Dual-Purpose),100.0,BATCH-202512-555
ORD-002480,AGT-0278,2025-06-01,Bovans Brown (Layer),500.0,BATCH-202506-690
ORD-002481,AGT-0279,2025-08-04,SASSO (Dual-Purpose),200.0,BATCH-202508-474
ORD-002482,AGT-0279,2025-05-03,Bovans Brown (Layer),500.0,BATCH-202505-596
ORD-002483,AGT-0279,2025-10-13,SASSO (Dual-Purpose),100.0,BATCH-202510-436
ORD-002484,AGT-0279,2025-01-07,SASSO (Dual-Purpose),1000.0,BATCH-202501-142
ORD-002485,AGT-0279,2025-12-24,SASSO (Dual-Purpose),500.0,BATCH-202512-477
ORD-002486,AGT-0279,2025-06-17,SASSO (Dual-Purpose),200.0,BATCH-202506-236
ORD-002487,AGT-0280,2025-01-04,SASSO (Dual-Purpose),500.0,BATCH-202501-169
ORD-002488,AGT-0280,2025-10-13,SASSO (Dual-Purpose),300.0,BATCH-202510-779
ORD-002489,AGT-0280,2025-05-13,SASSO (Dual-Purpose),200.0,BATCH-202505-699
ORD-002490,AGT-0280,2025-12-07,SASSO (Dual-Purpose),200.0,BATCH-202512-726
ORD-002491,AGT-0280,2025-04-30,Bovans Brown (Layer),1000.0,BATCH-202504-413
ORD-002492,AGT-0280,2025-08-12,SASSO (Dual-Purpose),200.0,BATCH-202508-678
ORD-002493,AGT-0280,2025-06-23,SASSO (Dual-Purpose),1000.0,BATCH-202506-765
ORD-002494,AGT-0280,2025-09-12,SASSO (Dual-Purpose),300.0,BATCH-202509-159
ORD-002495,AGT-0280,2025-09-16,SASSO (Dual-Purpose),300.0,BATCH-202509-439
ORD-002496,AGT-0281,2025-08-10,SASSO (Dual-Purpose),200.0,BATCH-202508-158
ORD-002497,AGT-0281,2025-02-20,Bovans Brown (Layer),300.0,BATCH-202502-717
ORD-002498,AGT-0281,2025-12-01,SASSO (Dual-Purpose),200.0,BATCH-202512-819
ORD-002499,AGT-0281,2025-07-25,SASSO (Dual-Purpose),1000.0,BATCH-202507-938
ORD-002501,AGT-0281,2025-12-01,SASSO (Dual-Purpose),100.0,BATCH-202512-562
ORD-002502,AGT-0281,2025-08-04,SASSO (Dual-Purpose),1000.0,BATCH-202508-305
ORD-002503,AGT-0281,2025-01-19,SASSO (Dual-Purpose),500.0,BATCH-202501-239
ORD-002504,AGT-0281,2025-08-30,SASSO (Dual-Purpose),200.0,BATCH-202508-239
ORD-002505,AGT-0281,2025-02-21,SASSO (Dual-Purpose),300.0,BATCH-202502-706
ORD-002506,AGT-0282,2025-04-05,SASSO (Dual-Purpose),100.0,BATCH-202504-688
ORD-002507,AGT-0282,2025-07-10,SASSO (Dual-Purpose),200.0,BATCH-202507-514
ORD-002508,AGT-0282,2025-10-24,SASSO (Dual-Purpose),300.0,BATCH-202510-254
ORD-002509,AGT-0282,2025-04-16,SASSO (Dual-Purpose),200.0,BATCH-202504-585
ORD-002510,AGT-0282,2025-03-01,SASSO (Dual-Purpose),100.0,BATCH-202503-456
ORD-002511,AGT-0282,2025-09-30,SASSO (Dual-Purpose),100.0,BATCH-202509-769
ORD-002512,AGT-0282,2025-09-30,SASSO (Dual-Purpose),200.0,BATCH-202509-881
ORD-002513,AGT-0282,2025-07-22,SASSO (Dual-Purpose),100.0,BATCH-202507-544
ORD-002514,AGT-0282,2025-09-22,SASSO (Dual-Purpose),300.0,BATCH-202509-549
ORD-002515,AGT-0282,2025-04-28,SASSO (Dual-Purpose),200.0,BATCH-202504-489
ORD-002516,AGT-0282,2025-08-20,SASSO (Dual-Purpose),200.0,BATCH-202508-973
ORD-002517,AGT-0283,2025-06-08,SASSO (Dual-Purpose),300.0,BATCH-202506-188
ORD-002518,AGT-0283,2025-12-12,Bovans Brown (Layer),500.0,BATCH-202512-934
ORD-002519,AGT-0283,2025-12-17,SASSO (Dual-Purpose),200.0,BATCH-202512-400
ORD-002520,AGT-0283,2025-06-23,Bovans Brown (Layer),300.0,BATCH-202506-899
ORD-002521,AGT-0283,2025-03-11,Bovans Brown (Layer),200.0,BATCH-202503-248
ORD-002522,AGT-0283,2025-03-13,Bovans Brown (Layer),100.0,BATCH-202503-951
ORD-002523,AGT-0283,2025-06-30,SASSO (Dual-Purpose),300.0,BATCH-202506-206
ORD-002524,AGT-0284,2025-05-20,SASSO (Dual-Purpose),1000.0,BATCH-202505-955
ORD-002525,AGT-0284,2025-05-12,SASSO (Dual-Purpose),200.0,BATCH-202505-234
ORD-002526,AGT-0284,2025-08-29,SASSO (Dual-Purpose),200.0,BATCH-202508-719
ORD-002527,AGT-0284,2025-12-20,Bovans Brown (Layer),200.0,BATCH-202512-502
ORD-002528,AGT-0284,2025-02-17,SASSO (Dual-Purpose),300.0,BATCH-202502-852
ORD-002529,AGT-0284,2025-01-21,Bovans Brown (Layer),100.0,BATCH-202501-926
ORD-002530,AGT-0284,2025-02-27,SASSO (Dual-Purpose),100.0,BATCH-202502-850
ORD-002531,AGT-0285,2025-04-15,SASSO (Dual-Purpose),200.0,BATCH-202504-228
ORD-002532,AGT-0285,2025-08-23,SASSO (Dual-Purpose),200.0,BATCH-202508-685
ORD-002533,AGT-0285,2025-05-05,SASSO (Dual-Purpose),100.0,BATCH-202505-621
ORD-002534,AGT-0285,2025-06-16,SASSO (Dual-Purpose),200.0,BATCH-202506-588
ORD-002535,AGT-0285,2025-02-12,Bovans Brown (Layer),200.0,BATCH-202502-214
ORD-002536,AGT-0285,2025-01-08,SASSO (Dual-Purpose),500.0,BATCH-202501-833
ORD-002537,AGT-0285,2025-11-24,SASSO (Dual-Purpose),200.0,BATCH-202511-870
ORD-002538,AGT-0285,2025-07-17,SASSO (Dual-Purpose),300.0,BATCH-202507-690
ORD-002539,AGT-0285,2025-07-20,Bovans Brown (Layer),100.0,BATCH-202507-603
ORD-002540,AGT-0285,2025-08-28,SASSO (Dual-Purpose),500.0,BATCH-202508-415
ORD-002541,AGT-0285,2025-05-17,Bovans Brown (Layer),200.0,BATCH-202505-805
ORD-002542,AGT-0286,2025-08-18,SASSO (Dual-Purpose),200.0,BATCH-202508-158
ORD-002543,AGT-0286,2025-10-23,Bovans Brown (Layer),100.0,BATCH-202510-765
ORD-002544,AGT-0286,2025-02-23,SASSO (Dual-Purpose),100.0,BATCH-202502-685
ORD-002545,AGT-0286,2025-05-01,Bovans Brown (Layer),300.0,BATCH-202505-879
ORD-002546,AGT-0286,2025-07-30,SASSO (Dual-Purpose),200.0,BATCH-202507-397
ORD-002547,AGT-0286,2025-02-27,SASSO (Dual-Purpose),200.0,BATCH-202502-204
ORD-002548,AGT-0286,2025-11-26,SASSO (Dual-Purpose),200.0,BATCH-202511-283
ORD-002549,AGT-0286,2025-01-06,SASSO (Dual-Purpose),1000.0,BATCH-202501-925
ORD-002550,AGT-0287,2025-02-25,SASSO (Dual-Purpose),200.0,BATCH-202502-482
ORD-002551,AGT-0287,2025-07-25,Bovans Brown (Layer),500.0,BATCH-202507-330
ORD-002552,AGT-0287,2025-08-22,SASSO (Dual-Purpose),1000.0,BATCH-202508-854
ORD-002554,AGT-0287,2025-10-30,Bovans Brown (Layer),300.0,BATCH-202510-894
ORD-002555,AGT-0287,2025-09-06,SASSO (Dual-Purpose),200.0,BATCH-202509-378
ORD-002556,AGT-0287,2025-05-09,Bovans Brown (Layer),200.0,BATCH-202505-273
ORD-002557,AGT-0287,2025-04-25,Bovans Brown (Layer),200.0,BATCH-202504-756
ORD-002558,AGT-0287,2025-02-07,SASSO (Dual-Purpose),300.0,BATCH-202502-738
ORD-002559,AGT-0287,2025-07-27,SASSO (Dual-Purpose),200.0,BATCH-202507-942
ORD-002560,AGT-0287,2025-01-26,SASSO (Dual-Purpose),1000.0,BATCH-202501-636
ORD-002561,AGT-0288,2025-12-20,SASSO (Dual-Purpose),200.0,BATCH-202512-771
ORD-002562,AGT-0288,2025-08-10,SASSO (Dual-Purpose),500.0,BATCH-202508-651
ORD-002563,AGT-0288,2025-04-30,Bovans Brown (Layer),100.0,BATCH-202504-351
ORD-002564,AGT-0288,2025-09-25,SASSO (Dual-Purpose),100.0,BATCH-202509-834
ORD-002566,AGT-0288,2025-12-08,SASSO (Dual-Purpose),100.0,BATCH-202512-607
ORD-002567,AGT-0288,2025-01-13,SASSO (Dual-Purpose),100.0,BATCH-202501-357
ORD-002568,AGT-0289,2025-04-07,SASSO (Dual-Purpose),200.0,BATCH-202504-728
ORD-002569,AGT-0289,2025-03-30,SASSO (Dual-Purpose),200.0,BATCH-202503-137
ORD-002570,AGT-0289,2025-09-09,SASSO (Dual-Purpose),100.0,BATCH-202509-179
ORD-002571,AGT-0289,2025-03-12,SASSO (Dual-Purpose),100.0,BATCH-202503-324
ORD-002572,AGT-0289,2025-02-16,SASSO (Dual-Purpose),200.0,BATCH-202502-166
ORD-002573,AGT-0289,2025-10-07,Bovans Brown (Layer),500.0,BATCH-202510-346
ORD-002574,AGT-0289,2025-11-28,SASSO (Dual-Purpose),100.0,BATCH-202511-181
ORD-002575,AGT-0289,2025-11-21,SASSO (Dual-Purpose),300.0,BATCH-202511-738
ORD-002576,AGT-0289,2025-09-01,SASSO (Dual-Purpose),200.0,BATCH-202509-864
ORD-002577,AGT-0289,2025-12-14,Bovans Brown (Layer),200.0,BATCH-202512-231
ORD-002578,AGT-0290,2025-02-12,SASSO (Dual-Purpose),500.0,BATCH-202502-287
ORD-002579,AGT-0290,2025-08-16,SASSO (Dual-Purpose),200.0,BATCH-202508-735
ORD-002581,AGT-0290,2025-09-06,SASSO (Dual-Purpose),500.0,BATCH-202509-683
ORD-002582,AGT-0290,2025-03-22,SASSO (Dual-Purpose),300.0,BATCH-202503-895
ORD-002583,AGT-0290,2025-10-08,Bovans Brown (Layer),500.0,BATCH-202510-234
ORD-002584,AGT-0290,2025-08-15,SASSO (Dual-Purpose),300.0,BATCH-202508-954
ORD-002585,AGT-0290,2025-09-03,SASSO (Dual-Purpose),200.0,BATCH-202509-156
ORD-002586,AGT-0290,2025-09-22,SASSO (Dual-Purpose),200.0,BATCH-202509-908
ORD-002588,AGT-0290,2025-11-04,SASSO (Dual-Purpose),200.0,BATCH-202511-346
ORD-002589,AGT-0291,2025-07-29,SASSO (Dual-Purpose),200.0,BATCH-202507-813
ORD-002590,AGT-0291,2025-09-12,Bovans Brown (Layer),1000.0,BATCH-202509-624
ORD-002591,AGT-0291,2025-03-28,SASSO (Dual-Purpose),300.0,BATCH-202503-932
ORD-002592,AGT-0291,2025-05-15,SASSO (Dual-Purpose),300.0,BATCH-202505-479
ORD-002593,AGT-0291,2025-02-13,SASSO (Dual-Purpose),200.0,BATCH-202502-501
ORD-002594,AGT-0291,2025-03-12,SASSO (Dual-Purpose),300.0,BATCH-202503-867
ORD-002595,AGT-0291,2025-05-20,SASSO (Dual-Purpose),200.0,BATCH-202505-633
ORD-002596,AGT-0291,2025-02-02,Bovans Brown (Layer),200.0,BATCH-202502-723
ORD-002597,AGT-0291,2025-04-28,SASSO (Dual-Purpose),200.0,BATCH-202504-632
ORD-002598,AGT-0291,2025-05-30,SASSO (Dual-Purpose),300.0,BATCH-202505-416
ORD-002599,AGT-0291,2025-09-07,SASSO (Dual-Purpose),300.0,BATCH-202509-199
ORD-002600,AGT-0292,2025-04-06,Bovans Brown (Layer),200.0,BATCH-202504-414
ORD-002601,AGT-0292,2025-04-29,SASSO (Dual-Purpose),300.0,BATCH-202504-456
ORD-002602,AGT-0292,2025-03-21,SASSO (Dual-Purpose),300.0,BATCH-202503-402
ORD-002603,AGT-0292,2025-11-08,Bovans Brown (Layer),200.0,BATCH-202511-655
ORD-002604,AGT-0292,2025-10-28,SASSO (Dual-Purpose),100.0,BATCH-202510-758
ORD-002605,AGT-0292,2025-05-21,SASSO (Dual-Purpose),300.0,BATCH-202505-840
ORD-002606,AGT-0292,2025-02-18,SASSO (Dual-Purpose),200.0,BATCH-202502-146
ORD-002618,AGT-0294,2025-04-09,SASSO (Dual-Purpose),200.0,BATCH-202504-425
ORD-002619,AGT-0294,2025-06-09,Bovans Brown (Layer),200.0,BATCH-202506-681
ORD-002620,AGT-0294,2025-12-02,SASSO (Dual-Purpose),1000.0,BATCH-202512-654
ORD-002621,AGT-0294,2025-03-27,SASSO (Dual-Purpose),300.0,BATCH-202503-729
ORD-002622,AGT-0294,2025-07-05,SASSO (Dual-Purpose),200.0,BATCH-202507-724
ORD-002623,AGT-0294,2025-09-01,SASSO (Dual-Purpose),500.0,BATCH-202509-258
ORD-002624,AGT-0294,2025-05-21,SASSO (Dual-Purpose),300.0,BATCH-202505-513
ORD-002626,AGT-0295,2025-05-03,Bovans Brown (Layer),300.0,BATCH-202505-921
ORD-002627,AGT-0295,2025-09-18,SASSO (Dual-Purpose),100.0,BATCH-202509-935
ORD-002628,AGT-0295,2025-05-26,SASSO (Dual-Purpose),100.0,BATCH-202505-628
ORD-002629,AGT-0295,2025-02-07,SASSO (Dual-Purpose),200.0,BATCH-202502-525
ORD-002630,AGT-0295,2025-01-09,Bovans Brown (Layer),200.0,BATCH-202501-806
ORD-002631,AGT-0296,2025-09-21,SASSO (Dual-Purpose),300.0,BATCH-202509-907
ORD-002632,AGT-0296,2025-07-06,SASSO (Dual-Purpose),100.0,BATCH-202507-925
ORD-002633,AGT-0296,2025-09-15,SASSO (Dual-Purpose),100.0,BATCH-202509-539
ORD-002634,AGT-0296,2025-06-24,SASSO (Dual-Purpose),300.0,BATCH-202506-967
ORD-002635,AGT-0296,2025-08-19,SASSO (Dual-Purpose),200.0,BATCH-202508-863
ORD-002636,AGT-0296,2025-11-15,SASSO (Dual-Purpose),300.0,BATCH-202511-696
ORD-002637,AGT-0296,2025-09-04,Bovans Brown (Layer),200.0,BATCH-202509-202
ORD-002638,AGT-0296,2025-01-06,SASSO (Dual-Purpose),200.0,BATCH-202501-345
ORD-002639,AGT-0296,2025-11-03,SASSO (Dual-Purpose),100.0,BATCH-202511-672
ORD-002640,AGT-0297,2025-04-05,SASSO (Dual-Purpose),300.0,BATCH-202504-434
ORD-002641,AGT-0297,2025-11-02,SASSO (Dual-Purpose),300.0,BATCH-202511-623
ORD-002642,AGT-0297,2025-12-07,SASSO (Dual-Purpose),100.0,BATCH-202512-568
ORD-002643,AGT-0297,2025-09-18,SASSO (Dual-Purpose),200.0,BATCH-202509-867
ORD-002644,AGT-0297,2025-12-19,Bovans Brown (Layer),100.0,BATCH-202512-922
ORD-002645,AGT-0297,2025-02-21,SASSO (Dual-Purpose),200.0,BATCH-202502-574
ORD-002646,AGT-0298,2025-01-07,SASSO (Dual-Purpose),100.0,BATCH-202501-256
ORD-002647,AGT-0298,2025-04-24,SASSO (Dual-Purpose),200.0,BATCH-202504-656
ORD-002648,AGT-0298,2025-05-14,SASSO (Dual-Purpose),200.0,BATCH-202505-745
ORD-002649,AGT-0298,2025-11-26,Bovans Brown (Layer),200.0,BATCH-202511-396
ORD-002650,AGT-0298,2025-12-23,SASSO (Dual-Purpose),300.0,BATCH-202512-119
ORD-002651,AGT-0298,2025-12-23,Bovans Brown (Layer),200.0,BATCH-202512-469
ORD-002652,AGT-0298,2025-07-22,Bovans Brown (Layer),200.0,BATCH-202507-621
ORD-002653,AGT-0298,2025-11-13,SASSO (Dual-Purpose),200.0,BATCH-202511-510
ORD-002654,AGT-0298,2025-11-11,SASSO (Dual-Purpose),300.0,BATCH-202511-934
ORD-002655,AGT-0298,2025-10-29,SASSO (Dual-Purpose),200.0,BATCH-202510-605
ORD-002657,AGT-0299,2025-04-11,SASSO (Dual-Purpose),100.0,BATCH-202504-372
ORD-002658,AGT-0299,2025-08-04,SASSO (Dual-Purpose),200.0,BATCH-202508-854
ORD-002659,AGT-0299,2025-04-13,SASSO (Dual-Purpose),300.0,BATCH-202504-862
ORD-002660,AGT-0299,2025-03-17,SASSO (Dual-Purpose),200.0,BATCH-202503-572
ORD-002661,AGT-0299,2025-10-05,SASSO (Dual-Purpose),500.0,BATCH-202510-989
ORD-002662,AGT-0299,2025-10-02,SASSO (Dual-Purpose),200.0,BATCH-202510-943
ORD-002663,AGT-0299,2025-07-25,SASSO (Dual-Purpose),300.0,BATCH-202507-397
ORD-002665,AGT-0300,2025-07-04,SASSO (Dual-Purpose),500.0,BATCH-202507-788
ORD-002666,AGT-0300,2025-03-18,SASSO (Dual-Purpose),500.0,BATCH-202503-190
ORD-002667,AGT-0300,2025-04-28,SASSO (Dual-Purpose),200.0,BATCH-202504-487
ORD-002668,AGT-0300,2025-08-28,SASSO (Dual-Purpose),1000.0,BATCH-202508-959
ORD-002669,AGT-0300,2025-04-09,Bovans Brown (Layer),200.0,
ORD-002671,AGT-0300,2025-06-04,Bovans Brown (Layer),500.0,BATCH-202506-822
ORD-002672,AGT-0300,2025-09-23,SASSO (Dual-Purpose),500.0,BATCH-202509-948
ORD-002673,AGT-0301,2025-03-02,SASSO (Dual-Purpose),300.0,BATCH-202503-143
ORD-002674,AGT-0301,2025-01-25,SASSO (Dual-Purpose),500.0,BATCH-202501-273
ORD-002675,AGT-0301,2025-03-15,SASSO (Dual-Purpose),200.0,
ORD-002676,AGT-0301,2025-07-08,SASSO (Dual-Purpose),300.0,BATCH-202507-292
ORD-002677,AGT-0301,2025-10-05,SASSO (Dual-Purpose),100.0,BATCH-202510-594
ORD-002678,AGT-0301,2025-06-08,Bovans Brown (Layer),300.0,BATCH-202506-758
ORD-002679,AGT-0301,2025-07-23,SASSO (Dual-Purpose),200.0,BATCH-202507-988
ORD-002680,AGT-0302,2025-06-29,SASSO (Dual-Purpose),100.0,BATCH-202506-324
ORD-002682,AGT-0302,2025-07-18,SASSO (Dual-Purpose),200.0,BATCH-202507-827
ORD-002683,AGT-0302,2025-09-05,Bovans Brown (Layer),200.0,BATCH-202509-188
ORD-002684,AGT-0302,2025-05-11,SASSO (Dual-Purpose),300.0,BATCH-202505-204
ORD-002685,AGT-0302,2025-04-27,SASSO (Dual-Purpose),200.0,BATCH-202504-607
ORD-002686,AGT-0302,2025-03-17,SASSO (Dual-Purpose),300.0,BATCH-202503-659
ORD-002687,AGT-0302,2025-07-28,SASSO (Dual-Purpose),300.0,BATCH-202507-118
ORD-002688,AGT-0302,2025-09-12,SASSO (Dual-Purpose),200.0,BATCH-202509-431
ORD-002689,AGT-0302,2025-03-16,SASSO (Dual-Purpose),500.0,BATCH-202503-618
ORD-002690,AGT-0302,2025-09-23,SASSO (Dual-Purpose),200.0,BATCH-202509-382
ORD-002691,AGT-0302,2025-01-16,SASSO (Dual-Purpose),300.0,BATCH-202501-510
ORD-002692,AGT-0303,2025-08-10,SASSO (Dual-Purpose),1000.0,BATCH-202508-272
ORD-002693,AGT-0303,2025-10-10,SASSO (Dual-Purpose),200.0,BATCH-202510-939
ORD-002694,AGT-0303,2025-09-09,SASSO (Dual-Purpose),200.0,BATCH-202509-539
ORD-002696,AGT-0303,2025-08-27,SASSO (Dual-Purpose),200.0,BATCH-202508-516
ORD-002697,AGT-0303,2025-05-13,Bovans Brown (Layer),200.0,BATCH-202505-730
ORD-002698,AGT-0303,2025-12-15,SASSO (Dual-Purpose),300.0,BATCH-202512-941
ORD-002699,AGT-0303,2025-06-06,Bovans Brown (Layer),300.0,BATCH-202506-946
ORD-002700,AGT-0303,2025-09-08,SASSO (Dual-Purpose),1000.0,BATCH-202509-740
ORD-002701,AGT-0304,2025-08-18,SASSO (Dual-Purpose),100.0,BATCH-202508-641
ORD-002702,AGT-0304,2025-04-16,SASSO (Dual-Purpose),200.0,BATCH-202504-450
ORD-002703,AGT-0304,2025-08-04,Bovans Brown (Layer),100.0,BATCH-202508-738
ORD-002704,AGT-0304,2025-05-07,SASSO (Dual-Purpose),500.0,BATCH-202505-957
ORD-002705,AGT-0304,2025-03-24,Bovans Brown (Layer),100.0,BATCH-202503-579
ORD-002706,AGT-0304,2025-06-04,SASSO (Dual-Purpose),300.0,BATCH-202506-266
ORD-002707,AGT-0304,2025-08-09,SASSO (Dual-Purpose),200.0,BATCH-202508-638
ORD-002709,AGT-0304,2025-01-09,SASSO (Dual-Purpose),500.0,BATCH-202501-566
ORD-002710,AGT-0305,2025-08-09,Bovans Brown (Layer),300.0,BATCH-202508-176
ORD-002711,AGT-0305,2025-08-25,SASSO (Dual-Purpose),500.0,BATCH-202508-410
ORD-002712,AGT-0305,2025-03-24,SASSO (Dual-Purpose),100.0,BATCH-202503-488
ORD-002713,AGT-0305,2025-05-28,SASSO (Dual-Purpose),200.0,BATCH-202505-436
ORD-002714,AGT-0305,2025-07-26,SASSO (Dual-Purpose),200.0,BATCH-202507-235
ORD-002715,AGT-0305,2025-08-03,SASSO (Dual-Purpose),200.0,BATCH-202508-105
ORD-002716,AGT-0305,2025-10-18,SASSO (Dual-Purpose),100.0,BATCH-202510-418
ORD-002717,AGT-0305,2025-05-13,SASSO (Dual-Purpose),100.0,BATCH-202505-473
ORD-002718,AGT-0306,2025-07-01,SASSO (Dual-Purpose),200.0,BATCH-202507-217
ORD-002719,AGT-0306,2025-04-21,SASSO (Dual-Purpose),200.0,BATCH-202504-192
ORD-002720,AGT-0306,2025-12-27,SASSO (Dual-Purpose),200.0,BATCH-202512-945
ORD-002721,AGT-0306,2025-01-06,SASSO (Dual-Purpose),300.0,BATCH-202501-608
ORD-002722,AGT-0306,2025-02-02,Bovans Brown (Layer),300.0,BATCH-202502-594
ORD-002723,AGT-0306,2025-11-10,SASSO (Dual-Purpose),100.0,BATCH-202511-237
ORD-002724,AGT-0306,2025-01-12,SASSO (Dual-Purpose),300.0,BATCH-202501-510
ORD-002725,AGT-0306,2025-02-26,Bovans Brown (Layer),300.0,BATCH-202502-286
ORD-002726,AGT-0306,2025-04-12,SASSO (Dual-Purpose),200.0,BATCH-202504-897
ORD-002727,AGT-0306,2025-08-03,SASSO (Dual-Purpose),300.0,BATCH-202508-235
ORD-002728,AGT-0306,2025-01-13,SASSO (Dual-Purpose),1000.0,BATCH-202501-203
ORD-002729,AGT-0307,2025-07-21,SASSO (Dual-Purpose),200.0,BATCH-202507-937
ORD-002730,AGT-0307,2025-07-31,SASSO (Dual-Purpose),300.0,BATCH-202507-980
ORD-002731,AGT-0307,2025-07-16,Bovans Brown (Layer),100.0,BATCH-202507-775
ORD-002732,AGT-0307,2025-09-23,SASSO (Dual-Purpose),200.0,BATCH-202509-611
ORD-002733,AGT-0307,2025-09-30,SASSO (Dual-Purpose),300.0,BATCH-202509-509
ORD-002734,AGT-0307,2025-04-17,SASSO (Dual-Purpose),100.0,BATCH-202504-602
ORD-002735,AGT-0307,2025-03-09,SASSO (Dual-Purpose),200.0,BATCH-202503-429
ORD-002736,AGT-0308,2025-06-02,SASSO (Dual-Purpose),1000.0,BATCH-202506-896
ORD-002737,AGT-0308,2025-01-07,SASSO (Dual-Purpose),200.0,BATCH-202501-583
ORD-002738,AGT-0308,2025-06-30,SASSO (Dual-Purpose),1000.0,BATCH-202506-204
ORD-002739,AGT-0308,2025-10-01,SASSO (Dual-Purpose),100.0,BATCH-202510-159
ORD-002740,AGT-0308,2025-05-23,SASSO (Dual-Purpose),100.0,BATCH-202505-667
ORD-002741,AGT-0308,2025-05-08,SASSO (Dual-Purpose),200.0,BATCH-202505-862
ORD-002742,AGT-0308,2025-02-14,SASSO (Dual-Purpose),200.0,BATCH-202502-837
ORD-002743,AGT-0308,2025-08-20,SASSO (Dual-Purpose),300.0,BATCH-202508-306
ORD-002744,AGT-0308,2025-06-03,SASSO (Dual-Purpose),300.0,BATCH-202506-910
ORD-002745,AGT-0309,2025-10-31,SASSO (Dual-Purpose),200.0,BATCH-202510-694
ORD-002746,AGT-0309,2025-12-13,SASSO (Dual-Purpose),100.0,BATCH-202512-509
ORD-002747,AGT-0309,2025-07-26,SASSO (Dual-Purpose),200.0,BATCH-202507-110
ORD-002748,AGT-0309,2025-04-25,SASSO (Dual-Purpose),200.0,BATCH-202504-118
ORD-002749,AGT-0309,2025-08-19,SASSO (Dual-Purpose),100.0,BATCH-202508-611
ORD-002751,AGT-0309,2025-12-16,SASSO (Dual-Purpose),200.0,BATCH-202512-240
ORD-002752,AGT-0309,2025-11-17,SASSO (Dual-Purpose),200.0,BATCH-202511-912
ORD-002753,AGT-0309,2025-01-21,SASSO (Dual-Purpose),500.0,BATCH-202501-396
ORD-002754,AGT-0309,2025-08-01,Bovans Brown (Layer),100.0,BATCH-202508-537
ORD-002755,AGT-0310,2025-04-12,SASSO (Dual-Purpose),100.0,BATCH-202504-616
ORD-002756,AGT-0310,2025-12-23,SASSO (Dual-Purpose),1000.0,BATCH-202512-395
ORD-002757,AGT-0310,2025-05-16,SASSO (Dual-Purpose),200.0,BATCH-202505-986
ORD-002758,AGT-0310,2025-08-21,SASSO (Dual-Purpose),200.0,BATCH-202508-715
ORD-002759,AGT-0310,2025-11-02,SASSO (Dual-Purpose),200.0,BATCH-202511-982
ORD-002760,AGT-0310,2025-01-30,SASSO (Dual-Purpose),200.0,BATCH-202501-673
ORD-002761,AGT-0310,2025-11-28,SASSO (Dual-Purpose),300.0,BATCH-202511-714
ORD-002762,AGT-0310,2025-08-21,SASSO (Dual-Purpose),300.0,BATCH-202508-780
ORD-002763,AGT-0310,2025-03-07,SASSO (Dual-Purpose),300.0,BATCH-202503-339
ORD-002764,AGT-0310,2025-05-09,SASSO (Dual-Purpose),200.0,BATCH-202505-441
ORD-002765,AGT-0310,2025-07-17,SASSO (Dual-Purpose),200.0,BATCH-202507-594
ORD-002766,AGT-0310,2025-07-02,Bovans Brown (Layer),100.0,BATCH-202507-549
ORD-002767,AGT-0311,2025-07-26,SASSO (Dual-Purpose),200.0,BATCH-202507-609
ORD-002768,AGT-0311,2025-08-25,Bovans Brown (Layer),100.0,BATCH-202508-182
ORD-002769,AGT-0311,2025-09-29,SASSO (Dual-Purpose),300.0,BATCH-202509-760
ORD-002770,AGT-0311,2025-12-27,SASSO (Dual-Purpose),200.0,BATCH-202512-630
ORD-002771,AGT-0311,2025-03-09,SASSO (Dual-Purpose),500.0,BATCH-202503-530
ORD-002772,AGT-0311,2025-11-21,SASSO (Dual-Purpose),200.0,BATCH-202511-223
ORD-002773,AGT-0311,2025-07-13,SASSO (Dual-Purpose),300.0,BATCH-202507-215
ORD-002774,AGT-0311,2025-02-04,Bovans Brown (Layer),200.0,BATCH-202502-591
ORD-002775,AGT-0311,2025-04-02,SASSO (Dual-Purpose),200.0,BATCH-202504-747
ORD-002776,AGT-0311,2025-02-06,SASSO (Dual-Purpose),300.0,BATCH-202502-514
ORD-002777,AGT-0312,2025-03-16,SASSO (Dual-Purpose),1000.0,BATCH-202503-204
ORD-002778,AGT-0312,2025-08-18,SASSO (Dual-Purpose),200.0,BATCH-202508-473
ORD-002779,AGT-0312,2025-01-07,SASSO (Dual-Purpose),200.0,BATCH-202501-978
ORD-002780,AGT-0312,2025-12-30,SASSO (Dual-Purpose),300.0,BATCH-202512-561
ORD-002781,AGT-0312,2025-03-25,Bovans Brown (Layer),300.0,BATCH-202503-798
ORD-002782,AGT-0312,2025-03-16,SASSO (Dual-Purpose),100.0,BATCH-202503-486
ORD-002783,AGT-0312,2025-01-20,Bovans Brown (Layer),200.0,BATCH-202501-963
ORD-002784,AGT-0312,2025-10-19,SASSO (Dual-Purpose),300.0,BATCH-202510-832
ORD-002785,AGT-0312,2025-12-28,SASSO (Dual-Purpose),100.0,BATCH-202512-694
ORD-002786,AGT-0312,2025-10-03,SASSO (Dual-Purpose),300.0,BATCH-202510-763
ORD-002787,AGT-0312,2025-03-16,SASSO (Dual-Purpose),100.0,BATCH-202503-248
ORD-002788,AGT-0313,2025-07-01,SASSO (Dual-Purpose),300.0,BATCH-202507-655
ORD-002789,AGT-0313,2025-01-02,SASSO (Dual-Purpose),500.0,BATCH-202501-863
ORD-002790,AGT-0313,2025-04-26,Bovans Brown (Layer),300.0,BATCH-202504-880
ORD-002791,AGT-0313,2025-06-06,SASSO (Dual-Purpose),500.0,BATCH-202506-256
ORD-002792,AGT-0313,2025-09-20,SASSO (Dual-Purpose),300.0,BATCH-202509-955
ORD-002793,AGT-0313,2025-11-02,SASSO (Dual-Purpose),1000.0,BATCH-202511-759
ORD-002794,AGT-0313,2025-07-31,SASSO (Dual-Purpose),300.0,BATCH-202507-348
ORD-002795,AGT-0313,2025-12-27,SASSO (Dual-Purpose),1000.0,BATCH-202512-197
ORD-002796,AGT-0313,2025-11-30,SASSO (Dual-Purpose),300.0,BATCH-202511-522
ORD-002797,AGT-0313,2025-04-29,Bovans Brown (Layer),100.0,BATCH-202504-728
ORD-002798,AGT-0313,2025-10-18,SASSO (Dual-Purpose),300.0,BATCH-202510-872
ORD-002799,AGT-0313,2025-07-06,SASSO (Dual-Purpose),200.0,BATCH-202507-280
ORD-002801,AGT-0314,2025-12-06,SASSO (Dual-Purpose),200.0,BATCH-202512-876
ORD-002802,AGT-0314,2025-02-12,Bovans Brown (Layer),100.0,BATCH-202502-825
ORD-002803,AGT-0314,2025-04-17,SASSO (Dual-Purpose),100.0,BATCH-202504-600
ORD-002804,AGT-0314,2025-03-07,SASSO (Dual-Purpose),200.0,BATCH-202503-636
ORD-002805,AGT-0314,2025-10-23,SASSO (Dual-Purpose),100.0,BATCH-202510-318
ORD-002806,AGT-0314,2025-03-17,SASSO (Dual-Purpose),200.0,BATCH-202503-806
ORD-002807,AGT-0314,2025-10-05,Bovans Brown (Layer),500.0,BATCH-202510-941
ORD-002808,AGT-0314,2025-01-20,SASSO (Dual-Purpose),200.0,BATCH-202501-634
ORD-002809,AGT-0314,2025-06-03,Bovans Brown (Layer),200.0,BATCH-202506-988
ORD-002810,AGT-0315,2025-12-01,SASSO (Dual-Purpose),300.0,BATCH-202512-810
ORD-002811,AGT-0315,2025-10-06,SASSO (Dual-Purpose),300.0,BATCH-202510-569
ORD-002812,AGT-0315,2025-05-22,SASSO (Dual-Purpose),100.0,BATCH-202505-384
ORD-002813,AGT-0315,2025-03-07,SASSO (Dual-Purpose),200.0,BATCH-202503-181
ORD-002814,AGT-0315,2025-08-26,Bovans Brown (Layer),500.0,BATCH-202508-442
ORD-002815,AGT-0315,2025-04-22,SASSO (Dual-Purpose),200.0,BATCH-202504-167
ORD-002816,AGT-0316,2025-08-26,SASSO (Dual-Purpose),500.0,BATCH-202508-470
ORD-002817,AGT-0316,2025-06-02,SASSO (Dual-Purpose),200.0,BATCH-202506-780
ORD-002818,AGT-0316,2025-02-17,Bovans Brown (Layer),500.0,BATCH-202502-338
ORD-002819,AGT-0316,2025-10-17,Bovans Brown (Layer),200.0,BATCH-202510-549
ORD-002820,AGT-0316,2025-11-03,SASSO (Dual-Purpose),200.0,BATCH-202511-903
ORD-002821,AGT-0316,2025-07-31,Bovans Brown (Layer),100.0,BATCH-202507-764
ORD-002822,AGT-0316,2025-07-16,SASSO (Dual-Purpose),200.0,BATCH-202507-115
ORD-002823,AGT-0317,2025-11-02,SASSO (Dual-Purpose),1000.0,BATCH-202511-934
ORD-002824,AGT-0317,2025-08-27,SASSO (Dual-Purpose),500.0,BATCH-202508-667
ORD-002825,AGT-0317,2025-10-19,SASSO (Dual-Purpose),300.0,BATCH-202510-693
ORD-002826,AGT-0317,2025-11-06,Bovans Brown (Layer),500.0,BATCH-202511-760
ORD-002827,AGT-0317,2025-04-05,SASSO (Dual-Purpose),100.0,BATCH-202504-507
ORD-002828,AGT-0317,2025-12-04,SASSO (Dual-Purpose),300.0,BATCH-202512-444
ORD-002829,AGT-0318,2025-04-01,SASSO (Dual-Purpose),100.0,BATCH-202504-768
ORD-002830,AGT-0318,2025-11-05,SASSO (Dual-Purpose),200.0,BATCH-202511-639
ORD-002831,AGT-0318,2025-10-08,SASSO (Dual-Purpose),500.0,BATCH-202510-524
ORD-002832,AGT-0318,2025-12-17,Bovans Brown (Layer),100.0,BATCH-202512-845
ORD-002833,AGT-0318,2025-05-11,SASSO (Dual-Purpose),500.0,BATCH-202505-699
ORD-002834,AGT-0318,2025-10-26,SASSO (Dual-Purpose),200.0,BATCH-202510-411
ORD-002835,AGT-0318,2025-11-24,SASSO (Dual-Purpose),300.0,BATCH-202511-982
ORD-002836,AGT-0318,2025-11-17,SASSO (Dual-Purpose),200.0,BATCH-202511-385
ORD-002837,AGT-0318,2025-08-10,SASSO (Dual-Purpose),200.0,BATCH-202508-542
ORD-002838,AGT-0318,2025-02-23,Bovans Brown (Layer),200.0,BATCH-202502-643
ORD-002839,AGT-0319,2025-05-04,SASSO (Dual-Purpose),1000.0,BATCH-202505-183
ORD-002840,AGT-0319,2025-08-09,SASSO (Dual-Purpose),200.0,BATCH-202508-345
ORD-002841,AGT-0319,2025-03-12,SASSO (Dual-Purpose),300.0,BATCH-202503-354
ORD-002842,AGT-0319,2025-08-21,Bovans Brown (Layer),200.0,BATCH-202508-821
ORD-002843,AGT-0319,2025-01-11,Bovans Brown (Layer),300.0,BATCH-202501-374
ORD-002844,AGT-0319,2025-04-06,Bovans Brown (Layer),500.0,BATCH-202504-755
ORD-002845,AGT-0319,2025-01-18,SASSO (Dual-Purpose),500.0,BATCH-202501-526
ORD-002846,AGT-0319,2025-09-26,SASSO (Dual-Purpose),200.0,BATCH-202509-944
ORD-002847,AGT-0320,2025-11-09,SASSO (Dual-Purpose),200.0,BATCH-202511-288
ORD-002848,AGT-0320,2025-10-13,SASSO (Dual-Purpose),100.0,BATCH-202510-903
ORD-002849,AGT-0320,2025-01-25,Bovans Brown (Layer),100.0,BATCH-202501-785
ORD-002850,AGT-0320,2025-05-08,Bovans Brown (Layer),300.0,BATCH-202505-921
ORD-002851,AGT-0320,2025-07-19,SASSO (Dual-Purpose),200.0,BATCH-202507-495
ORD-002852,AGT-0320,2025-12-09,SASSO (Dual-Purpose),100.0,BATCH-202512-415
ORD-002853,AGT-0320,2025-06-25,Bovans Brown (Layer),200.0,BATCH-202506-863
ORD-002854,AGT-0320,2025-10-22,SASSO (Dual-Purpose),200.0,BATCH-202510-827
ORD-002855,AGT-0320,2025-02-12,SASSO (Dual-Purpose),100.0,BATCH-202502-269
ORD-002856,AGT-0320,2025-05-29,Bovans Brown (Layer),100.0,BATCH-202505-401
ORD-002857,AGT-0321,2025-09-24,SASSO (Dual-Purpose),300.0,BATCH-202509-841
ORD-002858,AGT-0321,2025-03-02,SASSO (Dual-Purpose),100.0,BATCH-202503-974
ORD-002859,AGT-0321,2025-02-08,Bovans Brown (Layer),100.0,BATCH-202502-655
ORD-002860,AGT-0321,2025-10-19,SASSO (Dual-Purpose),200.0,BATCH-202510-466
ORD-002861,AGT-0321,2025-03-03,SASSO (Dual-Purpose),200.0,BATCH-202503-441
ORD-002862,AGT-0321,2025-04-13,SASSO (Dual-Purpose),300.0,BATCH-202504-490
ORD-002863,AGT-0321,2025-06-07,SASSO (Dual-Purpose),200.0,BATCH-202506-342
ORD-002864,AGT-0321,2025-08-03,SASSO (Dual-Purpose),200.0,BATCH-202508-790
ORD-002865,AGT-0321,2025-10-06,SASSO (Dual-Purpose),100.0,BATCH-202510-200
ORD-002866,AGT-0321,2025-09-24,Bovans Brown (Layer),200.0,
ORD-002868,AGT-0322,2025-11-27,SASSO (Dual-Purpose),200.0,BATCH-202511-567
ORD-002869,AGT-0322,2025-11-13,SASSO (Dual-Purpose),200.0,BATCH-202511-572
ORD-002870,AGT-0322,2025-04-19,SASSO (Dual-Purpose),300.0,BATCH-202504-883
ORD-002871,AGT-0322,2025-01-09,Bovans Brown (Layer),200.0,BATCH-202501-183
ORD-002872,AGT-0322,2025-04-12,SASSO (Dual-Purpose),200.0,BATCH-202504-991
ORD-002873,AGT-0322,2025-09-27,SASSO (Dual-Purpose),500.0,BATCH-202509-647
ORD-002874,AGT-0322,2025-09-12,Bovans Brown (Layer),200.0,BATCH-202509-979
ORD-002875,AGT-0322,2025-09-23,SASSO (Dual-Purpose),200.0,BATCH-202509-731
ORD-002876,AGT-0322,2025-08-10,SASSO (Dual-Purpose),300.0,BATCH-202508-169
ORD-002877,AGT-0322,2025-03-22,Bovans Brown (Layer),100.0,BATCH-202503-602
ORD-002878,AGT-0323,2025-01-05,SASSO (Dual-Purpose),500.0,BATCH-202501-505
ORD-002879,AGT-0323,2025-11-16,SASSO (Dual-Purpose),200.0,BATCH-202511-545
ORD-002880,AGT-0323,2025-09-16,Bovans Brown (Layer),300.0,BATCH-202509-325
ORD-002881,AGT-0323,2025-08-30,Bovans Brown (Layer),200.0,BATCH-202508-633
ORD-002882,AGT-0323,2025-08-20,SASSO (Dual-Purpose),200.0,BATCH-202508-239
ORD-002883,AGT-0323,2025-01-25,SASSO (Dual-Purpose),100.0,BATCH-202501-979
ORD-002884,AGT-0323,2025-08-12,SASSO (Dual-Purpose),100.0,BATCH-202508-247
ORD-002885,AGT-0323,2025-05-04,SASSO (Dual-Purpose),200.0,BATCH-202505-331
ORD-002886,AGT-0323,2025-10-09,SASSO (Dual-Purpose),100.0,BATCH-202510-814
ORD-002887,AGT-0323,2025-09-18,SASSO (Dual-Purpose),300.0,BATCH-202509-307
ORD-002889,AGT-0324,2025-09-12,SASSO (Dual-Purpose),300.0,BATCH-202509-505
ORD-002890,AGT-0324,2025-08-31,SASSO (Dual-Purpose),300.0,BATCH-202508-751
ORD-002891,AGT-0324,2025-06-27,SASSO (Dual-Purpose),300.0,
ORD-002892,AGT-0324,2025-09-18,SASSO (Dual-Purpose),300.0,BATCH-202509-599
ORD-002893,AGT-0324,2025-04-14,SASSO (Dual-Purpose),200.0,BATCH-202504-822
ORD-002894,AGT-0325,2025-06-19,Bovans Brown (Layer),200.0,BATCH-202506-382
ORD-002896,AGT-0325,2025-10-20,SASSO (Dual-Purpose),100.0,BATCH-202510-498
ORD-002897,AGT-0325,2025-08-25,SASSO (Dual-Purpose),200.0,BATCH-202508-851
ORD-002898,AGT-0325,2025-05-01,SASSO (Dual-Purpose),200.0,BATCH-202505-259
ORD-002899,AGT-0325,2025-01-22,SASSO (Dual-Purpose),200.0,BATCH-202501-385
ORD-002900,AGT-0325,2025-10-03,SASSO (Dual-Purpose),200.0,BATCH-202510-457
ORD-002901,AGT-0325,2025-06-02,SASSO (Dual-Purpose),100.0,BATCH-202506-964
ORD-002902,AGT-0325,2025-08-18,SASSO (Dual-Purpose),200.0,BATCH-202508-132
ORD-002903,AGT-0326,2025-01-18,SASSO (Dual-Purpose),300.0,BATCH-202501-426
ORD-002904,AGT-0326,2025-11-05,SASSO (Dual-Purpose),300.0,BATCH-202511-532
ORD-002905,AGT-0326,2025-01-21,SASSO (Dual-Purpose),200.0,BATCH-202501-595
ORD-002906,AGT-0326,2025-11-28,Bovans Brown (Layer),100.0,BATCH-202511-511
ORD-002907,AGT-0326,2025-01-21,SASSO (Dual-Purpose),500.0,BATCH-202501-140
ORD-002908,AGT-0326,2025-08-26,Bovans Brown (Layer),100.0,BATCH-202508-726
ORD-002909,AGT-0326,2025-09-21,SASSO (Dual-Purpose),300.0,BATCH-202509-329
ORD-002910,AGT-0326,2025-06-05,SASSO (Dual-Purpose),200.0,BATCH-202506-616
ORD-002911,AGT-0326,2025-09-07,SASSO (Dual-Purpose),200.0,BATCH-202509-572
ORD-002912,AGT-0326,2025-11-01,SASSO (Dual-Purpose),300.0,BATCH-202511-231
ORD-002913,AGT-0326,2025-08-04,Bovans Brown (Layer),200.0,BATCH-202508-255
ORD-002914,AGT-0327,2025-02-19,SASSO (Dual-Purpose),100.0,BATCH-202502-935
ORD-002915,AGT-0327,2025-07-22,SASSO (Dual-Purpose),200.0,BATCH-202507-222
ORD-002916,AGT-0327,2025-11-10,Bovans Brown (Layer),200.0,BATCH-202511-587
ORD-002917,AGT-0327,2025-06-28,SASSO (Dual-Purpose),100.0,BATCH-202506-639
ORD-002918,AGT-0327,2025-05-03,SASSO (Dual-Purpose),300.0,BATCH-202505-429
ORD-002919,AGT-0327,2025-01-27,SASSO (Dual-Purpose),200.0,BATCH-202501-353
ORD-002920,AGT-0327,2025-01-04,SASSO (Dual-Purpose),200.0,BATCH-202501-464
ORD-002921,AGT-0327,2025-12-30,SASSO (Dual-Purpose),200.0,BATCH-202512-140
ORD-002922,AGT-0327,2025-10-15,SASSO (Dual-Purpose),200.0,BATCH-202510-528
ORD-002923,AGT-0328,2025-09-23,Bovans Brown (Layer),200.0,BATCH-202509-235
ORD-002924,AGT-0328,2025-03-11,SASSO (Dual-Purpose),100.0,BATCH-202503-126
ORD-002926,AGT-0328,2025-11-30,SASSO (Dual-Purpose),300.0,BATCH-202511-876
ORD-002927,AGT-0328,2025-01-25,Bovans Brown (Layer),100.0,BATCH-202501-836
ORD-002928,AGT-0328,2025-10-05,Bovans Brown (Layer),100.0,
ORD-002929,AGT-0328,2025-01-06,SASSO (Dual-Purpose),100.0,BATCH-202501-641
ORD-002930,AGT-0328,2025-10-26,SASSO (Dual-Purpose),300.0,BATCH-202510-116
ORD-002931,AGT-0328,2025-09-03,SASSO (Dual-Purpose),200.0,BATCH-202509-945
ORD-002932,AGT-0328,2025-08-25,SASSO (Dual-Purpose),200.0,BATCH-202508-310
ORD-002933,AGT-0328,2025-02-04,Bovans Brown (Layer),300.0,BATCH-202502-296
ORD-002934,AGT-0328,2025-12-18,SASSO (Dual-Purpose),100.0,BATCH-202512-855
ORD-002935,AGT-0329,2025-03-13,SASSO (Dual-Purpose),300.0,BATCH-202503-893
ORD-002937,AGT-0329,2025-05-13,SASSO (Dual-Purpose),100.0,BATCH-202505-950
ORD-002938,AGT-0329,2025-03-10,SASSO (Dual-Purpose),100.0,BATCH-202503-580
ORD-002939,AGT-0329,2025-03-13,Bovans Brown (Layer),300.0,BATCH-202503-272
ORD-002940,AGT-0329,2025-02-21,SASSO (Dual-Purpose),300.0,BATCH-202502-686
ORD-002941,AGT-0329,2025-12-17,Bovans Brown (Layer),200.0,BATCH-202512-503
ORD-002942,AGT-0330,2025-03-05,SASSO (Dual-Purpose),200.0,BATCH-202503-977
ORD-002943,AGT-0330,2025-10-12,Bovans Brown (Layer),300.0,BATCH-202510-288
ORD-002944,AGT-0330,2025-02-05,Bovans Brown (Layer),200.0,BATCH-202502-268
ORD-002945,AGT-0330,2025-07-13,SASSO (Dual-Purpose),200.0,BATCH-202507-620
ORD-002946,AGT-0330,2025-03-03,SASSO (Dual-Purpose),200.0,BATCH-202503-856
ORD-002947,AGT-0330,2025-02-08,Bovans Brown (Layer),100.0,BATCH-202502-240
ORD-002948,AGT-0330,2025-05-16,Bovans Brown (Layer),200.0,BATCH-202505-138
ORD-002949,AGT-0330,2025-06-05,Bovans Brown (Layer),200.0,BATCH-202506-505
ORD-002950,AGT-0330,2025-09-17,SASSO (Dual-Purpose),100.0,BATCH-202509-687
ORD-002951,AGT-0330,2025-06-03,SASSO (Dual-Purpose),300.0,BATCH-202506-153
ORD-002952,AGT-0330,2025-05-21,SASSO (Dual-Purpose),300.0,BATCH-202505-266
ORD-002953,AGT-0331,2025-06-20,Bovans Brown (Layer),200.0,BATCH-202506-757
ORD-002954,AGT-0331,2025-08-24,Bovans Brown (Layer),300.0,BATCH-202508-684
ORD-002955,AGT-0331,2025-03-27,SASSO (Dual-Purpose),300.0,BATCH-202503-841
ORD-002956,AGT-0331,2025-06-06,SASSO (Dual-Purpose),200.0,BATCH-202506-201
ORD-002958,AGT-0331,2025-10-16,SASSO (Dual-Purpose),300.0,BATCH-202510-191
ORD-002959,AGT-0331,2025-09-09,SASSO (Dual-Purpose),500.0,BATCH-202509-441
ORD-002960,AGT-0331,2025-12-02,SASSO (Dual-Purpose),200.0,BATCH-202512-141
ORD-002961,AGT-0331,2025-07-26,SASSO (Dual-Purpose),200.0,BATCH-202507-238
ORD-002962,AGT-0331,2025-01-05,SASSO (Dual-Purpose),200.0,BATCH-202501-458
ORD-002963,AGT-0332,2025-11-02,SASSO (Dual-Purpose),200.0,BATCH-202511-381
ORD-002964,AGT-0332,2025-01-26,SASSO (Dual-Purpose),500.0,BATCH-202501-466
ORD-002965,AGT-0332,2025-07-08,Bovans Brown (Layer),200.0,BATCH-202507-417
ORD-002966,AGT-0332,2025-02-13,SASSO (Dual-Purpose),200.0,BATCH-202502-741
ORD-002967,AGT-0332,2025-03-06,SASSO (Dual-Purpose),500.0,BATCH-202503-257
ORD-002968,AGT-0332,2025-11-09,Bovans Brown (Layer),300.0,BATCH-202511-578
ORD-002969,AGT-0332,2025-11-05,SASSO (Dual-Purpose),200.0,BATCH-202511-997
ORD-002970,AGT-0333,2025-04-12,SASSO (Dual-Purpose),300.0,BATCH-202504-148
ORD-002971,AGT-0333,2025-05-30,SASSO (Dual-Purpose),300.0,BATCH-202505-254
ORD-002972,AGT-0333,2025-02-25,Bovans Brown (Layer),200.0,BATCH-202502-679
ORD-002973,AGT-0333,2025-12-08,Bovans Brown (Layer),300.0,BATCH-202512-391
ORD-002974,AGT-0333,2025-12-29,SASSO (Dual-Purpose),100.0,BATCH-202512-223
ORD-002975,AGT-0333,2025-01-09,Bovans Brown (Layer),200.0,BATCH-202501-665
ORD-002976,AGT-0334,2025-11-13,SASSO (Dual-Purpose),300.0,BATCH-202511-104
ORD-002977,AGT-0334,2025-07-07,SASSO (Dual-Purpose),300.0,BATCH-202507-632
ORD-002978,AGT-0334,2025-12-09,Bovans Brown (Layer),300.0,BATCH-202512-724
ORD-002980,AGT-0334,2025-08-27,SASSO (Dual-Purpose),500.0,BATCH-202508-392
ORD-002981,AGT-0334,2025-01-17,SASSO (Dual-Purpose),200.0,BATCH-202501-862
ORD-002982,AGT-0334,2025-12-16,SASSO (Dual-Purpose),500.0,BATCH-202512-363
ORD-002983,AGT-0335,2025-12-07,SASSO (Dual-Purpose),200.0,BATCH-202512-534
ORD-002984,AGT-0335,2025-01-27,SASSO (Dual-Purpose),300.0,BATCH-202501-702
ORD-002985,AGT-0335,2025-01-14,SASSO (Dual-Purpose),300.0,BATCH-202501-221
ORD-002986,AGT-0335,2025-06-08,Bovans Brown (Layer),200.0,BATCH-202506-575
ORD-002987,AGT-0335,2025-09-18,Bovans Brown (Layer),500.0,BATCH-202509-608
ORD-002988,AGT-0335,2025-04-17,Bovans Brown (Layer),200.0,BATCH-202504-265
ORD-002989,AGT-0335,2025-01-27,SASSO (Dual-Purpose),200.0,BATCH-202501-663
ORD-002990,AGT-0336,2025-05-01,SASSO (Dual-Purpose),200.0,BATCH-202505-329
ORD-002991,AGT-0336,2025-08-16,SASSO (Dual-Purpose),1000.0,BATCH-202508-256
ORD-002992,AGT-0336,2025-03-17,SASSO (Dual-Purpose),200.0,BATCH-202503-178
ORD-002993,AGT-0336,2025-09-01,SASSO (Dual-Purpose),200.0,BATCH-202509-535
ORD-002994,AGT-0336,2025-03-24,SASSO (Dual-Purpose),100.0,BATCH-202503-342
ORD-002995,AGT-0336,2025-04-24,Bovans Brown (Layer),500.0,BATCH-202504-913
ORD-002996,AGT-0336,2025-03-13,Bovans Brown (Layer),100.0,BATCH-202503-398
ORD-002998,AGT-0337,2025-03-26,SASSO (Dual-Purpose),100.0,BATCH-202503-538
ORD-002999,AGT-0337,2025-10-06,SASSO (Dual-Purpose),200.0,BATCH-202510-736
ORD-003001,AGT-0337,2025-03-26,Bovans Brown (Layer),200.0,BATCH-202503-441
ORD-003002,AGT-0337,2025-10-27,SASSO (Dual-Purpose),200.0,BATCH-202510-204
ORD-003003,AGT-0337,2025-05-13,SASSO (Dual-Purpose),300.0,BATCH-202505-567
ORD-003004,AGT-0337,2025-09-07,SASSO (Dual-Purpose),200.0,BATCH-202509-672
ORD-003005,AGT-0338,2025-08-09,SASSO (Dual-Purpose),300.0,BATCH-202508-552
ORD-003006,AGT-0338,2025-11-14,SASSO (Dual-Purpose),100.0,BATCH-202511-801
ORD-003007,AGT-0338,2025-06-23,SASSO (Dual-Purpose),200.0,BATCH-202506-973
ORD-003008,AGT-0338,2025-08-05,SASSO (Dual-Purpose),200.0,BATCH-202508-774
ORD-003009,AGT-0338,2025-05-17,Bovans Brown (Layer),200.0,BATCH-202505-540
ORD-003010,AGT-0338,2025-02-05,Bovans Brown (Layer),200.0,BATCH-202502-118
ORD-003011,AGT-0338,2025-07-30,SASSO (Dual-Purpose),200.0,BATCH-202507-679
ORD-003012,AGT-0338,2025-10-05,SASSO (Dual-Purpose),200.0,BATCH-202510-197
ORD-003013,AGT-0338,2025-08-15,Bovans Brown (Layer),1000.0,BATCH-202508-891
ORD-003014,AGT-0338,2025-09-11,SASSO (Dual-Purpose),300.0,BATCH-202509-149
ORD-003015,AGT-0338,2025-09-03,Bovans Brown (Layer),100.0,BATCH-202509-708
ORD-003016,AGT-0338,2025-07-03,SASSO (Dual-Purpose),200.0,BATCH-202507-816
ORD-003017,AGT-0339,2025-11-10,SASSO (Dual-Purpose),300.0,BATCH-202511-998
ORD-003018,AGT-0339,2025-06-10,SASSO (Dual-Purpose),200.0,BATCH-202506-984
ORD-003019,AGT-0339,2025-06-13,SASSO (Dual-Purpose),300.0,BATCH-202506-202
ORD-003020,AGT-0339,2025-05-30,SASSO (Dual-Purpose),200.0,BATCH-202505-794
ORD-003021,AGT-0339,2025-01-11,SASSO (Dual-Purpose),100.0,BATCH-202501-820
ORD-003022,AGT-0339,2025-02-11,SASSO (Dual-Purpose),200.0,BATCH-202502-455
ORD-003023,AGT-0339,2025-12-22,SASSO (Dual-Purpose),100.0,BATCH-202512-991
ORD-003024,AGT-0340,2025-08-04,SASSO (Dual-Purpose),200.0,BATCH-202508-691
ORD-003025,AGT-0340,2025-11-23,SASSO (Dual-Purpose),200.0,BATCH-202511-715
ORD-003026,AGT-0340,2025-01-28,Bovans Brown (Layer),500.0,BATCH-202501-425
ORD-003027,AGT-0340,2025-09-23,SASSO (Dual-Purpose),500.0,BATCH-202509-477
ORD-003028,AGT-0340,2025-06-01,SASSO (Dual-Purpose),200.0,BATCH-202506-471
ORD-003029,AGT-0340,2025-04-06,Bovans Brown (Layer),200.0,BATCH-202504-947
ORD-003030,AGT-0340,2025-04-10,SASSO (Dual-Purpose),200.0,BATCH-202504-528
ORD-003031,AGT-0340,2025-05-14,SASSO (Dual-Purpose),300.0,BATCH-202505-900
ORD-003032,AGT-0341,2025-08-27,SASSO (Dual-Purpose),300.0,BATCH-202508-716
ORD-003033,AGT-0341,2025-03-03,SASSO (Dual-Purpose),100.0,BATCH-202503-165
ORD-003034,AGT-0341,2025-04-10,SASSO (Dual-Purpose),200.0,BATCH-202504-520
ORD-003035,AGT-0341,2025-03-27,SASSO (Dual-Purpose),200.0,BATCH-202503-177
ORD-003036,AGT-0341,2025-06-23,SASSO (Dual-Purpose),500.0,BATCH-202506-230
ORD-003037,AGT-0341,2025-04-10,SASSO (Dual-Purpose),100.0,BATCH-202504-616
ORD-003038,AGT-0342,2025-08-16,SASSO (Dual-Purpose),200.0,BATCH-202508-571
ORD-003039,AGT-0342,2025-01-30,SASSO (Dual-Purpose),200.0,BATCH-202501-326
ORD-003040,AGT-0342,2025-05-24,SASSO (Dual-Purpose),300.0,BATCH-202505-508
ORD-003041,AGT-0342,2025-01-27,SASSO (Dual-Purpose),300.0,BATCH-202501-116
ORD-003042,AGT-0342,2025-10-26,SASSO (Dual-Purpose),500.0,BATCH-202510-286
ORD-003043,AGT-0342,2025-05-14,SASSO (Dual-Purpose),100.0,BATCH-202505-969
ORD-003044,AGT-0342,2025-08-12,Bovans Brown (Layer),300.0,BATCH-202508-223
ORD-003045,AGT-0342,2025-09-25,Bovans Brown (Layer),200.0,BATCH-202509-158
ORD-003046,AGT-0343,2025-02-19,SASSO (Dual-Purpose),200.0,BATCH-202502-971
ORD-003047,AGT-0343,2025-03-10,SASSO (Dual-Purpose),300.0,BATCH-202503-940
ORD-003048,AGT-0343,2025-11-13,SASSO (Dual-Purpose),100.0,BATCH-202511-467
ORD-003049,AGT-0343,2025-04-10,SASSO (Dual-Purpose),200.0,BATCH-202504-906
ORD-003050,AGT-0343,2025-07-01,SASSO (Dual-Purpose),100.0,BATCH-202507-109
ORD-003051,AGT-0343,2025-08-29,Bovans Brown (Layer),200.0,BATCH-202508-276
ORD-003052,AGT-0343,2025-11-06,SASSO (Dual-Purpose),300.0,BATCH-202511-467
ORD-003053,AGT-0343,2025-10-13,SASSO (Dual-Purpose),100.0,BATCH-202510-241
ORD-003054,AGT-0343,2025-01-12,SASSO (Dual-Purpose),200.0,BATCH-202501-851
ORD-003055,AGT-0343,2025-10-14,SASSO (Dual-Purpose),100.0,BATCH-202510-123
ORD-003056,AGT-0343,2025-09-12,Bovans Brown (Layer),100.0,BATCH-202509-399
ORD-003057,AGT-0344,2025-06-16,Bovans Brown (Layer),300.0,BATCH-202506-439
ORD-003058,AGT-0344,2025-08-08,SASSO (Dual-Purpose),300.0,BATCH-202508-434
ORD-003059,AGT-0344,2025-10-12,SASSO (Dual-Purpose),200.0,BATCH-202510-884
ORD-003060,AGT-0344,2025-04-21,Bovans Brown (Layer),1000.0,BATCH-202504-129
ORD-003061,AGT-0344,2025-06-18,SASSO (Dual-Purpose),200.0,BATCH-202506-288
ORD-003062,AGT-0344,2025-01-18,SASSO (Dual-Purpose),200.0,BATCH-202501-547
ORD-003063,AGT-0344,2025-06-12,Bovans Brown (Layer),200.0,BATCH-202506-182
ORD-003064,AGT-0344,2025-06-07,SASSO (Dual-Purpose),200.0,BATCH-202506-845
ORD-003065,AGT-0345,2025-12-26,SASSO (Dual-Purpose),100.0,BATCH-202512-230
ORD-003066,AGT-0345,2025-05-04,SASSO (Dual-Purpose),300.0,BATCH-202505-830
ORD-003067,AGT-0345,2025-01-21,Bovans Brown (Layer),200.0,BATCH-202501-282
ORD-003068,AGT-0345,2025-03-30,SASSO (Dual-Purpose),200.0,BATCH-202503-217
ORD-003069,AGT-0345,2025-03-29,Bovans Brown (Layer),100.0,BATCH-202503-103
ORD-003070,AGT-0345,2025-07-12,SASSO (Dual-Purpose),200.0,BATCH-202507-550
ORD-003071,AGT-0345,2025-08-02,SASSO (Dual-Purpose),500.0,BATCH-202508-675
ORD-003072,AGT-0345,2025-06-06,SASSO (Dual-Purpose),500.0,BATCH-202506-120
ORD-003073,AGT-0345,2025-05-10,Bovans Brown (Layer),300.0,BATCH-202505-202
ORD-003074,AGT-0345,2025-11-03,SASSO (Dual-Purpose),300.0,BATCH-202511-979
ORD-003075,AGT-0345,2025-04-25,SASSO (Dual-Purpose),300.0,BATCH-202504-169
ORD-003076,AGT-0345,2025-10-06,SASSO (Dual-Purpose),200.0,BATCH-202510-764
ORD-003077,AGT-0346,2025-06-27,SASSO (Dual-Purpose),1000.0,BATCH-202506-744
ORD-003078,AGT-0346,2025-07-27,Bovans Brown (Layer),300.0,BATCH-202507-361
ORD-003079,AGT-0346,2025-04-06,SASSO (Dual-Purpose),500.0,BATCH-202504-507
ORD-003080,AGT-0346,2025-07-05,SASSO (Dual-Purpose),200.0,BATCH-202507-908
ORD-003081,AGT-0346,2025-05-15,SASSO (Dual-Purpose),100.0,BATCH-202505-682
ORD-003082,AGT-0346,2025-10-13,SASSO (Dual-Purpose),200.0,BATCH-202510-938
ORD-003083,AGT-0347,2025-12-27,Bovans Brown (Layer),100.0,BATCH-202512-309
ORD-003084,AGT-0347,2025-05-20,Bovans Brown (Layer),200.0,BATCH-202505-554
ORD-003085,AGT-0347,2025-05-24,SASSO (Dual-Purpose),200.0,BATCH-202505-936
ORD-003086,AGT-0347,2025-09-22,SASSO (Dual-Purpose),200.0,BATCH-202509-272
ORD-003087,AGT-0347,2025-05-09,Bovans Brown (Layer),300.0,BATCH-202505-309
ORD-003088,AGT-0347,2025-02-17,SASSO (Dual-Purpose),300.0,BATCH-202502-841
ORD-003089,AGT-0347,2025-06-10,SASSO (Dual-Purpose),300.0,BATCH-202506-396
ORD-003090,AGT-0347,2025-01-31,SASSO (Dual-Purpose),200.0,BATCH-202501-479
ORD-003091,AGT-0347,2025-07-23,SASSO (Dual-Purpose),300.0,BATCH-202507-224
ORD-003092,AGT-0347,2025-06-24,SASSO (Dual-Purpose),100.0,BATCH-202506-472
ORD-003093,AGT-0347,2025-03-21,SASSO (Dual-Purpose),500.0,BATCH-202503-239
ORD-003094,AGT-0347,2025-01-13,SASSO (Dual-Purpose),500.0,BATCH-202501-465
ORD-003095,AGT-0348,2025-06-19,SASSO (Dual-Purpose),100.0,BATCH-202506-302
ORD-003096,AGT-0348,2025-05-06,Bovans Brown (Layer),100.0,BATCH-202505-187
ORD-003097,AGT-0348,2025-07-17,SASSO (Dual-Purpose),500.0,BATCH-202507-219
ORD-003098,AGT-0348,2025-11-23,Bovans Brown (Layer),200.0,BATCH-202511-822
ORD-003099,AGT-0348,2025-01-18,SASSO (Dual-Purpose),100.0,BATCH-202501-283
ORD-003100,AGT-0348,2025-08-24,Bovans Brown (Layer),200.0,BATCH-202508-672
ORD-003101,AGT-0348,2025-08-16,SASSO (Dual-Purpose),300.0,BATCH-202508-366
ORD-003103,AGT-0349,2025-10-27,SASSO (Dual-Purpose),300.0,BATCH-202510-685
ORD-003104,AGT-0349,2025-04-19,SASSO (Dual-Purpose),300.0,BATCH-202504-313
ORD-003105,AGT-0349,2025-01-16,SASSO (Dual-Purpose),300.0,BATCH-202501-688
ORD-003106,AGT-0349,2025-04-16,SASSO (Dual-Purpose),200.0,BATCH-202504-430
ORD-003107,AGT-0349,2025-05-13,SASSO (Dual-Purpose),200.0,BATCH-202505-255
ORD-003108,AGT-0349,2025-07-18,SASSO (Dual-Purpose),300.0,BATCH-202507-679
ORD-003109,AGT-0349,2025-05-17,SASSO (Dual-Purpose),200.0,BATCH-202505-462
ORD-003110,AGT-0349,2025-08-01,SASSO (Dual-Purpose),200.0,BATCH-202508-418
ORD-003111,AGT-0349,2025-05-19,SASSO (Dual-Purpose),100.0,BATCH-202505-169
ORD-003112,AGT-0349,2025-05-18,SASSO (Dual-Purpose),200.0,BATCH-202505-434
ORD-003113,AGT-0350,2025-06-15,Bovans Brown (Layer),200.0,BATCH-202506-893
ORD-003114,AGT-0350,2025-04-09,SASSO (Dual-Purpose),300.0,BATCH-202504-585
ORD-003115,AGT-0350,2025-03-29,Bovans Brown (Layer),300.0,BATCH-202503-459
ORD-003116,AGT-0350,2025-02-10,Bovans Brown (Layer),300.0,BATCH-202502-611
ORD-003117,AGT-0350,2025-01-12,SASSO (Dual-Purpose),500.0,BATCH-202501-637
ORD-003118,AGT-0350,2025-06-20,SASSO (Dual-Purpose),200.0,BATCH-202506-791
ORD-003119,AGT-0350,2025-11-06,SASSO (Dual-Purpose),500.0,BATCH-202511-735
ORD-003120,AGT-0351,2025-09-21,SASSO (Dual-Purpose),100.0,BATCH-202509-719
ORD-003121,AGT-0351,2025-09-09,SASSO (Dual-Purpose),300.0,BATCH-202509-682
ORD-003122,AGT-0351,2025-01-30,SASSO (Dual-Purpose),200.0,BATCH-202501-822
ORD-003123,AGT-0351,2025-01-15,SASSO (Dual-Purpose),300.0,BATCH-202501-700
ORD-003124,AGT-0351,2025-05-19,SASSO (Dual-Purpose),100.0,BATCH-202505-741
ORD-003125,AGT-0351,2025-08-06,Bovans Brown (Layer),100.0,BATCH-202508-184
ORD-003126,AGT-0351,2025-04-18,SASSO (Dual-Purpose),200.0,BATCH-202504-126
ORD-003127,AGT-0351,2025-11-26,SASSO (Dual-Purpose),200.0,BATCH-202511-362
ORD-003128,AGT-0351,2025-03-22,SASSO (Dual-Purpose),200.0,BATCH-202503-901
ORD-003129,AGT-0351,2025-09-12,SASSO (Dual-Purpose),300.0,BATCH-202509-441
ORD-003130,AGT-0352,2025-08-22,Bovans Brown (Layer),100.0,BATCH-202508-150
ORD-003131,AGT-0352,2025-08-29,Bovans Brown (Layer),200.0,BATCH-202508-228
ORD-003132,AGT-0352,2025-08-03,SASSO (Dual-Purpose),300.0,BATCH-202508-343
ORD-003133,AGT-0352,2025-06-08,SASSO (Dual-Purpose),200.0,BATCH-202506-478
ORD-003134,AGT-0352,2025-08-15,SASSO (Dual-Purpose),100.0,BATCH-202508-666
ORD-003135,AGT-0352,2025-01-20,SASSO (Dual-Purpose),100.0,BATCH-202501-978
ORD-003136,AGT-0352,2025-05-09,SASSO (Dual-Purpose),100.0,BATCH-202505-911
ORD-003137,AGT-0352,2025-05-01,SASSO (Dual-Purpose),200.0,BATCH-202505-884
ORD-003138,AGT-0352,2025-10-16,Bovans Brown (Layer),200.0,BATCH-202510-271
ORD-003139,AGT-0353,2025-04-13,SASSO (Dual-Purpose),300.0,BATCH-202504-410
ORD-003140,AGT-0353,2025-07-05,SASSO (Dual-Purpose),100.0,BATCH-202507-435
ORD-003141,AGT-0353,2025-07-22,SASSO (Dual-Purpose),200.0,BATCH-202507-457
ORD-003142,AGT-0353,2025-11-20,Bovans Brown (Layer),300.0,BATCH-202511-831
ORD-003143,AGT-0353,2025-05-06,SASSO (Dual-Purpose),300.0,BATCH-202505-125
ORD-003144,AGT-0353,2025-05-13,SASSO (Dual-Purpose),200.0,BATCH-202505-286
ORD-003145,AGT-0353,2025-07-19,SASSO (Dual-Purpose),200.0,BATCH-202507-712
ORD-003146,AGT-0353,2025-11-05,Bovans Brown (Layer),100.0,BATCH-202511-363
ORD-003147,AGT-0353,2025-05-07,SASSO (Dual-Purpose),300.0,BATCH-202505-283
ORD-003148,AGT-0353,2025-02-24,SASSO (Dual-Purpose),300.0,BATCH-202502-802
ORD-003149,AGT-0353,2025-03-16,Bovans Brown (Layer),100.0,BATCH-202503-952
ORD-003150,AGT-0353,2025-10-01,SASSO (Dual-Purpose),200.0,BATCH-202510-814
ORD-003151,AGT-0354,2025-03-03,SASSO (Dual-Purpose),100.0,BATCH-202503-297
ORD-003152,AGT-0354,2025-02-13,Bovans Brown (Layer),200.0,BATCH-202502-896
ORD-003153,AGT-0354,2025-03-22,SASSO (Dual-Purpose),100.0,BATCH-202503-623
ORD-003154,AGT-0354,2025-07-06,Bovans Brown (Layer),500.0,
ORD-003155,AGT-0354,2025-11-18,SASSO (Dual-Purpose),100.0,BATCH-202511-427
ORD-003156,AGT-0354,2025-01-18,SASSO (Dual-Purpose),200.0,BATCH-202501-847
ORD-003157,AGT-0355,2025-10-31,Bovans Brown (Layer),200.0,BATCH-202510-394
ORD-003158,AGT-0355,2025-12-10,SASSO (Dual-Purpose),100.0,BATCH-202512-487
ORD-003159,AGT-0355,2025-01-04,SASSO (Dual-Purpose),200.0,BATCH-202501-855
ORD-003160,AGT-0355,2025-04-28,SASSO (Dual-Purpose),200.0,BATCH-202504-304
ORD-003161,AGT-0355,2025-09-14,SASSO (Dual-Purpose),100.0,BATCH-202509-242
ORD-003162,AGT-0355,2025-01-22,SASSO (Dual-Purpose),200.0,BATCH-202501-493
ORD-003163,AGT-0355,2025-02-20,SASSO (Dual-Purpose),200.0,BATCH-202502-278
ORD-003164,AGT-0355,2025-11-29,SASSO (Dual-Purpose),200.0,BATCH-202511-135
ORD-003165,AGT-0355,2025-12-13,SASSO (Dual-Purpose),200.0,BATCH-202512-552
ORD-003166,AGT-0355,2025-11-03,SASSO (Dual-Purpose),200.0,BATCH-202511-748
ORD-003167,AGT-0356,2025-07-22,SASSO (Dual-Purpose),300.0,BATCH-202507-425
ORD-003168,AGT-0356,2025-03-28,SASSO (Dual-Purpose),200.0,BATCH-202503-529
ORD-003169,AGT-0356,2025-12-30,SASSO (Dual-Purpose),200.0,BATCH-202512-326
ORD-003170,AGT-0356,2025-02-03,SASSO (Dual-Purpose),200.0,BATCH-202502-659
ORD-003171,AGT-0356,2025-01-12,SASSO (Dual-Purpose),200.0,BATCH-202501-686
ORD-003172,AGT-0356,2025-11-06,SASSO (Dual-Purpose),200.0,BATCH-202511-956
ORD-003173,AGT-0356,2025-06-24,Bovans Brown (Layer),300.0,BATCH-202506-801
ORD-003174,AGT-0356,2025-10-10,SASSO (Dual-Purpose),200.0,BATCH-202510-607
ORD-003176,AGT-0356,2025-08-09,Bovans Brown (Layer),200.0,BATCH-202508-230
ORD-003177,AGT-0357,2025-07-05,SASSO (Dual-Purpose),300.0,BATCH-202507-413
ORD-003178,AGT-0357,2025-07-04,SASSO (Dual-Purpose),200.0,BATCH-202507-821
ORD-003179,AGT-0357,2025-01-05,Bovans Brown (Layer),300.0,BATCH-202501-161
ORD-003180,AGT-0357,2025-12-08,Bovans Brown (Layer),300.0,BATCH-202512-307
ORD-003181,AGT-0357,2025-09-18,SASSO (Dual-Purpose),200.0,BATCH-202509-759
ORD-003182,AGT-0357,2025-02-11,Bovans Brown (Layer),200.0,BATCH-202502-992
ORD-003183,AGT-0357,2025-10-27,SASSO (Dual-Purpose),500.0,BATCH-202510-866
ORD-003184,AGT-0357,2025-12-14,SASSO (Dual-Purpose),300.0,BATCH-202512-137
ORD-003185,AGT-0357,2025-06-17,Bovans Brown (Layer),200.0,BATCH-202506-123
ORD-003186,AGT-0357,2025-07-30,SASSO (Dual-Purpose),200.0,BATCH-202507-475
ORD-003187,AGT-0357,2025-10-26,SASSO (Dual-Purpose),200.0,BATCH-202510-153
ORD-003188,AGT-0357,2025-02-11,SASSO (Dual-Purpose),100.0,BATCH-202502-843
ORD-003189,AGT-0358,2025-11-06,SASSO (Dual-Purpose),300.0,BATCH-202511-796
ORD-003190,AGT-0358,2025-08-30,Bovans Brown (Layer),200.0,BATCH-202508-530
ORD-003191,AGT-0358,2025-05-28,Bovans Brown (Layer),500.0,BATCH-202505-336
ORD-003193,AGT-0358,2025-09-11,Bovans Brown (Layer),100.0,BATCH-202509-986
ORD-003194,AGT-0358,2025-05-02,SASSO (Dual-Purpose),500.0,BATCH-202505-539
ORD-003195,AGT-0359,2025-09-19,Bovans Brown (Layer),300.0,BATCH-202509-121
ORD-003197,AGT-0359,2025-10-08,SASSO (Dual-Purpose),200.0,BATCH-202510-792
ORD-003198,AGT-0359,2025-03-19,SASSO (Dual-Purpose),500.0,BATCH-202503-770
ORD-003199,AGT-0359,2025-02-08,SASSO (Dual-Purpose),300.0,BATCH-202502-141
ORD-003201,AGT-0360,2025-05-08,SASSO (Dual-Purpose),300.0,BATCH-202505-591
ORD-003202,AGT-0360,2025-07-31,SASSO (Dual-Purpose),200.0,BATCH-202507-654
ORD-003203,AGT-0360,2025-01-11,SASSO (Dual-Purpose),300.0,BATCH-202501-218
ORD-003204,AGT-0360,2025-10-22,Bovans Brown (Layer),100.0,BATCH-202510-568
ORD-003205,AGT-0360,2025-04-19,Bovans Brown (Layer),200.0,BATCH-202504-335
ORD-003206,AGT-0360,2025-12-05,SASSO (Dual-Purpose),300.0,BATCH-202512-700
ORD-003207,AGT-0360,2025-06-13,SASSO (Dual-Purpose),200.0,BATCH-202506-276
ORD-003208,AGT-0360,2025-09-27,SASSO (Dual-Purpose),200.0,BATCH-202509-844
ORD-003209,AGT-0360,2025-01-06,SASSO (Dual-Purpose),200.0,BATCH-202501-674
ORD-003210,AGT-0360,2025-08-19,SASSO (Dual-Purpose),200.0,BATCH-202508-363
ORD-003211,AGT-0361,2025-08-23,SASSO (Dual-Purpose),200.0,BATCH-202508-487
ORD-003213,AGT-0361,2025-03-27,SASSO (Dual-Purpose),200.0,BATCH-202503-510
ORD-003214,AGT-0361,2025-06-07,SASSO (Dual-Purpose),1000.0,BATCH-202506-468
ORD-003215,AGT-0361,2025-10-09,SASSO (Dual-Purpose),300.0,BATCH-202510-835
ORD-003216,AGT-0361,2025-11-08,Bovans Brown (Layer),300.0,BATCH-202511-510
ORD-003217,AGT-0361,2025-03-15,SASSO (Dual-Purpose),200.0,BATCH-202503-541
ORD-003218,AGT-0361,2025-06-16,SASSO (Dual-Purpose),200.0,BATCH-202506-667
ORD-003219,AGT-0362,2025-11-01,Bovans Brown (Layer),200.0,BATCH-202511-611
ORD-003220,AGT-0362,2025-02-03,SASSO (Dual-Purpose),100.0,BATCH-202502-214
ORD-003222,AGT-0362,2025-06-05,SASSO (Dual-Purpose),300.0,BATCH-202506-457
ORD-003223,AGT-0362,2025-03-11,SASSO (Dual-Purpose),300.0,BATCH-202503-810
ORD-003224,AGT-0362,2025-03-08,Bovans Brown (Layer),300.0,BATCH-202503-505
ORD-003225,AGT-0362,2025-04-29,SASSO (Dual-Purpose),200.0,BATCH-202504-784
ORD-003226,AGT-0362,2025-01-22,SASSO (Dual-Purpose),200.0,BATCH-202501-761
ORD-003227,AGT-0362,2025-05-15,Bovans Brown (Layer),300.0,BATCH-202505-286
ORD-003228,AGT-0362,2025-06-20,Bovans Brown (Layer),200.0,BATCH-202506-419
ORD-003229,AGT-0362,2025-01-31,SASSO (Dual-Purpose),100.0,BATCH-202501-424
ORD-003230,AGT-0362,2025-08-31,SASSO (Dual-Purpose),200.0,BATCH-202508-432
ORD-003231,AGT-0363,2025-01-20,SASSO (Dual-Purpose),100.0,BATCH-202501-414
ORD-003232,AGT-0363,2025-10-24,SASSO (Dual-Purpose),200.0,BATCH-202510-301
ORD-003233,AGT-0363,2025-03-14,SASSO (Dual-Purpose),300.0,BATCH-202503-308
ORD-003234,AGT-0363,2025-12-02,Bovans Brown (Layer),100.0,BATCH-202512-279
ORD-003235,AGT-0363,2025-03-23,SASSO (Dual-Purpose),100.0,BATCH-202503-334
ORD-003236,AGT-0363,2025-11-25,SASSO (Dual-Purpose),200.0,BATCH-202511-454
ORD-003237,AGT-0363,2025-12-18,Bovans Brown (Layer),1000.0,BATCH-202512-302
ORD-003238,AGT-0363,2025-08-03,SASSO (Dual-Purpose),300.0,BATCH-202508-170
ORD-003239,AGT-0363,2025-02-04,Bovans Brown (Layer),200.0,BATCH-202502-518
ORD-003240,AGT-0363,2025-12-27,SASSO (Dual-Purpose),300.0,BATCH-202512-205
ORD-003241,AGT-0364,2025-11-05,SASSO (Dual-Purpose),500.0,BATCH-202511-773
ORD-003242,AGT-0364,2025-10-19,SASSO (Dual-Purpose),500.0,BATCH-202510-197
ORD-003243,AGT-0364,2025-03-25,Bovans Brown (Layer),300.0,BATCH-202503-353
ORD-003244,AGT-0364,2025-07-03,SASSO (Dual-Purpose),200.0,BATCH-202507-549
ORD-003245,AGT-0364,2025-11-11,Bovans Brown (Layer),100.0,BATCH-202511-537
ORD-003246,AGT-0364,2025-07-07,SASSO (Dual-Purpose),100.0,BATCH-202507-244
ORD-003247,AGT-0364,2025-02-25,SASSO (Dual-Purpose),300.0,BATCH-202502-915
ORD-003248,AGT-0364,2025-04-10,SASSO (Dual-Purpose),300.0,BATCH-202504-429
ORD-003249,AGT-0364,2025-08-28,SASSO (Dual-Purpose),200.0,BATCH-202508-451
ORD-003251,AGT-0364,2025-05-12,Bovans Brown (Layer),100.0,BATCH-202505-597
ORD-003252,AGT-0364,2025-11-16,Bovans Brown (Layer),100.0,BATCH-202511-693
ORD-003253,AGT-0365,2025-04-09,Bovans Brown (Layer),200.0,BATCH-202504-857
ORD-003254,AGT-0365,2025-06-24,SASSO (Dual-Purpose),200.0,BATCH-202506-898
ORD-003255,AGT-0365,2025-12-23,SASSO (Dual-Purpose),100.0,BATCH-202512-266
ORD-003256,AGT-0365,2025-04-26,SASSO (Dual-Purpose),100.0,BATCH-202504-146
ORD-003257,AGT-0365,2025-11-12,SASSO (Dual-Purpose),200.0,BATCH-202511-667
ORD-003258,AGT-0365,2025-01-24,Bovans Brown (Layer),100.0,BATCH-202501-575
ORD-003259,AGT-0365,2025-07-25,SASSO (Dual-Purpose),200.0,BATCH-202507-548
ORD-003260,AGT-0365,2025-12-06,SASSO (Dual-Purpose),100.0,BATCH-202512-644
ORD-003261,AGT-0365,2025-07-16,SASSO (Dual-Purpose),200.0,BATCH-202507-550
ORD-003262,AGT-0365,2025-12-09,SASSO (Dual-Purpose),100.0,BATCH-202512-251
ORD-003263,AGT-0365,2025-11-12,Bovans Brown (Layer),500.0,BATCH-202511-132
ORD-003274,AGT-0367,2025-04-10,SASSO (Dual-Purpose),300.0,BATCH-202504-163
ORD-003275,AGT-0367,2025-10-17,Bovans Brown (Layer),200.0,BATCH-202510-220
ORD-003276,AGT-0367,2025-03-29,Bovans Brown (Layer),300.0,BATCH-202503-377
ORD-003277,AGT-0367,2025-09-24,Bovans Brown (Layer),200.0,BATCH-202509-369
ORD-003278,AGT-0367,2025-08-25,SASSO (Dual-Purpose),300.0,BATCH-202508-705
ORD-003279,AGT-0367,2025-09-13,SASSO (Dual-Purpose),100.0,BATCH-202509-382
ORD-003280,AGT-0367,2025-06-13,SASSO (Dual-Purpose),300.0,BATCH-202506-400
ORD-003281,AGT-0367,2025-05-17,SASSO (Dual-Purpose),200.0,BATCH-202505-860
ORD-003282,AGT-0367,2025-01-17,SASSO (Dual-Purpose),1000.0,BATCH-202501-753
ORD-003283,AGT-0367,2025-08-02,SASSO (Dual-Purpose),300.0,BATCH-202508-791
ORD-003284,AGT-0367,2025-06-03,Bovans Brown (Layer),300.0,BATCH-202506-989
ORD-003285,AGT-0368,2025-09-02,Bovans Brown (Layer),200.0,BATCH-202509-132
ORD-003286,AGT-0368,2025-06-30,Bovans Brown (Layer),100.0,BATCH-202506-471
ORD-003287,AGT-0368,2025-02-01,SASSO (Dual-Purpose),200.0,BATCH-202502-977
ORD-003288,AGT-0368,2025-07-21,Bovans Brown (Layer),200.0,BATCH-202507-814
ORD-003289,AGT-0368,2025-04-05,Bovans Brown (Layer),200.0,BATCH-202504-354
ORD-003290,AGT-0368,2025-05-20,Bovans Brown (Layer),500.0,BATCH-202505-435
ORD-003291,AGT-0368,2025-01-27,SASSO (Dual-Purpose),200.0,BATCH-202501-133
ORD-003292,AGT-0368,2025-06-09,SASSO (Dual-Purpose),500.0,BATCH-202506-611
ORD-003293,AGT-0368,2025-01-15,Bovans Brown (Layer),200.0,BATCH-202501-212
ORD-003294,AGT-0368,2025-02-20,SASSO (Dual-Purpose),200.0,BATCH-202502-908
ORD-003295,AGT-0368,2025-09-30,SASSO (Dual-Purpose),300.0,BATCH-202509-657
ORD-003296,AGT-0368,2025-06-06,SASSO (Dual-Purpose),300.0,BATCH-202506-395
ORD-003297,AGT-0369,2025-04-09,Bovans Brown (Layer),300.0,BATCH-202504-723
ORD-003298,AGT-0369,2025-06-22,SASSO (Dual-Purpose),200.0,BATCH-202506-326
ORD-003299,AGT-0369,2025-03-28,SASSO (Dual-Purpose),100.0,BATCH-202503-682
ORD-003301,AGT-0369,2025-11-23,Bovans Brown (Layer),300.0,BATCH-202511-450
ORD-003302,AGT-0369,2025-03-31,Bovans Brown (Layer),500.0,BATCH-202503-408
ORD-003303,AGT-0369,2025-05-04,SASSO (Dual-Purpose),200.0,BATCH-202505-392
ORD-003304,AGT-0369,2025-07-13,Bovans Brown (Layer),200.0,BATCH-202507-744
ORD-003305,AGT-0369,2025-06-26,SASSO (Dual-Purpose),100.0,BATCH-202506-747
ORD-003306,AGT-0369,2025-01-17,SASSO (Dual-Purpose),100.0,BATCH-202501-661
ORD-003307,AGT-0369,2025-12-28,Bovans Brown (Layer),300.0,BATCH-202512-679
ORD-003309,AGT-0370,2025-01-14,SASSO (Dual-Purpose),300.0,BATCH-202501-319
ORD-003310,AGT-0370,2025-12-13,Bovans Brown (Layer),200.0,BATCH-202512-108
ORD-003311,AGT-0370,2025-03-28,SASSO (Dual-Purpose),500.0,BATCH-202503-239
ORD-003312,AGT-0370,2025-04-28,SASSO (Dual-Purpose),300.0,BATCH-202504-531
ORD-003313,AGT-0370,2025-04-13,SASSO (Dual-Purpose),300.0,BATCH-202504-814
ORD-003314,AGT-0370,2025-08-02,Bovans Brown (Layer),200.0,BATCH-202508-692
ORD-003315,AGT-0370,2025-07-22,SASSO (Dual-Purpose),500.0,BATCH-202507-418
ORD-003316,AGT-0371,2025-12-06,SASSO (Dual-Purpose),500.0,BATCH-202512-500
ORD-003317,AGT-0371,2025-01-07,Bovans Brown (Layer),300.0,BATCH-202501-995
ORD-003318,AGT-0371,2025-11-06,SASSO (Dual-Purpose),100.0,BATCH-202511-877
ORD-003319,AGT-0371,2025-07-21,SASSO (Dual-Purpose),300.0,BATCH-202507-560
ORD-003320,AGT-0371,2025-02-08,SASSO (Dual-Purpose),200.0,BATCH-202502-974
ORD-003321,AGT-0371,2025-04-05,SASSO (Dual-Purpose),100.0,BATCH-202504-595
ORD-003322,AGT-0371,2025-03-11,SASSO (Dual-Purpose),200.0,BATCH-202503-756
ORD-003324,AGT-0371,2025-11-27,SASSO (Dual-Purpose),300.0,BATCH-202511-259
ORD-003325,AGT-0372,2025-06-16,Bovans Brown (Layer),100.0,BATCH-202506-309
ORD-003326,AGT-0372,2025-08-23,SASSO (Dual-Purpose),1000.0,BATCH-202508-911
ORD-003327,AGT-0372,2025-04-30,Bovans Brown (Layer),200.0,BATCH-202504-429
ORD-003328,AGT-0372,2025-06-29,SASSO (Dual-Purpose),300.0,BATCH-202506-872
ORD-003329,AGT-0372,2025-07-01,SASSO (Dual-Purpose),100.0,BATCH-202507-915
ORD-003331,AGT-0372,2025-10-01,Bovans Brown (Layer),200.0,BATCH-202510-780
ORD-003332,AGT-0373,2025-05-17,SASSO (Dual-Purpose),200.0,BATCH-202505-345
ORD-003333,AGT-0373,2025-08-07,SASSO (Dual-Purpose),100.0,BATCH-202508-714
ORD-003334,AGT-0373,2025-01-03,SASSO (Dual-Purpose),300.0,BATCH-202501-377
ORD-003335,AGT-0373,2025-04-28,SASSO (Dual-Purpose),300.0,BATCH-202504-996
ORD-003336,AGT-0373,2025-10-26,SASSO (Dual-Purpose),100.0,BATCH-202510-631
ORD-003337,AGT-0373,2025-10-28,Bovans Brown (Layer),500.0,BATCH-202510-642
ORD-003338,AGT-0373,2025-11-27,SASSO (Dual-Purpose),1000.0,BATCH-202511-968
ORD-003339,AGT-0373,2025-09-25,SASSO (Dual-Purpose),200.0,BATCH-202509-862
ORD-003340,AGT-0373,2025-05-25,SASSO (Dual-Purpose),200.0,BATCH-202505-202
ORD-003341,AGT-0373,2025-08-12,SASSO (Dual-Purpose),300.0,BATCH-202508-588
ORD-003342,AGT-0374,2025-05-26,Bovans Brown (Layer),200.0,BATCH-202505-686
ORD-003343,AGT-0374,2025-01-04,SASSO (Dual-Purpose),500.0,BATCH-202501-854
ORD-003344,AGT-0374,2025-11-24,Bovans Brown (Layer),300.0,BATCH-202511-558
ORD-003346,AGT-0374,2025-03-09,SASSO (Dual-Purpose),100.0,BATCH-202503-781
ORD-003349,AGT-0374,2025-12-09,SASSO (Dual-Purpose),200.0,BATCH-202512-790
ORD-003350,AGT-0374,2025-03-31,Bovans Brown (Layer),200.0,BATCH-202503-496
ORD-003351,AGT-0374,2025-07-14,SASSO (Dual-Purpose),100.0,BATCH-202507-538
ORD-003352,AGT-0374,2025-01-11,SASSO (Dual-Purpose),500.0,BATCH-202501-577
ORD-003353,AGT-0375,2025-05-21,Bovans Brown (Layer),300.0,BATCH-202505-764
ORD-003354,AGT-0375,2025-10-11,SASSO (Dual-Purpose),100.0,BATCH-202510-240
ORD-003355,AGT-0375,2025-12-24,SASSO (Dual-Purpose),300.0,BATCH-202512-516
ORD-003357,AGT-0375,2025-02-06,SASSO (Dual-Purpose),200.0,BATCH-202502-177
ORD-003358,AGT-0375,2025-11-12,SASSO (Dual-Purpose),200.0,BATCH-202511-170
ORD-003359,AGT-0375,2025-06-13,SASSO (Dual-Purpose),100.0,BATCH-202506-374
ORD-003360,AGT-0376,2025-11-09,SASSO (Dual-Purpose),200.0,BATCH-202511-327
ORD-003361,AGT-0376,2025-06-13,Bovans Brown (Layer),100.0,BATCH-202506-419
ORD-003362,AGT-0376,2025-02-24,SASSO (Dual-Purpose),300.0,BATCH-202502-915
ORD-003363,AGT-0376,2025-08-27,SASSO (Dual-Purpose),500.0,BATCH-202508-488
ORD-003364,AGT-0376,2025-01-10,SASSO (Dual-Purpose),100.0,BATCH-202501-889
ORD-003365,AGT-0376,2025-02-21,SASSO (Dual-Purpose),200.0,
ORD-003366,AGT-0376,2025-04-17,SASSO (Dual-Purpose),200.0,BATCH-202504-194
ORD-003367,AGT-0376,2025-03-20,SASSO (Dual-Purpose),200.0,BATCH-202503-246
ORD-003368,AGT-0376,2025-09-05,Bovans Brown (Layer),1000.0,BATCH-202509-686
ORD-003369,AGT-0376,2025-12-08,SASSO (Dual-Purpose),200.0,BATCH-202512-604
ORD-003370,AGT-0376,2025-08-08,SASSO (Dual-Purpose),200.0,BATCH-202508-947
ORD-003371,AGT-0376,2025-04-16,SASSO (Dual-Purpose),300.0,BATCH-202504-490
ORD-003372,AGT-0377,2025-12-12,SASSO (Dual-Purpose),100.0,BATCH-202512-876
ORD-003373,AGT-0377,2025-03-13,Bovans Brown (Layer),200.0,BATCH-202503-739
ORD-003374,AGT-0377,2025-09-25,SASSO (Dual-Purpose),1000.0,BATCH-202509-183
ORD-003375,AGT-0377,2025-01-21,SASSO (Dual-Purpose),100.0,BATCH-202501-754
ORD-003376,AGT-0377,2025-09-03,Bovans Brown (Layer),200.0,BATCH-202509-865
ORD-003377,AGT-0377,2025-10-26,SASSO (Dual-Purpose),1000.0,BATCH-202510-940
ORD-003378,AGT-0377,2025-07-28,Bovans Brown (Layer),100.0,BATCH-202507-885
ORD-003379,AGT-0377,2025-05-08,SASSO (Dual-Purpose),300.0,BATCH-202505-413
ORD-003380,AGT-0377,2025-03-15,SASSO (Dual-Purpose),200.0,BATCH-202503-517
ORD-003381,AGT-0377,2025-01-20,SASSO (Dual-Purpose),200.0,BATCH-202501-644
ORD-003382,AGT-0378,2025-11-02,Bovans Brown (Layer),1000.0,BATCH-202511-659
ORD-003383,AGT-0378,2025-07-29,SASSO (Dual-Purpose),500.0,BATCH-202507-259
ORD-003384,AGT-0378,2025-09-03,SASSO (Dual-Purpose),200.0,BATCH-202509-930
ORD-003385,AGT-0378,2025-12-29,SASSO (Dual-Purpose),100.0,BATCH-202512-953
ORD-003386,AGT-0378,2025-07-06,SASSO (Dual-Purpose),300.0,BATCH-202507-954
ORD-003387,AGT-0378,2025-04-05,SASSO (Dual-Purpose),200.0,BATCH-202504-767
ORD-003388,AGT-0378,2025-02-27,SASSO (Dual-Purpose),300.0,BATCH-202502-872
ORD-003389,AGT-0378,2025-11-20,Bovans Brown (Layer),500.0,BATCH-202511-213
ORD-003390,AGT-0378,2025-06-12,SASSO (Dual-Purpose),200.0,BATCH-202506-224
ORD-003391,AGT-0378,2025-01-01,Bovans Brown (Layer),300.0,BATCH-202501-163
ORD-003392,AGT-0378,2025-11-13,SASSO (Dual-Purpose),300.0,BATCH-202511-318
ORD-003393,AGT-0379,2025-02-26,Bovans Brown (Layer),200.0,BATCH-202502-263
ORD-003394,AGT-0379,2025-12-20,SASSO (Dual-Purpose),100.0,BATCH-202512-709
ORD-003395,AGT-0379,2025-11-14,Bovans Brown (Layer),200.0,BATCH-202511-307
ORD-003396,AGT-0379,2025-12-13,SASSO (Dual-Purpose),200.0,BATCH-202512-964
ORD-003397,AGT-0379,2025-07-02,SASSO (Dual-Purpose),100.0,BATCH-202507-428
ORD-003398,AGT-0379,2025-03-18,SASSO (Dual-Purpose),200.0,BATCH-202503-227
ORD-003399,AGT-0379,2025-01-29,SASSO (Dual-Purpose),100.0,BATCH-202501-717
ORD-003400,AGT-0379,2025-02-20,SASSO (Dual-Purpose),100.0,BATCH-202502-601
ORD-003401,AGT-0379,2025-07-08,Bovans Brown (Layer),200.0,BATCH-202507-421
ORD-003402,AGT-0379,2025-09-07,SASSO (Dual-Purpose),1000.0,BATCH-202509-322
ORD-003403,AGT-0379,2025-08-13,SASSO (Dual-Purpose),200.0,BATCH-202508-178
ORD-003404,AGT-0380,2025-02-25,SASSO (Dual-Purpose),300.0,BATCH-202502-626
ORD-003405,AGT-0380,2025-01-29,SASSO (Dual-Purpose),300.0,BATCH-202501-466
ORD-003406,AGT-0380,2025-09-23,SASSO (Dual-Purpose),100.0,BATCH-202509-478
ORD-003407,AGT-0380,2025-12-20,SASSO (Dual-Purpose),200.0,BATCH-202512-280
ORD-003408,AGT-0380,2025-10-03,SASSO (Dual-Purpose),200.0,BATCH-202510-765
ORD-003409,AGT-0380,2025-12-29,Bovans Brown (Layer),300.0,BATCH-202512-918
ORD-003410,AGT-0380,2025-09-23,SASSO (Dual-Purpose),100.0,BATCH-202509-421
ORD-003411,AGT-0380,2025-07-05,SASSO (Dual-Purpose),200.0,BATCH-202507-503
ORD-003412,AGT-0380,2025-12-06,SASSO (Dual-Purpose),200.0,BATCH-202512-351
ORD-003413,AGT-0381,2025-03-11,SASSO (Dual-Purpose),200.0,BATCH-202503-863
ORD-003414,AGT-0381,2025-08-27,SASSO (Dual-Purpose),300.0,BATCH-202508-451
ORD-003415,AGT-0381,2025-02-24,SASSO (Dual-Purpose),500.0,BATCH-202502-565
ORD-003416,AGT-0381,2025-06-19,SASSO (Dual-Purpose),300.0,BATCH-202506-169
ORD-003417,AGT-0381,2025-06-17,SASSO (Dual-Purpose),200.0,BATCH-202506-951
ORD-003418,AGT-0381,2025-10-27,Bovans Brown (Layer),300.0,BATCH-202510-944
ORD-003419,AGT-0382,2025-04-20,Bovans Brown (Layer),300.0,BATCH-202504-321
ORD-003420,AGT-0382,2025-11-17,Bovans Brown (Layer),100.0,BATCH-202511-926
ORD-003421,AGT-0382,2025-01-16,Bovans Brown (Layer),300.0,BATCH-202501-289
ORD-003422,AGT-0382,2025-10-05,SASSO (Dual-Purpose),200.0,BATCH-202510-783
ORD-003423,AGT-0382,2025-02-10,SASSO (Dual-Purpose),100.0,BATCH-202502-165
ORD-003425,AGT-0382,2025-07-07,SASSO (Dual-Purpose),100.0,BATCH-202507-964
ORD-003426,AGT-0383,2025-07-27,SASSO (Dual-Purpose),300.0,BATCH-202507-318
ORD-003427,AGT-0383,2025-07-12,SASSO (Dual-Purpose),500.0,BATCH-202507-947
ORD-003428,AGT-0383,2025-10-08,Bovans Brown (Layer),100.0,BATCH-202510-504
ORD-003429,AGT-0383,2025-12-06,SASSO (Dual-Purpose),300.0,BATCH-202512-605
ORD-003430,AGT-0383,2025-02-14,Bovans Brown (Layer),200.0,BATCH-202502-125
ORD-003431,AGT-0383,2025-09-11,Bovans Brown (Layer),200.0,BATCH-202509-196
ORD-003432,AGT-0383,2025-08-02,SASSO (Dual-Purpose),300.0,BATCH-202508-861
ORD-003433,AGT-0383,2025-12-22,SASSO (Dual-Purpose),100.0,BATCH-202512-640
ORD-003434,AGT-0383,2025-01-13,Bovans Brown (Layer),200.0,BATCH-202501-983
ORD-003435,AGT-0384,2025-07-29,SASSO (Dual-Purpose),200.0,BATCH-202507-852
ORD-003436,AGT-0384,2025-03-02,SASSO (Dual-Purpose),200.0,BATCH-202503-355
ORD-003437,AGT-0384,2025-10-15,SASSO (Dual-Purpose),300.0,BATCH-202510-647
ORD-003438,AGT-0384,2025-06-13,SASSO (Dual-Purpose),200.0,BATCH-202506-590
ORD-003439,AGT-0384,2025-05-25,SASSO (Dual-Purpose),1000.0,BATCH-202505-749
ORD-003440,AGT-0384,2025-03-20,SASSO (Dual-Purpose),300.0,BATCH-202503-178
ORD-003441,AGT-0384,2025-12-10,Bovans Brown (Layer),100.0,BATCH-202512-275
ORD-003443,AGT-0384,2025-04-26,SASSO (Dual-Purpose),200.0,BATCH-202504-337
ORD-003444,AGT-0384,2025-12-05,SASSO (Dual-Purpose),200.0,BATCH-202512-865
ORD-003445,AGT-0384,2025-07-07,Bovans Brown (Layer),200.0,BATCH-202507-136
ORD-003446,AGT-0384,2025-05-14,Bovans Brown (Layer),100.0,BATCH-202505-138
ORD-003447,AGT-0385,2025-12-27,SASSO (Dual-Purpose),300.0,BATCH-202512-774
ORD-003448,AGT-0385,2025-01-09,SASSO (Dual-Purpose),100.0,BATCH-202501-601
ORD-003449,AGT-0385,2025-05-06,SASSO (Dual-Purpose),200.0,BATCH-202505-289
ORD-003451,AGT-0385,2025-11-21,SASSO (Dual-Purpose),200.0,BATCH-202511-254
ORD-003452,AGT-0385,2025-09-01,SASSO (Dual-Purpose),300.0,BATCH-202509-678
ORD-003453,AGT-0385,2025-12-23,Bovans Brown (Layer),300.0,BATCH-202512-318
ORD-003454,AGT-0385,2025-01-18,SASSO (Dual-Purpose),200.0,BATCH-202501-693
ORD-003455,AGT-0385,2025-08-16,Bovans Brown (Layer),200.0,BATCH-202508-105
ORD-003457,AGT-0385,2025-01-04,SASSO (Dual-Purpose),1000.0,BATCH-202501-432
ORD-003458,AGT-0386,2025-03-02,SASSO (Dual-Purpose),200.0,BATCH-202503-421
ORD-003460,AGT-0386,2025-03-14,SASSO (Dual-Purpose),200.0,BATCH-202503-862
ORD-003461,AGT-0386,2025-09-15,SASSO (Dual-Purpose),200.0,BATCH-202509-643
ORD-003462,AGT-0386,2025-10-17,SASSO (Dual-Purpose),100.0,BATCH-202510-142
ORD-003463,AGT-0386,2025-10-06,SASSO (Dual-Purpose),200.0,BATCH-202510-701
ORD-003464,AGT-0386,2025-11-03,SASSO (Dual-Purpose),200.0,BATCH-202511-390
ORD-003465,AGT-0386,2025-09-26,SASSO (Dual-Purpose),200.0,BATCH-202509-632
ORD-003466,AGT-0386,2025-07-28,SASSO (Dual-Purpose),200.0,BATCH-202507-881
ORD-003467,AGT-0387,2025-01-19,SASSO (Dual-Purpose),100.0,BATCH-202501-949
ORD-003468,AGT-0387,2025-12-15,SASSO (Dual-Purpose),300.0,BATCH-202512-586
ORD-003469,AGT-0387,2025-09-09,Bovans Brown (Layer),200.0,BATCH-202509-370
ORD-003470,AGT-0387,2025-11-20,SASSO (Dual-Purpose),200.0,BATCH-202511-252
ORD-003471,AGT-0387,2025-09-04,SASSO (Dual-Purpose),200.0,BATCH-202509-767
ORD-003472,AGT-0387,2025-08-22,SASSO (Dual-Purpose),300.0,BATCH-202508-189
ORD-003473,AGT-0387,2025-03-22,SASSO (Dual-Purpose),200.0,BATCH-202503-790
ORD-003474,AGT-0387,2025-03-09,SASSO (Dual-Purpose),500.0,BATCH-202503-312
ORD-003475,AGT-0387,2025-04-11,SASSO (Dual-Purpose),200.0,BATCH-202504-167
ORD-003476,AGT-0387,2025-06-20,Bovans Brown (Layer),200.0,BATCH-202506-387
ORD-003477,AGT-0387,2025-10-21,Bovans Brown (Layer),300.0,BATCH-202510-748
ORD-003478,AGT-0387,2025-01-16,SASSO (Dual-Purpose),300.0,BATCH-202501-645
ORD-003479,AGT-0388,2025-01-15,SASSO (Dual-Purpose),200.0,BATCH-202501-860
ORD-003480,AGT-0388,2025-06-09,SASSO (Dual-Purpose),300.0,BATCH-202506-284
ORD-003481,AGT-0388,2025-10-15,SASSO (Dual-Purpose),100.0,BATCH-202510-540
ORD-003482,AGT-0388,2025-08-01,SASSO (Dual-Purpose),200.0,BATCH-202508-781
ORD-003483,AGT-0388,2025-02-23,Bovans Brown (Layer),100.0,BATCH-202502-350
ORD-003484,AGT-0388,2025-09-23,SASSO (Dual-Purpose),200.0,BATCH-202509-357
ORD-003485,AGT-0388,2025-08-18,SASSO (Dual-Purpose),200.0,BATCH-202508-802
ORD-003486,AGT-0388,2025-01-27,SASSO (Dual-Purpose),100.0,BATCH-202501-607
ORD-003487,AGT-0388,2025-09-25,SASSO (Dual-Purpose),200.0,BATCH-202509-679
ORD-003488,AGT-0388,2025-02-17,SASSO (Dual-Purpose),300.0,BATCH-202502-315
ORD-003489,AGT-0389,2025-05-25,SASSO (Dual-Purpose),500.0,BATCH-202505-252
ORD-003490,AGT-0389,2025-04-05,Bovans Brown (Layer),100.0,BATCH-202504-775
ORD-003491,AGT-0389,2025-10-30,SASSO (Dual-Purpose),1000.0,BATCH-202510-995
ORD-003492,AGT-0389,2025-11-04,Bovans Brown (Layer),200.0,BATCH-202511-577
ORD-003493,AGT-0389,2025-03-05,SASSO (Dual-Purpose),300.0,BATCH-202503-203
ORD-003494,AGT-0389,2025-08-05,SASSO (Dual-Purpose),100.0,BATCH-202508-160
ORD-003495,AGT-0389,2025-12-23,SASSO (Dual-Purpose),100.0,BATCH-202512-712
ORD-003496,AGT-0389,2025-11-28,SASSO (Dual-Purpose),200.0,BATCH-202511-436
ORD-003497,AGT-0389,2025-01-04,SASSO (Dual-Purpose),500.0,BATCH-202501-683
ORD-003498,AGT-0389,2025-11-19,SASSO (Dual-Purpose),500.0,BATCH-202511-647
ORD-003499,AGT-0389,2025-10-01,Bovans Brown (Layer),200.0,BATCH-202510-167
ORD-003501,AGT-0390,2025-05-01,Bovans Brown (Layer),200.0,BATCH-202505-986
ORD-003502,AGT-0390,2025-04-29,SASSO (Dual-Purpose),300.0,BATCH-202504-171
ORD-003503,AGT-0390,2025-10-02,SASSO (Dual-Purpose),300.0,BATCH-202510-489
ORD-003504,AGT-0390,2025-07-01,SASSO (Dual-Purpose),200.0,BATCH-202507-698
ORD-003505,AGT-0390,2025-04-17,SASSO (Dual-Purpose),100.0,BATCH-202504-365
ORD-003506,AGT-0390,2025-11-08,SASSO (Dual-Purpose),100.0,BATCH-202511-739
ORD-003507,AGT-0390,2025-12-17,SASSO (Dual-Purpose),200.0,BATCH-202512-466
ORD-003508,AGT-0391,2025-05-27,Bovans Brown (Layer),200.0,BATCH-202505-913
ORD-003509,AGT-0391,2025-01-03,SASSO (Dual-Purpose),200.0,BATCH-202501-634
ORD-003510,AGT-0391,2025-11-16,SASSO (Dual-Purpose),200.0,BATCH-202511-785
ORD-003512,AGT-0391,2025-10-24,SASSO (Dual-Purpose),200.0,BATCH-202510-559
ORD-003513,AGT-0391,2025-01-27,Bovans Brown (Layer),200.0,BATCH-202501-637
ORD-003514,AGT-0391,2025-07-20,Bovans Brown (Layer),300.0,BATCH-202507-195
ORD-003515,AGT-0392,2025-07-20,Bovans Brown (Layer),200.0,BATCH-202507-309
ORD-003516,AGT-0392,2025-04-14,SASSO (Dual-Purpose),500.0,BATCH-202504-860
ORD-003517,AGT-0392,2025-12-30,SASSO (Dual-Purpose),200.0,BATCH-202512-105
ORD-003518,AGT-0392,2025-04-15,SASSO (Dual-Purpose),200.0,BATCH-202504-691
ORD-003519,AGT-0392,2025-07-25,Bovans Brown (Layer),200.0,BATCH-202507-277
ORD-003520,AGT-0392,2025-10-22,Bovans Brown (Layer),200.0,BATCH-202510-138
ORD-003521,AGT-0392,2025-09-05,SASSO (Dual-Purpose),200.0,
ORD-003522,AGT-0392,2025-08-29,Bovans Brown (Layer),300.0,BATCH-202508-722
ORD-003523,AGT-0392,2025-06-08,SASSO (Dual-Purpose),200.0,BATCH-202506-327
ORD-003524,AGT-0392,2025-08-15,SASSO (Dual-Purpose),200.0,BATCH-202508-463
ORD-003525,AGT-0393,2025-05-15,SASSO (Dual-Purpose),300.0,BATCH-202505-946
ORD-003526,AGT-0393,2025-05-29,SASSO (Dual-Purpose),300.0,BATCH-202505-146
ORD-003527,AGT-0393,2025-09-29,Bovans Brown (Layer),300.0,BATCH-202509-163
ORD-003528,AGT-0393,2025-08-03,SASSO (Dual-Purpose),200.0,BATCH-202508-116
ORD-003529,AGT-0393,2025-02-20,Bovans Brown (Layer),200.0,BATCH-202502-107
ORD-003530,AGT-0393,2025-07-10,Bovans Brown (Layer),200.0,BATCH-202507-576
ORD-003531,AGT-0393,2025-04-04,Bovans Brown (Layer),300.0,BATCH-202504-959
ORD-003532,AGT-0393,2025-02-26,SASSO (Dual-Purpose),200.0,BATCH-202502-884
ORD-003533,AGT-0393,2025-04-13,SASSO (Dual-Purpose),100.0,BATCH-202504-558
ORD-003534,AGT-0393,2025-01-01,SASSO (Dual-Purpose),100.0,BATCH-202501-543
ORD-003536,AGT-0393,2025-12-13,SASSO (Dual-Purpose),300.0,BATCH-202512-166
ORD-003538,AGT-0394,2025-01-01,SASSO (Dual-Purpose),300.0,BATCH-202501-609
ORD-003539,AGT-0394,2025-02-28,SASSO (Dual-Purpose),200.0,
ORD-003540,AGT-0394,2025-04-13,Bovans Brown (Layer),300.0,BATCH-202504-706
ORD-003541,AGT-0394,2025-05-22,SASSO (Dual-Purpose),200.0,BATCH-202505-773
ORD-003542,AGT-0394,2025-05-29,SASSO (Dual-Purpose),500.0,BATCH-202505-443
ORD-003543,AGT-0395,2025-10-10,SASSO (Dual-Purpose),200.0,
ORD-003544,AGT-0395,2025-04-06,SASSO (Dual-Purpose),200.0,BATCH-202504-105
ORD-003545,AGT-0395,2025-07-11,SASSO (Dual-Purpose),300.0,BATCH-202507-937
ORD-003546,AGT-0395,2025-09-02,SASSO (Dual-Purpose),300.0,BATCH-202509-466
ORD-003547,AGT-0395,2025-09-11,SASSO (Dual-Purpose),200.0,BATCH-202509-861
ORD-003548,AGT-0395,2025-09-09,SASSO (Dual-Purpose),200.0,BATCH-202509-118
ORD-003549,AGT-0396,2025-10-03,Bovans Brown (Layer),200.0,BATCH-202510-393
ORD-003550,AGT-0396,2025-05-03,SASSO (Dual-Purpose),200.0,BATCH-202505-105
ORD-003551,AGT-0396,2025-06-26,Bovans Brown (Layer),100.0,BATCH-202506-713
ORD-003552,AGT-0396,2025-05-25,SASSO (Dual-Purpose),300.0,BATCH-202505-336
ORD-003553,AGT-0396,2025-08-08,SASSO (Dual-Purpose),300.0,BATCH-202508-341
ORD-003554,AGT-0396,2025-05-15,SASSO (Dual-Purpose),300.0,BATCH-202505-981
ORD-003555,AGT-0396,2025-02-27,SASSO (Dual-Purpose),200.0,BATCH-202502-114
ORD-003556,AGT-0396,2025-06-15,SASSO (Dual-Purpose),300.0,BATCH-202506-472
ORD-003557,AGT-0396,2025-03-18,SASSO (Dual-Purpose),300.0,BATCH-202503-561
ORD-003558,AGT-0397,2025-05-07,SASSO (Dual-Purpose),300.0,BATCH-202505-484
ORD-003559,AGT-0397,2025-04-05,SASSO (Dual-Purpose),100.0,BATCH-202504-694
ORD-003560,AGT-0397,2025-02-27,SASSO (Dual-Purpose),100.0,BATCH-202502-960
ORD-003561,AGT-0397,2025-06-23,SASSO (Dual-Purpose),200.0,BATCH-202506-686
ORD-003563,AGT-0397,2025-06-08,Bovans Brown (Layer),200.0,BATCH-202506-181
ORD-003564,AGT-0397,2025-12-23,SASSO (Dual-Purpose),200.0,BATCH-202512-668
ORD-003566,AGT-0398,2025-07-16,Bovans Brown (Layer),200.0,BATCH-202507-430
ORD-003567,AGT-0398,2025-06-29,SASSO (Dual-Purpose),500.0,BATCH-202506-626
ORD-003568,AGT-0398,2025-03-13,SASSO (Dual-Purpose),100.0,BATCH-202503-575
ORD-003569,AGT-0398,2025-05-06,SASSO (Dual-Purpose),200.0,BATCH-202505-638
ORD-003570,AGT-0398,2025-07-06,SASSO (Dual-Purpose),300.0,BATCH-202507-154
ORD-003571,AGT-0398,2025-09-13,SASSO (Dual-Purpose),100.0,BATCH-202509-859
ORD-003572,AGT-0399,2025-04-30,SASSO (Dual-Purpose),300.0,BATCH-202504-823
ORD-003573,AGT-0399,2025-09-14,SASSO (Dual-Purpose),500.0,BATCH-202509-242
ORD-003574,AGT-0399,2025-02-14,SASSO (Dual-Purpose),200.0,BATCH-202502-194
ORD-003576,AGT-0399,2025-12-13,SASSO (Dual-Purpose),300.0,BATCH-202512-744
ORD-003577,AGT-0399,2025-02-27,SASSO (Dual-Purpose),500.0,BATCH-202502-325
ORD-003578,AGT-0399,2025-02-25,SASSO (Dual-Purpose),200.0,BATCH-202502-295
ORD-003579,AGT-0399,2025-05-20,Bovans Brown (Layer),100.0,BATCH-202505-472
ORD-003580,AGT-0399,2025-05-08,Bovans Brown (Layer),100.0,BATCH-202505-381
ORD-003581,AGT-0399,2025-08-06,SASSO (Dual-Purpose),1000.0,BATCH-202508-872
ORD-003582,AGT-0400,2025-12-17,Bovans Brown (Layer),500.0,BATCH-202512-633
ORD-003583,AGT-0400,2025-01-04,Bovans Brown (Layer),300.0,BATCH-202501-849
ORD-003584,AGT-0400,2025-01-20,SASSO (Dual-Purpose),500.0,BATCH-202501-662
ORD-003585,AGT-0400,2025-05-04,Bovans Brown (Layer),100.0,BATCH-202505-768
ORD-003586,AGT-0400,2025-02-25,SASSO (Dual-Purpose),100.0,BATCH-202502-842
ORD-003587,AGT-0400,2025-09-28,Bovans Brown (Layer),100.0,BATCH-202509-187
ORD-003588,AGT-0400,2025-07-23,SASSO (Dual-Purpose),200.0,BATCH-202507-749
ORD-003589,AGT-0400,2025-08-17,SASSO (Dual-Purpose),300.0,BATCH-202508-774
ORD-003590,AGT-0400,2025-07-23,SASSO (Dual-Purpose),200.0,BATCH-202507-996
ORD-003591,AGT-0400,2025-07-11,SASSO (Dual-Purpose),300.0,BATCH-202507-316
ORD-003592,AGT-0400,2025-03-20,SASSO (Dual-Purpose),500.0,BATCH-202503-176
ORD-003593,AGT-0401,2025-11-06,Bovans Brown (Layer),100.0,BATCH-202511-784
ORD-003594,AGT-0401,2025-12-06,Bovans Brown (Layer),300.0,BATCH-202512-460
ORD-003595,AGT-0401,2025-11-25,SASSO (Dual-Purpose),200.0,BATCH-202511-205
ORD-003596,AGT-0401,2025-09-15,Bovans Brown (Layer),300.0,BATCH-202509-576
ORD-003597,AGT-0401,2025-01-01,SASSO (Dual-Purpose),200.0,BATCH-202501-126
ORD-003598,AGT-0401,2025-03-10,SASSO (Dual-Purpose),100.0,BATCH-202503-997
ORD-003599,AGT-0401,2025-10-03,SASSO (Dual-Purpose),500.0,BATCH-202510-183
ORD-003601,AGT-0402,2025-05-02,Bovans Brown (Layer),200.0,BATCH-202505-673
ORD-003602,AGT-0402,2025-07-18,SASSO (Dual-Purpose),100.0,BATCH-202507-270
ORD-003603,AGT-0402,2025-06-10,SASSO (Dual-Purpose),200.0,BATCH-202506-291
ORD-003604,AGT-0402,2025-04-21,Bovans Brown (Layer),100.0,BATCH-202504-866
ORD-003605,AGT-0402,2025-08-09,SASSO (Dual-Purpose),500.0,BATCH-202508-384
ORD-003606,AGT-0402,2025-06-23,Bovans Brown (Layer),300.0,BATCH-202506-144
ORD-003608,AGT-0402,2025-08-07,SASSO (Dual-Purpose),200.0,BATCH-202508-473
ORD-003609,AGT-0402,2025-08-13,SASSO (Dual-Purpose),300.0,BATCH-202508-968
ORD-003610,AGT-0403,2025-12-23,SASSO (Dual-Purpose),500.0,
ORD-003611,AGT-0403,2025-12-01,Bovans Brown (Layer),200.0,BATCH-202512-883
ORD-003612,AGT-0403,2025-09-06,SASSO (Dual-Purpose),200.0,BATCH-202509-711
ORD-003614,AGT-0403,2025-09-29,SASSO (Dual-Purpose),300.0,BATCH-202509-483
ORD-003615,AGT-0403,2025-09-09,Bovans Brown (Layer),100.0,BATCH-202509-260
ORD-003616,AGT-0403,2025-01-09,SASSO (Dual-Purpose),200.0,BATCH-202501-448
ORD-003617,AGT-0403,2025-11-24,SASSO (Dual-Purpose),500.0,BATCH-202511-686
ORD-003618,AGT-0403,2025-11-19,SASSO (Dual-Purpose),100.0,BATCH-202511-592
ORD-003619,AGT-0403,2025-03-29,SASSO (Dual-Purpose),200.0,BATCH-202503-674
ORD-003620,AGT-0404,2025-03-31,SASSO (Dual-Purpose),300.0,BATCH-202503-889
ORD-003623,AGT-0404,2025-02-13,SASSO (Dual-Purpose),200.0,BATCH-202502-289
ORD-003624,AGT-0404,2025-04-16,SASSO (Dual-Purpose),200.0,BATCH-202504-469
ORD-003625,AGT-0404,2025-07-14,Bovans Brown (Layer),200.0,BATCH-202507-192
ORD-003626,AGT-0404,2025-12-28,SASSO (Dual-Purpose),1000.0,BATCH-202512-721
ORD-003627,AGT-0404,2025-08-13,SASSO (Dual-Purpose),200.0,BATCH-202508-413
ORD-003628,AGT-0404,2025-05-16,Bovans Brown (Layer),200.0,BATCH-202505-176
ORD-003629,AGT-0404,2025-03-03,Bovans Brown (Layer),500.0,BATCH-202503-389
ORD-003630,AGT-0404,2025-02-27,SASSO (Dual-Purpose),200.0,BATCH-202502-135
ORD-003631,AGT-0404,2025-06-12,SASSO (Dual-Purpose),300.0,BATCH-202506-980
ORD-003632,AGT-0405,2025-01-23,SASSO (Dual-Purpose),200.0,BATCH-202501-692
ORD-003633,AGT-0405,2025-02-15,SASSO (Dual-Purpose),300.0,BATCH-202502-572
ORD-003634,AGT-0405,2025-07-31,SASSO (Dual-Purpose),100.0,BATCH-202507-909
ORD-003635,AGT-0405,2025-07-22,SASSO (Dual-Purpose),200.0,BATCH-202507-304
ORD-003636,AGT-0405,2025-03-03,SASSO (Dual-Purpose),300.0,BATCH-202503-185
ORD-003637,AGT-0405,2025-06-28,Bovans Brown (Layer),200.0,BATCH-202506-851
ORD-003638,AGT-0406,2025-01-18,SASSO (Dual-Purpose),200.0,BATCH-202501-848
ORD-003639,AGT-0406,2025-03-25,SASSO (Dual-Purpose),300.0,BATCH-202503-695
ORD-003640,AGT-0406,2025-02-08,SASSO (Dual-Purpose),300.0,BATCH-202502-140
ORD-003641,AGT-0406,2025-02-26,SASSO (Dual-Purpose),100.0,BATCH-202502-427
ORD-003642,AGT-0406,2025-08-20,SASSO (Dual-Purpose),200.0,BATCH-202508-242
ORD-003643,AGT-0406,2025-05-26,Bovans Brown (Layer),100.0,BATCH-202505-767
ORD-003644,AGT-0406,2025-05-28,SASSO (Dual-Purpose),300.0,BATCH-202505-277
ORD-003645,AGT-0406,2025-03-24,SASSO (Dual-Purpose),200.0,BATCH-202503-568
ORD-003646,AGT-0407,2025-08-05,Bovans Brown (Layer),1000.0,BATCH-202508-519
ORD-003647,AGT-0407,2025-12-22,SASSO (Dual-Purpose),200.0,BATCH-202512-898
ORD-003649,AGT-0407,2025-06-30,SASSO (Dual-Purpose),200.0,BATCH-202506-217
ORD-003650,AGT-0407,2025-07-02,Bovans Brown (Layer),200.0,BATCH-202507-425
ORD-003651,AGT-0407,2025-07-04,SASSO (Dual-Purpose),1000.0,BATCH-202507-354
ORD-003652,AGT-0407,2025-03-07,SASSO (Dual-Purpose),500.0,BATCH-202503-838
ORD-003653,AGT-0407,2025-05-06,SASSO (Dual-Purpose),200.0,BATCH-202505-978
ORD-003654,AGT-0408,2025-07-20,Bovans Brown (Layer),300.0,BATCH-202507-769
ORD-003656,AGT-0408,2025-12-20,SASSO (Dual-Purpose),200.0,BATCH-202512-404
ORD-003657,AGT-0408,2025-02-07,SASSO (Dual-Purpose),200.0,BATCH-202502-233
ORD-003658,AGT-0408,2025-12-09,SASSO (Dual-Purpose),200.0,BATCH-202512-300
ORD-003660,AGT-0409,2025-01-10,SASSO (Dual-Purpose),100.0,BATCH-202501-652
ORD-003661,AGT-0409,2025-02-03,SASSO (Dual-Purpose),300.0,BATCH-202502-967
ORD-003662,AGT-0409,2025-12-22,SASSO (Dual-Purpose),200.0,BATCH-202512-560
ORD-003664,AGT-0409,2025-06-08,Bovans Brown (Layer),200.0,BATCH-202506-731
ORD-003665,AGT-0409,2025-07-29,SASSO (Dual-Purpose),100.0,BATCH-202507-230
ORD-003666,AGT-0409,2025-11-10,SASSO (Dual-Purpose),100.0,BATCH-202511-230
ORD-003667,AGT-0409,2025-03-01,SASSO (Dual-Purpose),500.0,BATCH-202503-485
ORD-003668,AGT-0409,2025-06-02,SASSO (Dual-Purpose),200.0,BATCH-202506-609
ORD-003669,AGT-0409,2025-10-30,SASSO (Dual-Purpose),300.0,BATCH-202510-365
ORD-003670,AGT-0410,2025-09-23,SASSO (Dual-Purpose),500.0,BATCH-202509-348
ORD-003671,AGT-0410,2025-09-18,SASSO (Dual-Purpose),100.0,BATCH-202509-327
ORD-003672,AGT-0410,2025-10-15,SASSO (Dual-Purpose),300.0,BATCH-202510-487
ORD-003673,AGT-0410,2025-04-19,SASSO (Dual-Purpose),100.0,BATCH-202504-496
ORD-003674,AGT-0410,2025-04-03,Bovans Brown (Layer),100.0,BATCH-202504-767
ORD-003675,AGT-0410,2025-03-17,Bovans Brown (Layer),100.0,BATCH-202503-117
ORD-003676,AGT-0411,2025-12-06,SASSO (Dual-Purpose),100.0,BATCH-202512-680
ORD-003677,AGT-0411,2025-08-04,SASSO (Dual-Purpose),200.0,BATCH-202508-207
ORD-003678,AGT-0411,2025-12-13,SASSO (Dual-Purpose),200.0,BATCH-202512-963
ORD-003679,AGT-0411,2025-04-28,SASSO (Dual-Purpose),100.0,BATCH-202504-162
ORD-003680,AGT-0411,2025-05-30,SASSO (Dual-Purpose),300.0,BATCH-202505-930
ORD-003681,AGT-0411,2025-07-21,SASSO (Dual-Purpose),200.0,BATCH-202507-338
ORD-003682,AGT-0411,2025-09-30,SASSO (Dual-Purpose),300.0,BATCH-202509-945
ORD-003683,AGT-0412,2025-08-21,SASSO (Dual-Purpose),200.0,BATCH-202508-787
ORD-003684,AGT-0412,2025-08-05,SASSO (Dual-Purpose),300.0,BATCH-202508-139
ORD-003685,AGT-0412,2025-05-11,SASSO (Dual-Purpose),200.0,BATCH-202505-843
ORD-003686,AGT-0412,2025-10-04,SASSO (Dual-Purpose),1000.0,BATCH-202510-637
ORD-003687,AGT-0412,2025-08-12,SASSO (Dual-Purpose),200.0,BATCH-202508-698
ORD-003688,AGT-0412,2025-10-28,SASSO (Dual-Purpose),300.0,BATCH-202510-468
ORD-003689,AGT-0412,2025-10-24,Bovans Brown (Layer),100.0,BATCH-202510-346
ORD-003690,AGT-0412,2025-06-17,SASSO (Dual-Purpose),200.0,BATCH-202506-701
ORD-003691,AGT-0413,2025-10-12,SASSO (Dual-Purpose),200.0,BATCH-202510-750
ORD-003692,AGT-0413,2025-05-03,SASSO (Dual-Purpose),100.0,BATCH-202505-112
ORD-003693,AGT-0413,2025-01-26,SASSO (Dual-Purpose),200.0,BATCH-202501-899
ORD-003694,AGT-0413,2025-04-26,SASSO (Dual-Purpose),200.0,BATCH-202504-473
ORD-003695,AGT-0413,2025-11-22,SASSO (Dual-Purpose),100.0,BATCH-202511-819
ORD-003696,AGT-0413,2025-11-08,SASSO (Dual-Purpose),200.0,BATCH-202511-273
ORD-003697,AGT-0413,2025-05-23,Bovans Brown (Layer),100.0,BATCH-202505-375
ORD-003698,AGT-0414,2025-09-05,SASSO (Dual-Purpose),100.0,BATCH-202509-364
ORD-003699,AGT-0414,2025-01-18,Bovans Brown (Layer),100.0,BATCH-202501-546
ORD-003700,AGT-0414,2025-09-19,SASSO (Dual-Purpose),500.0,BATCH-202509-170
ORD-003701,AGT-0414,2025-11-26,SASSO (Dual-Purpose),100.0,BATCH-202511-745
ORD-003702,AGT-0414,2025-09-17,SASSO (Dual-Purpose),100.0,BATCH-202509-856
ORD-003703,AGT-0414,2025-04-26,SASSO (Dual-Purpose),500.0,BATCH-202504-550
ORD-003704,AGT-0414,2025-01-09,SASSO (Dual-Purpose),100.0,BATCH-202501-627
ORD-003705,AGT-0414,2025-07-04,Bovans Brown (Layer),500.0,BATCH-202507-780
ORD-003706,AGT-0414,2025-03-18,SASSO (Dual-Purpose),200.0,BATCH-202503-790
ORD-003707,AGT-0415,2025-01-03,Bovans Brown (Layer),200.0,BATCH-202501-410
ORD-003708,AGT-0415,2025-06-07,SASSO (Dual-Purpose),100.0,BATCH-202506-701
ORD-003709,AGT-0415,2025-07-04,SASSO (Dual-Purpose),200.0,BATCH-202507-126
ORD-003710,AGT-0415,2025-08-13,SASSO (Dual-Purpose),200.0,BATCH-202508-447
ORD-003711,AGT-0415,2025-03-15,SASSO (Dual-Purpose),300.0,BATCH-202503-477
ORD-003712,AGT-0415,2025-04-25,Bovans Brown (Layer),300.0,BATCH-202504-232
ORD-003713,AGT-0415,2025-05-25,SASSO (Dual-Purpose),300.0,BATCH-202505-929
ORD-003714,AGT-0415,2025-11-12,SASSO (Dual-Purpose),300.0,BATCH-202511-189
ORD-003715,AGT-0415,2025-08-20,SASSO (Dual-Purpose),100.0,BATCH-202508-927
ORD-003716,AGT-0415,2025-04-29,SASSO (Dual-Purpose),1000.0,BATCH-202504-581
ORD-003717,AGT-0416,2025-01-25,SASSO (Dual-Purpose),200.0,BATCH-202501-448
ORD-003718,AGT-0416,2025-12-21,SASSO (Dual-Purpose),1000.0,BATCH-202512-681
ORD-003719,AGT-0416,2025-06-15,SASSO (Dual-Purpose),100.0,BATCH-202506-256
ORD-003721,AGT-0416,2025-11-13,SASSO (Dual-Purpose),200.0,BATCH-202511-680
ORD-003722,AGT-0416,2025-04-26,SASSO (Dual-Purpose),300.0,BATCH-202504-201
ORD-003723,AGT-0416,2025-09-16,Bovans Brown (Layer),200.0,BATCH-202509-787
ORD-003724,AGT-0416,2025-05-10,SASSO (Dual-Purpose),500.0,BATCH-202505-928
ORD-003725,AGT-0416,2025-06-06,SASSO (Dual-Purpose),500.0,BATCH-202506-778
ORD-003726,AGT-0416,2025-05-11,SASSO (Dual-Purpose),200.0,BATCH-202505-888
ORD-003727,AGT-0416,2025-12-16,SASSO (Dual-Purpose),300.0,BATCH-202512-949
ORD-003728,AGT-0416,2025-10-14,SASSO (Dual-Purpose),300.0,BATCH-202510-104
ORD-003729,AGT-0417,2025-08-27,SASSO (Dual-Purpose),200.0,BATCH-202508-406
ORD-003730,AGT-0417,2025-02-13,SASSO (Dual-Purpose),100.0,BATCH-202502-604
ORD-003731,AGT-0417,2025-12-06,SASSO (Dual-Purpose),300.0,BATCH-202512-669
ORD-003732,AGT-0417,2025-07-26,SASSO (Dual-Purpose),300.0,BATCH-202507-957
ORD-003733,AGT-0417,2025-08-05,Bovans Brown (Layer),100.0,BATCH-202508-855
ORD-003734,AGT-0417,2025-09-24,SASSO (Dual-Purpose),200.0,BATCH-202509-335
ORD-003735,AGT-0417,2025-07-15,SASSO (Dual-Purpose),300.0,BATCH-202507-421
ORD-003736,AGT-0417,2025-12-25,SASSO (Dual-Purpose),200.0,BATCH-202512-458
ORD-003737,AGT-0417,2025-12-09,Bovans Brown (Layer),200.0,BATCH-202512-705
ORD-003738,AGT-0417,2025-09-24,SASSO (Dual-Purpose),200.0,BATCH-202509-635
ORD-003740,AGT-0417,2025-01-05,SASSO (Dual-Purpose),300.0,BATCH-202501-519
ORD-003741,AGT-0418,2025-01-29,SASSO (Dual-Purpose),1000.0,BATCH-202501-622
ORD-003743,AGT-0418,2025-08-01,SASSO (Dual-Purpose),200.0,BATCH-202508-701
ORD-003744,AGT-0418,2025-08-07,SASSO (Dual-Purpose),200.0,BATCH-202508-476
ORD-003745,AGT-0418,2025-07-14,SASSO (Dual-Purpose),500.0,BATCH-202507-566
ORD-003746,AGT-0418,2025-11-09,Bovans Brown (Layer),300.0,BATCH-202511-706
ORD-003747,AGT-0419,2025-07-10,SASSO (Dual-Purpose),300.0,BATCH-202507-798
ORD-003748,AGT-0419,2025-09-03,SASSO (Dual-Purpose),100.0,BATCH-202509-988
ORD-003749,AGT-0419,2025-05-30,Bovans Brown (Layer),200.0,BATCH-202505-156
ORD-003752,AGT-0419,2025-09-30,SASSO (Dual-Purpose),100.0,BATCH-202509-529
ORD-003753,AGT-0419,2025-08-10,SASSO (Dual-Purpose),200.0,BATCH-202508-775
ORD-003754,AGT-0419,2025-07-09,Bovans Brown (Layer),500.0,BATCH-202507-975
ORD-003755,AGT-0420,2025-07-20,SASSO (Dual-Purpose),300.0,BATCH-202507-250
ORD-003756,AGT-0420,2025-01-16,SASSO (Dual-Purpose),100.0,BATCH-202501-161
ORD-003757,AGT-0420,2025-10-26,SASSO (Dual-Purpose),200.0,BATCH-202510-158
ORD-003758,AGT-0420,2025-10-15,Bovans Brown (Layer),300.0,BATCH-202510-986
ORD-003759,AGT-0420,2025-05-28,Bovans Brown (Layer),200.0,BATCH-202505-426
ORD-003760,AGT-0420,2025-01-15,Bovans Brown (Layer),200.0,BATCH-202501-373
ORD-003761,AGT-0420,2025-10-24,SASSO (Dual-Purpose),200.0,BATCH-202510-932
ORD-003762,AGT-0420,2025-07-05,SASSO (Dual-Purpose),500.0,BATCH-202507-527
ORD-003763,AGT-0420,2025-05-04,SASSO (Dual-Purpose),200.0,BATCH-202505-616
ORD-003765,AGT-0420,2025-03-13,SASSO (Dual-Purpose),200.0,BATCH-202503-129
ORD-003766,AGT-0420,2025-10-04,SASSO (Dual-Purpose),200.0,BATCH-202510-197
ORD-003768,AGT-0421,2025-10-28,SASSO (Dual-Purpose),500.0,BATCH-202510-250
ORD-003769,AGT-0421,2025-11-02,SASSO (Dual-Purpose),300.0,BATCH-202511-197
ORD-003770,AGT-0421,2025-05-02,SASSO (Dual-Purpose),300.0,BATCH-202505-209
ORD-003771,AGT-0421,2025-10-23,SASSO (Dual-Purpose),100.0,BATCH-202510-200
ORD-003772,AGT-0421,2025-08-19,Bovans Brown (Layer),100.0,BATCH-202508-593
ORD-003773,AGT-0422,2025-10-05,SASSO (Dual-Purpose),100.0,BATCH-202510-157
ORD-003774,AGT-0422,2025-10-30,SASSO (Dual-Purpose),100.0,BATCH-202510-134
ORD-003775,AGT-0422,2025-12-02,SASSO (Dual-Purpose),100.0,BATCH-202512-497
ORD-003776,AGT-0422,2025-12-18,SASSO (Dual-Purpose),1000.0,BATCH-202512-261
ORD-003777,AGT-0422,2025-06-17,SASSO (Dual-Purpose),300.0,BATCH-202506-714
ORD-003778,AGT-0422,2025-09-16,SASSO (Dual-Purpose),500.0,BATCH-202509-679
ORD-003779,AGT-0422,2025-12-02,Bovans Brown (Layer),200.0,BATCH-202512-817
ORD-003780,AGT-0422,2025-10-26,SASSO (Dual-Purpose),500.0,BATCH-202510-293
ORD-003781,AGT-0422,2025-07-27,Bovans Brown (Layer),200.0,BATCH-202507-258
ORD-003783,AGT-0422,2025-08-23,Bovans Brown (Layer),100.0,BATCH-202508-819
ORD-003784,AGT-0423,2025-10-09,SASSO (Dual-Purpose),300.0,BATCH-202510-215
ORD-003785,AGT-0423,2025-09-21,SASSO (Dual-Purpose),300.0,BATCH-202509-417
ORD-003786,AGT-0423,2025-10-11,SASSO (Dual-Purpose),100.0,BATCH-202510-868
ORD-003787,AGT-0423,2025-12-28,SASSO (Dual-Purpose),200.0,BATCH-202512-925
ORD-003788,AGT-0423,2025-11-11,Bovans Brown (Layer),300.0,
ORD-003789,AGT-0423,2025-09-10,SASSO (Dual-Purpose),200.0,BATCH-202509-209
ORD-003790,AGT-0423,2025-04-18,SASSO (Dual-Purpose),100.0,BATCH-202504-821
ORD-003791,AGT-0424,2025-04-16,SASSO (Dual-Purpose),300.0,BATCH-202504-260
ORD-003792,AGT-0424,2025-12-04,SASSO (Dual-Purpose),300.0,BATCH-202512-348
ORD-003793,AGT-0424,2025-11-03,SASSO (Dual-Purpose),100.0,BATCH-202511-460
ORD-003794,AGT-0424,2025-11-11,SASSO (Dual-Purpose),100.0,BATCH-202511-391
ORD-003795,AGT-0424,2025-06-03,SASSO (Dual-Purpose),200.0,BATCH-202506-994
ORD-003796,AGT-0424,2025-12-25,SASSO (Dual-Purpose),200.0,BATCH-202512-732
ORD-003797,AGT-0424,2025-03-22,SASSO (Dual-Purpose),200.0,BATCH-202503-196
ORD-003798,AGT-0424,2025-03-24,SASSO (Dual-Purpose),500.0,BATCH-202503-557
ORD-003799,AGT-0424,2025-11-05,SASSO (Dual-Purpose),500.0,BATCH-202511-950
ORD-003800,AGT-0424,2025-01-31,Bovans Brown (Layer),500.0,BATCH-202501-124
ORD-003801,AGT-0424,2025-04-09,SASSO (Dual-Purpose),200.0,BATCH-202504-327
ORD-003802,AGT-0425,2025-06-03,SASSO (Dual-Purpose),100.0,BATCH-202506-112
ORD-003803,AGT-0425,2025-09-26,SASSO (Dual-Purpose),200.0,BATCH-202509-904
ORD-003804,AGT-0425,2025-11-08,SASSO (Dual-Purpose),200.0,BATCH-202511-383
ORD-003805,AGT-0425,2025-08-31,Bovans Brown (Layer),100.0,BATCH-202508-249
ORD-003806,AGT-0425,2025-03-27,SASSO (Dual-Purpose),100.0,BATCH-202503-621
ORD-003807,AGT-0425,2025-08-07,SASSO (Dual-Purpose),200.0,BATCH-202508-589
ORD-003808,AGT-0425,2025-07-12,SASSO (Dual-Purpose),300.0,BATCH-202507-227
ORD-003809,AGT-0426,2025-03-15,SASSO (Dual-Purpose),200.0,BATCH-202503-244
ORD-003810,AGT-0426,2025-08-20,Bovans Brown (Layer),200.0,BATCH-202508-549
ORD-003811,AGT-0426,2025-07-23,SASSO (Dual-Purpose),100.0,BATCH-202507-158
ORD-003813,AGT-0426,2025-08-05,SASSO (Dual-Purpose),300.0,BATCH-202508-367
ORD-003814,AGT-0426,2025-04-05,SASSO (Dual-Purpose),500.0,BATCH-202504-713
ORD-003815,AGT-0426,2025-01-08,Bovans Brown (Layer),200.0,BATCH-202501-693
ORD-003816,AGT-0426,2025-01-27,SASSO (Dual-Purpose),200.0,BATCH-202501-495
ORD-003817,AGT-0426,2025-06-05,SASSO (Dual-Purpose),300.0,BATCH-202506-753
ORD-003818,AGT-0426,2025-01-07,SASSO (Dual-Purpose),300.0,BATCH-202501-842
ORD-003819,AGT-0426,2025-05-17,SASSO (Dual-Purpose),200.0,BATCH-202505-630
ORD-003820,AGT-0427,2025-01-01,SASSO (Dual-Purpose),300.0,BATCH-202501-772
ORD-003821,AGT-0427,2025-09-26,SASSO (Dual-Purpose),100.0,BATCH-202509-546
ORD-003822,AGT-0427,2025-11-08,SASSO (Dual-Purpose),200.0,BATCH-202511-525
ORD-003823,AGT-0427,2025-02-01,Bovans Brown (Layer),200.0,BATCH-202502-129
ORD-003824,AGT-0427,2025-03-11,SASSO (Dual-Purpose),300.0,BATCH-202503-505
ORD-003825,AGT-0427,2025-04-12,Bovans Brown (Layer),500.0,BATCH-202504-231
ORD-003826,AGT-0427,2025-09-07,Bovans Brown (Layer),200.0,BATCH-202509-947
ORD-003827,AGT-0428,2025-01-08,SASSO (Dual-Purpose),500.0,BATCH-202501-646
ORD-003828,AGT-0428,2025-12-08,Bovans Brown (Layer),100.0,BATCH-202512-242
ORD-003829,AGT-0428,2025-09-07,Bovans Brown (Layer),200.0,BATCH-202509-658
ORD-003830,AGT-0428,2025-06-01,SASSO (Dual-Purpose),300.0,BATCH-202506-250
ORD-003831,AGT-0428,2025-07-27,SASSO (Dual-Purpose),200.0,BATCH-202507-584
ORD-003832,AGT-0428,2025-10-26,Bovans Brown (Layer),200.0,BATCH-202510-344
ORD-003833,AGT-0428,2025-09-08,SASSO (Dual-Purpose),300.0,BATCH-202509-389
ORD-003834,AGT-0428,2025-04-08,SASSO (Dual-Purpose),300.0,BATCH-202504-856
ORD-003835,AGT-0428,2025-11-04,SASSO (Dual-Purpose),200.0,BATCH-202511-736
ORD-003836,AGT-0429,2025-05-27,SASSO (Dual-Purpose),200.0,BATCH-202505-527
ORD-003837,AGT-0429,2025-05-24,SASSO (Dual-Purpose),100.0,BATCH-202505-125
ORD-003838,AGT-0429,2025-09-17,SASSO (Dual-Purpose),200.0,BATCH-202509-301
ORD-003839,AGT-0429,2025-11-08,Bovans Brown (Layer),100.0,BATCH-202511-298
ORD-003840,AGT-0429,2025-10-06,SASSO (Dual-Purpose),100.0,BATCH-202510-868
ORD-003841,AGT-0429,2025-05-07,SASSO (Dual-Purpose),300.0,BATCH-202505-486
ORD-003842,AGT-0429,2025-06-28,Bovans Brown (Layer),500.0,BATCH-202506-570
ORD-003843,AGT-0430,2025-11-10,SASSO (Dual-Purpose),300.0,BATCH-202511-456
ORD-003844,AGT-0430,2025-12-02,SASSO (Dual-Purpose),200.0,BATCH-202512-382
ORD-003845,AGT-0430,2025-12-09,Bovans Brown (Layer),200.0,BATCH-202512-570
ORD-003846,AGT-0430,2025-11-13,Bovans Brown (Layer),200.0,BATCH-202511-589
ORD-003847,AGT-0430,2025-06-01,SASSO (Dual-Purpose),300.0,BATCH-202506-763
ORD-003848,AGT-0430,2025-04-05,SASSO (Dual-Purpose),500.0,BATCH-202504-448
ORD-003849,AGT-0430,2025-02-26,SASSO (Dual-Purpose),1000.0,BATCH-202502-239
ORD-003850,AGT-0431,2025-06-11,SASSO (Dual-Purpose),200.0,BATCH-202506-449
ORD-003851,AGT-0431,2025-12-25,Bovans Brown (Layer),300.0,BATCH-202512-844
ORD-003852,AGT-0431,2025-09-21,SASSO (Dual-Purpose),500.0,BATCH-202509-111
ORD-003853,AGT-0431,2025-08-23,Bovans Brown (Layer),100.0,BATCH-202508-976
ORD-003854,AGT-0431,2025-03-22,SASSO (Dual-Purpose),1000.0,BATCH-202503-162
ORD-003855,AGT-0431,2025-09-12,Bovans Brown (Layer),300.0,BATCH-202509-735
ORD-003856,AGT-0431,2025-08-22,SASSO (Dual-Purpose),100.0,BATCH-202508-332
ORD-003857,AGT-0431,2025-05-15,Bovans Brown (Layer),300.0,BATCH-202505-267
ORD-003858,AGT-0431,2025-06-02,SASSO (Dual-Purpose),200.0,BATCH-202506-584
ORD-003859,AGT-0432,2025-05-01,SASSO (Dual-Purpose),300.0,BATCH-202505-855
ORD-003860,AGT-0432,2025-12-17,SASSO (Dual-Purpose),300.0,BATCH-202512-264
ORD-003861,AGT-0432,2025-04-30,Bovans Brown (Layer),500.0,BATCH-202504-461
ORD-003862,AGT-0432,2025-08-13,SASSO (Dual-Purpose),500.0,BATCH-202508-487
ORD-003863,AGT-0432,2025-10-27,SASSO (Dual-Purpose),500.0,BATCH-202510-987
ORD-003864,AGT-0432,2025-08-09,SASSO (Dual-Purpose),200.0,BATCH-202508-521
ORD-003865,AGT-0432,2025-07-18,SASSO (Dual-Purpose),200.0,BATCH-202507-588
ORD-003866,AGT-0432,2025-12-19,SASSO (Dual-Purpose),200.0,BATCH-202512-755
ORD-003867,AGT-0432,2025-10-30,SASSO (Dual-Purpose),100.0,BATCH-202510-741
ORD-003868,AGT-0433,2025-08-05,SASSO (Dual-Purpose),500.0,BATCH-202508-594
ORD-003869,AGT-0433,2025-03-26,SASSO (Dual-Purpose),500.0,BATCH-202503-897
ORD-003870,AGT-0433,2025-08-18,SASSO (Dual-Purpose),200.0,BATCH-202508-789
ORD-003871,AGT-0433,2025-07-01,SASSO (Dual-Purpose),100.0,BATCH-202507-249
ORD-003872,AGT-0433,2025-09-07,SASSO (Dual-Purpose),100.0,BATCH-202509-845
ORD-003873,AGT-0433,2025-03-26,SASSO (Dual-Purpose),200.0,BATCH-202503-586
ORD-003874,AGT-0433,2025-08-28,SASSO (Dual-Purpose),200.0,BATCH-202508-701
ORD-003875,AGT-0433,2025-06-03,Bovans Brown (Layer),200.0,BATCH-202506-824
ORD-003876,AGT-0433,2025-04-18,SASSO (Dual-Purpose),200.0,BATCH-202504-199
ORD-003878,AGT-0433,2025-07-21,SASSO (Dual-Purpose),200.0,BATCH-202507-834
ORD-003879,AGT-0433,2025-07-28,SASSO (Dual-Purpose),200.0,BATCH-202507-433
ORD-003880,AGT-0434,2025-07-09,Bovans Brown (Layer),100.0,BATCH-202507-130
ORD-003881,AGT-0434,2025-06-21,SASSO (Dual-Purpose),500.0,BATCH-202506-592
ORD-003882,AGT-0434,2025-09-18,SASSO (Dual-Purpose),300.0,BATCH-202509-934
ORD-003883,AGT-0434,2025-10-25,SASSO (Dual-Purpose),200.0,BATCH-202510-843
ORD-003884,AGT-0434,2025-01-21,SASSO (Dual-Purpose),300.0,BATCH-202501-149
ORD-003885,AGT-0434,2025-10-02,SASSO (Dual-Purpose),1000.0,BATCH-202510-243
ORD-003886,AGT-0435,2025-06-27,SASSO (Dual-Purpose),100.0,BATCH-202506-249
ORD-003887,AGT-0435,2025-08-25,SASSO (Dual-Purpose),500.0,BATCH-202508-136
ORD-003888,AGT-0435,2025-04-17,SASSO (Dual-Purpose),200.0,BATCH-202504-463
ORD-003889,AGT-0435,2025-08-21,SASSO (Dual-Purpose),200.0,BATCH-202508-983
ORD-003890,AGT-0435,2025-02-28,SASSO (Dual-Purpose),1000.0,BATCH-202502-212
ORD-003891,AGT-0435,2025-03-31,SASSO (Dual-Purpose),200.0,BATCH-202503-627
ORD-003892,AGT-0436,2025-06-09,SASSO (Dual-Purpose),200.0,BATCH-202506-683
ORD-003893,AGT-0436,2025-05-30,SASSO (Dual-Purpose),100.0,BATCH-202505-522
ORD-003894,AGT-0436,2025-10-01,Bovans Brown (Layer),300.0,BATCH-202510-146
ORD-003895,AGT-0436,2025-01-31,Bovans Brown (Layer),200.0,BATCH-202501-111
ORD-003896,AGT-0436,2025-06-09,SASSO (Dual-Purpose),200.0,BATCH-202506-681
ORD-003897,AGT-0436,2025-09-03,SASSO (Dual-Purpose),100.0,BATCH-202509-615
ORD-003898,AGT-0436,2025-02-20,Bovans Brown (Layer),200.0,BATCH-202502-355
ORD-003899,AGT-0436,2025-03-15,SASSO (Dual-Purpose),100.0,BATCH-202503-286
ORD-003900,AGT-0436,2025-12-02,SASSO (Dual-Purpose),200.0,BATCH-202512-891
ORD-003901,AGT-0436,2025-11-18,SASSO (Dual-Purpose),1000.0,BATCH-202511-646
ORD-003902,AGT-0437,2025-10-22,SASSO (Dual-Purpose),200.0,BATCH-202510-829
ORD-003903,AGT-0437,2025-01-28,SASSO (Dual-Purpose),100.0,BATCH-202501-446
ORD-003904,AGT-0437,2025-08-30,Bovans Brown (Layer),200.0,BATCH-202508-162
ORD-003905,AGT-0437,2025-11-17,SASSO (Dual-Purpose),300.0,BATCH-202511-189
ORD-003906,AGT-0437,2025-10-21,SASSO (Dual-Purpose),200.0,BATCH-202510-716
ORD-003907,AGT-0437,2025-03-13,SASSO (Dual-Purpose),200.0,BATCH-202503-312
ORD-003908,AGT-0437,2025-08-19,SASSO (Dual-Purpose),100.0,BATCH-202508-345
ORD-003909,AGT-0438,2025-08-16,SASSO (Dual-Purpose),300.0,BATCH-202508-486
ORD-003910,AGT-0438,2025-12-18,SASSO (Dual-Purpose),1000.0,BATCH-202512-159
ORD-003911,AGT-0438,2025-02-08,SASSO (Dual-Purpose),100.0,BATCH-202502-269
ORD-003912,AGT-0438,2025-08-07,SASSO (Dual-Purpose),300.0,BATCH-202508-342
ORD-003913,AGT-0438,2025-03-09,Bovans Brown (Layer),100.0,BATCH-202503-568
ORD-003914,AGT-0438,2025-12-14,SASSO (Dual-Purpose),100.0,BATCH-202512-267
ORD-003915,AGT-0438,2025-11-23,Bovans Brown (Layer),200.0,BATCH-202511-804
ORD-003916,AGT-0438,2025-09-13,SASSO (Dual-Purpose),100.0,BATCH-202509-648
ORD-003917,AGT-0438,2025-07-10,SASSO (Dual-Purpose),200.0,BATCH-202507-357
ORD-003918,AGT-0438,2025-01-05,SASSO (Dual-Purpose),300.0,BATCH-202501-926
ORD-003919,AGT-0438,2025-03-30,SASSO (Dual-Purpose),200.0,BATCH-202503-379
ORD-003932,AGT-0440,2025-01-09,Bovans Brown (Layer),200.0,BATCH-202501-266
ORD-003933,AGT-0440,2025-03-05,Bovans Brown (Layer),200.0,BATCH-202503-176
ORD-003935,AGT-0440,2025-02-17,SASSO (Dual-Purpose),300.0,BATCH-202502-484
ORD-003936,AGT-0440,2025-03-06,SASSO (Dual-Purpose),500.0,BATCH-202503-916
ORD-003938,AGT-0440,2025-02-23,SASSO (Dual-Purpose),300.0,BATCH-202502-339
ORD-003939,AGT-0440,2025-11-20,Bovans Brown (Layer),300.0,BATCH-202511-406
ORD-003940,AGT-0440,2025-06-09,SASSO (Dual-Purpose),200.0,BATCH-202506-367
ORD-003941,AGT-0440,2025-08-16,SASSO (Dual-Purpose),1000.0,BATCH-202508-580
ORD-003942,AGT-0440,2025-05-30,SASSO (Dual-Purpose),200.0,BATCH-202505-610
ORD-003943,AGT-0440,2025-04-26,SASSO (Dual-Purpose),200.0,BATCH-202504-219
ORD-003945,AGT-0441,2025-10-03,SASSO (Dual-Purpose),300.0,BATCH-202510-917
ORD-003946,AGT-0441,2025-11-13,SASSO (Dual-Purpose),200.0,BATCH-202511-179
ORD-003947,AGT-0441,2025-01-25,Bovans Brown (Layer),500.0,BATCH-202501-772
ORD-003948,AGT-0441,2025-02-05,SASSO (Dual-Purpose),100.0,BATCH-202502-689
ORD-003949,AGT-0441,2025-08-16,Bovans Brown (Layer),300.0,BATCH-202508-897
ORD-003950,AGT-0441,2025-11-30,SASSO (Dual-Purpose),100.0,BATCH-202511-237
ORD-003951,AGT-0441,2025-12-12,SASSO (Dual-Purpose),500.0,BATCH-202512-204
ORD-003952,AGT-0441,2025-01-12,Bovans Brown (Layer),300.0,BATCH-202501-313
ORD-003953,AGT-0441,2025-09-19,SASSO (Dual-Purpose),200.0,BATCH-202509-188
ORD-003954,AGT-0441,2025-12-26,SASSO (Dual-Purpose),100.0,BATCH-202512-409
ORD-003955,AGT-0442,2025-10-12,SASSO (Dual-Purpose),300.0,BATCH-202510-151
ORD-003956,AGT-0442,2025-08-11,SASSO (Dual-Purpose),200.0,BATCH-202508-987
ORD-003957,AGT-0442,2025-06-18,SASSO (Dual-Purpose),300.0,BATCH-202506-778
ORD-003958,AGT-0442,2025-01-08,SASSO (Dual-Purpose),300.0,BATCH-202501-891
ORD-003959,AGT-0442,2025-05-01,SASSO (Dual-Purpose),100.0,BATCH-202505-252
ORD-003960,AGT-0442,2025-09-27,SASSO (Dual-Purpose),200.0,BATCH-202509-544
ORD-003961,AGT-0442,2025-05-05,Bovans Brown (Layer),500.0,BATCH-202505-859
ORD-003962,AGT-0442,2025-07-15,SASSO (Dual-Purpose),500.0,BATCH-202507-658
ORD-003963,AGT-0442,2025-05-25,Bovans Brown (Layer),200.0,BATCH-202505-711
ORD-003964,AGT-0442,2025-03-12,SASSO (Dual-Purpose),100.0,BATCH-202503-487
ORD-003965,AGT-0442,2025-12-12,SASSO (Dual-Purpose),100.0,BATCH-202512-727
ORD-003966,AGT-0442,2025-09-01,Bovans Brown (Layer),200.0,BATCH-202509-721
ORD-003967,AGT-0443,2025-06-25,SASSO (Dual-Purpose),200.0,BATCH-202506-578
ORD-003968,AGT-0443,2025-06-09,Bovans Brown (Layer),500.0,BATCH-202506-987
ORD-003969,AGT-0443,2025-05-15,Bovans Brown (Layer),100.0,BATCH-202505-595
ORD-003970,AGT-0443,2025-08-22,SASSO (Dual-Purpose),200.0,BATCH-202508-132
ORD-003971,AGT-0443,2025-12-10,SASSO (Dual-Purpose),100.0,
ORD-003972,AGT-0443,2025-03-02,SASSO (Dual-Purpose),200.0,BATCH-202503-870
ORD-003973,AGT-0443,2025-03-29,Bovans Brown (Layer),200.0,BATCH-202503-844
ORD-003974,AGT-0443,2025-07-01,Bovans Brown (Layer),200.0,BATCH-202507-993
ORD-003975,AGT-0443,2025-07-26,SASSO (Dual-Purpose),300.0,BATCH-202507-866
ORD-003976,AGT-0444,2025-03-04,SASSO (Dual-Purpose),300.0,BATCH-202503-470
ORD-003977,AGT-0444,2025-02-15,Bovans Brown (Layer),200.0,BATCH-202502-965
ORD-003978,AGT-0444,2025-05-02,SASSO (Dual-Purpose),300.0,BATCH-202505-380
ORD-003979,AGT-0444,2025-06-11,SASSO (Dual-Purpose),200.0,BATCH-202506-214
ORD-003980,AGT-0444,2025-08-25,Bovans Brown (Layer),1000.0,BATCH-202508-598
ORD-003981,AGT-0444,2025-06-22,SASSO (Dual-Purpose),200.0,BATCH-202506-960
ORD-003982,AGT-0444,2025-10-15,SASSO (Dual-Purpose),200.0,BATCH-202510-593
ORD-003983,AGT-0444,2025-09-18,SASSO (Dual-Purpose),200.0,BATCH-202509-737
ORD-003984,AGT-0444,2025-05-26,SASSO (Dual-Purpose),300.0,BATCH-202505-845
ORD-003985,AGT-0444,2025-03-01,SASSO (Dual-Purpose),300.0,BATCH-202503-565
ORD-003986,AGT-0445,2025-11-01,SASSO (Dual-Purpose),200.0,BATCH-202511-705
ORD-003988,AGT-0445,2025-10-25,SASSO (Dual-Purpose),200.0,BATCH-202510-372
ORD-003989,AGT-0445,2025-06-01,SASSO (Dual-Purpose),200.0,
ORD-003990,AGT-0445,2025-08-26,SASSO (Dual-Purpose),200.0,BATCH-202508-173
ORD-003991,AGT-0445,2025-04-01,SASSO (Dual-Purpose),300.0,BATCH-202504-493
ORD-003992,AGT-0445,2025-12-23,SASSO (Dual-Purpose),100.0,BATCH-202512-737
ORD-003993,AGT-0445,2025-01-17,Bovans Brown (Layer),200.0,BATCH-202501-192
ORD-003994,AGT-0445,2025-08-29,Bovans Brown (Layer),500.0,BATCH-202508-922
ORD-003995,AGT-0445,2025-05-01,SASSO (Dual-Purpose),300.0,BATCH-202505-960
ORD-003997,AGT-0446,2025-03-16,SASSO (Dual-Purpose),200.0,BATCH-202503-806
ORD-003998,AGT-0446,2025-08-18,Bovans Brown (Layer),100.0,BATCH-202508-959
ORD-003999,AGT-0446,2025-02-25,Bovans Brown (Layer),300.0,BATCH-202502-355
ORD-004002,AGT-0446,2025-03-21,SASSO (Dual-Purpose),200.0,BATCH-202503-920
ORD-004003,AGT-0447,2025-11-29,SASSO (Dual-Purpose),200.0,BATCH-202511-644
ORD-004004,AGT-0447,2025-01-25,SASSO (Dual-Purpose),200.0,BATCH-202501-452
ORD-004005,AGT-0447,2025-12-07,SASSO (Dual-Purpose),300.0,BATCH-202512-329
ORD-004006,AGT-0447,2025-08-07,SASSO (Dual-Purpose),300.0,BATCH-202508-833
ORD-004007,AGT-0447,2025-04-17,SASSO (Dual-Purpose),300.0,BATCH-202504-265
ORD-004008,AGT-0447,2025-07-04,Bovans Brown (Layer),300.0,BATCH-202507-337
ORD-004009,AGT-0447,2025-10-09,SASSO (Dual-Purpose),100.0,BATCH-202510-276
ORD-004010,AGT-0448,2025-03-20,SASSO (Dual-Purpose),300.0,BATCH-202503-432
ORD-004011,AGT-0448,2025-10-24,SASSO (Dual-Purpose),300.0,BATCH-202510-855
ORD-004012,AGT-0448,2025-05-07,SASSO (Dual-Purpose),200.0,BATCH-202505-317
ORD-004013,AGT-0448,2025-08-03,Bovans Brown (Layer),300.0,BATCH-202508-786
ORD-004014,AGT-0448,2025-04-27,SASSO (Dual-Purpose),200.0,BATCH-202504-782
ORD-004015,AGT-0448,2025-08-03,SASSO (Dual-Purpose),100.0,BATCH-202508-324
ORD-004016,AGT-0448,2025-03-12,SASSO (Dual-Purpose),200.0,BATCH-202503-654
ORD-004017,AGT-0448,2025-10-07,SASSO (Dual-Purpose),100.0,BATCH-202510-607
ORD-004018,AGT-0448,2025-04-19,SASSO (Dual-Purpose),200.0,BATCH-202504-440
ORD-004019,AGT-0448,2025-06-19,SASSO (Dual-Purpose),200.0,BATCH-202506-172
ORD-004020,AGT-0448,2025-03-23,Bovans Brown (Layer),200.0,BATCH-202503-205
ORD-004021,AGT-0449,2025-10-24,SASSO (Dual-Purpose),200.0,BATCH-202510-552
ORD-004022,AGT-0449,2025-01-01,SASSO (Dual-Purpose),200.0,BATCH-202501-769
ORD-004024,AGT-0449,2025-07-30,SASSO (Dual-Purpose),100.0,BATCH-202507-623
ORD-004025,AGT-0449,2025-05-10,SASSO (Dual-Purpose),100.0,BATCH-202505-104
ORD-004026,AGT-0449,2025-08-12,Bovans Brown (Layer),500.0,BATCH-202508-756
ORD-004027,AGT-0449,2025-04-05,Bovans Brown (Layer),300.0,BATCH-202504-108
ORD-004029,AGT-0449,2025-08-19,Bovans Brown (Layer),300.0,BATCH-202508-438
ORD-004031,AGT-0449,2025-05-25,SASSO (Dual-Purpose),200.0,BATCH-202505-911
ORD-004032,AGT-0450,2025-04-01,SASSO (Dual-Purpose),300.0,BATCH-202504-950
ORD-004033,AGT-0450,2025-04-10,SASSO (Dual-Purpose),300.0,BATCH-202504-562
ORD-004034,AGT-0450,2025-04-10,SASSO (Dual-Purpose),500.0,BATCH-202504-298
ORD-004035,AGT-0450,2025-09-19,Bovans Brown (Layer),200.0,BATCH-202509-420
ORD-004036,AGT-0450,2025-05-16,SASSO (Dual-Purpose),1000.0,BATCH-202505-852
ORD-004037,AGT-0450,2025-03-28,Bovans Brown (Layer),200.0,BATCH-202503-127
ORD-004038,AGT-0450,2025-10-26,SASSO (Dual-Purpose),200.0,BATCH-202510-568
ORD-004039,AGT-0450,2025-04-10,SASSO (Dual-Purpose),200.0,BATCH-202504-907
ORD-004040,AGT-0451,2025-07-24,Bovans Brown (Layer),1000.0,BATCH-202507-743
ORD-004041,AGT-0451,2025-04-26,SASSO (Dual-Purpose),300.0,BATCH-202504-998
ORD-004042,AGT-0451,2025-01-04,Bovans Brown (Layer),100.0,BATCH-202501-878
ORD-004043,AGT-0451,2025-06-03,SASSO (Dual-Purpose),500.0,BATCH-202506-533
ORD-004044,AGT-0451,2025-04-13,SASSO (Dual-Purpose),200.0,BATCH-202504-686
ORD-004045,AGT-0451,2025-07-31,Bovans Brown (Layer),200.0,BATCH-202507-918
ORD-004046,AGT-0451,2025-04-20,SASSO (Dual-Purpose),300.0,BATCH-202504-773
ORD-004047,AGT-0451,2025-12-28,Bovans Brown (Layer),300.0,BATCH-202512-194
ORD-004048,AGT-0452,2025-06-24,SASSO (Dual-Purpose),200.0,BATCH-202506-886
ORD-004049,AGT-0452,2025-12-09,SASSO (Dual-Purpose),100.0,BATCH-202512-235
ORD-004050,AGT-0452,2025-02-24,SASSO (Dual-Purpose),300.0,BATCH-202502-861
ORD-004051,AGT-0452,2025-01-02,Bovans Brown (Layer),200.0,BATCH-202501-121
ORD-004052,AGT-0452,2025-04-01,Bovans Brown (Layer),200.0,BATCH-202504-572
ORD-004053,AGT-0452,2025-07-07,SASSO (Dual-Purpose),300.0,BATCH-202507-690
ORD-004054,AGT-0452,2025-08-13,SASSO (Dual-Purpose),500.0,BATCH-202508-490
ORD-004055,AGT-0453,2025-10-12,Bovans Brown (Layer),1000.0,BATCH-202510-373
ORD-004056,AGT-0453,2025-03-18,SASSO (Dual-Purpose),100.0,BATCH-202503-957
ORD-004057,AGT-0453,2025-07-27,SASSO (Dual-Purpose),200.0,BATCH-202507-453
ORD-004058,AGT-0453,2025-07-23,SASSO (Dual-Purpose),100.0,BATCH-202507-265
ORD-004059,AGT-0453,2025-09-09,SASSO (Dual-Purpose),100.0,BATCH-202509-661
ORD-004060,AGT-0453,2025-09-12,Bovans Brown (Layer),300.0,BATCH-202509-897
ORD-004061,AGT-0453,2025-10-24,SASSO (Dual-Purpose),200.0,BATCH-202510-613
ORD-004062,AGT-0453,2025-04-11,SASSO (Dual-Purpose),300.0,BATCH-202504-638
ORD-004063,AGT-0454,2025-02-27,SASSO (Dual-Purpose),1000.0,BATCH-202502-667
ORD-004064,AGT-0454,2025-02-21,SASSO (Dual-Purpose),200.0,BATCH-202502-904
ORD-004065,AGT-0454,2025-01-28,Bovans Brown (Layer),200.0,BATCH-202501-503
ORD-004066,AGT-0454,2025-04-06,Bovans Brown (Layer),300.0,BATCH-202504-384
ORD-004067,AGT-0454,2025-05-25,SASSO (Dual-Purpose),200.0,BATCH-202505-836
ORD-004068,AGT-0454,2025-01-08,SASSO (Dual-Purpose),300.0,BATCH-202501-634
ORD-004069,AGT-0454,2025-11-21,Bovans Brown (Layer),100.0,BATCH-202511-313
ORD-004070,AGT-0454,2025-07-14,SASSO (Dual-Purpose),200.0,BATCH-202507-386
ORD-004071,AGT-0455,2025-03-27,Bovans Brown (Layer),300.0,BATCH-202503-389
ORD-004072,AGT-0455,2025-07-19,SASSO (Dual-Purpose),500.0,BATCH-202507-296
ORD-004073,AGT-0455,2025-09-30,SASSO (Dual-Purpose),300.0,BATCH-202509-871
ORD-004074,AGT-0455,2025-03-06,SASSO (Dual-Purpose),500.0,BATCH-202503-720
ORD-004075,AGT-0455,2025-09-08,Bovans Brown (Layer),300.0,BATCH-202509-426
ORD-004076,AGT-0455,2025-10-16,SASSO (Dual-Purpose),100.0,BATCH-202510-194
ORD-004077,AGT-0455,2025-01-13,SASSO (Dual-Purpose),300.0,BATCH-202501-995
ORD-004078,AGT-0455,2025-10-02,SASSO (Dual-Purpose),200.0,BATCH-202510-483
ORD-004079,AGT-0455,2025-05-04,Bovans Brown (Layer),300.0,BATCH-202505-200
ORD-004080,AGT-0455,2025-06-18,SASSO (Dual-Purpose),300.0,BATCH-202506-509
ORD-004081,AGT-0455,2025-04-08,SASSO (Dual-Purpose),200.0,BATCH-202504-989
ORD-004082,AGT-0455,2025-05-20,Bovans Brown (Layer),300.0,BATCH-202505-674
ORD-004083,AGT-0456,2025-03-17,SASSO (Dual-Purpose),200.0,BATCH-202503-757
ORD-004084,AGT-0456,2025-06-24,SASSO (Dual-Purpose),500.0,BATCH-202506-386
ORD-004085,AGT-0456,2025-05-19,SASSO (Dual-Purpose),200.0,BATCH-202505-931
ORD-004086,AGT-0456,2025-12-05,SASSO (Dual-Purpose),200.0,BATCH-202512-472
ORD-004087,AGT-0456,2025-04-05,SASSO (Dual-Purpose),1000.0,BATCH-202504-608
ORD-004088,AGT-0456,2025-02-13,SASSO (Dual-Purpose),200.0,BATCH-202502-739
ORD-004089,AGT-0457,2025-07-29,SASSO (Dual-Purpose),100.0,BATCH-202507-783
ORD-004090,AGT-0457,2025-08-12,SASSO (Dual-Purpose),200.0,BATCH-202508-928
ORD-004091,AGT-0457,2025-07-30,SASSO (Dual-Purpose),200.0,BATCH-202507-754
ORD-004092,AGT-0457,2025-04-13,SASSO (Dual-Purpose),200.0,BATCH-202504-912
ORD-004093,AGT-0457,2025-03-11,Bovans Brown (Layer),200.0,BATCH-202503-669
ORD-004094,AGT-0457,2025-10-26,SASSO (Dual-Purpose),200.0,
ORD-004095,AGT-0457,2025-02-26,SASSO (Dual-Purpose),300.0,BATCH-202502-472
ORD-004096,AGT-0457,2025-11-05,SASSO (Dual-Purpose),100.0,BATCH-202511-959
ORD-004097,AGT-0457,2025-01-01,Bovans Brown (Layer),300.0,BATCH-202501-895
ORD-004098,AGT-0457,2025-10-14,SASSO (Dual-Purpose),200.0,BATCH-202510-794
ORD-004099,AGT-0457,2025-07-05,Bovans Brown (Layer),300.0,BATCH-202507-843
ORD-004100,AGT-0457,2025-11-23,Bovans Brown (Layer),200.0,BATCH-202511-249
ORD-004101,AGT-0458,2025-02-15,SASSO (Dual-Purpose),200.0,BATCH-202502-782
ORD-004102,AGT-0458,2025-07-06,SASSO (Dual-Purpose),300.0,BATCH-202507-626
ORD-004103,AGT-0458,2025-04-22,SASSO (Dual-Purpose),200.0,BATCH-202504-823
ORD-004104,AGT-0458,2025-12-20,SASSO (Dual-Purpose),100.0,BATCH-202512-426
ORD-004105,AGT-0458,2025-04-28,SASSO (Dual-Purpose),100.0,BATCH-202504-751
ORD-004106,AGT-0458,2025-09-30,SASSO (Dual-Purpose),1000.0,BATCH-202509-594
ORD-004107,AGT-0458,2025-10-26,SASSO (Dual-Purpose),500.0,BATCH-202510-410
ORD-004108,AGT-0458,2025-05-29,SASSO (Dual-Purpose),200.0,BATCH-202505-420
ORD-004109,AGT-0458,2025-10-14,SASSO (Dual-Purpose),200.0,BATCH-202510-289
ORD-004110,AGT-0459,2025-11-30,SASSO (Dual-Purpose),500.0,BATCH-202511-574
ORD-004111,AGT-0459,2025-12-09,Bovans Brown (Layer),100.0,BATCH-202512-675
ORD-004112,AGT-0459,2025-05-29,SASSO (Dual-Purpose),300.0,BATCH-202505-705
ORD-004113,AGT-0459,2025-02-06,SASSO (Dual-Purpose),200.0,BATCH-202502-513
ORD-004114,AGT-0459,2025-01-15,SASSO (Dual-Purpose),100.0,BATCH-202501-282
ORD-004115,AGT-0459,2025-06-07,Bovans Brown (Layer),300.0,BATCH-202506-151
ORD-004116,AGT-0459,2025-05-01,SASSO (Dual-Purpose),200.0,BATCH-202505-640
ORD-004117,AGT-0459,2025-09-04,Bovans Brown (Layer),200.0,BATCH-202509-639
ORD-004118,AGT-0459,2025-08-21,SASSO (Dual-Purpose),200.0,BATCH-202508-409
ORD-004119,AGT-0459,2025-12-02,SASSO (Dual-Purpose),200.0,BATCH-202512-919
ORD-004120,AGT-0459,2025-08-07,SASSO (Dual-Purpose),300.0,BATCH-202508-836
ORD-004121,AGT-0460,2025-09-16,SASSO (Dual-Purpose),100.0,BATCH-202509-143
ORD-004122,AGT-0460,2025-03-11,SASSO (Dual-Purpose),500.0,BATCH-202503-465
ORD-004123,AGT-0460,2025-05-12,SASSO (Dual-Purpose),300.0,BATCH-202505-350
ORD-004124,AGT-0460,2025-03-10,SASSO (Dual-Purpose),200.0,BATCH-202503-578
ORD-004125,AGT-0460,2025-01-28,Bovans Brown (Layer),300.0,BATCH-202501-123
ORD-004126,AGT-0460,2025-07-31,SASSO (Dual-Purpose),100.0,BATCH-202507-735
ORD-004127,AGT-0460,2025-12-19,SASSO (Dual-Purpose),100.0,BATCH-202512-747
ORD-004128,AGT-0460,2025-05-11,Bovans Brown (Layer),300.0,BATCH-202505-874
ORD-004130,AGT-0461,2025-07-05,SASSO (Dual-Purpose),100.0,BATCH-202507-215
ORD-004131,AGT-0461,2025-05-23,SASSO (Dual-Purpose),300.0,BATCH-202505-283
ORD-004132,AGT-0461,2025-11-01,SASSO (Dual-Purpose),200.0,BATCH-202511-229
ORD-004133,AGT-0461,2025-08-23,SASSO (Dual-Purpose),100.0,BATCH-202508-331
ORD-004134,AGT-0461,2025-04-23,SASSO (Dual-Purpose),200.0,BATCH-202504-427
ORD-004135,AGT-0461,2025-10-06,SASSO (Dual-Purpose),200.0,BATCH-202510-430
ORD-004136,AGT-0461,2025-10-19,Bovans Brown (Layer),500.0,BATCH-202510-116
ORD-004137,AGT-0461,2025-05-10,SASSO (Dual-Purpose),100.0,BATCH-202505-752
ORD-004138,AGT-0461,2025-04-13,SASSO (Dual-Purpose),300.0,BATCH-202504-787
ORD-004139,AGT-0462,2025-08-18,SASSO (Dual-Purpose),300.0,BATCH-202508-658
ORD-004140,AGT-0462,2025-12-28,SASSO (Dual-Purpose),100.0,BATCH-202512-555
ORD-004141,AGT-0462,2025-06-15,SASSO (Dual-Purpose),100.0,BATCH-202506-450
ORD-004142,AGT-0462,2025-05-11,Bovans Brown (Layer),200.0,BATCH-202505-570
ORD-004143,AGT-0462,2025-04-03,SASSO (Dual-Purpose),200.0,BATCH-202504-552
ORD-004144,AGT-0462,2025-06-16,Bovans Brown (Layer),500.0,BATCH-202506-921
ORD-004145,AGT-0462,2025-11-16,SASSO (Dual-Purpose),200.0,BATCH-202511-486
ORD-004146,AGT-0462,2025-07-01,SASSO (Dual-Purpose),100.0,BATCH-202507-944
ORD-004147,AGT-0462,2025-09-23,SASSO (Dual-Purpose),100.0,BATCH-202509-878
ORD-004149,AGT-0462,2025-06-17,SASSO (Dual-Purpose),300.0,BATCH-202506-607
ORD-004150,AGT-0462,2025-10-28,SASSO (Dual-Purpose),200.0,BATCH-202510-328
ORD-004151,AGT-0463,2025-09-12,SASSO (Dual-Purpose),200.0,BATCH-202509-648
ORD-004152,AGT-0463,2025-04-10,SASSO (Dual-Purpose),100.0,BATCH-202504-697
ORD-004153,AGT-0463,2025-09-10,SASSO (Dual-Purpose),100.0,BATCH-202509-457
ORD-004154,AGT-0463,2025-05-19,SASSO (Dual-Purpose),100.0,BATCH-202505-356
ORD-004155,AGT-0463,2025-04-14,Bovans Brown (Layer),100.0,BATCH-202504-174
ORD-004156,AGT-0463,2025-07-09,SASSO (Dual-Purpose),200.0,BATCH-202507-616
ORD-004157,AGT-0463,2025-08-24,Bovans Brown (Layer),200.0,BATCH-202508-763
ORD-004159,AGT-0463,2025-12-07,Bovans Brown (Layer),200.0,BATCH-202512-706
ORD-004160,AGT-0463,2025-03-15,SASSO (Dual-Purpose),200.0,BATCH-202503-404
ORD-004161,AGT-0464,2025-12-21,SASSO (Dual-Purpose),500.0,BATCH-202512-357
ORD-004162,AGT-0464,2025-08-06,SASSO (Dual-Purpose),100.0,BATCH-202508-662
ORD-004163,AGT-0464,2025-01-09,SASSO (Dual-Purpose),1000.0,BATCH-202501-793
ORD-004164,AGT-0464,2025-04-21,Bovans Brown (Layer),200.0,BATCH-202504-557
ORD-004165,AGT-0464,2025-04-29,SASSO (Dual-Purpose),200.0,BATCH-202504-201
ORD-004166,AGT-0464,2025-11-01,SASSO (Dual-Purpose),100.0,BATCH-202511-434
ORD-004167,AGT-0464,2025-04-14,SASSO (Dual-Purpose),300.0,BATCH-202504-814
ORD-004168,AGT-0464,2025-09-21,SASSO (Dual-Purpose),200.0,BATCH-202509-433
ORD-004169,AGT-0464,2025-08-10,SASSO (Dual-Purpose),200.0,BATCH-202508-263
ORD-004170,AGT-0464,2025-10-14,Bovans Brown (Layer),200.0,BATCH-202510-308
ORD-004171,AGT-0465,2025-11-27,Bovans Brown (Layer),100.0,BATCH-202511-224
ORD-004172,AGT-0465,2025-09-06,SASSO (Dual-Purpose),500.0,BATCH-202509-804
ORD-004173,AGT-0465,2025-06-16,Bovans Brown (Layer),200.0,BATCH-202506-439
ORD-004174,AGT-0465,2025-02-13,SASSO (Dual-Purpose),300.0,BATCH-202502-203
ORD-004175,AGT-0465,2025-12-28,SASSO (Dual-Purpose),200.0,BATCH-202512-639
ORD-004176,AGT-0465,2025-05-08,Bovans Brown (Layer),200.0,BATCH-202505-448
ORD-004177,AGT-0465,2025-12-26,Bovans Brown (Layer),100.0,BATCH-202512-985
ORD-004178,AGT-0465,2025-11-10,SASSO (Dual-Purpose),100.0,BATCH-202511-120
ORD-004179,AGT-0465,2025-07-01,SASSO (Dual-Purpose),200.0,BATCH-202507-629
ORD-004180,AGT-0466,2025-04-12,Bovans Brown (Layer),200.0,BATCH-202504-120
ORD-004181,AGT-0466,2025-10-28,Bovans Brown (Layer),200.0,BATCH-202510-123
ORD-004182,AGT-0466,2025-07-23,SASSO (Dual-Purpose),100.0,BATCH-202507-896
ORD-004183,AGT-0466,2025-09-22,SASSO (Dual-Purpose),500.0,BATCH-202509-571
ORD-004184,AGT-0466,2025-11-11,SASSO (Dual-Purpose),300.0,BATCH-202511-744
ORD-004185,AGT-0466,2025-04-21,SASSO (Dual-Purpose),200.0,BATCH-202504-973
ORD-004186,AGT-0466,2025-05-28,SASSO (Dual-Purpose),500.0,BATCH-202505-595
ORD-004187,AGT-0466,2025-04-27,SASSO (Dual-Purpose),100.0,BATCH-202504-428
ORD-004188,AGT-0467,2025-06-12,SASSO (Dual-Purpose),300.0,BATCH-202506-278
ORD-004189,AGT-0467,2025-12-13,SASSO (Dual-Purpose),200.0,BATCH-202512-214
ORD-004190,AGT-0467,2025-01-29,SASSO (Dual-Purpose),100.0,BATCH-202501-549
ORD-004191,AGT-0467,2025-11-07,SASSO (Dual-Purpose),1000.0,BATCH-202511-944
ORD-004192,AGT-0467,2025-03-26,SASSO (Dual-Purpose),500.0,BATCH-202503-286
ORD-004193,AGT-0467,2025-12-15,Bovans Brown (Layer),200.0,BATCH-202512-954
ORD-004194,AGT-0468,2025-10-15,Bovans Brown (Layer),1000.0,BATCH-202510-522
ORD-004195,AGT-0468,2025-03-19,Bovans Brown (Layer),1000.0,BATCH-202503-270
ORD-004196,AGT-0468,2025-04-15,SASSO (Dual-Purpose),500.0,BATCH-202504-408
ORD-004198,AGT-0468,2025-04-23,SASSO (Dual-Purpose),300.0,BATCH-202504-414
ORD-004199,AGT-0468,2025-08-28,SASSO (Dual-Purpose),300.0,BATCH-202508-849
ORD-004200,AGT-0468,2025-05-29,SASSO (Dual-Purpose),200.0,BATCH-202505-300
ORD-004201,AGT-0469,2025-08-05,SASSO (Dual-Purpose),300.0,BATCH-202508-195
ORD-004202,AGT-0469,2025-07-13,SASSO (Dual-Purpose),200.0,BATCH-202507-276
ORD-004203,AGT-0469,2025-08-16,SASSO (Dual-Purpose),200.0,BATCH-202508-289
ORD-004204,AGT-0469,2025-02-09,SASSO (Dual-Purpose),1000.0,BATCH-202502-696
ORD-004205,AGT-0469,2025-10-15,SASSO (Dual-Purpose),200.0,BATCH-202510-402
ORD-004206,AGT-0469,2025-07-18,SASSO (Dual-Purpose),300.0,BATCH-202507-654
ORD-004207,AGT-0469,2025-05-20,SASSO (Dual-Purpose),100.0,BATCH-202505-518
ORD-004208,AGT-0469,2025-08-15,SASSO (Dual-Purpose),200.0,BATCH-202508-126
ORD-004209,AGT-0469,2025-05-07,SASSO (Dual-Purpose),200.0,BATCH-202505-218
ORD-004210,AGT-0469,2025-03-11,Bovans Brown (Layer),200.0,BATCH-202503-460
ORD-004211,AGT-0469,2025-09-04,SASSO (Dual-Purpose),200.0,BATCH-202509-402
ORD-004212,AGT-0470,2025-01-28,SASSO (Dual-Purpose),300.0,BATCH-202501-472
ORD-004213,AGT-0470,2025-07-16,SASSO (Dual-Purpose),200.0,BATCH-202507-744
ORD-004214,AGT-0470,2025-08-31,SASSO (Dual-Purpose),500.0,BATCH-202508-406
ORD-004215,AGT-0470,2025-12-30,SASSO (Dual-Purpose),300.0,BATCH-202512-113
ORD-004216,AGT-0470,2025-08-23,Bovans Brown (Layer),200.0,BATCH-202508-532
ORD-004217,AGT-0470,2025-05-08,SASSO (Dual-Purpose),500.0,BATCH-202505-275
ORD-004218,AGT-0470,2025-04-28,Bovans Brown (Layer),100.0,BATCH-202504-276
ORD-004219,AGT-0470,2025-01-15,SASSO (Dual-Purpose),500.0,BATCH-202501-469
ORD-004221,AGT-0471,2025-05-19,SASSO (Dual-Purpose),100.0,BATCH-202505-797
ORD-004222,AGT-0471,2025-12-01,SASSO (Dual-Purpose),200.0,BATCH-202512-354
ORD-004223,AGT-0471,2025-01-06,SASSO (Dual-Purpose),200.0,BATCH-202501-968
ORD-004224,AGT-0471,2025-04-19,SASSO (Dual-Purpose),200.0,BATCH-202504-693
ORD-004225,AGT-0471,2025-12-02,Bovans Brown (Layer),200.0,BATCH-202512-239
ORD-004226,AGT-0471,2025-07-15,SASSO (Dual-Purpose),200.0,BATCH-202507-983
ORD-004227,AGT-0471,2025-06-13,SASSO (Dual-Purpose),300.0,BATCH-202506-292
ORD-004228,AGT-0472,2025-06-19,Bovans Brown (Layer),100.0,BATCH-202506-382
ORD-004230,AGT-0472,2025-11-26,SASSO (Dual-Purpose),300.0,BATCH-202511-791
ORD-004231,AGT-0472,2025-03-15,SASSO (Dual-Purpose),200.0,BATCH-202503-442
ORD-004232,AGT-0472,2025-08-22,SASSO (Dual-Purpose),500.0,BATCH-202508-543
ORD-004233,AGT-0472,2025-04-08,SASSO (Dual-Purpose),200.0,BATCH-202504-451
ORD-004234,AGT-0472,2025-06-16,SASSO (Dual-Purpose),500.0,BATCH-202506-706
ORD-004235,AGT-0472,2025-03-25,SASSO (Dual-Purpose),100.0,BATCH-202503-768
ORD-004236,AGT-0473,2025-08-22,SASSO (Dual-Purpose),200.0,BATCH-202508-852
ORD-004237,AGT-0473,2025-02-11,SASSO (Dual-Purpose),300.0,BATCH-202502-436
ORD-004238,AGT-0473,2025-07-10,SASSO (Dual-Purpose),300.0,BATCH-202507-142
ORD-004239,AGT-0473,2025-07-14,SASSO (Dual-Purpose),200.0,BATCH-202507-980
ORD-004240,AGT-0473,2025-11-01,SASSO (Dual-Purpose),200.0,BATCH-202511-633
ORD-004241,AGT-0473,2025-01-05,Bovans Brown (Layer),300.0,BATCH-202501-130
ORD-004242,AGT-0473,2025-01-06,SASSO (Dual-Purpose),200.0,BATCH-202501-112
ORD-004243,AGT-0473,2025-02-24,SASSO (Dual-Purpose),300.0,BATCH-202502-861
ORD-004244,AGT-0473,2025-02-14,Bovans Brown (Layer),1000.0,BATCH-202502-367
ORD-004245,AGT-0473,2025-07-09,SASSO (Dual-Purpose),300.0,BATCH-202507-806
ORD-004246,AGT-0473,2025-11-01,Bovans Brown (Layer),200.0,BATCH-202511-550
ORD-004247,AGT-0474,2025-08-09,SASSO (Dual-Purpose),200.0,BATCH-202508-634
ORD-004248,AGT-0474,2025-10-30,SASSO (Dual-Purpose),500.0,BATCH-202510-337
ORD-004249,AGT-0474,2025-02-13,Bovans Brown (Layer),300.0,BATCH-202502-733
ORD-004251,AGT-0474,2025-04-25,SASSO (Dual-Purpose),100.0,BATCH-202504-330
ORD-004252,AGT-0474,2025-11-27,Bovans Brown (Layer),100.0,BATCH-202511-517
ORD-004253,AGT-0474,2025-08-06,SASSO (Dual-Purpose),300.0,BATCH-202508-975
ORD-004254,AGT-0475,2025-01-25,Bovans Brown (Layer),500.0,BATCH-202501-859
ORD-004255,AGT-0475,2025-09-30,Bovans Brown (Layer),200.0,BATCH-202509-698
ORD-004256,AGT-0475,2025-05-18,SASSO (Dual-Purpose),200.0,BATCH-202505-720
ORD-004257,AGT-0475,2025-09-25,SASSO (Dual-Purpose),200.0,BATCH-202509-435
ORD-004258,AGT-0475,2025-09-10,SASSO (Dual-Purpose),200.0,BATCH-202509-953
ORD-004259,AGT-0475,2025-11-02,SASSO (Dual-Purpose),300.0,BATCH-202511-699
ORD-004260,AGT-0475,2025-03-04,SASSO (Dual-Purpose),300.0,BATCH-202503-193
ORD-004261,AGT-0476,2025-09-29,SASSO (Dual-Purpose),300.0,BATCH-202509-857
ORD-004262,AGT-0476,2025-10-11,SASSO (Dual-Purpose),300.0,BATCH-202510-485
ORD-004263,AGT-0476,2025-07-03,Bovans Brown (Layer),200.0,BATCH-202507-947
ORD-004264,AGT-0476,2025-04-28,Bovans Brown (Layer),200.0,BATCH-202504-514
ORD-004265,AGT-0476,2025-11-29,SASSO (Dual-Purpose),300.0,BATCH-202511-669
ORD-004266,AGT-0476,2025-10-25,SASSO (Dual-Purpose),200.0,BATCH-202510-786
ORD-004267,AGT-0476,2025-04-14,SASSO (Dual-Purpose),200.0,BATCH-202504-645
ORD-004268,AGT-0477,2025-12-10,SASSO (Dual-Purpose),100.0,BATCH-202512-591
ORD-004270,AGT-0477,2025-05-25,SASSO (Dual-Purpose),300.0,BATCH-202505-835
ORD-004271,AGT-0477,2025-10-27,SASSO (Dual-Purpose),200.0,BATCH-202510-749
ORD-004272,AGT-0477,2025-04-26,SASSO (Dual-Purpose),200.0,BATCH-202504-607
ORD-004273,AGT-0477,2025-01-17,SASSO (Dual-Purpose),200.0,BATCH-202501-668
ORD-004274,AGT-0478,2025-11-05,SASSO (Dual-Purpose),200.0,BATCH-202511-674
ORD-004276,AGT-0478,2025-11-16,Bovans Brown (Layer),1000.0,BATCH-202511-304
ORD-004277,AGT-0478,2025-03-21,SASSO (Dual-Purpose),200.0,BATCH-202503-488
ORD-004278,AGT-0478,2025-09-24,SASSO (Dual-Purpose),300.0,BATCH-202509-834
ORD-004279,AGT-0478,2025-05-07,SASSO (Dual-Purpose),300.0,BATCH-202505-171
ORD-004280,AGT-0478,2025-09-20,SASSO (Dual-Purpose),200.0,BATCH-202509-673
ORD-004281,AGT-0479,2025-08-17,SASSO (Dual-Purpose),200.0,BATCH-202508-130
ORD-004282,AGT-0479,2025-06-19,SASSO (Dual-Purpose),100.0,BATCH-202506-195
ORD-004283,AGT-0479,2025-10-24,SASSO (Dual-Purpose),100.0,BATCH-202510-163
ORD-004284,AGT-0479,2025-02-05,SASSO (Dual-Purpose),100.0,BATCH-202502-890
ORD-004285,AGT-0479,2025-09-07,Bovans Brown (Layer),500.0,BATCH-202509-902
ORD-004286,AGT-0479,2025-09-16,SASSO (Dual-Purpose),200.0,BATCH-202509-827
ORD-004287,AGT-0479,2025-02-21,SASSO (Dual-Purpose),300.0,BATCH-202502-293
ORD-004288,AGT-0479,2025-08-20,SASSO (Dual-Purpose),100.0,BATCH-202508-747
ORD-004289,AGT-0479,2025-09-14,SASSO (Dual-Purpose),200.0,BATCH-202509-805
ORD-004290,AGT-0480,2025-12-28,SASSO (Dual-Purpose),300.0,BATCH-202512-551
ORD-004291,AGT-0480,2025-07-07,SASSO (Dual-Purpose),1000.0,BATCH-202507-961
ORD-004292,AGT-0480,2025-01-04,SASSO (Dual-Purpose),1000.0,BATCH-202501-172
ORD-004293,AGT-0480,2025-08-24,SASSO (Dual-Purpose),100.0,BATCH-202508-773
ORD-004294,AGT-0480,2025-08-28,SASSO (Dual-Purpose),100.0,BATCH-202508-441
ORD-004295,AGT-0480,2025-12-09,SASSO (Dual-Purpose),100.0,BATCH-202512-290
ORD-004297,AGT-0480,2025-07-08,Bovans Brown (Layer),300.0,BATCH-202507-135
ORD-004298,AGT-0480,2025-02-14,SASSO (Dual-Purpose),100.0,BATCH-202502-739
ORD-004299,AGT-0480,2025-01-03,SASSO (Dual-Purpose),300.0,BATCH-202501-502
ORD-004300,AGT-0481,2025-06-01,SASSO (Dual-Purpose),200.0,BATCH-202506-487
ORD-004301,AGT-0481,2025-04-03,SASSO (Dual-Purpose),500.0,BATCH-202504-859
ORD-004302,AGT-0481,2025-09-03,SASSO (Dual-Purpose),100.0,BATCH-202509-318
ORD-004303,AGT-0481,2025-10-29,Bovans Brown (Layer),200.0,BATCH-202510-424
ORD-004304,AGT-0481,2025-05-26,SASSO (Dual-Purpose),100.0,BATCH-202505-878
ORD-004305,AGT-0481,2025-09-19,SASSO (Dual-Purpose),200.0,BATCH-202509-839
ORD-004306,AGT-0481,2025-04-12,Bovans Brown (Layer),200.0,BATCH-202504-129
ORD-004307,AGT-0481,2025-01-21,SASSO (Dual-Purpose),500.0,BATCH-202501-571
ORD-004308,AGT-0482,2025-02-10,SASSO (Dual-Purpose),300.0,BATCH-202502-152
ORD-004309,AGT-0482,2025-01-13,SASSO (Dual-Purpose),300.0,BATCH-202501-239
ORD-004310,AGT-0482,2025-09-11,SASSO (Dual-Purpose),200.0,BATCH-202509-487
ORD-004311,AGT-0482,2025-01-22,SASSO (Dual-Purpose),300.0,BATCH-202501-846
ORD-004312,AGT-0482,2025-11-24,SASSO (Dual-Purpose),1000.0,BATCH-202511-745
ORD-004313,AGT-0482,2025-01-31,SASSO (Dual-Purpose),200.0,BATCH-202501-175
ORD-004314,AGT-0482,2025-11-24,SASSO (Dual-Purpose),1000.0,BATCH-202511-428
ORD-004316,AGT-0482,2025-05-20,SASSO (Dual-Purpose),100.0,BATCH-202505-699
ORD-004317,AGT-0483,2025-07-22,Bovans Brown (Layer),100.0,BATCH-202507-684
ORD-004318,AGT-0483,2025-03-23,SASSO (Dual-Purpose),200.0,BATCH-202503-846
ORD-004319,AGT-0483,2025-02-19,Bovans Brown (Layer),300.0,BATCH-202502-863
ORD-004320,AGT-0483,2025-10-02,SASSO (Dual-Purpose),200.0,BATCH-202510-591
ORD-004321,AGT-0483,2025-11-23,SASSO (Dual-Purpose),500.0,BATCH-202511-380
ORD-004322,AGT-0483,2025-11-09,Bovans Brown (Layer),100.0,BATCH-202511-156
ORD-004323,AGT-0483,2025-02-20,SASSO (Dual-Purpose),200.0,BATCH-202502-955
ORD-004324,AGT-0483,2025-09-03,SASSO (Dual-Purpose),500.0,BATCH-202509-301
ORD-004325,AGT-0483,2025-05-01,Bovans Brown (Layer),200.0,BATCH-202505-336
ORD-004327,AGT-0483,2025-04-05,SASSO (Dual-Purpose),500.0,BATCH-202504-932
ORD-004328,AGT-0484,2025-05-27,Bovans Brown (Layer),100.0,BATCH-202505-325
ORD-004330,AGT-0484,2025-02-26,SASSO (Dual-Purpose),200.0,BATCH-202502-720
ORD-004331,AGT-0484,2025-09-01,Bovans Brown (Layer),500.0,BATCH-202509-503
ORD-004332,AGT-0484,2025-08-15,SASSO (Dual-Purpose),200.0,BATCH-202508-117
ORD-004333,AGT-0484,2025-02-22,SASSO (Dual-Purpose),500.0,BATCH-202502-418
ORD-004334,AGT-0485,2025-01-13,SASSO (Dual-Purpose),1000.0,BATCH-202501-850
ORD-004335,AGT-0485,2025-05-13,Bovans Brown (Layer),200.0,BATCH-202505-320
ORD-004336,AGT-0485,2025-10-28,SASSO (Dual-Purpose),300.0,BATCH-202510-785
ORD-004337,AGT-0485,2025-03-14,SASSO (Dual-Purpose),200.0,BATCH-202503-291
ORD-004338,AGT-0485,2025-03-30,SASSO (Dual-Purpose),300.0,BATCH-202503-836
ORD-004339,AGT-0485,2025-05-23,SASSO (Dual-Purpose),100.0,BATCH-202505-177
ORD-004340,AGT-0485,2025-08-25,SASSO (Dual-Purpose),200.0,BATCH-202508-951
ORD-004342,AGT-0485,2025-06-06,Bovans Brown (Layer),100.0,BATCH-202506-459
ORD-004343,AGT-0485,2025-11-22,Bovans Brown (Layer),100.0,BATCH-202511-114
ORD-004344,AGT-0485,2025-09-26,Bovans Brown (Layer),200.0,BATCH-202509-268
ORD-004345,AGT-0486,2025-09-14,SASSO (Dual-Purpose),200.0,BATCH-202509-581
ORD-004346,AGT-0486,2025-07-09,SASSO (Dual-Purpose),100.0,BATCH-202507-529
ORD-004347,AGT-0486,2025-05-21,SASSO (Dual-Purpose),500.0,BATCH-202505-715
ORD-004348,AGT-0486,2025-11-01,SASSO (Dual-Purpose),200.0,BATCH-202511-777
ORD-004349,AGT-0486,2025-09-24,Bovans Brown (Layer),200.0,BATCH-202509-388
ORD-004350,AGT-0486,2025-11-21,Bovans Brown (Layer),1000.0,BATCH-202511-961
ORD-004351,AGT-0486,2025-10-07,Bovans Brown (Layer),200.0,BATCH-202510-848
ORD-004352,AGT-0487,2025-04-28,SASSO (Dual-Purpose),200.0,BATCH-202504-116
ORD-004353,AGT-0487,2025-06-03,SASSO (Dual-Purpose),200.0,BATCH-202506-109
ORD-004354,AGT-0487,2025-10-28,SASSO (Dual-Purpose),200.0,BATCH-202510-959
ORD-004355,AGT-0487,2025-07-27,SASSO (Dual-Purpose),100.0,BATCH-202507-711
ORD-004356,AGT-0487,2025-02-17,SASSO (Dual-Purpose),300.0,BATCH-202502-110
ORD-004358,AGT-0487,2025-02-14,SASSO (Dual-Purpose),200.0,BATCH-202502-991
ORD-004360,AGT-0487,2025-08-29,Bovans Brown (Layer),300.0,BATCH-202508-554
ORD-004361,AGT-0487,2025-11-02,SASSO (Dual-Purpose),100.0,BATCH-202511-248
ORD-004362,AGT-0487,2025-03-23,Bovans Brown (Layer),200.0,BATCH-202503-730
ORD-004363,AGT-0488,2025-07-24,SASSO (Dual-Purpose),300.0,BATCH-202507-510
ORD-004364,AGT-0488,2025-05-04,Bovans Brown (Layer),200.0,BATCH-202505-657
ORD-004365,AGT-0488,2025-09-28,SASSO (Dual-Purpose),500.0,BATCH-202509-412
ORD-004366,AGT-0488,2025-04-20,Bovans Brown (Layer),100.0,BATCH-202504-309
ORD-004367,AGT-0488,2025-02-04,SASSO (Dual-Purpose),300.0,BATCH-202502-440
ORD-004368,AGT-0488,2025-08-13,SASSO (Dual-Purpose),500.0,BATCH-202508-377
ORD-004369,AGT-0488,2025-08-19,Bovans Brown (Layer),200.0,BATCH-202508-255
ORD-004370,AGT-0488,2025-11-05,SASSO (Dual-Purpose),300.0,BATCH-202511-458
ORD-004371,AGT-0488,2025-08-24,Bovans Brown (Layer),500.0,BATCH-202508-824
ORD-004372,AGT-0488,2025-11-17,SASSO (Dual-Purpose),200.0,BATCH-202511-230
ORD-004373,AGT-0489,2025-04-19,SASSO (Dual-Purpose),200.0,BATCH-202504-948
ORD-004374,AGT-0489,2025-10-02,SASSO (Dual-Purpose),300.0,BATCH-202510-828
ORD-004375,AGT-0489,2025-08-01,SASSO (Dual-Purpose),100.0,BATCH-202508-114
ORD-004376,AGT-0489,2025-08-03,SASSO (Dual-Purpose),300.0,BATCH-202508-229
ORD-004377,AGT-0489,2025-07-09,SASSO (Dual-Purpose),500.0,BATCH-202507-832
ORD-004378,AGT-0489,2025-03-19,SASSO (Dual-Purpose),100.0,BATCH-202503-739
ORD-004379,AGT-0489,2025-11-09,SASSO (Dual-Purpose),200.0,BATCH-202511-971
ORD-004380,AGT-0489,2025-12-10,SASSO (Dual-Purpose),100.0,BATCH-202512-255
ORD-004381,AGT-0489,2025-03-10,Bovans Brown (Layer),200.0,BATCH-202503-719
ORD-004382,AGT-0489,2025-07-28,SASSO (Dual-Purpose),100.0,BATCH-202507-947
ORD-004383,AGT-0490,2025-10-28,SASSO (Dual-Purpose),1000.0,BATCH-202510-870
ORD-004384,AGT-0490,2025-12-01,Bovans Brown (Layer),200.0,BATCH-202512-524
ORD-004385,AGT-0490,2025-01-14,SASSO (Dual-Purpose),200.0,BATCH-202501-665
ORD-004386,AGT-0490,2025-04-22,SASSO (Dual-Purpose),300.0,BATCH-202504-371
ORD-004387,AGT-0490,2025-05-21,SASSO (Dual-Purpose),300.0,BATCH-202505-148
ORD-004388,AGT-0490,2025-04-02,Bovans Brown (Layer),300.0,BATCH-202504-938
ORD-004390,AGT-0490,2025-05-22,SASSO (Dual-Purpose),1000.0,BATCH-202505-155
ORD-004391,AGT-0490,2025-06-13,SASSO (Dual-Purpose),300.0,BATCH-202506-151
ORD-004392,AGT-0491,2025-08-21,SASSO (Dual-Purpose),1000.0,BATCH-202508-264
ORD-004393,AGT-0491,2025-04-29,SASSO (Dual-Purpose),200.0,BATCH-202504-434
ORD-004394,AGT-0491,2025-01-03,SASSO (Dual-Purpose),200.0,BATCH-202501-444
ORD-004395,AGT-0491,2025-06-01,SASSO (Dual-Purpose),1000.0,BATCH-202506-681
ORD-004396,AGT-0491,2025-03-29,Bovans Brown (Layer),200.0,BATCH-202503-437
ORD-004397,AGT-0491,2025-03-09,SASSO (Dual-Purpose),300.0,BATCH-202503-157
ORD-004398,AGT-0491,2025-01-04,SASSO (Dual-Purpose),200.0,BATCH-202501-861
ORD-004399,AGT-0491,2025-06-18,Bovans Brown (Layer),200.0,BATCH-202506-499
ORD-004401,AGT-0492,2025-07-23,SASSO (Dual-Purpose),1000.0,BATCH-202507-196
ORD-004402,AGT-0492,2025-05-05,Bovans Brown (Layer),100.0,BATCH-202505-298
ORD-004403,AGT-0492,2025-06-23,SASSO (Dual-Purpose),200.0,BATCH-202506-536
ORD-004404,AGT-0492,2025-06-13,Bovans Brown (Layer),200.0,BATCH-202506-353
ORD-004405,AGT-0492,2025-08-03,Bovans Brown (Layer),200.0,BATCH-202508-319
ORD-004406,AGT-0492,2025-08-05,SASSO (Dual-Purpose),200.0,BATCH-202508-339
ORD-004407,AGT-0492,2025-06-24,SASSO (Dual-Purpose),300.0,BATCH-202506-692
ORD-004408,AGT-0492,2025-02-25,Bovans Brown (Layer),500.0,BATCH-202502-880
ORD-004409,AGT-0492,2025-05-03,Bovans Brown (Layer),100.0,BATCH-202505-409
ORD-004410,AGT-0492,2025-05-05,SASSO (Dual-Purpose),500.0,BATCH-202505-948
ORD-004411,AGT-0493,2025-11-19,SASSO (Dual-Purpose),300.0,BATCH-202511-233
ORD-004412,AGT-0493,2025-11-26,Bovans Brown (Layer),200.0,BATCH-202511-779
ORD-004413,AGT-0493,2025-09-04,Bovans Brown (Layer),200.0,BATCH-202509-796
ORD-004414,AGT-0493,2025-03-25,Bovans Brown (Layer),500.0,BATCH-202503-436
ORD-004415,AGT-0493,2025-12-15,Bovans Brown (Layer),200.0,BATCH-202512-996
ORD-004416,AGT-0493,2025-11-21,SASSO (Dual-Purpose),300.0,BATCH-202511-478
ORD-004417,AGT-0493,2025-05-03,SASSO (Dual-Purpose),200.0,BATCH-202505-389
ORD-004418,AGT-0494,2025-05-27,SASSO (Dual-Purpose),100.0,BATCH-202505-605
ORD-004419,AGT-0494,2025-06-26,SASSO (Dual-Purpose),300.0,BATCH-202506-978
ORD-004420,AGT-0494,2025-11-26,SASSO (Dual-Purpose),100.0,BATCH-202511-917
ORD-004421,AGT-0494,2025-07-12,SASSO (Dual-Purpose),200.0,BATCH-202507-773
ORD-004422,AGT-0494,2025-09-17,SASSO (Dual-Purpose),100.0,BATCH-202509-183
ORD-004423,AGT-0494,2025-12-12,SASSO (Dual-Purpose),300.0,BATCH-202512-775
ORD-004424,AGT-0494,2025-06-11,SASSO (Dual-Purpose),100.0,BATCH-202506-986
ORD-004425,AGT-0494,2025-01-02,SASSO (Dual-Purpose),300.0,BATCH-202501-807
ORD-004426,AGT-0494,2025-07-14,SASSO (Dual-Purpose),200.0,BATCH-202507-704
ORD-004427,AGT-0495,2025-02-17,SASSO (Dual-Purpose),300.0,BATCH-202502-362
ORD-004428,AGT-0495,2025-06-19,SASSO (Dual-Purpose),300.0,BATCH-202506-839
ORD-004429,AGT-0495,2025-02-26,SASSO (Dual-Purpose),200.0,BATCH-202502-485
ORD-004430,AGT-0495,2025-09-03,SASSO (Dual-Purpose),200.0,BATCH-202509-539
ORD-004431,AGT-0495,2025-07-12,Bovans Brown (Layer),200.0,BATCH-202507-632
ORD-004432,AGT-0495,2025-08-03,Bovans Brown (Layer),1000.0,BATCH-202508-151
ORD-004433,AGT-0495,2025-09-23,SASSO (Dual-Purpose),200.0,BATCH-202509-118
ORD-004434,AGT-0495,2025-04-24,SASSO (Dual-Purpose),200.0,BATCH-202504-853
ORD-004435,AGT-0495,2025-03-10,SASSO (Dual-Purpose),500.0,BATCH-202503-336
ORD-004436,AGT-0495,2025-06-03,SASSO (Dual-Purpose),1000.0,BATCH-202506-217
ORD-004437,AGT-0495,2025-06-28,SASSO (Dual-Purpose),300.0,BATCH-202506-817
ORD-004439,AGT-0496,2025-02-13,Bovans Brown (Layer),100.0,BATCH-202502-560
ORD-004440,AGT-0496,2025-10-21,SASSO (Dual-Purpose),300.0,BATCH-202510-232
ORD-004441,AGT-0496,2025-10-04,Bovans Brown (Layer),500.0,BATCH-202510-808
ORD-004442,AGT-0496,2025-05-14,Bovans Brown (Layer),200.0,BATCH-202505-155
ORD-004443,AGT-0496,2025-05-03,SASSO (Dual-Purpose),100.0,BATCH-202505-120
ORD-004444,AGT-0496,2025-01-23,SASSO (Dual-Purpose),300.0,BATCH-202501-666
ORD-004446,AGT-0496,2025-03-27,Bovans Brown (Layer),200.0,BATCH-202503-288
ORD-004447,AGT-0496,2025-06-16,Bovans Brown (Layer),1000.0,BATCH-202506-711
ORD-004448,AGT-0496,2025-06-16,SASSO (Dual-Purpose),200.0,BATCH-202506-737
ORD-004449,AGT-0497,2025-07-25,SASSO (Dual-Purpose),200.0,BATCH-202507-611
ORD-004450,AGT-0497,2025-12-17,SASSO (Dual-Purpose),500.0,BATCH-202512-228
ORD-004451,AGT-0497,2025-04-29,Bovans Brown (Layer),500.0,BATCH-202504-119
ORD-004452,AGT-0497,2025-12-30,Bovans Brown (Layer),100.0,BATCH-202512-272
ORD-004453,AGT-0497,2025-08-31,Bovans Brown (Layer),300.0,BATCH-202508-759
ORD-004454,AGT-0497,2025-08-07,SASSO (Dual-Purpose),300.0,BATCH-202508-514
ORD-004455,AGT-0497,2025-12-07,SASSO (Dual-Purpose),100.0,BATCH-202512-789
ORD-004456,AGT-0497,2025-04-28,Bovans Brown (Layer),200.0,BATCH-202504-621
ORD-004457,AGT-0498,2025-08-12,SASSO (Dual-Purpose),300.0,BATCH-202508-316
ORD-004458,AGT-0498,2025-09-18,SASSO (Dual-Purpose),200.0,BATCH-202509-215
ORD-004459,AGT-0498,2025-11-07,SASSO (Dual-Purpose),500.0,BATCH-202511-832
ORD-004460,AGT-0498,2025-04-26,SASSO (Dual-Purpose),100.0,BATCH-202504-331
ORD-004461,AGT-0498,2025-01-14,SASSO (Dual-Purpose),200.0,BATCH-202501-780
ORD-004462,AGT-0498,2025-07-01,SASSO (Dual-Purpose),200.0,BATCH-202507-998
ORD-004463,AGT-0498,2025-02-14,SASSO (Dual-Purpose),100.0,BATCH-202502-424
ORD-004464,AGT-0498,2025-08-11,SASSO (Dual-Purpose),200.0,BATCH-202508-304
ORD-004465,AGT-0498,2025-11-01,SASSO (Dual-Purpose),1000.0,BATCH-202511-797
ORD-004466,AGT-0498,2025-04-20,SASSO (Dual-Purpose),100.0,BATCH-202504-866
ORD-004467,AGT-0498,2025-02-27,SASSO (Dual-Purpose),200.0,BATCH-202502-381
ORD-004469,AGT-0499,2025-05-16,Bovans Brown (Layer),100.0,BATCH-202505-352
ORD-004470,AGT-0499,2025-11-13,SASSO (Dual-Purpose),100.0,BATCH-202511-178
ORD-004471,AGT-0499,2025-06-30,SASSO (Dual-Purpose),200.0,BATCH-202506-935
ORD-004472,AGT-0499,2025-02-12,SASSO (Dual-Purpose),200.0,BATCH-202502-289
ORD-004473,AGT-0499,2025-10-29,SASSO (Dual-Purpose),200.0,BATCH-202510-649
ORD-004474,AGT-0499,2025-11-12,Bovans Brown (Layer),100.0,BATCH-202511-836
ORD-004475,AGT-0499,2025-05-23,SASSO (Dual-Purpose),300.0,BATCH-202505-843
ORD-004476,AGT-0500,2025-08-16,SASSO (Dual-Purpose),200.0,BATCH-202508-314
ORD-004477,AGT-0500,2025-09-18,SASSO (Dual-Purpose),300.0,BATCH-202509-719
ORD-004478,AGT-0500,2025-05-14,Bovans Brown (Layer),200.0,BATCH-202505-577
ORD-004479,AGT-0500,2025-11-19,SASSO (Dual-Purpose),300.0,BATCH-202511-702
ORD-004480,AGT-0500,2025-01-23,SASSO (Dual-Purpose),1000.0,BATCH-202501-194
ORD-004481,AGT-0500,2025-08-15,SASSO (Dual-Purpose),200.0,BATCH-202508-380
ORD-004482,AGT-0500,2025-12-08,SASSO (Dual-Purpose),200.0,BATCH-202512-299
ORD-004483,AGT-0500,2025-03-26,SASSO (Dual-Purpose),300.0,BATCH-202503-988
ORD-004484,AGT-0500,2025-05-27,Bovans Brown (Layer),200.0,BATCH-202505-493
ORD-004485,AGT-0500,2025-11-11,SASSO (Dual-Purpose),100.0,BATCH-202511-259
