transaction_id,agent_id,order_value_etb,days_sales_outstanding,overdue_balance_etb,support_tickets_logged,field_visits_count,order_id
FIN-000002,AGT-0001,13500.0,13.0,0.0,0.0,1.0,ORD-000002
FIN-000003,AGT-0001,9000.0,30.0,0.0,0.0,1.0,ORD-000003
FIN-000004,AGT-0001,9000.0,5.0,0.0,0.0,0.0,ORD-000004
FIN-000005,AGT-0001,13500.0,13.0,0.0,0.0,0.0,ORD-000005
FIN-000006,AGT-0001,9000.0,1.0,0.0,1.0,1.0,ORD-000006
FIN-000007,AGT-0002,4500.0,10.0,0.0,1.0,0.0,ORD-000007
FIN-000008,AGT-0002,9000.0,55.0,9000.0,0.0,0.0,ORD-000008
FIN-000009,AGT-0002,4500.0,12.0,0.0,0.0,1.0,ORD-000009
FIN-000010,AGT-0002,13500.0,5.0,0.0,0.0,2.0,ORD-000010
FIN-000011,AGT-0002,13500.0,20.0,0.0,0.0,1.0,ORD-000011
FIN-000012,AGT-0002,9000.0,10.0,0.0,0.0,2.0,ORD-000012
FIN-000013,AGT-0002,4500.0,14.0,0.0,0.0,0.0,ORD-000013
FIN-000014,AGT-0003,9000.0,3.0,0.0,0.0,0.0,ORD-000014
FIN-000015,AGT-0003,13500.0,0.0,0.0,0.0,0.0,ORD-000015
FIN-000016,AGT-0003,13500.0,30.0,0.0,1.0,1.0,ORD-000016
FIN-000017,AGT-0003,9000.0,60.0,0.0,0.0,1.0,ORD-000017
FIN-000018,AGT-0003,9000.0,22.0,0.0,0.0,0.0,ORD-000018
FIN-000019,AGT-0003,13500.0,18.0,0.0,0.0,2.0,ORD-000019
FIN-000020,AGT-0003,4500.0,15.0,0.0,0.0,0.0,ORD-000020
FIN-000021,AGT-0003,9000.0,,0.0,1.0,1.0,ORD-000021
FIN-000022,AGT-0003,9000.0,,9000.0,0.0,1.0,ORD-000022
FIN-000023,AGT-0003,4500.0,3.0,0.0,0.0,0.0,ORD-000023
FIN-000024,AGT-0003,9000.0,43.0,0.0,0.0,0.0,ORD-000024
FIN-000025,AGT-0004,13500.0,26.0,0.0,0.0,2.0,ORD-000025
FIN-000026,AGT-0004,13500.0,40.0,0.0,0.0,0.0,ORD-000026
FIN-000027,AGT-0004,13500.0,8.0,0.0,2.0,2.0,ORD-000027
FIN-000028,AGT-0004,4500.0,1.0,0.0,0.0,1.0,ORD-000028
FIN-000029,AGT-0004,9000.0,23.0,0.0,0.0,0.0,ORD-000029
FIN-000030,AGT-0004,9000.0,1.0,0.0,0.0,0.0,ORD-000030
FIN-000031,AGT-0004,4500.0,7.0,0.0,0.0,1.0,ORD-000031
FIN-000032,AGT-0004,,17.0,0.0,1.0,0.0,ORD-000032
FIN-000033,AGT-0004,4500.0,7.0,0.0,0.0,1.0,ORD-000033
FIN-000034,AGT-0005,9000.0,26.0,0.0,0.0,1.0,ORD-000034
FIN-000035,AGT-0005,22500.0,15.0,0.0,0.0,1.0,ORD-000035
FIN-000036,AGT-0005,13500.0,,0.0,0.0,0.0,ORD-000036
FIN-000037,AGT-0005,13500.0,12.0,0.0,1.0,0.0,ORD-000037
FIN-000038,AGT-0005,13500.0,14.0,0.0,1.0,0.0,ORD-000038
FIN-000039,AGT-0005,13500.0,13.0,0.0,0.0,0.0,ORD-000039
FIN-000040,AGT-0005,9000.0,38.0,0.0,0.0,1.0,ORD-000040
FIN-000041,AGT-0006,13500.0,0.0,0.0,0.0,1.0,ORD-000041
FIN-000042,AGT-0006,,0.0,0.0,0.0,0.0,ORD-000042
FIN-000043,AGT-0006,9000.0,24.0,0.0,0.0,1.0,ORD-000043
FIN-000044,AGT-0006,13500.0,13.0,0.0,1.0,0.0,ORD-000044
FIN-000045,AGT-0006,4500.0,27.0,0.0,1.0,1.0,ORD-000045
FIN-000046,AGT-0006,9000.0,17.0,0.0,,,ORD-000046
FIN-000047,AGT-0006,9000.0,6.0,0.0,1.0,1.0,ORD-000047
FIN-000048,AGT-0006,9000.0,1.0,0.0,1.0,0.0,ORD-000048
FIN-000049,AGT-0006,13500.0,19.0,0.0,0.0,1.0,ORD-000049
FIN-000050,AGT-0007,13500.0,6.0,0.0,0.0,0.0,ORD-000050
FIN-000051,AGT-0007,9000.0,8.0,0.0,1.0,0.0,ORD-000051
FIN-000052,AGT-0007,13500.0,52.0,13500.0,0.0,1.0,ORD-000052
FIN-000053,AGT-0007,9000.0,3.0,0.0,0.0,1.0,ORD-000053
FIN-000054,AGT-0007,22500.0,7.0,0.0,0.0,1.0,ORD-000054
FIN-000055,AGT-0007,9000.0,21.0,0.0,0.0,0.0,ORD-000055
FIN-000056,AGT-0007,13500.0,60.0,13500.0,0.0,0.0,ORD-000056
FIN-000057,AGT-0007,13500.0,7.0,0.0,0.0,0.0,ORD-000057
FIN-000058,AGT-0007,9000.0,35.0,0.0,0.0,1.0,ORD-000058
FIN-000059,AGT-0008,13500.0,4.0,,0.0,1.0,ORD-000059
FIN-000060,AGT-0008,9000.0,2.0,0.0,0.0,0.0,ORD-000060
FIN-000061,AGT-0008,4500.0,2.0,0.0,1.0,1.0,ORD-000061
FIN-000062,AGT-0008,4500.0,6.0,0.0,0.0,0.0,ORD-000062
FIN-000063,AGT-0008,4500.0,6.0,0.0,0.0,0.0,ORD-000063
FIN-000064,AGT-0008,9000.0,8.0,0.0,0.0,0.0,ORD-000064
FIN-000065,AGT-0008,13500.0,1.0,0.0,0.0,0.0,ORD-000065
FIN-000066,AGT-0008,13500.0,2.0,0.0,0.0,1.0,ORD-000066
FIN-000067,AGT-0008,13500.0,22.0,0.0,0.0,0.0,ORD-000067
FIN-000068,AGT-0008,9000.0,1.0,0.0,0.0,0.0,ORD-000068
FIN-000069,AGT-0008,13500.0,33.0,13500.0,0.0,0.0,ORD-000069
FIN-000070,AGT-0008,9000.0,5.0,0.0,0.0,1.0,ORD-000070
FIN-000071,AGT-0009,4500.0,5.0,0.0,0.0,1.0,ORD-000071
FIN-000072,AGT-0009,45000.0,12.0,0.0,0.0,1.0,ORD-000072
FIN-000073,AGT-0009,9000.0,0.0,0.0,0.0,1.0,ORD-000073
FIN-000074,AGT-0009,13500.0,8.0,0.0,2.0,0.0,ORD-000074
FIN-000075,AGT-0009,9000.0,3.0,0.0,0.0,0.0,ORD-000075
FIN-000076,AGT-0009,13500.0,4.0,0.0,0.0,1.0,ORD-000076
FIN-000077,AGT-0009,4500.0,10.0,0.0,2.0,0.0,ORD-000077
FIN-000078,AGT-0009,9000.0,0.0,0.0,0.0,1.0,ORD-000078
FIN-000079,AGT-0009,4500.0,40.0,0.0,0.0,0.0,ORD-000079
FIN-000080,AGT-0009,45000.0,23.0,0.0,0.0,1.0,ORD-000080
FIN-000081,AGT-0010,9000.0,2.0,0.0,0.0,1.0,ORD-000081
FIN-000082,AGT-0010,,40.0,0.0,0.0,0.0,ORD-000082
FIN-000083,AGT-0010,9000.0,61.0,9000.0,0.0,1.0,ORD-000083
FIN-000084,AGT-0010,,7.0,0.0,0.0,1.0,ORD-000084
FIN-000085,AGT-0010,4500.0,0.0,0.0,1.0,1.0,ORD-000085
FIN-000086,AGT-0010,4500.0,1.0,0.0,0.0,0.0,ORD-000086
FIN-000087,AGT-0010,22500.0,0.0,0.0,0.0,0.0,ORD-000087
FIN-000088,AGT-0010,9000.0,7.0,0.0,0.0,1.0,ORD-000088
FIN-000089,AGT-0010,4500.0,16.0,0.0,2.0,0.0,ORD-000089
FIN-000090,AGT-0011,4500.0,18.0,0.0,0.0,1.0,ORD-000090
FIN-000091,AGT-0011,13500.0,4.0,0.0,0.0,0.0,ORD-000091
FIN-000092,AGT-0011,13500.0,10.0,0.0,1.0,2.0,ORD-000092
FIN-000093,AGT-0011,13500.0,5.0,0.0,0.0,,ORD-000093
FIN-000094,AGT-0011,13500.0,11.0,0.0,0.0,2.0,ORD-000094
FIN-000095,AGT-0011,9000.0,14.0,0.0,1.0,0.0,ORD-000095
FIN-000096,AGT-0011,9000.0,21.0,0.0,0.0,2.0,ORD-000096
FIN-000097,AGT-0011,9000.0,5.0,0.0,0.0,0.0,ORD-000097
FIN-000098,AGT-0011,9000.0,26.0,0.0,0.0,1.0,ORD-000098
FIN-000099,AGT-0011,13500.0,9.0,0.0,1.0,0.0,ORD-000099
FIN-000100,AGT-0012,13500.0,32.0,0.0,0.0,2.0,ORD-000100
FIN-000101,AGT-0012,9000.0,26.0,0.0,1.0,0.0,ORD-000101
FIN-000102,AGT-0012,9000.0,8.0,0.0,0.0,1.0,ORD-000102
FIN-000103,AGT-0012,9000.0,20.0,0.0,0.0,0.0,ORD-000103
FIN-000104,AGT-0012,13500.0,16.0,0.0,0.0,0.0,ORD-000104
FIN-000105,AGT-0012,4500.0,20.0,0.0,1.0,2.0,ORD-000105
FIN-000106,AGT-0012,22500.0,40.0,,1.0,1.0,ORD-000106
FIN-000107,AGT-0012,13500.0,27.0,0.0,0.0,0.0,ORD-000107
FIN-000108,AGT-0013,9000.0,20.0,0.0,0.0,0.0,ORD-000108
FIN-000109,AGT-0013,9000.0,,0.0,0.0,1.0,ORD-000109
FIN-000110,AGT-0013,9000.0,1.0,0.0,0.0,0.0,ORD-000110
FIN-000111,AGT-0013,9000.0,3.0,0.0,2.0,2.0,ORD-000111
FIN-000112,AGT-0013,9000.0,38.0,0.0,0.0,1.0,ORD-000112
FIN-000113,AGT-0013,22500.0,33.0,0.0,0.0,0.0,ORD-000113
FIN-000114,AGT-0014,9000.0,4.0,0.0,0.0,0.0,ORD-000114
FIN-000115,AGT-0014,9000.0,35.0,9000.0,0.0,1.0,ORD-000115
FIN-000116,AGT-0014,4500.0,2.0,0.0,1.0,0.0,ORD-000116
FIN-000117,AGT-0014,13500.0,28.0,0.0,1.0,0.0,ORD-000117
FIN-000118,AGT-0014,4500.0,35.0,4500.0,0.0,2.0,ORD-000118
FIN-000119,AGT-0014,22500.0,1.0,0.0,0.0,1.0,ORD-000119
FIN-000120,AGT-0014,22500.0,20.0,0.0,0.0,1.0,ORD-000120
FIN-000121,AGT-0014,9000.0,21.0,0.0,0.0,1.0,ORD-000121
FIN-000122,AGT-0014,4500.0,24.0,0.0,0.0,0.0,ORD-000122
FIN-000123,AGT-0014,22500.0,19.0,0.0,0.0,1.0,ORD-000123
FIN-000124,AGT-0015,45000.0,1.0,0.0,1.0,0.0,ORD-000124
FIN-000125,AGT-0015,4500.0,0.0,0.0,0.0,0.0,ORD-000125
FIN-000126,AGT-0015,22500.0,17.0,0.0,1.0,0.0,ORD-000126
FIN-000127,AGT-0015,22500.0,6.0,0.0,0.0,1.0,ORD-000127
FIN-000128,AGT-0015,9000.0,11.0,0.0,0.0,0.0,ORD-000128
FIN-000129,AGT-0015,13500.0,44.0,0.0,1.0,0.0,ORD-000129
FIN-000130,AGT-0015,9000.0,3.0,0.0,0.0,0.0,ORD-000130
FIN-000131,AGT-0015,22500.0,27.0,0.0,1.0,1.0,ORD-000131
FIN-000132,AGT-0015,22500.0,25.0,0.0,0.0,1.0,ORD-000132
FIN-000133,AGT-0015,9000.0,2.0,0.0,0.0,2.0,ORD-000133
FIN-000134,AGT-0016,22500.0,11.0,0.0,0.0,0.0,ORD-000134
FIN-000135,AGT-0016,4500.0,2.0,0.0,0.0,0.0,ORD-000135
FIN-000136,AGT-0016,9000.0,28.0,0.0,0.0,0.0,ORD-000136
FIN-000137,AGT-0016,9000.0,9.0,0.0,0.0,1.0,ORD-000137
FIN-000138,AGT-0016,9000.0,0.0,0.0,0.0,1.0,ORD-000138
FIN-000139,AGT-0016,9000.0,1.0,0.0,0.0,1.0,ORD-000139
FIN-000140,AGT-0016,4500.0,26.0,0.0,0.0,0.0,ORD-000140
FIN-000141,AGT-0016,9000.0,28.0,0.0,0.0,,ORD-000141
FIN-000142,AGT-0016,13500.0,39.0,13500.0,0.0,0.0,ORD-000142
FIN-000143,AGT-0016,9000.0,19.0,0.0,0.0,0.0,ORD-000143
FIN-000144,AGT-0017,4500.0,4.0,0.0,0.0,1.0,ORD-000144
FIN-000145,AGT-0017,9000.0,7.0,0.0,0.0,1.0,ORD-000145
FIN-000146,AGT-0017,9000.0,5.0,0.0,1.0,0.0,ORD-000146
FIN-000147,AGT-0017,9000.0,6.0,0.0,1.0,1.0,ORD-000147
FIN-000148,AGT-0017,13500.0,14.0,0.0,0.0,2.0,ORD-000148
FIN-000149,AGT-0017,4500.0,9.0,0.0,,0.0,ORD-000149
FIN-000150,AGT-0017,13500.0,2.0,0.0,0.0,,ORD-000150
FIN-000151,AGT-0017,9000.0,51.0,0.0,0.0,0.0,ORD-000151
FIN-000152,AGT-0017,9000.0,5.0,0.0,1.0,0.0,ORD-000152
FIN-000153,AGT-0017,4500.0,19.0,0.0,0.0,0.0,ORD-000153
FIN-000154,AGT-0017,13500.0,63.0,0.0,1.0,0.0,ORD-000154
FIN-000155,AGT-0017,9000.0,6.0,0.0,1.0,0.0,ORD-000155
FIN-000156,AGT-0018,13500.0,0.0,0.0,0.0,0.0,ORD-000156
FIN-000157,AGT-0018,4500.0,52.0,0.0,0.0,1.0,ORD-000157
FIN-000158,AGT-0018,4500.0,7.0,0.0,0.0,0.0,ORD-000158
FIN-000159,AGT-0018,9000.0,9.0,0.0,0.0,0.0,ORD-000159
FIN-000160,AGT-0018,13500.0,5.0,0.0,0.0,1.0,ORD-000160
FIN-000161,AGT-0018,9000.0,0.0,0.0,0.0,0.0,ORD-000161
FIN-000162,AGT-0018,9000.0,2.0,0.0,1.0,0.0,ORD-000162
FIN-000163,AGT-0019,13500.0,26.0,0.0,1.0,0.0,ORD-000163
FIN-000164,AGT-0019,9000.0,19.0,0.0,0.0,0.0,ORD-000164
FIN-000165,AGT-0019,45000.0,31.0,45000.0,0.0,0.0,ORD-000165
FIN-000166,AGT-0019,13500.0,1.0,0.0,2.0,0.0,ORD-000166
FIN-000167,AGT-0019,9000.0,2.0,0.0,1.0,0.0,ORD-000167
FIN-000168,AGT-0019,22500.0,30.0,0.0,0.0,0.0,ORD-000168
FIN-000169,AGT-0019,4500.0,8.0,0.0,0.0,0.0,ORD-000169
FIN-000170,AGT-0019,9000.0,1.0,0.0,1.0,1.0,ORD-000170
FIN-000171,AGT-0019,22500.0,4.0,0.0,0.0,2.0,ORD-000171
FIN-000172,AGT-0019,22500.0,10.0,0.0,0.0,1.0,ORD-000172
FIN-000173,AGT-0019,22500.0,42.0,22500.0,,0.0,ORD-000173
FIN-000174,AGT-0020,22500.0,0.0,0.0,1.0,2.0,ORD-000174
FIN-000175,AGT-0020,4500.0,2.0,0.0,0.0,2.0,ORD-000175
FIN-000176,AGT-0020,45000.0,2.0,0.0,0.0,1.0,ORD-000176
FIN-000177,AGT-0020,9000.0,19.0,0.0,0.0,0.0,ORD-000177
FIN-000178,AGT-0020,45000.0,6.0,0.0,0.0,1.0,ORD-000178
FIN-000179,AGT-0020,45000.0,10.0,0.0,0.0,0.0,ORD-000179
FIN-000180,AGT-0020,9000.0,1.0,0.0,1.0,0.0,ORD-000180
FIN-000181,AGT-0021,9000.0,3.0,0.0,0.0,0.0,ORD-000181
FIN-000182,AGT-0021,9000.0,16.0,0.0,0.0,0.0,ORD-000182
FIN-000183,AGT-0021,9000.0,10.0,0.0,0.0,0.0,ORD-000183
FIN-000184,AGT-0021,45000.0,3.0,0.0,0.0,0.0,ORD-000184
FIN-000185,AGT-0021,9000.0,11.0,0.0,0.0,0.0,ORD-000185
FIN-000186,AGT-0021,9000.0,39.0,0.0,1.0,0.0,ORD-000186
FIN-000187,AGT-0021,13500.0,6.0,0.0,0.0,0.0,ORD-000187
FIN-000188,AGT-0021,9000.0,18.0,0.0,0.0,1.0,ORD-000188
FIN-000189,AGT-0021,4500.0,1.0,0.0,0.0,1.0,ORD-000189
FIN-000190,AGT-0021,13500.0,4.0,0.0,0.0,0.0,ORD-000190
FIN-000191,AGT-0021,22500.0,1.0,0.0,1.0,0.0,ORD-000191
FIN-000192,AGT-0022,9000.0,0.0,0.0,2.0,1.0,ORD-000192
FIN-000193,AGT-0022,9000.0,12.0,0.0,1.0,1.0,ORD-000193
FIN-000194,AGT-0022,4500.0,5.0,0.0,0.0,1.0,ORD-000194
FIN-000195,AGT-0022,9000.0,3.0,0.0,2.0,1.0,ORD-000195
FIN-000196,AGT-0022,13500.0,20.0,0.0,0.0,1.0,ORD-000196
FIN-000197,AGT-0022,9000.0,51.0,9000.0,0.0,0.0,ORD-000197
FIN-000198,AGT-0022,9000.0,17.0,0.0,1.0,0.0,ORD-000198
FIN-000199,AGT-0022,4500.0,20.0,0.0,0.0,1.0,ORD-000199
FIN-000200,AGT-0022,9000.0,5.0,0.0,1.0,0.0,ORD-000200
FIN-000201,AGT-0022,45000.0,14.0,0.0,0.0,0.0,ORD-000201
FIN-000202,AGT-0023,9000.0,15.0,0.0,0.0,1.0,ORD-000202
FIN-000203,AGT-0023,,7.0,0.0,0.0,0.0,ORD-000203
FIN-000204,AGT-0023,22500.0,4.0,0.0,2.0,2.0,ORD-000204
FIN-000205,AGT-0023,4500.0,9.0,0.0,0.0,1.0,ORD-000205
FIN-000206,AGT-0023,9000.0,5.0,0.0,1.0,0.0,ORD-000206
FIN-000207,AGT-0023,45000.0,5.0,0.0,0.0,2.0,ORD-000207
FIN-000208,AGT-0023,9000.0,6.0,0.0,0.0,2.0,ORD-000208
FIN-000209,AGT-0023,13500.0,2.0,0.0,0.0,1.0,ORD-000209
FIN-000210,AGT-0023,45000.0,10.0,0.0,0.0,1.0,ORD-000210
FIN-000211,AGT-0023,13500.0,12.0,0.0,2.0,1.0,ORD-000211
FIN-000212,AGT-0024,9000.0,22.0,0.0,0.0,0.0,ORD-000212
FIN-000213,AGT-0024,13500.0,7.0,0.0,0.0,1.0,ORD-000213
FIN-000214,AGT-0024,13500.0,13.0,0.0,0.0,0.0,ORD-000214
FIN-000215,AGT-0024,13500.0,73.0,13500.0,0.0,1.0,ORD-000215
FIN-000216,AGT-0024,9000.0,28.0,0.0,0.0,1.0,ORD-000216
FIN-000217,AGT-0024,9000.0,17.0,0.0,0.0,1.0,ORD-000217
FIN-000218,AGT-0024,13500.0,25.0,0.0,0.0,1.0,ORD-000218
FIN-000219,AGT-0025,9000.0,5.0,0.0,0.0,0.0,ORD-000219
FIN-000220,AGT-0025,9000.0,40.0,9000.0,0.0,2.0,ORD-000220
FIN-000221,AGT-0025,13500.0,4.0,0.0,2.0,2.0,ORD-000221
FIN-000222,AGT-0025,9000.0,0.0,0.0,0.0,,ORD-000222
FIN-000223,AGT-0025,13500.0,13.0,0.0,0.0,2.0,ORD-000223
FIN-000224,AGT-0025,45000.0,36.0,0.0,0.0,2.0,ORD-000224
FIN-000225,AGT-0025,13500.0,9.0,0.0,1.0,1.0,ORD-000225
FIN-000226,AGT-0025,9000.0,16.0,0.0,0.0,1.0,ORD-000226
FIN-000227,AGT-0025,22500.0,22.0,0.0,0.0,0.0,ORD-000227
FIN-000228,AGT-0025,4500.0,4.0,0.0,0.0,0.0,ORD-000228
FIN-000229,AGT-0026,13500.0,20.0,0.0,1.0,1.0,ORD-000229
FIN-000230,AGT-0026,13500.0,6.0,0.0,0.0,0.0,ORD-000230
FIN-000231,AGT-0026,9000.0,15.0,0.0,0.0,2.0,ORD-000231
FIN-000232,AGT-0026,13500.0,14.0,0.0,0.0,0.0,ORD-000232
FIN-000233,AGT-0026,9000.0,5.0,0.0,0.0,1.0,ORD-000233
FIN-000234,AGT-0026,4500.0,9.0,0.0,2.0,0.0,ORD-000234
FIN-000235,AGT-0026,9000.0,52.0,0.0,1.0,1.0,ORD-000235
FIN-000236,AGT-0026,9000.0,4.0,0.0,2.0,0.0,ORD-000236
FIN-000237,AGT-0026,9000.0,7.0,0.0,0.0,0.0,ORD-000237
FIN-000238,AGT-0026,22500.0,3.0,,0.0,1.0,ORD-000238
FIN-000239,AGT-0027,9000.0,47.0,9000.0,0.0,0.0,ORD-000239
FIN-000240,AGT-0027,9000.0,3.0,0.0,0.0,2.0,ORD-000240
FIN-000241,AGT-0027,9000.0,18.0,0.0,0.0,0.0,ORD-000241
FIN-000242,AGT-0027,4500.0,46.0,0.0,1.0,0.0,ORD-000242
FIN-000243,AGT-0027,9000.0,14.0,0.0,1.0,1.0,ORD-000243
FIN-000244,AGT-0027,13500.0,1.0,0.0,2.0,2.0,ORD-000244
FIN-000245,AGT-0027,13500.0,40.0,13500.0,1.0,0.0,ORD-000245
FIN-000246,AGT-0027,22500.0,2.0,0.0,,0.0,ORD-000246
FIN-000247,AGT-0027,9000.0,5.0,0.0,1.0,0.0,ORD-000247
FIN-000248,AGT-0027,13500.0,0.0,0.0,0.0,0.0,ORD-000248
FIN-000249,AGT-0027,9000.0,16.0,0.0,0.0,0.0,ORD-000249
FIN-000251,AGT-0028,9000.0,7.0,0.0,0.0,2.0,ORD-000251
FIN-000252,AGT-0028,13500.0,3.0,0.0,0.0,1.0,ORD-000252
FIN-000253,AGT-0028,13500.0,12.0,0.0,1.0,0.0,ORD-000253
FIN-000254,AGT-0028,9000.0,0.0,0.0,0.0,0.0,ORD-000254
FIN-000255,AGT-0028,9000.0,5.0,0.0,0.0,2.0,ORD-000255
FIN-000256,AGT-0028,9000.0,48.0,9000.0,0.0,1.0,ORD-000256
FIN-000257,AGT-0028,9000.0,14.0,0.0,1.0,1.0,ORD-000257
FIN-000258,AGT-0028,45000.0,1.0,0.0,0.0,1.0,ORD-000258
FIN-000259,AGT-0029,9000.0,5.0,0.0,0.0,0.0,ORD-000259
FIN-000260,AGT-0029,4500.0,13.0,0.0,2.0,1.0,ORD-000260
FIN-000261,AGT-0029,9000.0,63.0,0.0,0.0,1.0,ORD-000261
FIN-000262,AGT-0029,9000.0,5.0,0.0,0.0,0.0,ORD-000262
FIN-000263,AGT-0029,4500.0,16.0,0.0,0.0,0.0,ORD-000263
FIN-000264,AGT-0029,4500.0,28.0,0.0,2.0,0.0,ORD-000264
FIN-000265,AGT-0030,13500.0,21.0,0.0,2.0,0.0,ORD-000265
FIN-000266,AGT-0030,13500.0,14.0,0.0,1.0,0.0,ORD-000266
FIN-000267,AGT-0030,9000.0,36.0,9000.0,0.0,1.0,ORD-000267
FIN-000268,AGT-0030,4500.0,19.0,0.0,0.0,0.0,ORD-000268
FIN-000269,AGT-0030,4500.0,16.0,0.0,0.0,0.0,ORD-000269
FIN-000270,AGT-0030,45000.0,4.0,0.0,0.0,1.0,ORD-000270
FIN-000271,AGT-0030,4500.0,26.0,0.0,0.0,2.0,ORD-000271
FIN-000272,AGT-0030,4500.0,39.0,0.0,0.0,2.0,ORD-000272
FIN-000273,AGT-0030,13500.0,55.0,0.0,0.0,0.0,ORD-000273
FIN-000274,AGT-0030,13500.0,23.0,0.0,1.0,1.0,ORD-000274
FIN-000275,AGT-0031,4500.0,5.0,0.0,,0.0,ORD-000275
FIN-000276,AGT-0031,9000.0,37.0,0.0,0.0,2.0,ORD-000276
FIN-000277,AGT-0031,4500.0,20.0,0.0,0.0,1.0,ORD-000277
FIN-000278,AGT-0031,9000.0,0.0,0.0,2.0,0.0,ORD-000278
FIN-000279,AGT-0031,9000.0,31.0,9000.0,0.0,0.0,ORD-000279
FIN-000280,AGT-0031,9000.0,24.0,0.0,0.0,0.0,ORD-000280
FIN-000281,AGT-0031,22500.0,3.0,0.0,0.0,0.0,ORD-000281
FIN-000282,AGT-0031,9000.0,2.0,0.0,0.0,2.0,ORD-000282
FIN-000283,AGT-0031,13500.0,1.0,0.0,1.0,0.0,ORD-000283
FIN-000284,AGT-0031,9000.0,3.0,0.0,0.0,1.0,ORD-000284
FIN-000285,AGT-0031,4500.0,10.0,0.0,0.0,0.0,ORD-000285
FIN-000286,AGT-0032,13500.0,19.0,0.0,1.0,1.0,ORD-000286
FIN-000287,AGT-0032,9000.0,32.0,,0.0,0.0,ORD-000287
FIN-000288,AGT-0032,13500.0,23.0,0.0,1.0,1.0,ORD-000288
FIN-000289,AGT-0032,22500.0,16.0,0.0,0.0,0.0,ORD-000289
FIN-000290,AGT-0032,9000.0,31.0,9000.0,1.0,1.0,ORD-000290
FIN-000291,AGT-0032,9000.0,22.0,0.0,2.0,0.0,ORD-000291
FIN-000292,AGT-0032,9000.0,42.0,9000.0,0.0,0.0,ORD-000292
FIN-000293,AGT-0033,4500.0,3.0,0.0,0.0,0.0,ORD-000293
FIN-000294,AGT-0033,45000.0,17.0,0.0,0.0,0.0,ORD-000294
FIN-000295,AGT-0033,9000.0,0.0,0.0,2.0,0.0,ORD-000295
FIN-000296,AGT-0033,22500.0,0.0,0.0,0.0,0.0,ORD-000296
FIN-000297,AGT-0033,13500.0,5.0,0.0,1.0,1.0,ORD-000297
FIN-000298,AGT-0033,9000.0,11.0,0.0,0.0,0.0,ORD-000298
FIN-000299,AGT-0033,4500.0,22.0,0.0,0.0,0.0,ORD-000299
FIN-000300,AGT-0033,9000.0,34.0,9000.0,0.0,0.0,ORD-000300
FIN-000301,AGT-0034,9000.0,22.0,0.0,0.0,1.0,ORD-000301
FIN-000302,AGT-0034,9000.0,7.0,0.0,0.0,1.0,ORD-000302
FIN-000303,AGT-0034,4500.0,9.0,0.0,0.0,0.0,ORD-000303
FIN-000304,AGT-0034,4500.0,11.0,0.0,0.0,0.0,ORD-000304
FIN-000305,AGT-0034,9000.0,31.0,,1.0,1.0,ORD-000305
FIN-000306,AGT-0034,9000.0,41.0,9000.0,0.0,0.0,ORD-000306
FIN-000307,AGT-0035,13500.0,58.0,13500.0,1.0,0.0,ORD-000307
FIN-000308,AGT-0035,13500.0,4.0,0.0,2.0,0.0,ORD-000308
FIN-000309,AGT-0035,4500.0,11.0,0.0,0.0,0.0,ORD-000309
FIN-000310,AGT-0035,45000.0,14.0,0.0,0.0,1.0,ORD-000310
FIN-000312,AGT-0035,13500.0,11.0,0.0,0.0,1.0,ORD-000312
FIN-000313,AGT-0035,4500.0,6.0,0.0,,1.0,ORD-000313
FIN-000314,AGT-0035,13500.0,45.0,0.0,0.0,0.0,ORD-000314
FIN-000315,AGT-0036,13500.0,54.0,13500.0,1.0,0.0,ORD-000315
FIN-000316,AGT-0036,9000.0,4.0,0.0,2.0,0.0,ORD-000316
FIN-000317,AGT-0036,13500.0,17.0,0.0,0.0,0.0,ORD-000317
FIN-000318,AGT-0036,22500.0,9.0,0.0,0.0,0.0,ORD-000318
FIN-000319,AGT-0036,4500.0,48.0,4500.0,0.0,0.0,ORD-000319
FIN-000320,AGT-0036,9000.0,2.0,0.0,0.0,1.0,ORD-000320
FIN-000321,AGT-0036,9000.0,37.0,9000.0,1.0,0.0,ORD-000321
FIN-000322,AGT-0036,4500.0,18.0,0.0,0.0,,ORD-000322
FIN-000323,AGT-0036,13500.0,12.0,0.0,0.0,1.0,ORD-000323
FIN-000324,AGT-0036,9000.0,5.0,0.0,0.0,0.0,ORD-000324
FIN-000325,AGT-0037,13500.0,,0.0,0.0,,ORD-000325
FIN-000326,AGT-0037,13500.0,17.0,0.0,0.0,1.0,ORD-000326
FIN-000327,AGT-0037,9000.0,15.0,0.0,0.0,0.0,ORD-000327
FIN-000328,AGT-0037,13500.0,14.0,0.0,1.0,1.0,ORD-000328
FIN-000329,AGT-0037,13500.0,6.0,,0.0,1.0,ORD-000329
FIN-000330,AGT-0037,22500.0,10.0,0.0,0.0,1.0,ORD-000330
FIN-000331,AGT-0038,9000.0,4.0,0.0,1.0,1.0,ORD-000331
FIN-000332,AGT-0038,13500.0,2.0,0.0,0.0,2.0,ORD-000332
FIN-000333,AGT-9999,13500.0,2.0,0.0,2.0,1.0,ORD-000333
FIN-000334,AGT-0038,9000.0,4.0,0.0,0.0,0.0,ORD-000334
FIN-000335,AGT-0038,9000.0,35.0,9000.0,1.0,,ORD-000335
FIN-000336,AGT-0038,4500.0,25.0,0.0,0.0,1.0,ORD-000336
FIN-000337,AGT-0038,4500.0,40.0,0.0,0.0,1.0,ORD-000337
FIN-000338,AGT-0038,9000.0,13.0,0.0,0.0,0.0,ORD-000338
FIN-000339,AGT-0038,4500.0,5.0,0.0,0.0,0.0,ORD-000339
FIN-000340,AGT-0038,9000.0,12.0,0.0,0.0,0.0,ORD-000340
FIN-000341,AGT-0038,9000.0,5.0,0.0,1.0,1.0,ORD-000341
FIN-000342,AGT-0039,22500.0,18.0,0.0,0.0,2.0,ORD-000342
FIN-000343,AGT-0039,9000.0,9.0,0.0,0.0,0.0,ORD-000343
FIN-000344,AGT-0039,9000.0,55.0,,0.0,2.0,ORD-000344
FIN-000345,AGT-0039,9000.0,5.0,0.0,0.0,1.0,ORD-000345
FIN-000346,AGT-0039,13500.0,20.0,0.0,0.0,1.0,ORD-000346
FIN-000347,AGT-0039,45000.0,56.0,45000.0,0.0,0.0,ORD-000347
FIN-000348,AGT-0039,9000.0,1.0,0.0,0.0,0.0,ORD-000348
FIN-000349,AGT-0039,9000.0,10.0,0.0,1.0,0.0,ORD-000349
FIN-000350,AGT-0039,4500.0,28.0,,1.0,1.0,ORD-000350
FIN-000351,AGT-0040,13500.0,8.0,0.0,0.0,0.0,ORD-000351
FIN-000352,AGT-0040,22500.0,14.0,0.0,0.0,0.0,ORD-000352
FIN-000353,AGT-0040,9000.0,11.0,0.0,0.0,1.0,ORD-000353
FIN-000354,AGT-0040,4500.0,4.0,0.0,1.0,0.0,ORD-000354
FIN-000355,AGT-0040,13500.0,8.0,0.0,0.0,1.0,ORD-000355
FIN-000356,AGT-0040,4500.0,5.0,0.0,0.0,0.0,ORD-000356
FIN-000357,AGT-0040,13500.0,9.0,0.0,1.0,0.0,ORD-000357
FIN-000358,AGT-0040,9000.0,10.0,0.0,0.0,1.0,ORD-000358
FIN-000359,AGT-0040,9000.0,62.0,9000.0,0.0,0.0,ORD-000359
FIN-000360,AGT-0040,13500.0,1.0,0.0,1.0,0.0,ORD-000360
FIN-000361,AGT-0040,9000.0,1.0,0.0,0.0,0.0,ORD-000361
FIN-000362,AGT-0040,9000.0,6.0,0.0,0.0,0.0,ORD-000362
FIN-000363,AGT-0041,9000.0,15.0,0.0,1.0,2.0,ORD-000363
FIN-000364,AGT-0041,9000.0,7.0,0.0,0.0,1.0,ORD-000364
FIN-000365,AGT-0041,9000.0,10.0,0.0,2.0,0.0,ORD-000365
FIN-000366,AGT-0041,4500.0,7.0,0.0,0.0,1.0,ORD-000366
FIN-000367,AGT-0041,9000.0,40.0,0.0,0.0,0.0,ORD-000367
FIN-000368,AGT-0041,,21.0,0.0,1.0,0.0,ORD-000368
FIN-000369,AGT-0041,4500.0,2.0,0.0,1.0,1.0,ORD-000369
FIN-000370,AGT-0042,13500.0,34.0,0.0,0.0,1.0,ORD-000370
FIN-000371,AGT-0042,13500.0,21.0,0.0,0.0,0.0,ORD-000371
FIN-000372,AGT-0042,9000.0,10.0,0.0,0.0,1.0,ORD-000372
FIN-000373,AGT-0042,13500.0,8.0,0.0,1.0,0.0,ORD-000373
FIN-000374,AGT-0042,13500.0,28.0,0.0,0.0,1.0,ORD-000374
FIN-000375,AGT-0042,9000.0,5.0,0.0,0.0,1.0,ORD-000375
FIN-000376,AGT-0042,13500.0,14.0,0.0,0.0,2.0,ORD-000376
FIN-000377,AGT-0042,9000.0,21.0,,1.0,1.0,ORD-000377
FIN-000378,AGT-0043,22500.0,10.0,0.0,0.0,0.0,ORD-000378
FIN-000379,AGT-0043,13500.0,3.0,0.0,0.0,1.0,ORD-000379
FIN-000380,AGT-0043,13500.0,18.0,0.0,0.0,1.0,ORD-000380
FIN-000381,AGT-0043,9000.0,18.0,0.0,2.0,2.0,ORD-000381
FIN-000382,AGT-0043,9000.0,9.0,0.0,0.0,0.0,ORD-000382
FIN-000383,AGT-0043,13500.0,3.0,0.0,1.0,1.0,ORD-000383
FIN-000384,AGT-0043,9000.0,1.0,0.0,2.0,0.0,ORD-000384
FIN-000385,AGT-0043,9000.0,,0.0,0.0,,ORD-000385
FIN-000386,AGT-0043,9000.0,16.0,0.0,0.0,0.0,ORD-000386
FIN-000387,AGT-0043,22500.0,7.0,0.0,1.0,1.0,ORD-000387
FIN-000388,AGT-0043,22500.0,14.0,0.0,0.0,1.0,ORD-000388
FIN-000389,AGT-0043,9000.0,0.0,0.0,0.0,1.0,ORD-000389
FIN-000390,AGT-0044,45000.0,10.0,0.0,0.0,1.0,ORD-000390
FIN-000391,AGT-0044,13500.0,53.0,13500.0,0.0,1.0,ORD-000391
FIN-000392,AGT-0044,22500.0,18.0,0.0,0.0,0.0,ORD-000392
FIN-000393,AGT-0044,22500.0,6.0,0.0,0.0,2.0,ORD-000393
FIN-000394,AGT-0044,13500.0,0.0,0.0,0.0,2.0,ORD-000394
FIN-000395,AGT-0044,45000.0,16.0,0.0,0.0,0.0,ORD-000395
FIN-000396,AGT-0045,9000.0,1.0,0.0,1.0,0.0,ORD-000396
FIN-000397,AGT-0045,13500.0,9.0,0.0,0.0,1.0,ORD-000397
FIN-000398,AGT-0045,9000.0,25.0,0.0,0.0,0.0,ORD-000398
FIN-000399,AGT-0045,13500.0,0.0,0.0,0.0,0.0,ORD-000399
FIN-000401,AGT-0045,13500.0,20.0,0.0,0.0,0.0,ORD-000401
FIN-000402,AGT-0045,9000.0,2.0,0.0,0.0,1.0,ORD-000402
FIN-000403,AGT-0045,13500.0,12.0,0.0,0.0,2.0,ORD-000403
FIN-000404,AGT-0045,9000.0,0.0,0.0,2.0,0.0,ORD-000404
FIN-000405,AGT-0045,4500.0,11.0,0.0,0.0,0.0,ORD-000405
FIN-000406,AGT-0045,4500.0,8.0,0.0,0.0,0.0,ORD-000406
FIN-000407,AGT-0046,13500.0,0.0,0.0,1.0,0.0,ORD-000407
FIN-000408,AGT-0046,9000.0,10.0,0.0,0.0,2.0,ORD-000408
FIN-000409,AGT-0046,45000.0,5.0,0.0,0.0,0.0,ORD-000409
FIN-000410,AGT-0046,9000.0,49.0,9000.0,1.0,1.0,ORD-000410
FIN-000411,AGT-0046,9000.0,7.0,0.0,1.0,0.0,ORD-000411
FIN-000412,AGT-0046,9000.0,5.0,0.0,0.0,2.0,ORD-000412
FIN-000413,AGT-0046,9000.0,5.0,0.0,1.0,0.0,ORD-000413
FIN-000414,AGT-0046,9000.0,31.0,9000.0,0.0,1.0,ORD-000414
FIN-000415,AGT-0046,45000.0,30.0,0.0,0.0,0.0,ORD-000415
FIN-000416,AGT-0047,45000.0,3.0,0.0,1.0,0.0,ORD-000416
FIN-000417,AGT-0047,45000.0,11.0,0.0,1.0,1.0,ORD-000417
FIN-000418,AGT-0047,13500.0,6.0,0.0,1.0,1.0,ORD-000418
FIN-000419,AGT-0047,22500.0,0.0,0.0,0.0,0.0,ORD-000419
FIN-000420,AGT-0047,9000.0,4.0,0.0,1.0,1.0,ORD-000420
FIN-000421,AGT-0047,9000.0,1.0,45000.0,0.0,0.0,ORD-000421
FIN-000422,AGT-0048,9000.0,15.0,0.0,0.0,0.0,ORD-000422
FIN-000423,AGT-0048,9000.0,3.0,0.0,0.0,1.0,ORD-000423
FIN-000424,AGT-0048,4500.0,10.0,0.0,0.0,1.0,ORD-000424
FIN-000425,AGT-0048,4500.0,15.0,0.0,1.0,2.0,ORD-000425
FIN-000426,AGT-0048,9000.0,22.0,0.0,0.0,0.0,ORD-000426
FIN-000427,AGT-0048,13500.0,17.0,0.0,1.0,0.0,ORD-000427
FIN-000428,AGT-0048,13500.0,46.0,13500.0,0.0,1.0,ORD-000428
FIN-000429,AGT-0048,4500.0,24.0,0.0,0.0,1.0,ORD-000429
FIN-000430,AGT-0049,9000.0,1.0,0.0,0.0,1.0,ORD-000430
FIN-000431,AGT-0049,9000.0,1.0,,0.0,0.0,ORD-000431
FIN-000432,AGT-0049,9000.0,7.0,0.0,0.0,0.0,ORD-000432
FIN-000433,AGT-0049,4500.0,22.0,0.0,0.0,2.0,ORD-000433
FIN-000434,AGT-0049,4500.0,23.0,0.0,1.0,0.0,ORD-000434
FIN-000435,AGT-0049,45000.0,8.0,,1.0,0.0,ORD-000435
FIN-000436,AGT-0050,13500.0,8.0,0.0,1.0,1.0,ORD-000436
FIN-000437,AGT-0050,22500.0,5.0,0.0,0.0,,ORD-000437
FIN-000438,AGT-0050,13500.0,43.0,0.0,0.0,0.0,ORD-000438
FIN-000439,AGT-0050,9000.0,4.0,0.0,0.0,0.0,ORD-000439
FIN-000440,AGT-0050,9000.0,42.0,9000.0,0.0,0.0,ORD-000440
FIN-000441,AGT-0050,9000.0,28.0,0.0,0.0,0.0,ORD-000441
FIN-000442,AGT-0050,9000.0,4.0,0.0,0.0,0.0,ORD-000442
FIN-000443,AGT-0050,22500.0,3.0,0.0,1.0,1.0,ORD-000443
FIN-000444,AGT-0050,22500.0,3.0,,0.0,0.0,ORD-000444
FIN-000445,AGT-0050,13500.0,,13500.0,0.0,1.0,ORD-000445
FIN-000446,AGT-0050,4500.0,9.0,0.0,0.0,0.0,ORD-000446
FIN-000447,AGT-0050,9000.0,18.0,0.0,0.0,1.0,ORD-000447
FIN-000448,AGT-0051,22500.0,8.0,0.0,0.0,1.0,ORD-000448
FIN-000449,AGT-0051,,15.0,0.0,0.0,1.0,ORD-000449
FIN-000450,AGT-0051,22500.0,12.0,0.0,0.0,2.0,ORD-000450
FIN-000451,AGT-0051,13500.0,29.0,0.0,0.0,0.0,ORD-000451
FIN-000452,AGT-0051,9000.0,9.0,0.0,0.0,0.0,ORD-000452
FIN-000453,AGT-0051,9000.0,0.0,0.0,2.0,1.0,ORD-000453
FIN-000454,AGT-0051,13500.0,0.0,0.0,2.0,0.0,ORD-000454
FIN-000455,AGT-0051,4500.0,7.0,0.0,0.0,1.0,ORD-000455
FIN-000456,AGT-0051,9000.0,14.0,0.0,0.0,1.0,ORD-000456
FIN-000457,AGT-0051,9000.0,11.0,0.0,1.0,1.0,ORD-000457
FIN-000458,AGT-0052,13500.0,3.0,0.0,0.0,0.0,ORD-000458
FIN-000459,AGT-0052,4500.0,8.0,0.0,0.0,1.0,ORD-000459
FIN-000460,AGT-0052,4500.0,0.0,0.0,0.0,0.0,ORD-000460
FIN-000461,AGT-0052,4500.0,10.0,0.0,0.0,0.0,ORD-000461
FIN-000462,AGT-0052,22500.0,10.0,0.0,0.0,1.0,ORD-000462
FIN-000463,AGT-0052,13500.0,16.0,0.0,0.0,2.0,ORD-000463
FIN-000464,AGT-0053,4500.0,28.0,0.0,0.0,1.0,ORD-000464
FIN-000465,AGT-0053,4500.0,2.0,0.0,0.0,0.0,ORD-000465
FIN-000466,AGT-0053,4500.0,6.0,0.0,1.0,1.0,ORD-000466
FIN-000467,AGT-0053,9000.0,19.0,0.0,2.0,1.0,ORD-000467
FIN-000468,AGT-0053,13500.0,10.0,0.0,1.0,1.0,ORD-000468
FIN-000469,AGT-0053,13500.0,7.0,0.0,0.0,0.0,ORD-000469
FIN-000470,AGT-0053,9000.0,1.0,0.0,2.0,1.0,ORD-000470
FIN-000471,AGT-0053,9000.0,,0.0,2.0,0.0,ORD-000471
FIN-000472,AGT-0053,22500.0,6.0,0.0,0.0,0.0,ORD-000472
FIN-000473,AGT-0054,45000.0,2.0,0.0,0.0,0.0,ORD-000473
FIN-000474,AGT-0054,22500.0,15.0,0.0,0.0,1.0,ORD-000474
FIN-000475,AGT-0054,4500.0,16.0,0.0,2.0,2.0,ORD-000475
FIN-000476,AGT-0054,4500.0,61.0,0.0,0.0,0.0,ORD-000476
FIN-000477,AGT-0054,4500.0,19.0,0.0,0.0,1.0,ORD-000477
FIN-000478,AGT-0054,4500.0,1.0,0.0,0.0,1.0,ORD-000478
FIN-000479,AGT-0054,9000.0,2.0,0.0,2.0,2.0,ORD-000479
FIN-000480,AGT-0054,4500.0,2.0,0.0,0.0,0.0,ORD-000480
FIN-000482,AGT-0055,13500.0,8.0,0.0,1.0,1.0,ORD-000482
FIN-000483,AGT-0055,13500.0,12.0,0.0,1.0,2.0,ORD-000483
FIN-000484,AGT-0055,4500.0,15.0,0.0,0.0,0.0,ORD-000484
FIN-000485,AGT-0055,13500.0,27.0,0.0,0.0,0.0,ORD-000485
FIN-000486,AGT-0055,22500.0,11.0,0.0,0.0,1.0,ORD-000486
FIN-000487,AGT-0055,22500.0,4.0,0.0,1.0,0.0,ORD-000487
FIN-000488,AGT-0055,9000.0,0.0,0.0,0.0,0.0,ORD-000488
FIN-000489,AGT-0055,4500.0,38.0,4500.0,0.0,0.0,ORD-000489
FIN-000490,AGT-0055,13500.0,9.0,0.0,0.0,0.0,ORD-000490
FIN-000491,AGT-0056,4500.0,53.0,4500.0,0.0,1.0,ORD-000491
FIN-000492,AGT-0056,9000.0,41.0,9000.0,0.0,1.0,ORD-000492
FIN-000493,AGT-0056,22500.0,10.0,0.0,1.0,0.0,ORD-000493
FIN-000494,AGT-0056,4500.0,10.0,0.0,0.0,1.0,ORD-000494
FIN-000495,AGT-0056,9000.0,5.0,0.0,0.0,1.0,ORD-000495
FIN-000496,AGT-0056,4500.0,6.0,0.0,0.0,0.0,ORD-000496
FIN-000497,AGT-0056,4500.0,15.0,0.0,0.0,1.0,ORD-000497
FIN-000498,AGT-0056,9000.0,6.0,0.0,0.0,,ORD-000498
FIN-000499,AGT-0056,4500.0,6.0,0.0,0.0,1.0,ORD-000499
FIN-000502,AGT-0057,4500.0,8.0,0.0,2.0,0.0,ORD-000502
FIN-000503,AGT-0057,13500.0,33.0,0.0,1.0,0.0,ORD-000503
FIN-000504,AGT-0057,9000.0,0.0,0.0,0.0,0.0,ORD-000504
FIN-000505,AGT-0057,9000.0,0.0,0.0,0.0,0.0,ORD-000505
FIN-000506,AGT-0057,22500.0,17.0,0.0,1.0,0.0,ORD-000506
FIN-000507,AGT-0057,4500.0,35.0,0.0,1.0,1.0,ORD-000507
FIN-000508,AGT-0057,,0.0,0.0,0.0,1.0,ORD-000508
FIN-000509,AGT-0057,13500.0,7.0,0.0,0.0,0.0,ORD-000509
FIN-000510,AGT-0057,9000.0,26.0,0.0,0.0,1.0,ORD-000510
FIN-000511,AGT-0058,4500.0,2.0,0.0,0.0,2.0,ORD-000511
FIN-000512,AGT-0058,9000.0,5.0,,0.0,0.0,ORD-000512
FIN-000513,AGT-0058,13500.0,2.0,0.0,0.0,0.0,ORD-000513
FIN-000514,AGT-0058,9000.0,9.0,0.0,0.0,0.0,ORD-000514
FIN-000515,AGT-0058,9000.0,43.0,0.0,0.0,2.0,ORD-000515
FIN-000516,AGT-0058,13500.0,14.0,0.0,0.0,0.0,ORD-000516
FIN-000517,AGT-0058,4500.0,38.0,4500.0,0.0,0.0,ORD-000517
FIN-000518,AGT-0059,13500.0,10.0,0.0,0.0,1.0,ORD-000518
FIN-000519,AGT-0059,13500.0,12.0,0.0,2.0,1.0,ORD-000519
FIN-000520,AGT-0059,45000.0,24.0,0.0,0.0,0.0,ORD-000520
FIN-000521,AGT-0059,13500.0,3.0,0.0,0.0,1.0,ORD-000521
FIN-000522,AGT-0059,9000.0,16.0,0.0,2.0,0.0,ORD-000522
FIN-000523,AGT-0059,22500.0,1.0,0.0,0.0,0.0,ORD-000523
FIN-000524,AGT-0060,13500.0,4.0,0.0,1.0,0.0,ORD-000524
FIN-000525,AGT-0060,45000.0,12.0,0.0,0.0,1.0,ORD-000525
FIN-000526,AGT-0060,9000.0,0.0,0.0,1.0,1.0,ORD-000526
FIN-000527,AGT-0060,4500.0,21.0,0.0,0.0,0.0,ORD-000527
FIN-000528,AGT-0060,9000.0,7.0,0.0,0.0,1.0,ORD-000528
FIN-000529,AGT-0060,9000.0,1.0,0.0,0.0,0.0,ORD-000529
FIN-000530,AGT-0060,4500.0,3.0,0.0,0.0,1.0,ORD-000530
FIN-000532,AGT-0060,9000.0,15.0,0.0,2.0,0.0,ORD-000532
FIN-000533,AGT-0060,9000.0,15.0,0.0,1.0,1.0,ORD-000533
FIN-000534,AGT-0060,22500.0,18.0,0.0,0.0,0.0,ORD-000534
FIN-000535,AGT-0060,9000.0,12.0,0.0,1.0,0.0,ORD-000535
FIN-000536,AGT-0061,22500.0,23.0,0.0,0.0,1.0,ORD-000536
FIN-000537,AGT-0061,13500.0,22.0,0.0,0.0,1.0,ORD-000537
FIN-000538,AGT-0061,9000.0,0.0,0.0,1.0,1.0,ORD-000538
FIN-000539,AGT-0061,9000.0,7.0,0.0,1.0,1.0,ORD-000539
FIN-000540,AGT-0061,9000.0,37.0,9000.0,0.0,1.0,ORD-000540
FIN-000541,AGT-0061,9000.0,3.0,0.0,0.0,1.0,ORD-000541
FIN-000542,AGT-0061,45000.0,30.0,0.0,0.0,0.0,ORD-000542
FIN-000543,AGT-0061,9000.0,,0.0,0.0,0.0,ORD-000543
FIN-000544,AGT-0061,9000.0,0.0,0.0,0.0,0.0,ORD-000544
FIN-000545,AGT-0061,13500.0,10.0,0.0,1.0,1.0,ORD-000545
FIN-000546,AGT-0061,22500.0,17.0,0.0,0.0,1.0,ORD-000546
FIN-000547,AGT-0061,9000.0,3.0,0.0,0.0,1.0,ORD-000547
FIN-000548,AGT-0062,9000.0,51.0,9000.0,0.0,1.0,ORD-000548
FIN-000549,AGT-0062,9000.0,9.0,0.0,0.0,0.0,ORD-000549
FIN-000550,AGT-0062,9000.0,13.0,0.0,0.0,1.0,ORD-000550
FIN-000551,AGT-0062,13500.0,1.0,0.0,0.0,1.0,ORD-000551
FIN-000552,AGT-0062,9000.0,11.0,0.0,1.0,1.0,ORD-000552
FIN-000553,AGT-0062,22500.0,8.0,0.0,0.0,0.0,ORD-000553
FIN-000554,AGT-0062,9000.0,2.0,0.0,0.0,1.0,ORD-000554
FIN-000555,AGT-0062,4500.0,8.0,0.0,1.0,0.0,ORD-000555
FIN-000556,AGT-0062,22500.0,,0.0,0.0,0.0,ORD-000556
FIN-000557,AGT-0062,9000.0,22.0,0.0,1.0,1.0,ORD-000557
FIN-000558,AGT-0063,9000.0,13.0,0.0,0.0,1.0,ORD-000558
FIN-000559,AGT-0063,45000.0,31.0,0.0,0.0,1.0,ORD-000559
FIN-000560,AGT-0063,4500.0,1.0,0.0,2.0,1.0,ORD-000560
FIN-000561,AGT-0063,4500.0,1.0,0.0,1.0,0.0,ORD-000561
FIN-000562,AGT-0063,13500.0,26.0,0.0,2.0,1.0,ORD-000562
FIN-000563,AGT-0063,45000.0,5.0,0.0,2.0,1.0,ORD-000563
FIN-000564,AGT-0063,13500.0,29.0,0.0,0.0,1.0,ORD-000564
FIN-000565,AGT-0063,4500.0,17.0,0.0,0.0,0.0,ORD-000565
FIN-000566,AGT-0063,9000.0,4.0,0.0,1.0,0.0,ORD-000566
FIN-000567,AGT-0064,13500.0,24.0,0.0,0.0,0.0,ORD-000567
FIN-000568,AGT-0064,9000.0,16.0,0.0,0.0,0.0,ORD-000568
FIN-000569,AGT-0064,9000.0,5.0,0.0,0.0,0.0,ORD-000569
FIN-000570,AGT-0064,22500.0,76.0,0.0,0.0,0.0,ORD-000570
FIN-000571,AGT-0064,4500.0,6.0,0.0,0.0,0.0,ORD-000571
FIN-000572,AGT-0064,13500.0,24.0,0.0,0.0,1.0,ORD-000572
FIN-000573,AGT-0064,9000.0,4.0,0.0,0.0,1.0,ORD-000573
FIN-000574,AGT-0064,22500.0,2.0,0.0,1.0,0.0,ORD-000574
FIN-000575,AGT-0065,13500.0,19.0,0.0,0.0,0.0,ORD-000575
FIN-000576,AGT-0065,9000.0,23.0,0.0,0.0,,ORD-000576
FIN-000577,AGT-0065,9000.0,4.0,0.0,1.0,0.0,ORD-000577
FIN-000578,AGT-0065,9000.0,4.0,0.0,1.0,0.0,ORD-000578
FIN-000579,AGT-0065,4500.0,2.0,0.0,0.0,0.0,ORD-000579
FIN-000580,AGT-0065,9000.0,3.0,0.0,0.0,0.0,ORD-000580
FIN-000581,AGT-0066,9000.0,4.0,0.0,1.0,,ORD-000581
FIN-000582,AGT-0066,4500.0,45.0,4500.0,0.0,0.0,ORD-000582
FIN-000583,AGT-0066,9000.0,9.0,0.0,0.0,0.0,ORD-000583
FIN-000584,AGT-0066,9000.0,23.0,0.0,0.0,0.0,ORD-000584
FIN-000585,AGT-0066,13500.0,36.0,0.0,0.0,2.0,ORD-000585
FIN-000586,AGT-0066,9000.0,11.0,0.0,0.0,1.0,ORD-000586
FIN-000587,AGT-0066,45000.0,13.0,0.0,0.0,0.0,ORD-000587
FIN-000588,AGT-0066,9000.0,2.0,0.0,0.0,1.0,ORD-000588
FIN-000589,AGT-0066,45000.0,37.0,45000.0,0.0,2.0,ORD-000589
FIN-000590,AGT-0066,9000.0,15.0,0.0,0.0,1.0,ORD-000590
FIN-000591,AGT-0066,9000.0,9.0,0.0,1.0,1.0,ORD-000591
FIN-000592,AGT-0067,9000.0,28.0,0.0,0.0,1.0,ORD-000592
FIN-000593,AGT-0067,9000.0,2.0,0.0,0.0,0.0,ORD-000593
FIN-000594,AGT-0067,45000.0,2.0,0.0,0.0,,ORD-000594
FIN-000595,AGT-0067,13500.0,11.0,0.0,0.0,0.0,ORD-000595
FIN-000596,AGT-0067,4500.0,49.0,4500.0,0.0,1.0,ORD-000596
FIN-000597,AGT-0067,22500.0,60.0,22500.0,1.0,0.0,ORD-000597
FIN-000598,AGT-0067,22500.0,20.0,0.0,0.0,0.0,ORD-000598
FIN-000599,AGT-0068,9000.0,12.0,0.0,0.0,0.0,ORD-000599
FIN-000600,AGT-0068,9000.0,41.0,0.0,0.0,0.0,ORD-000600
FIN-000601,AGT-0068,13500.0,24.0,0.0,1.0,1.0,ORD-000601
FIN-000602,AGT-0068,9000.0,9.0,0.0,0.0,1.0,ORD-000602
FIN-000603,AGT-0068,22500.0,,0.0,0.0,1.0,ORD-000603
FIN-000604,AGT-0068,13500.0,1.0,0.0,,1.0,ORD-000604
FIN-000605,AGT-0068,13500.0,6.0,0.0,0.0,1.0,ORD-000605
FIN-000606,AGT-0069,9000.0,5.0,0.0,0.0,1.0,ORD-000606
FIN-000607,AGT-0069,13500.0,13.0,0.0,0.0,0.0,ORD-000607
FIN-000608,AGT-0069,13500.0,10.0,0.0,0.0,0.0,ORD-000608
FIN-000609,AGT-0069,13500.0,3.0,0.0,2.0,0.0,ORD-000609
FIN-000610,AGT-0069,13500.0,14.0,0.0,0.0,1.0,ORD-000610
FIN-000611,AGT-0069,9000.0,1.0,0.0,0.0,0.0,ORD-000611
FIN-000612,AGT-0069,4500.0,70.0,0.0,0.0,2.0,ORD-000612
FIN-000613,AGT-0069,4500.0,13.0,0.0,0.0,0.0,ORD-000613
FIN-000614,AGT-0069,13500.0,25.0,0.0,0.0,0.0,ORD-000614
FIN-000615,AGT-0069,9000.0,33.0,9000.0,0.0,1.0,ORD-000615
FIN-000616,AGT-0069,13500.0,23.0,0.0,0.0,1.0,ORD-000616
FIN-000617,AGT-0069,9000.0,5.0,0.0,2.0,0.0,ORD-000617
FIN-000618,AGT-0070,45000.0,7.0,0.0,1.0,0.0,ORD-000618
FIN-000619,AGT-0070,4500.0,57.0,0.0,0.0,0.0,ORD-000619
FIN-000620,AGT-0070,4500.0,6.0,0.0,1.0,1.0,ORD-000620
FIN-000622,AGT-0070,13500.0,0.0,0.0,0.0,2.0,ORD-000622
FIN-000623,AGT-0070,9000.0,27.0,0.0,0.0,,ORD-000623
FIN-000624,AGT-0070,9000.0,0.0,0.0,2.0,1.0,ORD-000624
FIN-000625,AGT-0070,4500.0,3.0,,0.0,1.0,ORD-000625
FIN-000626,AGT-0070,9000.0,18.0,0.0,0.0,0.0,ORD-000626
FIN-000627,AGT-0071,9000.0,18.0,0.0,1.0,1.0,ORD-000627
FIN-000628,AGT-0071,4500.0,3.0,0.0,0.0,1.0,ORD-000628
FIN-000629,AGT-0071,9000.0,11.0,0.0,0.0,0.0,ORD-000629
FIN-000630,AGT-0071,45000.0,0.0,0.0,1.0,0.0,ORD-000630
FIN-000631,AGT-0071,9000.0,2.0,0.0,0.0,1.0,ORD-000631
FIN-000632,AGT-0071,13500.0,21.0,0.0,0.0,1.0,ORD-000632
FIN-000633,AGT-0071,9000.0,20.0,0.0,0.0,1.0,ORD-000633
FIN-000634,AGT-0071,9000.0,7.0,0.0,0.0,0.0,ORD-000634
FIN-000635,AGT-0071,9000.0,7.0,0.0,0.0,0.0,ORD-000635
FIN-000636,AGT-0071,9000.0,32.0,9000.0,0.0,2.0,ORD-000636
FIN-000637,AGT-0072,9000.0,40.0,0.0,0.0,1.0,ORD-000637
FIN-000638,AGT-0072,4500.0,0.0,0.0,0.0,1.0,ORD-000638
FIN-000639,AGT-0072,4500.0,82.0,0.0,0.0,1.0,ORD-000639
FIN-000640,AGT-0072,9000.0,1.0,0.0,1.0,1.0,ORD-000640
FIN-000641,AGT-0072,9000.0,1.0,0.0,0.0,1.0,ORD-000641
FIN-000642,AGT-0072,9000.0,10.0,0.0,1.0,0.0,ORD-000642
FIN-000643,AGT-0072,4500.0,6.0,0.0,0.0,0.0,ORD-000643
FIN-000644,AGT-0072,9000.0,17.0,0.0,0.0,0.0,ORD-000644
FIN-000645,AGT-0072,9000.0,6.0,0.0,0.0,2.0,ORD-000645
FIN-000646,AGT-0072,9000.0,41.0,9000.0,0.0,2.0,ORD-000646
FIN-000647,AGT-0072,4500.0,2.0,0.0,0.0,1.0,ORD-000647
FIN-000648,AGT-0073,9000.0,3.0,0.0,0.0,1.0,ORD-000648
FIN-000649,AGT-0073,4500.0,26.0,0.0,0.0,1.0,ORD-000649
FIN-000650,AGT-0073,22500.0,48.0,22500.0,0.0,1.0,ORD-000650
FIN-000652,AGT-0073,9000.0,,0.0,1.0,0.0,ORD-000652
FIN-000653,AGT-0073,9000.0,18.0,0.0,0.0,1.0,ORD-000653
FIN-000654,AGT-0073,13500.0,45.0,0.0,0.0,0.0,ORD-000654
FIN-000655,AGT-0073,9000.0,,0.0,0.0,0.0,ORD-000655
FIN-000656,AGT-0073,9000.0,38.0,0.0,0.0,0.0,ORD-000656
FIN-000657,AGT-0073,45000.0,10.0,0.0,0.0,1.0,ORD-000657
FIN-000658,AGT-0073,22500.0,3.0,0.0,0.0,0.0,ORD-000658
FIN-000659,AGT-0073,22500.0,20.0,0.0,1.0,0.0,ORD-000659
FIN-000660,AGT-0074,4500.0,16.0,0.0,0.0,0.0,ORD-000660
FIN-000661,AGT-0074,9000.0,46.0,9000.0,0.0,1.0,ORD-000661
FIN-000662,AGT-0074,13500.0,83.0,13500.0,2.0,1.0,ORD-000662
FIN-000663,AGT-0074,9000.0,1.0,0.0,2.0,1.0,ORD-000663
FIN-000664,AGT-0074,13500.0,5.0,0.0,1.0,1.0,ORD-000664
FIN-000665,AGT-0074,13500.0,2.0,0.0,0.0,0.0,ORD-000665
FIN-000666,AGT-9999,9000.0,42.0,0.0,2.0,1.0,ORD-000666
FIN-000667,AGT-0074,9000.0,15.0,0.0,0.0,0.0,ORD-000667
FIN-000668,AGT-0074,22500.0,29.0,0.0,0.0,0.0,ORD-000668
FIN-000669,AGT-0074,13500.0,8.0,0.0,0.0,0.0,ORD-000669
FIN-000670,AGT-0074,9000.0,14.0,0.0,2.0,0.0,ORD-000670
FIN-000671,AGT-0075,22500.0,3.0,0.0,2.0,1.0,ORD-000671
FIN-000672,AGT-0075,9000.0,23.0,0.0,0.0,1.0,ORD-000672
FIN-000673,AGT-0075,4500.0,3.0,0.0,0.0,0.0,ORD-000673
FIN-000674,AGT-0075,9000.0,28.0,0.0,0.0,0.0,ORD-000674
FIN-000675,AGT-0075,4500.0,4.0,0.0,0.0,2.0,ORD-000675
FIN-000676,AGT-0075,4500.0,5.0,0.0,0.0,0.0,ORD-000676
FIN-000677,AGT-0075,9000.0,17.0,0.0,0.0,1.0,ORD-000677
FIN-000678,AGT-0075,9000.0,19.0,0.0,0.0,1.0,ORD-000678
FIN-000679,AGT-0076,9000.0,33.0,9000.0,1.0,1.0,ORD-000679
FIN-000680,AGT-0076,9000.0,13.0,0.0,0.0,0.0,ORD-000680
FIN-000681,AGT-0076,4500.0,19.0,0.0,0.0,0.0,ORD-000681
FIN-000682,AGT-0076,4500.0,4.0,0.0,1.0,0.0,ORD-000682
FIN-000683,AGT-0076,9000.0,51.0,0.0,0.0,1.0,ORD-000683
FIN-000684,AGT-0076,4500.0,3.0,0.0,0.0,0.0,ORD-000684
FIN-000685,AGT-0077,4500.0,15.0,0.0,2.0,2.0,ORD-000685
FIN-000686,AGT-0077,9000.0,18.0,0.0,2.0,1.0,ORD-000686
FIN-000687,AGT-0077,22500.0,,0.0,0.0,1.0,ORD-000687
FIN-000688,AGT-0077,4500.0,4.0,0.0,2.0,1.0,ORD-000688
FIN-000689,AGT-0077,9000.0,29.0,0.0,2.0,0.0,ORD-000689
FIN-000690,AGT-0077,4500.0,1.0,,0.0,2.0,ORD-000690
FIN-000691,AGT-0077,13500.0,1.0,0.0,0.0,0.0,ORD-000691
FIN-000692,AGT-0077,13500.0,11.0,0.0,0.0,0.0,ORD-000692
FIN-000693,AGT-0077,45000.0,18.0,0.0,2.0,1.0,ORD-000693
FIN-000694,AGT-0077,13500.0,5.0,0.0,1.0,1.0,ORD-000694
FIN-000695,AGT-0077,9000.0,1.0,0.0,2.0,0.0,ORD-000695
FIN-000696,AGT-0078,13500.0,10.0,0.0,0.0,0.0,ORD-000696
FIN-000697,AGT-0078,13500.0,11.0,0.0,,1.0,ORD-000697
FIN-000698,AGT-0078,22500.0,0.0,0.0,0.0,0.0,ORD-000698
FIN-000699,AGT-0078,9000.0,2.0,0.0,0.0,0.0,ORD-000699
FIN-000700,AGT-0078,9000.0,14.0,0.0,2.0,1.0,ORD-000700
FIN-000701,AGT-0078,9000.0,7.0,0.0,2.0,0.0,ORD-000701
FIN-000702,AGT-0078,4500.0,,0.0,2.0,1.0,ORD-000702
FIN-000703,AGT-0078,9000.0,9.0,0.0,0.0,0.0,ORD-000703
FIN-000704,AGT-0078,13500.0,5.0,0.0,1.0,1.0,ORD-000704
FIN-000705,AGT-0078,13500.0,1.0,0.0,0.0,0.0,ORD-000705
FIN-000706,AGT-0079,13500.0,10.0,0.0,0.0,1.0,ORD-000706
FIN-000707,AGT-0079,4500.0,32.0,4500.0,0.0,0.0,ORD-000707
FIN-000708,AGT-0079,4500.0,24.0,0.0,1.0,0.0,ORD-000708
FIN-000709,AGT-0079,9000.0,1.0,0.0,1.0,1.0,ORD-000709
FIN-000710,AGT-0079,13500.0,4.0,0.0,1.0,0.0,ORD-000710
FIN-000711,AGT-0079,9000.0,28.0,0.0,2.0,0.0,ORD-000711
FIN-000712,AGT-0080,22500.0,22.0,0.0,0.0,0.0,ORD-000712
FIN-000713,AGT-0080,9000.0,24.0,0.0,0.0,0.0,ORD-000713
FIN-000714,AGT-0080,45000.0,3.0,0.0,1.0,2.0,ORD-000714
FIN-000715,AGT-0080,13500.0,26.0,0.0,2.0,0.0,ORD-000715
FIN-000716,AGT-0080,4500.0,6.0,0.0,0.0,0.0,ORD-000716
FIN-000717,AGT-0080,13500.0,16.0,0.0,1.0,1.0,ORD-000717
FIN-000718,AGT-0080,4500.0,27.0,0.0,0.0,0.0,ORD-000718
FIN-000719,AGT-0081,22500.0,15.0,0.0,0.0,0.0,ORD-000719
FIN-000720,AGT-0081,4500.0,7.0,0.0,0.0,2.0,ORD-000720
FIN-000721,AGT-0081,9000.0,0.0,0.0,0.0,1.0,ORD-000721
FIN-000722,AGT-0081,13500.0,6.0,0.0,1.0,,ORD-000722
FIN-000723,AGT-0081,4500.0,6.0,0.0,0.0,0.0,ORD-000723
FIN-000724,AGT-0081,9000.0,13.0,0.0,1.0,0.0,ORD-000724
FIN-000725,AGT-0081,9000.0,11.0,0.0,0.0,0.0,ORD-000725
FIN-000726,AGT-0081,45000.0,2.0,0.0,0.0,1.0,ORD-000726
FIN-000727,AGT-0081,9000.0,16.0,0.0,0.0,0.0,ORD-000727
FIN-000728,AGT-0081,13500.0,16.0,0.0,0.0,1.0,ORD-000728
FIN-000729,AGT-0082,9000.0,10.0,0.0,1.0,1.0,ORD-000729
FIN-000730,AGT-0082,9000.0,31.0,9000.0,0.0,0.0,ORD-000730
FIN-000731,AGT-0082,13500.0,13.0,0.0,0.0,0.0,ORD-000731
FIN-000732,AGT-0082,4500.0,42.0,4500.0,0.0,0.0,ORD-000732
FIN-000733,AGT-0082,9000.0,19.0,0.0,0.0,1.0,ORD-000733
FIN-000734,AGT-0082,9000.0,28.0,0.0,0.0,0.0,ORD-000734
FIN-000735,AGT-0082,4500.0,21.0,0.0,2.0,1.0,ORD-000735
FIN-000736,AGT-0082,9000.0,33.0,9000.0,1.0,0.0,ORD-000736
FIN-000737,AGT-0083,4500.0,16.0,0.0,1.0,2.0,ORD-000737
FIN-000738,AGT-0083,9000.0,40.0,9000.0,0.0,1.0,ORD-000738
FIN-000739,AGT-0083,9000.0,21.0,0.0,,1.0,ORD-000739
FIN-000740,AGT-0083,13500.0,6.0,0.0,0.0,0.0,ORD-000740
FIN-000741,AGT-0083,9000.0,15.0,0.0,1.0,0.0,ORD-000741
FIN-000742,AGT-0083,13500.0,5.0,0.0,0.0,0.0,ORD-000742
FIN-000743,AGT-0083,4500.0,34.0,4500.0,0.0,0.0,ORD-000743
FIN-000744,AGT-0083,4500.0,5.0,0.0,1.0,1.0,ORD-000744
FIN-000745,AGT-0083,9000.0,0.0,0.0,1.0,1.0,ORD-000745
FIN-000746,AGT-0083,4500.0,10.0,0.0,0.0,1.0,ORD-000746
FIN-000747,AGT-0083,45000.0,0.0,0.0,1.0,2.0,ORD-000747
FIN-000748,AGT-0084,9000.0,5.0,0.0,0.0,0.0,ORD-000748
FIN-000749,AGT-0084,13500.0,53.0,0.0,1.0,0.0,ORD-000749
FIN-000751,AGT-0084,4500.0,2.0,0.0,0.0,0.0,ORD-000751
FIN-000752,AGT-0084,9000.0,7.0,0.0,0.0,0.0,ORD-000752
FIN-000753,AGT-0084,9000.0,3.0,,0.0,1.0,ORD-000753
FIN-000754,AGT-0084,13500.0,30.0,0.0,0.0,0.0,ORD-000754
FIN-000755,AGT-0085,9000.0,18.0,0.0,0.0,1.0,ORD-000755
FIN-000756,AGT-0085,9000.0,2.0,0.0,0.0,1.0,ORD-000756
FIN-000757,AGT-0085,4500.0,20.0,0.0,0.0,2.0,ORD-000757
FIN-000758,AGT-0085,4500.0,6.0,0.0,0.0,2.0,ORD-000758
FIN-000759,AGT-0085,9000.0,5.0,0.0,0.0,1.0,ORD-000759
FIN-000760,AGT-0085,9000.0,3.0,0.0,1.0,1.0,ORD-000760
FIN-000761,AGT-0085,13500.0,5.0,0.0,0.0,0.0,ORD-000761
FIN-000762,AGT-0085,22500.0,6.0,0.0,2.0,2.0,ORD-000762
FIN-000763,AGT-0085,4500.0,15.0,0.0,2.0,1.0,ORD-000763
FIN-000764,AGT-0085,9000.0,6.0,0.0,0.0,1.0,ORD-000764
FIN-000765,AGT-0085,13500.0,12.0,0.0,2.0,1.0,ORD-000765
FIN-000766,AGT-0085,4500.0,7.0,,0.0,1.0,ORD-000766
FIN-000767,AGT-0086,13500.0,18.0,0.0,0.0,1.0,ORD-000767
FIN-000768,AGT-0086,9000.0,0.0,0.0,0.0,1.0,ORD-000768
FIN-000769,AGT-0086,13500.0,27.0,0.0,0.0,0.0,ORD-000769
FIN-000770,AGT-0086,22500.0,4.0,0.0,1.0,1.0,ORD-000770
FIN-000771,AGT-0086,9000.0,47.0,0.0,1.0,0.0,ORD-000771
FIN-000772,AGT-0086,9000.0,0.0,0.0,0.0,1.0,ORD-000772
FIN-000773,AGT-0086,22500.0,7.0,0.0,0.0,2.0,ORD-000773
FIN-000774,AGT-0087,45000.0,9.0,0.0,2.0,1.0,ORD-000774
FIN-000775,AGT-0087,9000.0,7.0,0.0,0.0,2.0,ORD-000775
FIN-000776,AGT-0087,4500.0,12.0,0.0,0.0,1.0,ORD-000776
FIN-000777,AGT-0087,45000.0,23.0,0.0,0.0,0.0,ORD-000777
FIN-000778,AGT-0087,9000.0,23.0,0.0,0.0,0.0,ORD-000778
FIN-000779,AGT-0087,9000.0,22.0,0.0,0.0,0.0,ORD-000779
FIN-000780,AGT-0087,4500.0,5.0,0.0,1.0,0.0,ORD-000780
FIN-000781,AGT-0087,9000.0,10.0,0.0,0.0,0.0,ORD-000781
FIN-000782,AGT-0087,9000.0,30.0,0.0,0.0,2.0,ORD-000782
FIN-000783,AGT-0088,45000.0,12.0,0.0,,1.0,ORD-000783
FIN-000784,AGT-0088,9000.0,0.0,0.0,1.0,1.0,ORD-000784
FIN-000785,AGT-0088,13500.0,14.0,0.0,1.0,0.0,ORD-000785
FIN-000786,AGT-0088,9000.0,3.0,0.0,0.0,1.0,ORD-000786
FIN-000787,AGT-0088,9000.0,22.0,0.0,0.0,1.0,ORD-000787
FIN-000788,AGT-0088,,3.0,0.0,0.0,0.0,ORD-000788
FIN-000789,AGT-0088,9000.0,5.0,0.0,0.0,0.0,ORD-000789
FIN-000790,AGT-0088,13500.0,16.0,0.0,0.0,2.0,ORD-000790
FIN-000791,AGT-0089,13500.0,2.0,0.0,1.0,0.0,ORD-000791
FIN-000792,AGT-0089,4500.0,26.0,,0.0,0.0,ORD-000792
FIN-000793,AGT-0089,4500.0,3.0,0.0,0.0,1.0,ORD-000793
FIN-000794,AGT-0089,13500.0,1.0,0.0,0.0,1.0,ORD-000794
FIN-000795,AGT-0089,13500.0,34.0,13500.0,1.0,0.0,ORD-000795
FIN-000796,AGT-0089,13500.0,14.0,0.0,2.0,1.0,ORD-000796
FIN-000797,AGT-0089,22500.0,16.0,0.0,1.0,0.0,ORD-000797
FIN-000798,AGT-0089,4500.0,19.0,0.0,0.0,1.0,ORD-000798
FIN-000799,AGT-0089,4500.0,6.0,0.0,1.0,0.0,ORD-000799
FIN-000801,AGT-0089,13500.0,14.0,0.0,0.0,1.0,ORD-000801
FIN-000802,AGT-0090,22500.0,8.0,0.0,0.0,0.0,ORD-000802
FIN-000803,AGT-0090,13500.0,49.0,0.0,0.0,1.0,ORD-000803
FIN-000804,AGT-0090,9000.0,17.0,0.0,2.0,1.0,ORD-000804
FIN-000805,AGT-0090,13500.0,8.0,0.0,0.0,1.0,ORD-000805
FIN-000806,AGT-0090,22500.0,24.0,0.0,0.0,1.0,ORD-000806
FIN-000807,AGT-0090,45000.0,8.0,0.0,0.0,1.0,ORD-000807
FIN-000808,AGT-0090,45000.0,16.0,0.0,0.0,0.0,ORD-000808
FIN-000809,AGT-0090,9000.0,54.0,0.0,0.0,0.0,ORD-000809
FIN-000810,AGT-0090,22500.0,15.0,0.0,1.0,0.0,ORD-000810
FIN-000811,AGT-0090,9000.0,4.0,0.0,0.0,0.0,ORD-000811
FIN-000812,AGT-0090,45000.0,18.0,0.0,0.0,0.0,ORD-000812
FIN-000813,AGT-0091,9000.0,4.0,0.0,1.0,0.0,ORD-000813
FIN-000814,AGT-0091,22500.0,2.0,0.0,1.0,1.0,ORD-000814
FIN-000815,AGT-0091,13500.0,10.0,0.0,1.0,0.0,ORD-000815
FIN-000816,AGT-0091,9000.0,1.0,0.0,0.0,0.0,ORD-000816
FIN-000817,AGT-0091,13500.0,1.0,0.0,0.0,1.0,ORD-000817
FIN-000818,AGT-0091,9000.0,20.0,0.0,0.0,0.0,ORD-000818
FIN-000819,AGT-0091,9000.0,63.0,9000.0,0.0,0.0,ORD-000819
FIN-000820,AGT-0091,45000.0,4.0,0.0,0.0,1.0,ORD-000820
FIN-000821,AGT-0091,13500.0,2.0,0.0,2.0,0.0,ORD-000821
FIN-000822,AGT-0091,9000.0,19.0,0.0,0.0,1.0,ORD-000822
FIN-000823,AGT-0092,45000.0,1.0,0.0,0.0,0.0,ORD-000823
FIN-000824,AGT-0092,13500.0,42.0,0.0,0.0,1.0,ORD-000824
FIN-000825,AGT-0092,4500.0,14.0,0.0,0.0,1.0,ORD-000825
FIN-000826,AGT-0092,9000.0,5.0,0.0,1.0,0.0,ORD-000826
FIN-000827,AGT-0092,4500.0,26.0,,0.0,0.0,ORD-000827
FIN-000828,AGT-0092,9000.0,35.0,9000.0,0.0,1.0,ORD-000828
FIN-000829,AGT-0092,,0.0,0.0,1.0,0.0,ORD-000829
FIN-000830,AGT-0092,22500.0,24.0,0.0,0.0,2.0,ORD-000830
FIN-000831,AGT-0093,9000.0,47.0,,0.0,0.0,ORD-000831
FIN-000832,AGT-0093,13500.0,1.0,0.0,2.0,1.0,ORD-000832
FIN-000833,AGT-0093,9000.0,14.0,0.0,0.0,0.0,ORD-000833
FIN-000834,AGT-0093,13500.0,9.0,0.0,0.0,0.0,ORD-000834
FIN-000835,AGT-0093,4500.0,6.0,0.0,0.0,2.0,ORD-000835
FIN-000836,AGT-0093,13500.0,13.0,0.0,2.0,1.0,ORD-000836
FIN-000837,AGT-0093,22500.0,4.0,0.0,0.0,0.0,ORD-000837
FIN-000838,AGT-0094,4500.0,6.0,0.0,0.0,1.0,ORD-000838
FIN-000839,AGT-0094,13500.0,3.0,0.0,0.0,1.0,ORD-000839
FIN-000840,AGT-0094,9000.0,0.0,0.0,1.0,1.0,ORD-000840
FIN-000841,AGT-0094,9000.0,0.0,45000.0,0.0,1.0,ORD-000841
FIN-000842,AGT-0094,22500.0,12.0,0.0,0.0,1.0,ORD-000842
FIN-000843,AGT-0094,9000.0,5.0,0.0,0.0,0.0,ORD-000843
FIN-000844,AGT-0094,4500.0,1.0,,1.0,0.0,ORD-000844
FIN-000845,AGT-0094,13500.0,3.0,0.0,0.0,0.0,ORD-000845
FIN-000846,AGT-0094,22500.0,1.0,0.0,0.0,0.0,ORD-000846
FIN-000847,AGT-0095,9000.0,12.0,0.0,0.0,0.0,ORD-000847
FIN-000848,AGT-0095,9000.0,7.0,0.0,2.0,0.0,ORD-000848
FIN-000849,AGT-0095,45000.0,8.0,,0.0,1.0,ORD-000849
FIN-000850,AGT-0095,13500.0,8.0,0.0,0.0,0.0,ORD-000850
FIN-000851,AGT-0095,9000.0,3.0,0.0,0.0,2.0,ORD-000851
FIN-000852,AGT-0095,13500.0,10.0,0.0,0.0,1.0,ORD-000852
FIN-000853,AGT-0095,9000.0,2.0,0.0,0.0,0.0,ORD-000853
FIN-000854,AGT-0095,9000.0,19.0,0.0,2.0,0.0,ORD-000854
FIN-000855,AGT-0095,45000.0,19.0,0.0,2.0,1.0,ORD-000855
FIN-000856,AGT-0095,22500.0,2.0,0.0,,0.0,ORD-000856
FIN-000857,AGT-0095,22500.0,12.0,0.0,0.0,1.0,ORD-000857
FIN-000858,AGT-0096,13500.0,0.0,0.0,0.0,2.0,ORD-000858
FIN-000859,AGT-0096,9000.0,6.0,0.0,0.0,0.0,ORD-000859
FIN-000860,AGT-0096,22500.0,17.0,0.0,0.0,0.0,ORD-000860
FIN-000861,AGT-0096,22500.0,69.0,22500.0,0.0,1.0,ORD-000861
FIN-000862,AGT-0096,13500.0,4.0,0.0,0.0,1.0,ORD-000862
FIN-000863,AGT-0096,4500.0,8.0,0.0,1.0,0.0,ORD-000863
FIN-000864,AGT-0096,9000.0,33.0,9000.0,0.0,1.0,ORD-000864
FIN-000865,AGT-0096,9000.0,8.0,0.0,0.0,2.0,ORD-000865
FIN-000866,AGT-0096,22500.0,3.0,0.0,0.0,1.0,ORD-000866
FIN-000867,AGT-0097,9000.0,29.0,0.0,0.0,1.0,ORD-000867
FIN-000868,AGT-0097,9000.0,11.0,0.0,1.0,1.0,ORD-000868
FIN-000869,AGT-0097,45000.0,17.0,0.0,0.0,2.0,ORD-000869
FIN-000870,AGT-0097,22500.0,17.0,0.0,1.0,0.0,ORD-000870
FIN-000871,AGT-0097,9000.0,7.0,0.0,2.0,0.0,ORD-000871
FIN-000872,AGT-0097,9000.0,41.0,9000.0,0.0,0.0,ORD-000872
FIN-000873,AGT-0098,9000.0,54.0,0.0,1.0,1.0,ORD-000873
FIN-000874,AGT-0098,45000.0,9.0,0.0,0.0,0.0,ORD-000874
FIN-000875,AGT-0098,,6.0,0.0,0.0,1.0,ORD-000875
FIN-000876,AGT-0098,45000.0,25.0,0.0,0.0,2.0,ORD-000876
FIN-000877,AGT-0098,13500.0,26.0,0.0,0.0,0.0,ORD-000877
FIN-000878,AGT-0098,9000.0,2.0,0.0,0.0,1.0,ORD-000878
FIN-000879,AGT-0098,4500.0,40.0,0.0,0.0,2.0,ORD-000879
FIN-000880,AGT-0098,9000.0,25.0,0.0,0.0,0.0,ORD-000880
FIN-000881,AGT-0098,9000.0,28.0,0.0,0.0,1.0,ORD-000881
FIN-000882,AGT-0098,13500.0,5.0,0.0,2.0,0.0,ORD-000882
FIN-000883,AGT-0098,9000.0,15.0,0.0,1.0,1.0,ORD-000883
FIN-000884,AGT-0098,9000.0,28.0,0.0,0.0,0.0,ORD-000884
FIN-000885,AGT-0099,9000.0,23.0,0.0,0.0,0.0,ORD-000885
FIN-000886,AGT-0099,4500.0,6.0,0.0,0.0,1.0,ORD-000886
FIN-000887,AGT-0099,13500.0,1.0,0.0,1.0,2.0,ORD-000887
FIN-000888,AGT-0099,9000.0,6.0,0.0,1.0,2.0,ORD-000888
FIN-000889,AGT-0099,13500.0,0.0,0.0,0.0,1.0,ORD-000889
FIN-000890,AGT-0099,9000.0,13.0,0.0,0.0,1.0,ORD-000890
FIN-000891,AGT-0099,9000.0,9.0,0.0,0.0,1.0,ORD-000891
FIN-000892,AGT-0100,4500.0,33.0,4500.0,0.0,,ORD-000892
FIN-000893,AGT-0100,13500.0,8.0,0.0,2.0,1.0,ORD-000893
FIN-000894,AGT-0100,4500.0,17.0,0.0,0.0,0.0,ORD-000894
FIN-000895,AGT-0100,9000.0,1.0,,2.0,0.0,ORD-000895
FIN-000896,AGT-0100,13500.0,0.0,0.0,0.0,1.0,ORD-000896
FIN-000897,AGT-0100,9000.0,4.0,0.0,2.0,1.0,ORD-000897
FIN-000898,AGT-0100,9000.0,8.0,0.0,0.0,1.0,ORD-000898
FIN-000899,AGT-0100,4500.0,5.0,0.0,1.0,0.0,ORD-000899
FIN-000900,AGT-0100,13500.0,3.0,0.0,2.0,0.0,ORD-000900
FIN-000901,AGT-0100,13500.0,1.0,0.0,1.0,0.0,ORD-000901
FIN-000902,AGT-0101,9000.0,22.0,0.0,1.0,0.0,ORD-000902
FIN-000903,AGT-0101,22500.0,20.0,0.0,0.0,0.0,ORD-000903
FIN-000904,AGT-0101,9000.0,3.0,0.0,,0.0,ORD-000904
FIN-000905,AGT-0101,13500.0,13.0,0.0,0.0,0.0,ORD-000905
FIN-000906,AGT-0101,22500.0,25.0,0.0,0.0,0.0,ORD-000906
FIN-000907,AGT-0101,13500.0,0.0,0.0,0.0,,ORD-000907
FIN-000908,AGT-0101,13500.0,,0.0,0.0,0.0,ORD-000908
FIN-000909,AGT-0101,4500.0,0.0,0.0,0.0,0.0,ORD-000909
FIN-000910,AGT-0101,13500.0,44.0,13500.0,0.0,0.0,ORD-000910
FIN-000911,AGT-0102,4500.0,2.0,0.0,,1.0,ORD-000911
FIN-000912,AGT-0102,13500.0,5.0,0.0,0.0,1.0,ORD-000912
FIN-000913,AGT-0102,4500.0,19.0,0.0,0.0,0.0,ORD-000913
FIN-000914,AGT-0102,13500.0,3.0,0.0,0.0,0.0,ORD-000914
FIN-000915,AGT-0102,4500.0,7.0,0.0,0.0,0.0,ORD-000915
FIN-000916,AGT-0102,13500.0,47.0,,0.0,0.0,ORD-000916
FIN-000917,AGT-0102,9000.0,1.0,0.0,1.0,1.0,ORD-000917
FIN-000918,AGT-0102,9000.0,12.0,0.0,2.0,1.0,ORD-000918
FIN-000919,AGT-0103,13500.0,36.0,13500.0,0.0,0.0,ORD-000919
FIN-000920,AGT-0103,9000.0,52.0,0.0,0.0,1.0,ORD-000920
FIN-000921,AGT-0103,4500.0,3.0,,0.0,1.0,ORD-000921
FIN-000922,AGT-0103,9000.0,8.0,0.0,0.0,2.0,ORD-000922
FIN-000923,AGT-0103,9000.0,23.0,0.0,0.0,0.0,ORD-000923
FIN-000924,AGT-0103,9000.0,33.0,9000.0,0.0,0.0,ORD-000924
FIN-000925,AGT-0103,13500.0,5.0,0.0,,1.0,ORD-000925
FIN-000926,AGT-0103,13500.0,7.0,0.0,0.0,0.0,ORD-000926
FIN-000927,AGT-0103,22500.0,20.0,0.0,0.0,1.0,ORD-000927
FIN-000928,AGT-0103,4500.0,25.0,0.0,2.0,0.0,ORD-000928
FIN-000929,AGT-0103,9000.0,7.0,0.0,0.0,1.0,ORD-000929
FIN-000930,AGT-0104,9000.0,16.0,0.0,0.0,1.0,ORD-000930
FIN-000932,AGT-0104,4500.0,10.0,0.0,0.0,0.0,ORD-000932
FIN-000933,AGT-0104,9000.0,11.0,0.0,1.0,1.0,ORD-000933
FIN-000934,AGT-0104,45000.0,19.0,0.0,0.0,,ORD-000934
FIN-000935,AGT-0104,9000.0,12.0,0.0,1.0,0.0,ORD-000935
FIN-000936,AGT-0104,4500.0,10.0,0.0,1.0,1.0,ORD-000936
FIN-000937,AGT-0104,9000.0,14.0,,0.0,0.0,ORD-000937
FIN-000938,AGT-0104,9000.0,29.0,0.0,0.0,2.0,ORD-000938
FIN-000939,AGT-0104,9000.0,4.0,0.0,2.0,0.0,ORD-000939
FIN-000940,AGT-0104,13500.0,23.0,0.0,0.0,0.0,ORD-000940
FIN-000941,AGT-0104,9000.0,18.0,0.0,2.0,1.0,ORD-000941
FIN-000942,AGT-0105,9000.0,29.0,0.0,1.0,1.0,ORD-000942
FIN-000943,AGT-0105,9000.0,17.0,0.0,0.0,0.0,ORD-000943
FIN-000944,AGT-0105,45000.0,3.0,0.0,0.0,2.0,ORD-000944
FIN-000945,AGT-0105,45000.0,6.0,0.0,0.0,2.0,ORD-000945
FIN-000946,AGT-0105,4500.0,3.0,0.0,0.0,2.0,ORD-000946
FIN-000947,AGT-0105,9000.0,17.0,,0.0,0.0,ORD-000947
FIN-000948,AGT-0105,4500.0,33.0,0.0,0.0,0.0,ORD-000948
FIN-000949,AGT-0105,9000.0,15.0,0.0,0.0,0.0,ORD-000949
FIN-000950,AGT-0105,13500.0,13.0,0.0,0.0,,ORD-000950
FIN-000951,AGT-0105,4500.0,5.0,0.0,0.0,1.0,ORD-000951
FIN-000952,AGT-0105,13500.0,2.0,0.0,1.0,0.0,ORD-000952
FIN-000953,AGT-0106,4500.0,4.0,0.0,0.0,0.0,ORD-000953
FIN-000954,AGT-0106,9000.0,6.0,0.0,1.0,2.0,ORD-000954
FIN-000955,AGT-0106,13500.0,0.0,0.0,0.0,1.0,ORD-000955
FIN-000956,AGT-0106,22500.0,1.0,0.0,1.0,1.0,ORD-000956
FIN-000957,AGT-0106,9000.0,24.0,0.0,0.0,1.0,ORD-000957
FIN-000958,AGT-0106,13500.0,25.0,0.0,1.0,1.0,ORD-000958
FIN-000959,AGT-0106,45000.0,57.0,45000.0,0.0,1.0,ORD-000959
FIN-000960,AGT-0106,4500.0,3.0,0.0,0.0,2.0,ORD-000960
FIN-000962,AGT-0106,4500.0,22.0,0.0,0.0,0.0,ORD-000962
FIN-000963,AGT-0106,9000.0,11.0,0.0,1.0,1.0,ORD-000963
FIN-000964,AGT-0107,9000.0,25.0,0.0,0.0,0.0,ORD-000964
FIN-000965,AGT-0107,45000.0,50.0,45000.0,2.0,1.0,ORD-000965
FIN-000966,AGT-0107,4500.0,0.0,0.0,1.0,0.0,ORD-000966
FIN-000967,AGT-0107,,8.0,0.0,0.0,2.0,ORD-000967
FIN-000968,AGT-0107,9000.0,41.0,0.0,0.0,1.0,ORD-000968
FIN-000969,AGT-0107,9000.0,19.0,0.0,1.0,0.0,ORD-000969
FIN-000970,AGT-0107,4500.0,32.0,4500.0,1.0,1.0,ORD-000970
FIN-000971,AGT-0107,13500.0,13.0,0.0,0.0,1.0,ORD-000971
FIN-000972,AGT-0107,13500.0,4.0,0.0,0.0,0.0,ORD-000972
FIN-000973,AGT-0107,45000.0,17.0,0.0,0.0,1.0,ORD-000973
FIN-000974,AGT-0107,4500.0,12.0,0.0,0.0,0.0,ORD-000974
FIN-000975,AGT-0107,9000.0,3.0,0.0,0.0,1.0,ORD-000975
FIN-000976,AGT-0108,9000.0,33.0,0.0,0.0,1.0,ORD-000976
FIN-000977,AGT-0108,13500.0,13.0,0.0,0.0,1.0,ORD-000977
FIN-000978,AGT-0108,9000.0,58.0,0.0,2.0,1.0,ORD-000978
FIN-000979,AGT-0108,13500.0,7.0,0.0,0.0,0.0,ORD-000979
FIN-000980,AGT-0108,,0.0,0.0,,0.0,ORD-000980
FIN-000981,AGT-0108,9000.0,38.0,9000.0,0.0,1.0,ORD-000981
FIN-000982,AGT-0108,13500.0,10.0,0.0,0.0,0.0,ORD-000982
FIN-000983,AGT-0109,45000.0,23.0,0.0,0.0,0.0,ORD-000983
FIN-000984,AGT-0109,4500.0,7.0,0.0,0.0,0.0,ORD-000984
FIN-000985,AGT-0109,13500.0,11.0,0.0,0.0,0.0,ORD-000985
FIN-000986,AGT-0109,13500.0,3.0,0.0,0.0,1.0,ORD-000986
FIN-000987,AGT-0109,9000.0,55.0,9000.0,2.0,0.0,ORD-000987
FIN-000988,AGT-0109,,1.0,0.0,0.0,1.0,ORD-000988
FIN-000989,AGT-0109,22500.0,10.0,0.0,2.0,1.0,ORD-000989
FIN-000990,AGT-0109,22500.0,5.0,0.0,0.0,,ORD-000990
FIN-000991,AGT-0109,9000.0,44.0,9000.0,0.0,1.0,ORD-000991
FIN-000992,AGT-0109,9000.0,18.0,0.0,2.0,1.0,ORD-000992
FIN-000993,AGT-0109,9000.0,27.0,0.0,0.0,1.0,ORD-000993
FIN-000994,AGT-0110,4500.0,6.0,0.0,0.0,1.0,ORD-000994
FIN-000995,AGT-0110,9000.0,4.0,0.0,0.0,1.0,ORD-000995
FIN-000996,AGT-0110,4500.0,27.0,0.0,0.0,0.0,ORD-000996
FIN-000997,AGT-0110,4500.0,1.0,0.0,0.0,0.0,ORD-000997
FIN-000998,AGT-0110,9000.0,1.0,0.0,0.0,1.0,ORD-000998
FIN-000999,AGT-9999,13500.0,0.0,0.0,1.0,1.0,ORD-000999
FIN-001002,AGT-0110,9000.0,2.0,0.0,1.0,1.0,ORD-001002
FIN-001003,AGT-0110,9000.0,1.0,0.0,2.0,0.0,ORD-001003
FIN-001004,AGT-0110,4500.0,,0.0,0.0,0.0,ORD-001004
FIN-001005,AGT-0111,4500.0,0.0,0.0,0.0,0.0,ORD-001005
FIN-001006,AGT-0111,13500.0,3.0,0.0,0.0,0.0,ORD-001006
FIN-001007,AGT-0111,4500.0,23.0,0.0,1.0,0.0,ORD-001007
FIN-001008,AGT-0111,13500.0,25.0,0.0,0.0,0.0,ORD-001008
FIN-001009,AGT-0111,9000.0,40.0,9000.0,0.0,1.0,ORD-001009
FIN-001010,AGT-0111,22500.0,1.0,0.0,0.0,0.0,ORD-001010
FIN-001011,AGT-0112,9000.0,28.0,0.0,0.0,0.0,ORD-001011
FIN-001012,AGT-0112,9000.0,10.0,0.0,0.0,0.0,ORD-001012
FIN-001013,AGT-0112,9000.0,19.0,0.0,2.0,1.0,ORD-001013
FIN-001014,AGT-0112,4500.0,18.0,0.0,2.0,0.0,ORD-001014
FIN-001015,AGT-0112,9000.0,11.0,0.0,0.0,2.0,ORD-001015
FIN-001016,AGT-0112,22500.0,14.0,0.0,0.0,0.0,ORD-001016
FIN-001017,AGT-0112,4500.0,14.0,0.0,2.0,0.0,ORD-001017
FIN-001018,AGT-0112,9000.0,11.0,0.0,0.0,0.0,ORD-001018
FIN-001019,AGT-0113,45000.0,10.0,0.0,0.0,1.0,ORD-001019
FIN-001020,AGT-0113,13500.0,16.0,0.0,0.0,1.0,ORD-001020
FIN-001021,AGT-0113,9000.0,5.0,0.0,0.0,0.0,ORD-001021
FIN-001022,AGT-0113,9000.0,3.0,0.0,0.0,1.0,ORD-001022
FIN-001023,AGT-0113,9000.0,13.0,0.0,0.0,0.0,ORD-001023
FIN-001024,AGT-0113,9000.0,37.0,0.0,1.0,1.0,ORD-001024
FIN-001025,AGT-0114,9000.0,23.0,0.0,1.0,0.0,ORD-001025
FIN-001026,AGT-0114,9000.0,1.0,0.0,0.0,0.0,ORD-001026
FIN-001027,AGT-0114,13500.0,60.0,13500.0,2.0,0.0,ORD-001027
FIN-001028,AGT-0114,13500.0,55.0,13500.0,0.0,0.0,ORD-001028
FIN-001029,AGT-0114,9000.0,11.0,0.0,1.0,1.0,ORD-001029
FIN-001030,AGT-0114,9000.0,21.0,0.0,0.0,1.0,ORD-001030
FIN-001031,AGT-0114,13500.0,11.0,0.0,0.0,1.0,ORD-001031
FIN-001032,AGT-0114,13500.0,9.0,0.0,0.0,2.0,ORD-001032
FIN-001033,AGT-0115,4500.0,12.0,0.0,1.0,1.0,ORD-001033
FIN-001034,AGT-0115,9000.0,3.0,0.0,1.0,1.0,ORD-001034
FIN-001035,AGT-0115,9000.0,35.0,9000.0,0.0,1.0,ORD-001035
FIN-001036,AGT-0115,13500.0,6.0,0.0,1.0,2.0,ORD-001036
FIN-001037,AGT-0115,9000.0,77.0,,0.0,1.0,ORD-001037
FIN-001038,AGT-0115,9000.0,2.0,0.0,0.0,0.0,ORD-001038
FIN-001039,AGT-0116,9000.0,1.0,0.0,1.0,1.0,ORD-001039
FIN-001040,AGT-0116,13500.0,3.0,0.0,0.0,1.0,ORD-001040
FIN-001041,AGT-0116,13500.0,3.0,0.0,0.0,0.0,ORD-001041
FIN-001042,AGT-0116,9000.0,13.0,0.0,1.0,1.0,ORD-001042
FIN-001043,AGT-0116,9000.0,20.0,0.0,0.0,1.0,ORD-001043
FIN-001044,AGT-0116,9000.0,6.0,0.0,0.0,0.0,ORD-001044
FIN-001045,AGT-0116,22500.0,3.0,0.0,0.0,1.0,ORD-001045
FIN-001046,AGT-0116,9000.0,19.0,0.0,0.0,0.0,ORD-001046
FIN-001047,AGT-0116,4500.0,1.0,0.0,0.0,1.0,ORD-001047
FIN-001048,AGT-0116,9000.0,32.0,0.0,0.0,0.0,ORD-001048
FIN-001049,AGT-0116,4500.0,54.0,0.0,0.0,0.0,ORD-001049
FIN-001050,AGT-0117,45000.0,32.0,0.0,0.0,1.0,ORD-001050
FIN-001051,AGT-0117,9000.0,9.0,0.0,0.0,1.0,ORD-001051
FIN-001052,AGT-0117,4500.0,33.0,0.0,0.0,2.0,ORD-001052
FIN-001053,AGT-0117,13500.0,6.0,0.0,0.0,0.0,ORD-001053
FIN-001054,AGT-0117,22500.0,8.0,0.0,0.0,0.0,ORD-001054
FIN-001055,AGT-0117,9000.0,3.0,0.0,,0.0,ORD-001055
FIN-001056,AGT-0118,9000.0,0.0,0.0,0.0,0.0,ORD-001056
FIN-001057,AGT-0118,22500.0,12.0,0.0,0.0,0.0,ORD-001057
FIN-001058,AGT-0118,4500.0,4.0,0.0,0.0,2.0,ORD-001058
FIN-001059,AGT-0118,4500.0,6.0,0.0,1.0,1.0,ORD-001059
FIN-001060,AGT-0118,9000.0,17.0,0.0,1.0,0.0,ORD-001060
FIN-001062,AGT-0118,13500.0,9.0,0.0,1.0,1.0,ORD-001062
FIN-001063,AGT-0118,4500.0,80.0,4500.0,0.0,1.0,ORD-001063
FIN-001064,AGT-0118,9000.0,2.0,0.0,0.0,1.0,ORD-001064
FIN-001065,AGT-0118,9000.0,1.0,0.0,0.0,1.0,ORD-001065
FIN-001066,AGT-0119,13500.0,2.0,0.0,1.0,0.0,ORD-001066
FIN-001067,AGT-0119,4500.0,34.0,4500.0,0.0,2.0,ORD-001067
FIN-001068,AGT-0119,4500.0,7.0,0.0,0.0,0.0,ORD-001068
FIN-001069,AGT-0119,13500.0,1.0,0.0,0.0,0.0,ORD-001069
FIN-001070,AGT-0119,4500.0,4.0,0.0,0.0,0.0,ORD-001070
FIN-001071,AGT-0119,9000.0,2.0,0.0,0.0,0.0,ORD-001071
FIN-001072,AGT-0119,4500.0,14.0,0.0,1.0,0.0,ORD-001072
FIN-001073,AGT-0119,9000.0,27.0,0.0,0.0,0.0,ORD-001073
FIN-001074,AGT-0119,13500.0,5.0,0.0,0.0,1.0,ORD-001074
FIN-001075,AGT-0119,9000.0,19.0,0.0,0.0,0.0,ORD-001075
FIN-001076,AGT-0120,22500.0,,0.0,0.0,0.0,ORD-001076
FIN-001077,AGT-0120,4500.0,6.0,0.0,1.0,2.0,ORD-001077
FIN-001078,AGT-0120,4500.0,20.0,0.0,1.0,0.0,ORD-001078
FIN-001079,AGT-0120,9000.0,4.0,0.0,0.0,,ORD-001079
FIN-001080,AGT-0120,9000.0,15.0,0.0,0.0,,ORD-001080
FIN-001081,AGT-0120,9000.0,0.0,0.0,0.0,0.0,ORD-001081
FIN-001082,AGT-0121,13500.0,1.0,0.0,0.0,0.0,ORD-001082
FIN-001083,AGT-0121,4500.0,3.0,0.0,0.0,1.0,ORD-001083
FIN-001084,AGT-0121,9000.0,5.0,0.0,0.0,1.0,ORD-001084
FIN-001085,AGT-0121,9000.0,15.0,0.0,0.0,0.0,ORD-001085
FIN-001086,AGT-0121,9000.0,35.0,9000.0,0.0,1.0,ORD-001086
FIN-001087,AGT-0121,9000.0,0.0,0.0,0.0,0.0,ORD-001087
FIN-001088,AGT-0121,9000.0,4.0,0.0,0.0,0.0,ORD-001088
FIN-001089,AGT-0121,22500.0,10.0,,0.0,1.0,ORD-001089
FIN-001090,AGT-0121,13500.0,26.0,0.0,0.0,1.0,ORD-001090
FIN-001091,AGT-0121,,27.0,0.0,0.0,0.0,ORD-001091
FIN-001092,AGT-0121,13500.0,6.0,0.0,0.0,0.0,ORD-001092
FIN-001093,AGT-0121,9000.0,1.0,0.0,0.0,0.0,ORD-001093
FIN-001094,AGT-0122,13500.0,12.0,0.0,0.0,0.0,ORD-001094
FIN-001095,AGT-0122,45000.0,8.0,0.0,0.0,0.0,ORD-001095
FIN-001096,AGT-0122,4500.0,13.0,0.0,2.0,1.0,ORD-001096
FIN-001097,AGT-0122,45000.0,11.0,0.0,0.0,0.0,ORD-001097
FIN-001098,AGT-0122,13500.0,31.0,0.0,1.0,1.0,ORD-001098
FIN-001099,AGT-0122,13500.0,10.0,0.0,0.0,0.0,ORD-001099
FIN-001100,AGT-0122,4500.0,7.0,0.0,0.0,0.0,ORD-001100
FIN-001101,AGT-0122,13500.0,5.0,0.0,0.0,0.0,ORD-001101
FIN-001102,AGT-0122,9000.0,8.0,0.0,0.0,0.0,ORD-001102
FIN-001103,AGT-0122,9000.0,29.0,0.0,0.0,0.0,ORD-001103
FIN-001104,AGT-0122,9000.0,11.0,0.0,0.0,1.0,ORD-001104
FIN-001105,AGT-0122,13500.0,3.0,0.0,1.0,0.0,ORD-001105
FIN-001106,AGT-0123,13500.0,3.0,0.0,0.0,1.0,ORD-001106
FIN-001107,AGT-0123,13500.0,19.0,0.0,1.0,1.0,ORD-001107
FIN-001108,AGT-0123,13500.0,21.0,0.0,2.0,1.0,ORD-001108
FIN-001109,AGT-0123,13500.0,0.0,0.0,0.0,1.0,ORD-001109
FIN-001110,AGT-0123,9000.0,1.0,0.0,0.0,0.0,ORD-001110
FIN-001111,AGT-0123,9000.0,1.0,0.0,0.0,2.0,ORD-001111
FIN-001112,AGT-0124,22500.0,26.0,0.0,0.0,0.0,ORD-001112
FIN-001113,AGT-0124,9000.0,10.0,0.0,2.0,1.0,ORD-001113
FIN-001114,AGT-0124,9000.0,17.0,0.0,0.0,1.0,ORD-001114
FIN-001115,AGT-0124,9000.0,6.0,0.0,0.0,,ORD-001115
FIN-001116,AGT-0124,9000.0,5.0,0.0,0.0,0.0,ORD-001116
FIN-001117,AGT-0124,4500.0,14.0,0.0,0.0,0.0,ORD-001117
FIN-001118,AGT-0124,9000.0,3.0,0.0,0.0,1.0,ORD-001118
FIN-001119,AGT-0125,22500.0,12.0,0.0,0.0,1.0,ORD-001119
FIN-001120,AGT-0125,9000.0,7.0,0.0,0.0,1.0,ORD-001120
FIN-001121,AGT-0125,4500.0,6.0,0.0,0.0,1.0,ORD-001121
FIN-001122,AGT-0125,13500.0,17.0,0.0,0.0,2.0,ORD-001122
FIN-001123,AGT-0125,9000.0,20.0,0.0,2.0,0.0,ORD-001123
FIN-001124,AGT-0125,4500.0,5.0,0.0,0.0,0.0,ORD-001124
FIN-001125,AGT-0125,9000.0,2.0,0.0,0.0,1.0,ORD-001125
FIN-001126,AGT-0125,13500.0,16.0,0.0,1.0,1.0,ORD-001126
FIN-001127,AGT-0125,9000.0,2.0,0.0,0.0,2.0,ORD-001127
FIN-001128,AGT-0126,9000.0,4.0,0.0,0.0,0.0,ORD-001128
FIN-001129,AGT-0126,9000.0,42.0,0.0,0.0,0.0,ORD-001129
FIN-001130,AGT-0126,9000.0,33.0,0.0,1.0,0.0,ORD-001130
FIN-001131,AGT-0126,4500.0,9.0,0.0,0.0,0.0,ORD-001131
FIN-001132,AGT-0126,13500.0,6.0,0.0,2.0,1.0,ORD-001132
FIN-001133,AGT-0126,45000.0,3.0,0.0,0.0,0.0,ORD-001133
FIN-001134,AGT-0126,13500.0,12.0,0.0,0.0,0.0,ORD-001134
FIN-001135,AGT-0126,9000.0,0.0,0.0,2.0,0.0,ORD-001135
FIN-001136,AGT-0126,,3.0,0.0,0.0,1.0,ORD-001136
FIN-001137,AGT-0126,45000.0,35.0,45000.0,0.0,1.0,ORD-001137
FIN-001138,AGT-0126,4500.0,42.0,4500.0,2.0,2.0,ORD-001138
FIN-001139,AGT-0127,9000.0,13.0,0.0,0.0,0.0,ORD-001139
FIN-001140,AGT-0127,45000.0,4.0,0.0,0.0,0.0,ORD-001140
FIN-001141,AGT-0127,4500.0,0.0,0.0,0.0,1.0,ORD-001141
FIN-001142,AGT-0127,4500.0,9.0,0.0,0.0,0.0,ORD-001142
FIN-001143,AGT-0127,9000.0,40.0,9000.0,0.0,0.0,ORD-001143
FIN-001144,AGT-0127,4500.0,5.0,0.0,0.0,0.0,ORD-001144
FIN-001145,AGT-0127,4500.0,9.0,0.0,0.0,,ORD-001145
FIN-001146,AGT-0127,13500.0,2.0,0.0,1.0,0.0,ORD-001146
FIN-001147,AGT-0127,4500.0,14.0,0.0,0.0,0.0,ORD-001147
FIN-001148,AGT-0127,4500.0,8.0,0.0,0.0,1.0,ORD-001148
FIN-001149,AGT-0127,4500.0,54.0,4500.0,1.0,1.0,ORD-001149
FIN-001150,AGT-0127,9000.0,,0.0,0.0,1.0,ORD-001150
FIN-001151,AGT-0128,,2.0,0.0,0.0,1.0,ORD-001151
FIN-001152,AGT-0128,13500.0,3.0,0.0,1.0,,ORD-001152
FIN-001153,AGT-0128,45000.0,8.0,0.0,1.0,0.0,ORD-001153
FIN-001154,AGT-0128,9000.0,21.0,0.0,0.0,1.0,ORD-001154
FIN-001155,AGT-0128,9000.0,11.0,0.0,0.0,2.0,ORD-001155
FIN-001156,AGT-0128,13500.0,88.0,0.0,0.0,1.0,ORD-001156
FIN-001157,AGT-0128,13500.0,7.0,0.0,2.0,2.0,ORD-001157
FIN-001158,AGT-0128,9000.0,14.0,0.0,2.0,1.0,ORD-001158
FIN-001159,AGT-0128,13500.0,3.0,0.0,2.0,0.0,ORD-001159
FIN-001160,AGT-0128,9000.0,4.0,0.0,0.0,1.0,ORD-001160
FIN-001161,AGT-0128,9000.0,7.0,0.0,0.0,1.0,ORD-001161
FIN-001162,AGT-0128,22500.0,7.0,0.0,0.0,0.0,ORD-001162
FIN-001163,AGT-0129,22500.0,6.0,0.0,0.0,1.0,ORD-001163
FIN-001164,AGT-0129,9000.0,5.0,0.0,0.0,2.0,ORD-001164
FIN-001165,AGT-0129,13500.0,20.0,0.0,1.0,0.0,ORD-001165
FIN-001166,AGT-0129,9000.0,9.0,0.0,0.0,0.0,ORD-001166
FIN-001167,AGT-0129,9000.0,2.0,0.0,0.0,0.0,ORD-001167
FIN-001168,AGT-0129,,1.0,0.0,0.0,1.0,ORD-001168
FIN-001169,AGT-0129,9000.0,26.0,0.0,0.0,1.0,ORD-001169
FIN-001170,AGT-0130,,0.0,0.0,0.0,1.0,ORD-001170
FIN-001171,AGT-0130,13500.0,13.0,0.0,0.0,1.0,ORD-001171
FIN-001172,AGT-0130,13500.0,18.0,0.0,2.0,0.0,ORD-001172
FIN-001173,AGT-0130,22500.0,0.0,0.0,0.0,0.0,ORD-001173
FIN-001174,AGT-0130,9000.0,23.0,0.0,1.0,0.0,ORD-001174
FIN-001175,AGT-0130,9000.0,5.0,0.0,2.0,1.0,ORD-001175
FIN-001176,AGT-0130,13500.0,5.0,0.0,0.0,2.0,ORD-001176
FIN-001177,AGT-0130,45000.0,10.0,0.0,0.0,0.0,ORD-001177
FIN-001178,AGT-0131,9000.0,11.0,0.0,0.0,0.0,ORD-001178
FIN-001179,AGT-0131,45000.0,19.0,0.0,1.0,1.0,ORD-001179
FIN-001180,AGT-0131,9000.0,70.0,9000.0,2.0,1.0,ORD-001180
FIN-001181,AGT-0131,9000.0,25.0,0.0,1.0,1.0,ORD-001181
FIN-001182,AGT-0131,9000.0,18.0,0.0,0.0,1.0,ORD-001182
FIN-001183,AGT-0131,9000.0,2.0,0.0,0.0,2.0,ORD-001183
FIN-001184,AGT-0132,4500.0,16.0,,0.0,0.0,ORD-001184
FIN-001185,AGT-0132,13500.0,,0.0,0.0,1.0,ORD-001185
FIN-001186,AGT-0132,9000.0,0.0,0.0,2.0,1.0,ORD-001186
FIN-001187,AGT-0132,13500.0,29.0,0.0,0.0,0.0,ORD-001187
FIN-001188,AGT-0132,45000.0,9.0,0.0,0.0,0.0,ORD-001188
FIN-001189,AGT-0132,9000.0,52.0,9000.0,0.0,1.0,ORD-001189
FIN-001190,AGT-0132,9000.0,10.0,0.0,0.0,1.0,ORD-001190
FIN-001191,AGT-0132,13500.0,11.0,0.0,0.0,0.0,ORD-001191
FIN-001192,AGT-0132,45000.0,,0.0,0.0,2.0,ORD-001192
FIN-001193,AGT-0132,9000.0,9.0,0.0,0.0,1.0,ORD-001193
FIN-001194,AGT-0132,9000.0,43.0,9000.0,1.0,0.0,ORD-001194
FIN-001195,AGT-0132,9000.0,4.0,0.0,2.0,0.0,ORD-001195
FIN-001196,AGT-0133,9000.0,8.0,0.0,1.0,2.0,ORD-001196
FIN-001197,AGT-0133,9000.0,5.0,0.0,1.0,1.0,ORD-001197
FIN-001198,AGT-0133,4500.0,11.0,0.0,0.0,1.0,ORD-001198
FIN-001199,AGT-0133,9000.0,9.0,0.0,0.0,0.0,ORD-001199
FIN-001201,AGT-0133,13500.0,20.0,0.0,0.0,1.0,ORD-001201
FIN-001202,AGT-0133,9000.0,19.0,0.0,0.0,1.0,ORD-001202
FIN-001203,AGT-0133,9000.0,0.0,0.0,2.0,0.0,ORD-001203
FIN-001204,AGT-0133,9000.0,6.0,0.0,2.0,2.0,ORD-001204
FIN-001205,AGT-0134,4500.0,4.0,0.0,0.0,0.0,ORD-001205
FIN-001206,AGT-0134,22500.0,11.0,0.0,0.0,2.0,ORD-001206
FIN-001207,AGT-0134,13500.0,8.0,0.0,2.0,0.0,ORD-001207
FIN-001208,AGT-0134,9000.0,15.0,0.0,0.0,1.0,ORD-001208
FIN-001209,AGT-0134,13500.0,140.0,13500.0,0.0,0.0,ORD-001209
FIN-001210,AGT-0134,45000.0,32.0,45000.0,2.0,0.0,ORD-001210
FIN-001211,AGT-0134,9000.0,13.0,0.0,0.0,1.0,ORD-001211
FIN-001212,AGT-0134,9000.0,28.0,0.0,0.0,1.0,ORD-001212
FIN-001213,AGT-0134,4500.0,4.0,0.0,0.0,0.0,ORD-001213
FIN-001214,AGT-0134,45000.0,27.0,0.0,0.0,0.0,ORD-001214
FIN-001215,AGT-0134,9000.0,3.0,0.0,0.0,1.0,ORD-001215
FIN-001216,AGT-0135,9000.0,24.0,0.0,0.0,0.0,ORD-001216
FIN-001217,AGT-0135,9000.0,2.0,0.0,0.0,1.0,ORD-001217
FIN-001218,AGT-0135,9000.0,10.0,0.0,0.0,1.0,ORD-001218
FIN-001219,AGT-0135,13500.0,3.0,0.0,2.0,1.0,ORD-001219
FIN-001220,AGT-0135,13500.0,12.0,0.0,0.0,0.0,ORD-001220
FIN-001221,AGT-0135,4500.0,2.0,0.0,2.0,0.0,ORD-001221
FIN-001222,AGT-0135,9000.0,2.0,0.0,1.0,1.0,ORD-001222
FIN-001223,AGT-0135,9000.0,14.0,0.0,0.0,1.0,ORD-001223
FIN-001224,AGT-0135,13500.0,1.0,0.0,1.0,1.0,ORD-001224
FIN-001225,AGT-0135,4500.0,5.0,0.0,0.0,0.0,ORD-001225
FIN-001226,AGT-0135,4500.0,10.0,0.0,0.0,1.0,ORD-001226
FIN-001227,AGT-0135,13500.0,6.0,0.0,0.0,1.0,ORD-001227
FIN-001228,AGT-0136,9000.0,10.0,0.0,0.0,0.0,ORD-001228
FIN-001229,AGT-0136,9000.0,12.0,0.0,0.0,2.0,ORD-001229
FIN-001230,AGT-0136,9000.0,3.0,0.0,0.0,0.0,ORD-001230
FIN-001231,AGT-0136,9000.0,1.0,0.0,0.0,1.0,ORD-001231
FIN-001232,AGT-0136,13500.0,4.0,0.0,1.0,0.0,ORD-001232
FIN-001233,AGT-0136,13500.0,3.0,0.0,0.0,1.0,ORD-001233
FIN-001234,AGT-0136,4500.0,7.0,0.0,1.0,0.0,ORD-001234
FIN-001235,AGT-0136,9000.0,0.0,0.0,2.0,1.0,ORD-001235
FIN-001236,AGT-0136,22500.0,41.0,22500.0,0.0,1.0,ORD-001236
FIN-001237,AGT-0136,13500.0,13.0,0.0,2.0,0.0,ORD-001237
FIN-001238,AGT-0136,13500.0,19.0,0.0,1.0,0.0,ORD-001238
FIN-001239,AGT-0136,9000.0,38.0,0.0,0.0,1.0,ORD-001239
FIN-001240,AGT-0137,9000.0,40.0,9000.0,0.0,0.0,ORD-001240
FIN-001242,AGT-0137,4500.0,13.0,0.0,0.0,0.0,ORD-001242
FIN-001243,AGT-0137,9000.0,4.0,0.0,0.0,1.0,ORD-001243
FIN-001244,AGT-0137,45000.0,34.0,45000.0,,1.0,ORD-001244
FIN-001245,AGT-0137,22500.0,38.0,22500.0,2.0,0.0,ORD-001245
FIN-001246,AGT-0137,4500.0,28.0,0.0,0.0,1.0,ORD-001246
FIN-001247,AGT-0137,9000.0,7.0,0.0,1.0,1.0,ORD-001247
FIN-001248,AGT-0137,13500.0,2.0,0.0,0.0,1.0,ORD-001248
FIN-001249,AGT-0137,22500.0,4.0,0.0,0.0,2.0,ORD-001249
FIN-001251,AGT-0137,9000.0,0.0,0.0,1.0,1.0,ORD-001251
FIN-001252,AGT-0138,9000.0,4.0,0.0,0.0,0.0,ORD-001252
FIN-001253,AGT-0138,13500.0,0.0,0.0,0.0,2.0,ORD-001253
FIN-001254,AGT-0138,9000.0,68.0,0.0,0.0,1.0,ORD-001254
FIN-001255,AGT-0138,9000.0,5.0,,0.0,0.0,ORD-001255
FIN-001256,AGT-0138,9000.0,67.0,0.0,0.0,0.0,ORD-001256
FIN-001257,AGT-0138,4500.0,6.0,,0.0,1.0,ORD-001257
FIN-001258,AGT-0138,9000.0,30.0,0.0,0.0,0.0,ORD-001258
FIN-001259,AGT-0138,9000.0,9.0,0.0,2.0,1.0,ORD-001259
FIN-001260,AGT-0138,4500.0,2.0,0.0,0.0,1.0,ORD-001260
FIN-001261,AGT-0138,4500.0,15.0,22500.0,0.0,0.0,ORD-001261
FIN-001262,AGT-0139,22500.0,8.0,0.0,0.0,1.0,ORD-001262
FIN-001263,AGT-0139,13500.0,9.0,0.0,0.0,0.0,ORD-001263
FIN-001264,AGT-0139,9000.0,4.0,0.0,0.0,1.0,ORD-001264
FIN-001265,AGT-0139,9000.0,11.0,0.0,0.0,1.0,ORD-001265
FIN-001266,AGT-0139,45000.0,5.0,0.0,0.0,0.0,ORD-001266
FIN-001267,AGT-0139,9000.0,52.0,9000.0,0.0,0.0,ORD-001267
FIN-001268,AGT-0140,4500.0,7.0,0.0,0.0,1.0,ORD-001268
FIN-001269,AGT-0140,,6.0,0.0,0.0,0.0,ORD-001269
FIN-001270,AGT-0140,13500.0,44.0,0.0,0.0,0.0,ORD-001270
FIN-001271,AGT-0140,4500.0,30.0,0.0,0.0,0.0,ORD-001271
FIN-001272,AGT-0140,9000.0,47.0,9000.0,0.0,0.0,ORD-001272
FIN-001273,AGT-0140,22500.0,17.0,0.0,1.0,0.0,ORD-001273
FIN-001274,AGT-0140,13500.0,4.0,0.0,1.0,0.0,ORD-001274
FIN-001275,AGT-0140,13500.0,25.0,0.0,0.0,0.0,ORD-001275
FIN-001276,AGT-0140,9000.0,17.0,0.0,0.0,0.0,ORD-001276
FIN-001277,AGT-0140,4500.0,4.0,0.0,0.0,0.0,ORD-001277
FIN-001278,AGT-0140,9000.0,3.0,0.0,0.0,1.0,ORD-001278
FIN-001279,AGT-0141,9000.0,25.0,0.0,2.0,1.0,ORD-001279
FIN-001280,AGT-0141,13500.0,38.0,0.0,1.0,1.0,ORD-001280
FIN-001281,AGT-0141,13500.0,10.0,0.0,0.0,0.0,ORD-001281
FIN-001282,AGT-0141,4500.0,,0.0,0.0,2.0,ORD-001282
FIN-001283,AGT-0141,9000.0,6.0,0.0,0.0,1.0,ORD-001283
FIN-001284,AGT-0141,13500.0,12.0,0.0,1.0,0.0,ORD-001284
FIN-001285,AGT-0141,9000.0,1.0,0.0,0.0,0.0,ORD-001285
FIN-001286,AGT-0141,22500.0,5.0,0.0,1.0,2.0,ORD-001286
FIN-001287,AGT-0142,13500.0,19.0,0.0,0.0,0.0,ORD-001287
FIN-001288,AGT-0142,9000.0,20.0,0.0,0.0,1.0,ORD-001288
FIN-001289,AGT-0142,4500.0,1.0,0.0,0.0,1.0,ORD-001289
FIN-001290,AGT-0142,22500.0,13.0,0.0,1.0,1.0,ORD-001290
FIN-001291,AGT-0142,9000.0,3.0,0.0,0.0,,ORD-001291
FIN-001292,AGT-0142,13500.0,16.0,0.0,0.0,,ORD-001292
FIN-001293,AGT-0142,22500.0,1.0,0.0,2.0,0.0,ORD-001293
FIN-001294,AGT-0142,9000.0,12.0,0.0,0.0,2.0,ORD-001294
FIN-001295,AGT-0142,4500.0,3.0,0.0,2.0,0.0,ORD-001295
FIN-001296,AGT-0142,13500.0,0.0,0.0,,1.0,ORD-001296
FIN-001297,AGT-0142,9000.0,7.0,0.0,0.0,0.0,ORD-001297
FIN-001298,AGT-0143,4500.0,5.0,0.0,0.0,1.0,ORD-001298
FIN-001299,AGT-0143,45000.0,35.0,45000.0,0.0,1.0,ORD-001299
FIN-001300,AGT-0143,45000.0,21.0,0.0,0.0,0.0,ORD-001300
FIN-001302,AGT-0143,13500.0,1.0,0.0,1.0,1.0,ORD-001302
FIN-001303,AGT-0143,22500.0,11.0,0.0,0.0,1.0,ORD-001303
FIN-001304,AGT-0143,4500.0,1.0,0.0,0.0,0.0,ORD-001304
FIN-001305,AGT-0144,22500.0,10.0,0.0,1.0,0.0,ORD-001305
FIN-001306,AGT-0144,13500.0,14.0,0.0,2.0,1.0,ORD-001306
FIN-001307,AGT-0144,9000.0,2.0,0.0,0.0,1.0,ORD-001307
FIN-001308,AGT-0144,4500.0,31.0,0.0,1.0,1.0,ORD-001308
FIN-001309,AGT-0144,9000.0,11.0,0.0,0.0,0.0,ORD-001309
FIN-001310,AGT-0144,4500.0,12.0,0.0,0.0,0.0,ORD-001310
FIN-001311,AGT-0145,13500.0,24.0,0.0,0.0,2.0,ORD-001311
FIN-001312,AGT-0145,13500.0,31.0,0.0,0.0,2.0,ORD-001312
FIN-001313,AGT-0145,9000.0,17.0,0.0,2.0,0.0,ORD-001313
FIN-001314,AGT-0145,9000.0,4.0,0.0,0.0,1.0,ORD-001314
FIN-001315,AGT-0145,13500.0,11.0,0.0,0.0,1.0,ORD-001315
FIN-001316,AGT-0145,9000.0,10.0,0.0,0.0,0.0,ORD-001316
FIN-001317,AGT-0146,9000.0,4.0,0.0,0.0,2.0,ORD-001317
FIN-001318,AGT-0146,13500.0,0.0,0.0,2.0,0.0,ORD-001318
FIN-001319,AGT-0146,4500.0,12.0,0.0,0.0,1.0,ORD-001319
FIN-001320,AGT-0146,9000.0,20.0,0.0,0.0,1.0,ORD-001320
FIN-001321,AGT-0146,22500.0,5.0,0.0,0.0,,ORD-001321
FIN-001322,AGT-0146,13500.0,3.0,0.0,0.0,1.0,ORD-001322
FIN-001323,AGT-0146,4500.0,12.0,0.0,0.0,1.0,ORD-001323
FIN-001324,AGT-0146,9000.0,7.0,0.0,0.0,0.0,ORD-001324
FIN-001325,AGT-0146,4500.0,29.0,0.0,0.0,0.0,ORD-001325
FIN-001326,AGT-0146,9000.0,14.0,0.0,0.0,0.0,ORD-001326
FIN-001327,AGT-0146,9000.0,2.0,0.0,0.0,0.0,ORD-001327
FIN-001328,AGT-0146,13500.0,11.0,0.0,0.0,1.0,ORD-001328
FIN-001329,AGT-0147,4500.0,10.0,0.0,1.0,1.0,ORD-001329
FIN-001330,AGT-0147,9000.0,1.0,0.0,1.0,1.0,ORD-001330
FIN-001331,AGT-0147,22500.0,8.0,0.0,1.0,0.0,ORD-001331
FIN-001332,AGT-9999,4500.0,0.0,,0.0,0.0,ORD-001332
FIN-001333,AGT-0147,9000.0,6.0,0.0,0.0,1.0,ORD-001333
FIN-001334,AGT-0147,9000.0,30.0,0.0,2.0,0.0,ORD-001334
FIN-001335,AGT-0147,9000.0,23.0,0.0,1.0,,ORD-001335
FIN-001336,AGT-0147,4500.0,4.0,0.0,0.0,0.0,ORD-001336
FIN-001337,AGT-0147,13500.0,55.0,13500.0,1.0,1.0,ORD-001337
FIN-001338,AGT-0147,9000.0,7.0,0.0,0.0,2.0,ORD-001338
FIN-001339,AGT-0147,4500.0,36.0,4500.0,0.0,0.0,ORD-001339
FIN-001340,AGT-0148,4500.0,1.0,0.0,0.0,0.0,ORD-001340
FIN-001341,AGT-0148,9000.0,0.0,0.0,2.0,0.0,ORD-001341
FIN-001342,AGT-0148,9000.0,18.0,0.0,1.0,2.0,ORD-001342
FIN-001343,AGT-0148,4500.0,5.0,0.0,0.0,0.0,ORD-001343
FIN-001344,AGT-0148,9000.0,0.0,0.0,0.0,,ORD-001344
FIN-001345,AGT-0148,9000.0,34.0,9000.0,2.0,1.0,ORD-001345
FIN-001346,AGT-0148,9000.0,30.0,0.0,0.0,0.0,ORD-001346
FIN-001347,AGT-0149,13500.0,0.0,0.0,0.0,1.0,ORD-001347
FIN-001348,AGT-0149,9000.0,10.0,0.0,0.0,1.0,ORD-001348
FIN-001349,AGT-0149,22500.0,0.0,0.0,1.0,2.0,ORD-001349
FIN-001350,AGT-0149,9000.0,59.0,9000.0,2.0,1.0,ORD-001350
FIN-001351,AGT-0149,9000.0,9.0,0.0,0.0,0.0,ORD-001351
FIN-001352,AGT-0149,9000.0,14.0,0.0,0.0,1.0,ORD-001352
FIN-001353,AGT-0149,9000.0,12.0,0.0,2.0,1.0,ORD-001353
FIN-001354,AGT-0149,9000.0,50.0,9000.0,0.0,0.0,ORD-001354
FIN-001355,AGT-0149,45000.0,1.0,0.0,2.0,0.0,ORD-001355
FIN-001356,AGT-0150,13500.0,4.0,0.0,0.0,1.0,ORD-001356
FIN-001357,AGT-0150,22500.0,0.0,0.0,0.0,2.0,ORD-001357
FIN-001358,AGT-0150,22500.0,2.0,0.0,1.0,1.0,ORD-001358
FIN-001359,AGT-0150,9000.0,9.0,0.0,0.0,0.0,ORD-001359
FIN-001360,AGT-0150,13500.0,,0.0,0.0,0.0,ORD-001360
FIN-001361,AGT-0150,45000.0,40.0,0.0,0.0,1.0,ORD-001361
FIN-001362,AGT-0150,9000.0,4.0,0.0,0.0,0.0,ORD-001362
FIN-001363,AGT-0150,13500.0,39.0,0.0,0.0,0.0,ORD-001363
FIN-001364,AGT-0150,13500.0,0.0,0.0,1.0,0.0,ORD-001364
FIN-001365,AGT-0150,22500.0,6.0,0.0,2.0,0.0,ORD-001365
FIN-001366,AGT-0150,22500.0,14.0,,1.0,2.0,ORD-001366
FIN-001367,AGT-0151,13500.0,55.0,0.0,0.0,1.0,ORD-001367
FIN-001368,AGT-0151,9000.0,12.0,0.0,1.0,0.0,ORD-001368
FIN-001369,AGT-0151,13500.0,1.0,0.0,0.0,1.0,ORD-001369
FIN-001370,AGT-0151,22500.0,53.0,22500.0,0.0,0.0,ORD-001370
FIN-001371,AGT-0151,9000.0,3.0,0.0,2.0,0.0,ORD-001371
FIN-001372,AGT-0151,9000.0,4.0,0.0,0.0,1.0,ORD-001372
FIN-001373,AGT-0152,4500.0,13.0,0.0,1.0,2.0,ORD-001373
FIN-001374,AGT-0152,9000.0,10.0,0.0,0.0,2.0,ORD-001374
FIN-001375,AGT-0152,13500.0,,0.0,0.0,0.0,ORD-001375
FIN-001376,AGT-0152,9000.0,6.0,0.0,0.0,1.0,ORD-001376
FIN-001377,AGT-0152,4500.0,18.0,0.0,2.0,0.0,ORD-001377
FIN-001378,AGT-0152,4500.0,9.0,0.0,0.0,2.0,ORD-001378
FIN-001379,AGT-0153,9000.0,65.0,9000.0,0.0,0.0,ORD-001379
FIN-001380,AGT-0153,4500.0,3.0,0.0,1.0,,ORD-001380
FIN-001381,AGT-0153,45000.0,0.0,0.0,0.0,1.0,ORD-001381
FIN-001382,AGT-0153,45000.0,4.0,0.0,1.0,0.0,ORD-001382
FIN-001383,AGT-0153,45000.0,3.0,0.0,0.0,0.0,ORD-001383
FIN-001384,AGT-0153,9000.0,4.0,0.0,0.0,0.0,ORD-001384
FIN-001385,AGT-0153,9000.0,4.0,0.0,0.0,0.0,ORD-001385
FIN-001386,AGT-0153,13500.0,3.0,0.0,0.0,2.0,ORD-001386
FIN-001387,AGT-0153,4500.0,23.0,0.0,0.0,0.0,ORD-001387
FIN-001388,AGT-0153,13500.0,14.0,0.0,0.0,1.0,ORD-001388
FIN-001389,AGT-0153,13500.0,8.0,0.0,0.0,0.0,ORD-001389
FIN-001390,AGT-0154,4500.0,6.0,0.0,1.0,1.0,ORD-001390
FIN-001391,AGT-0154,9000.0,11.0,0.0,0.0,1.0,ORD-001391
FIN-001392,AGT-0154,4500.0,3.0,0.0,0.0,1.0,ORD-001392
FIN-001393,AGT-0154,13500.0,26.0,0.0,2.0,0.0,ORD-001393
FIN-001394,AGT-0154,9000.0,20.0,0.0,0.0,0.0,ORD-001394
FIN-001395,AGT-0154,9000.0,32.0,9000.0,0.0,,ORD-001395
FIN-001396,AGT-0154,22500.0,11.0,0.0,0.0,0.0,ORD-001396
FIN-001397,AGT-0154,,24.0,0.0,,,ORD-001397
FIN-001398,AGT-0155,45000.0,30.0,0.0,0.0,1.0,ORD-001398
FIN-001399,AGT-0155,9000.0,12.0,0.0,0.0,1.0,ORD-001399
FIN-001400,AGT-0155,4500.0,9.0,0.0,0.0,0.0,ORD-001400
FIN-001401,AGT-0155,9000.0,5.0,0.0,1.0,1.0,ORD-001401
FIN-001402,AGT-0155,9000.0,3.0,0.0,0.0,0.0,ORD-001402
FIN-001403,AGT-0155,9000.0,40.0,9000.0,1.0,,ORD-001403
FIN-001404,AGT-0155,4500.0,7.0,0.0,0.0,1.0,ORD-001404
FIN-001405,AGT-0156,4500.0,2.0,0.0,0.0,1.0,ORD-001405
FIN-001406,AGT-0156,4500.0,1.0,0.0,0.0,1.0,ORD-001406
FIN-001407,AGT-0156,22500.0,5.0,0.0,2.0,1.0,ORD-001407
FIN-001408,AGT-0156,13500.0,19.0,0.0,0.0,0.0,ORD-001408
FIN-001409,AGT-0156,9000.0,3.0,0.0,0.0,2.0,ORD-001409
FIN-001410,AGT-0156,9000.0,49.0,0.0,0.0,0.0,ORD-001410
FIN-001411,AGT-0156,9000.0,1.0,0.0,0.0,1.0,ORD-001411
FIN-001412,AGT-0156,9000.0,0.0,0.0,2.0,0.0,ORD-001412
FIN-001413,AGT-0156,22500.0,22.0,0.0,0.0,1.0,ORD-001413
FIN-001414,AGT-0157,4500.0,1.0,0.0,2.0,0.0,ORD-001414
FIN-001415,AGT-0157,9000.0,2.0,0.0,0.0,1.0,ORD-001415
FIN-001416,AGT-0157,13500.0,16.0,0.0,0.0,1.0,ORD-001416
FIN-001417,AGT-0157,4500.0,13.0,0.0,0.0,0.0,ORD-001417
FIN-001418,AGT-0157,4500.0,9.0,0.0,0.0,1.0,ORD-001418
FIN-001419,AGT-0157,45000.0,,45000.0,0.0,0.0,ORD-001419
FIN-001420,AGT-0157,22500.0,16.0,0.0,0.0,1.0,ORD-001420
FIN-001421,AGT-0157,22500.0,0.0,0.0,0.0,0.0,ORD-001421
FIN-001422,AGT-0157,22500.0,7.0,0.0,0.0,0.0,ORD-001422
FIN-001423,AGT-0157,13500.0,15.0,0.0,2.0,1.0,ORD-001423
FIN-001424,AGT-0157,22500.0,12.0,0.0,0.0,1.0,ORD-001424
FIN-001425,AGT-0157,4500.0,25.0,0.0,0.0,1.0,ORD-001425
FIN-001426,AGT-0158,45000.0,5.0,0.0,0.0,0.0,ORD-001426
FIN-001427,AGT-0158,4500.0,,0.0,0.0,1.0,ORD-001427
FIN-001428,AGT-0158,9000.0,20.0,0.0,2.0,0.0,ORD-001428
FIN-001429,AGT-0158,4500.0,5.0,0.0,0.0,2.0,ORD-001429
FIN-001430,AGT-0158,22500.0,16.0,0.0,0.0,1.0,ORD-001430
FIN-001431,AGT-0158,9000.0,0.0,0.0,0.0,1.0,ORD-001431
FIN-001432,AGT-0158,9000.0,2.0,0.0,1.0,2.0,ORD-001432
FIN-001433,AGT-0158,13500.0,41.0,,2.0,1.0,ORD-001433
FIN-001434,AGT-0158,13500.0,23.0,0.0,0.0,,ORD-001434
FIN-001435,AGT-0158,9000.0,7.0,0.0,0.0,1.0,ORD-001435
FIN-001436,AGT-0159,9000.0,13.0,0.0,0.0,1.0,ORD-001436
FIN-001437,AGT-0159,9000.0,27.0,0.0,0.0,0.0,ORD-001437
FIN-001438,AGT-0159,9000.0,28.0,0.0,0.0,0.0,ORD-001438
FIN-001439,AGT-0159,22500.0,18.0,0.0,1.0,1.0,ORD-001439
FIN-001440,AGT-0159,22500.0,7.0,0.0,0.0,0.0,ORD-001440
FIN-001442,AGT-0159,13500.0,6.0,0.0,1.0,1.0,ORD-001442
FIN-001443,AGT-0159,13500.0,21.0,0.0,1.0,1.0,ORD-001443
FIN-001444,AGT-0160,9000.0,6.0,0.0,0.0,1.0,ORD-001444
FIN-001445,AGT-0160,4500.0,1.0,0.0,0.0,2.0,ORD-001445
FIN-001446,AGT-0160,4500.0,14.0,0.0,0.0,2.0,ORD-001446
FIN-001447,AGT-0160,4500.0,14.0,0.0,0.0,0.0,ORD-001447
FIN-001448,AGT-0160,9000.0,6.0,0.0,0.0,1.0,ORD-001448
FIN-001449,AGT-0160,9000.0,27.0,0.0,1.0,0.0,ORD-001449
FIN-001450,AGT-0161,9000.0,12.0,0.0,0.0,0.0,ORD-001450
FIN-001451,AGT-0161,9000.0,1.0,0.0,0.0,1.0,ORD-001451
FIN-001452,AGT-0161,4500.0,21.0,0.0,2.0,1.0,ORD-001452
FIN-001453,AGT-0161,4500.0,0.0,0.0,0.0,0.0,ORD-001453
FIN-001454,AGT-0161,13500.0,0.0,0.0,1.0,1.0,ORD-001454
FIN-001455,AGT-0161,45000.0,15.0,0.0,2.0,0.0,ORD-001455
FIN-001456,AGT-0162,9000.0,14.0,0.0,0.0,0.0,ORD-001456
FIN-001457,AGT-0162,13500.0,24.0,0.0,1.0,1.0,ORD-001457
FIN-001458,AGT-0162,9000.0,3.0,0.0,1.0,0.0,ORD-001458
FIN-001459,AGT-0162,9000.0,11.0,0.0,2.0,0.0,ORD-001459
FIN-001460,AGT-0162,9000.0,,9000.0,0.0,1.0,ORD-001460
FIN-001461,AGT-0162,13500.0,4.0,0.0,0.0,0.0,ORD-001461
FIN-001462,AGT-0162,9000.0,1.0,0.0,0.0,1.0,ORD-001462
FIN-001463,AGT-0162,9000.0,13.0,0.0,2.0,0.0,ORD-001463
FIN-001464,AGT-0162,9000.0,41.0,9000.0,0.0,1.0,ORD-001464
FIN-001465,AGT-0162,22500.0,26.0,0.0,0.0,0.0,ORD-001465
FIN-001466,AGT-0162,9000.0,10.0,0.0,0.0,0.0,ORD-001466
FIN-001467,AGT-0163,13500.0,17.0,0.0,2.0,0.0,ORD-001467
FIN-001468,AGT-0163,13500.0,7.0,0.0,0.0,1.0,ORD-001468
FIN-001469,AGT-0163,9000.0,7.0,0.0,,1.0,ORD-001469
FIN-001470,AGT-0163,13500.0,17.0,0.0,0.0,0.0,ORD-001470
FIN-001471,AGT-0163,9000.0,1.0,0.0,0.0,0.0,ORD-001471
FIN-001472,AGT-0163,9000.0,3.0,0.0,0.0,0.0,ORD-001472
FIN-001473,AGT-0163,22500.0,2.0,0.0,0.0,0.0,ORD-001473
FIN-001474,AGT-0163,22500.0,72.0,22500.0,0.0,1.0,ORD-001474
FIN-001475,AGT-0163,22500.0,1.0,0.0,2.0,1.0,ORD-001475
FIN-001476,AGT-0164,9000.0,46.0,0.0,0.0,1.0,ORD-001476
FIN-001477,AGT-0164,13500.0,9.0,0.0,0.0,1.0,ORD-001477
FIN-001478,AGT-0164,13500.0,17.0,0.0,0.0,2.0,ORD-001478
FIN-001479,AGT-0164,9000.0,22.0,0.0,0.0,1.0,ORD-001479
FIN-001480,AGT-0164,4500.0,1.0,0.0,0.0,1.0,ORD-001480
FIN-001481,AGT-0164,4500.0,21.0,0.0,0.0,0.0,ORD-001481
FIN-001482,AGT-0164,22500.0,3.0,0.0,0.0,0.0,ORD-001482
FIN-001483,AGT-0164,9000.0,16.0,0.0,0.0,0.0,ORD-001483
FIN-001484,AGT-0165,4500.0,8.0,,0.0,0.0,ORD-001484
FIN-001485,AGT-0165,9000.0,16.0,0.0,0.0,0.0,ORD-001485
FIN-001486,AGT-0165,22500.0,1.0,0.0,0.0,0.0,ORD-001486
FIN-001487,AGT-0165,13500.0,13.0,0.0,0.0,,ORD-001487
FIN-001488,AGT-0165,9000.0,12.0,0.0,0.0,0.0,ORD-001488
FIN-001489,AGT-0165,22500.0,20.0,0.0,2.0,0.0,ORD-001489
FIN-001490,AGT-0165,4500.0,20.0,0.0,0.0,0.0,ORD-001490
FIN-001491,AGT-0165,4500.0,0.0,0.0,0.0,0.0,ORD-001491
FIN-001492,AGT-0166,9000.0,19.0,0.0,0.0,1.0,ORD-001492
FIN-001493,AGT-0166,9000.0,6.0,0.0,0.0,1.0,ORD-001493
FIN-001494,AGT-0166,4500.0,10.0,0.0,1.0,0.0,ORD-001494
FIN-001495,AGT-0166,4500.0,22.0,0.0,0.0,0.0,ORD-001495
FIN-001496,AGT-0166,9000.0,8.0,0.0,1.0,0.0,ORD-001496
FIN-001497,AGT-0166,22500.0,2.0,0.0,0.0,0.0,ORD-001497
FIN-001498,AGT-0166,4500.0,18.0,0.0,0.0,1.0,ORD-001498
FIN-001499,AGT-0167,9000.0,2.0,0.0,1.0,0.0,ORD-001499
FIN-001502,AGT-0167,4500.0,23.0,0.0,0.0,2.0,ORD-001502
FIN-001503,AGT-0167,9000.0,1.0,0.0,0.0,1.0,ORD-001503
FIN-001504,AGT-0167,9000.0,7.0,0.0,0.0,0.0,ORD-001504
FIN-001505,AGT-0168,22500.0,1.0,0.0,1.0,0.0,ORD-001505
FIN-001506,AGT-0168,13500.0,15.0,0.0,0.0,2.0,ORD-001506
FIN-001507,AGT-0168,13500.0,3.0,0.0,1.0,0.0,ORD-001507
FIN-001508,AGT-0168,9000.0,74.0,9000.0,1.0,0.0,ORD-001508
FIN-001509,AGT-0168,9000.0,18.0,0.0,1.0,0.0,ORD-001509
FIN-001510,AGT-0168,9000.0,10.0,0.0,0.0,0.0,ORD-001510
FIN-001511,AGT-0168,9000.0,4.0,0.0,2.0,0.0,ORD-001511
FIN-001512,AGT-0168,13500.0,5.0,0.0,1.0,1.0,ORD-001512
FIN-001513,AGT-0168,9000.0,5.0,0.0,0.0,0.0,ORD-001513
FIN-001514,AGT-0168,4500.0,5.0,0.0,0.0,1.0,ORD-001514
FIN-001515,AGT-0168,4500.0,3.0,0.0,1.0,1.0,ORD-001515
FIN-001516,AGT-0168,4500.0,31.0,0.0,2.0,0.0,ORD-001516
FIN-001517,AGT-0169,9000.0,34.0,9000.0,2.0,0.0,ORD-001517
FIN-001518,AGT-0169,13500.0,7.0,0.0,0.0,0.0,ORD-001518
FIN-001519,AGT-0169,4500.0,19.0,0.0,0.0,0.0,ORD-001519
FIN-001520,AGT-0169,9000.0,15.0,0.0,0.0,2.0,ORD-001520
FIN-001521,AGT-0169,9000.0,36.0,9000.0,0.0,2.0,ORD-001521
FIN-001522,AGT-0169,13500.0,13.0,0.0,0.0,0.0,ORD-001522
FIN-001523,AGT-0169,13500.0,,0.0,1.0,0.0,ORD-001523
FIN-001524,AGT-0169,9000.0,10.0,0.0,0.0,1.0,ORD-001524
FIN-001525,AGT-0169,9000.0,15.0,0.0,0.0,0.0,ORD-001525
FIN-001526,AGT-0169,9000.0,,,0.0,1.0,ORD-001526
FIN-001527,AGT-0169,9000.0,1.0,0.0,0.0,2.0,ORD-001527
FIN-001528,AGT-0169,4500.0,1.0,,2.0,2.0,ORD-001528
FIN-001529,AGT-0170,9000.0,6.0,0.0,0.0,0.0,ORD-001529
FIN-001530,AGT-0170,9000.0,36.0,0.0,0.0,0.0,ORD-001530
FIN-001531,AGT-0170,9000.0,7.0,0.0,,1.0,ORD-001531
FIN-001532,AGT-0170,9000.0,13.0,0.0,0.0,1.0,ORD-001532
FIN-001533,AGT-0170,13500.0,11.0,0.0,0.0,2.0,ORD-001533
FIN-001534,AGT-0170,13500.0,1.0,0.0,0.0,0.0,ORD-001534
FIN-001535,AGT-0170,9000.0,16.0,0.0,0.0,1.0,ORD-001535
FIN-001536,AGT-0170,9000.0,16.0,0.0,1.0,1.0,ORD-001536
FIN-001537,AGT-0170,9000.0,13.0,0.0,1.0,0.0,ORD-001537
FIN-001538,AGT-0170,9000.0,16.0,0.0,0.0,0.0,ORD-001538
FIN-001539,AGT-0170,13500.0,38.0,0.0,0.0,2.0,ORD-001539
FIN-001540,AGT-0171,9000.0,19.0,0.0,0.0,1.0,ORD-001540
FIN-001541,AGT-0171,13500.0,20.0,0.0,0.0,0.0,ORD-001541
FIN-001542,AGT-0171,4500.0,4.0,0.0,2.0,0.0,ORD-001542
FIN-001543,AGT-0171,9000.0,0.0,0.0,1.0,0.0,ORD-001543
FIN-001544,AGT-0171,13500.0,0.0,0.0,0.0,1.0,ORD-001544
FIN-001545,AGT-0171,9000.0,,0.0,0.0,1.0,ORD-001545
FIN-001546,AGT-0171,22500.0,36.0,22500.0,0.0,0.0,ORD-001546
FIN-001547,AGT-0171,9000.0,39.0,9000.0,2.0,0.0,ORD-001547
FIN-001548,AGT-0171,9000.0,9.0,0.0,0.0,1.0,ORD-001548
FIN-001549,AGT-0172,4500.0,8.0,0.0,0.0,1.0,ORD-001549
FIN-001550,AGT-0172,9000.0,9.0,0.0,0.0,1.0,ORD-001550
FIN-001552,AGT-0172,45000.0,1.0,0.0,1.0,1.0,ORD-001552
FIN-001553,AGT-0172,4500.0,18.0,0.0,0.0,0.0,ORD-001553
FIN-001554,AGT-0172,13500.0,3.0,0.0,0.0,0.0,ORD-001554
FIN-001555,AGT-0172,9000.0,18.0,0.0,1.0,1.0,ORD-001555
FIN-001556,AGT-0172,13500.0,6.0,0.0,0.0,0.0,ORD-001556
FIN-001557,AGT-0172,9000.0,41.0,9000.0,1.0,1.0,ORD-001557
FIN-001558,AGT-0172,13500.0,6.0,0.0,0.0,0.0,ORD-001558
FIN-001559,AGT-0172,45000.0,13.0,0.0,0.0,0.0,ORD-001559
FIN-001560,AGT-0173,13500.0,4.0,0.0,0.0,0.0,ORD-001560
FIN-001561,AGT-0173,9000.0,1.0,0.0,0.0,0.0,ORD-001561
FIN-001562,AGT-0173,13500.0,5.0,0.0,0.0,1.0,ORD-001562
FIN-001563,AGT-0173,13500.0,2.0,0.0,0.0,0.0,ORD-001563
FIN-001564,AGT-0173,4500.0,88.0,4500.0,0.0,1.0,ORD-001564
FIN-001565,AGT-0173,13500.0,30.0,0.0,0.0,0.0,ORD-001565
FIN-001566,AGT-0173,9000.0,0.0,0.0,0.0,,ORD-001566
FIN-001567,AGT-0173,13500.0,44.0,13500.0,0.0,1.0,ORD-001567
FIN-001568,AGT-0173,45000.0,43.0,0.0,0.0,1.0,ORD-001568
FIN-001569,AGT-0173,9000.0,5.0,0.0,1.0,0.0,ORD-001569
FIN-001570,AGT-0173,45000.0,10.0,0.0,2.0,1.0,ORD-001570
FIN-001571,AGT-0174,9000.0,29.0,0.0,0.0,0.0,ORD-001571
FIN-001572,AGT-0174,9000.0,53.0,9000.0,2.0,1.0,ORD-001572
FIN-001573,AGT-0174,4500.0,31.0,0.0,0.0,0.0,ORD-001573
FIN-001574,AGT-0174,13500.0,33.0,13500.0,0.0,0.0,ORD-001574
FIN-001575,AGT-0174,9000.0,22.0,0.0,1.0,0.0,ORD-001575
FIN-001576,AGT-0174,9000.0,3.0,0.0,0.0,1.0,ORD-001576
FIN-001577,AGT-0174,13500.0,9.0,0.0,2.0,1.0,ORD-001577
FIN-001578,AGT-0174,22500.0,12.0,0.0,0.0,1.0,ORD-001578
FIN-001579,AGT-0174,4500.0,9.0,0.0,0.0,2.0,ORD-001579
FIN-001580,AGT-0174,9000.0,48.0,9000.0,0.0,0.0,ORD-001580
FIN-001581,AGT-0174,4500.0,44.0,0.0,0.0,1.0,ORD-001581
FIN-001582,AGT-0174,13500.0,14.0,0.0,0.0,0.0,ORD-001582
FIN-001583,AGT-0175,13500.0,2.0,0.0,0.0,1.0,ORD-001583
FIN-001584,AGT-0175,4500.0,8.0,0.0,0.0,0.0,ORD-001584
FIN-001585,AGT-0175,13500.0,,0.0,1.0,0.0,ORD-001585
FIN-001586,AGT-0175,13500.0,3.0,0.0,0.0,0.0,ORD-001586
FIN-001587,AGT-0175,9000.0,15.0,0.0,0.0,1.0,ORD-001587
FIN-001588,AGT-0175,13500.0,29.0,0.0,2.0,0.0,ORD-001588
FIN-001589,AGT-0176,13500.0,2.0,0.0,0.0,1.0,ORD-001589
FIN-001590,AGT-0176,9000.0,19.0,0.0,2.0,0.0,ORD-001590
FIN-001592,AGT-0176,4500.0,2.0,0.0,0.0,2.0,ORD-001592
FIN-001593,AGT-0176,13500.0,47.0,0.0,0.0,0.0,ORD-001593
FIN-001594,AGT-0176,9000.0,3.0,0.0,0.0,2.0,ORD-001594
FIN-001595,AGT-0176,9000.0,6.0,0.0,1.0,0.0,ORD-001595
FIN-001596,AGT-0176,9000.0,0.0,0.0,1.0,0.0,ORD-001596
FIN-001597,AGT-0176,9000.0,20.0,,0.0,1.0,ORD-001597
FIN-001598,AGT-0177,4500.0,7.0,0.0,0.0,0.0,ORD-001598
FIN-001599,AGT-0177,9000.0,14.0,0.0,0.0,0.0,ORD-001599
FIN-001601,AGT-0177,9000.0,4.0,0.0,0.0,1.0,ORD-001601
FIN-001602,AGT-0177,22500.0,28.0,0.0,1.0,1.0,ORD-001602
FIN-001603,AGT-0177,4500.0,16.0,0.0,2.0,1.0,ORD-001603
FIN-001604,AGT-0177,13500.0,0.0,0.0,0.0,0.0,ORD-001604
FIN-001605,AGT-0178,9000.0,14.0,0.0,0.0,0.0,ORD-001605
FIN-001606,AGT-0178,9000.0,9.0,0.0,0.0,0.0,ORD-001606
FIN-001607,AGT-0178,13500.0,29.0,0.0,0.0,1.0,ORD-001607
FIN-001608,AGT-0178,9000.0,5.0,0.0,0.0,1.0,ORD-001608
FIN-001609,AGT-0178,13500.0,21.0,0.0,,2.0,ORD-001609
FIN-001610,AGT-0178,13500.0,1.0,0.0,1.0,1.0,ORD-001610
FIN-001611,AGT-0178,4500.0,1.0,0.0,1.0,0.0,ORD-001611
FIN-001612,AGT-0178,13500.0,15.0,0.0,0.0,1.0,ORD-001612
FIN-001613,AGT-0179,9000.0,5.0,0.0,1.0,0.0,ORD-001613
FIN-001614,AGT-0179,9000.0,49.0,9000.0,0.0,1.0,ORD-001614
FIN-001615,AGT-0179,4500.0,4.0,0.0,0.0,0.0,ORD-001615
FIN-001616,AGT-0179,4500.0,0.0,0.0,0.0,0.0,ORD-001616
FIN-001617,AGT-0179,13500.0,12.0,0.0,0.0,1.0,ORD-001617
FIN-001618,AGT-0179,4500.0,42.0,4500.0,0.0,1.0,ORD-001618
FIN-001619,AGT-0179,13500.0,33.0,0.0,0.0,0.0,ORD-001619
FIN-001620,AGT-0179,22500.0,28.0,0.0,0.0,0.0,ORD-001620
FIN-001621,AGT-0179,22500.0,6.0,0.0,0.0,1.0,ORD-001621
FIN-001622,AGT-0179,13500.0,38.0,13500.0,0.0,0.0,ORD-001622
FIN-001623,AGT-0180,9000.0,10.0,0.0,1.0,2.0,ORD-001623
FIN-001624,AGT-0180,22500.0,16.0,0.0,1.0,1.0,ORD-001624
FIN-001625,AGT-0180,9000.0,8.0,0.0,1.0,1.0,ORD-001625
FIN-001626,AGT-0180,13500.0,19.0,0.0,0.0,1.0,ORD-001626
FIN-001627,AGT-0180,22500.0,5.0,0.0,2.0,2.0,ORD-001627
FIN-001628,AGT-0180,13500.0,4.0,0.0,0.0,1.0,ORD-001628
FIN-001629,AGT-0181,9000.0,43.0,0.0,0.0,0.0,ORD-001629
FIN-001630,AGT-0181,45000.0,36.0,45000.0,0.0,1.0,ORD-001630
FIN-001631,AGT-0181,22500.0,0.0,0.0,0.0,0.0,ORD-001631
FIN-001632,AGT-0181,13500.0,35.0,13500.0,0.0,1.0,ORD-001632
FIN-001633,AGT-0181,9000.0,21.0,0.0,0.0,1.0,ORD-001633
FIN-001634,AGT-0181,4500.0,,0.0,2.0,1.0,ORD-001634
FIN-001635,AGT-0181,4500.0,2.0,0.0,0.0,1.0,ORD-001635
FIN-001636,AGT-0182,22500.0,15.0,0.0,0.0,0.0,ORD-001636
FIN-001637,AGT-0182,13500.0,14.0,0.0,0.0,1.0,ORD-001637
FIN-001638,AGT-0182,13500.0,1.0,0.0,0.0,1.0,ORD-001638
FIN-001639,AGT-0182,22500.0,21.0,0.0,0.0,1.0,ORD-001639
FIN-001640,AGT-0182,9000.0,21.0,0.0,0.0,0.0,ORD-001640
FIN-001641,AGT-0182,,109.0,13500.0,0.0,0.0,ORD-001641
FIN-001642,AGT-0182,13500.0,1.0,,1.0,0.0,ORD-001642
FIN-001643,AGT-0182,45000.0,12.0,0.0,1.0,1.0,ORD-001643
FIN-001644,AGT-0183,9000.0,0.0,0.0,2.0,0.0,ORD-001644
FIN-001645,AGT-0183,4500.0,20.0,0.0,0.0,1.0,ORD-001645
FIN-001646,AGT-0183,22500.0,49.0,0.0,,1.0,ORD-001646
FIN-001647,AGT-0183,13500.0,3.0,0.0,2.0,0.0,ORD-001647
FIN-001648,AGT-0183,13500.0,25.0,0.0,2.0,0.0,ORD-001648
FIN-001649,AGT-0183,9000.0,15.0,0.0,1.0,1.0,ORD-001649
FIN-001650,AGT-0184,4500.0,25.0,0.0,0.0,0.0,ORD-001650
FIN-001651,AGT-0184,9000.0,,0.0,0.0,0.0,ORD-001651
FIN-001652,AGT-0184,45000.0,12.0,0.0,0.0,1.0,ORD-001652
FIN-001653,AGT-0184,9000.0,3.0,0.0,0.0,2.0,ORD-001653
FIN-001654,AGT-0184,4500.0,5.0,0.0,0.0,0.0,ORD-001654
FIN-001655,AGT-0184,9000.0,6.0,0.0,0.0,1.0,ORD-001655
FIN-001656,AGT-0184,45000.0,19.0,0.0,0.0,0.0,ORD-001656
FIN-001657,AGT-0184,4500.0,3.0,0.0,2.0,0.0,ORD-001657
FIN-001658,AGT-0185,4500.0,15.0,0.0,0.0,1.0,ORD-001658
FIN-001659,AGT-0185,22500.0,0.0,0.0,0.0,0.0,ORD-001659
FIN-001660,AGT-0185,4500.0,1.0,0.0,2.0,0.0,ORD-001660
FIN-001661,AGT-0185,9000.0,31.0,0.0,0.0,2.0,ORD-001661
FIN-001662,AGT-0185,22500.0,,0.0,0.0,0.0,ORD-001662
FIN-001663,AGT-0185,22500.0,14.0,0.0,0.0,0.0,ORD-001663
FIN-001664,AGT-0185,9000.0,48.0,9000.0,0.0,0.0,ORD-001664
FIN-001665,AGT-9999,13500.0,1.0,0.0,0.0,0.0,ORD-001665
FIN-001666,AGT-0185,45000.0,8.0,0.0,0.0,2.0,ORD-001666
FIN-001667,AGT-0185,22500.0,10.0,0.0,0.0,1.0,ORD-001667
FIN-001668,AGT-0185,9000.0,20.0,0.0,0.0,1.0,ORD-001668
FIN-001669,AGT-0186,4500.0,10.0,,0.0,1.0,ORD-001669
FIN-001670,AGT-0186,4500.0,38.0,4500.0,0.0,1.0,ORD-001670
FIN-001671,AGT-0186,13500.0,4.0,0.0,0.0,0.0,ORD-001671
FIN-001672,AGT-0186,,14.0,0.0,0.0,2.0,ORD-001672
FIN-001673,AGT-0186,9000.0,8.0,0.0,0.0,0.0,ORD-001673
FIN-001674,AGT-0186,9000.0,27.0,0.0,0.0,0.0,ORD-001674
FIN-001675,AGT-0186,13500.0,33.0,13500.0,0.0,0.0,ORD-001675
FIN-001676,AGT-0186,4500.0,2.0,0.0,0.0,2.0,ORD-001676
FIN-001677,AGT-0186,,18.0,0.0,0.0,0.0,ORD-001677
FIN-001678,AGT-0186,22500.0,2.0,0.0,0.0,1.0,ORD-001678
FIN-001679,AGT-0186,4500.0,14.0,0.0,2.0,0.0,ORD-001679
FIN-001680,AGT-0187,13500.0,22.0,0.0,0.0,0.0,ORD-001680
FIN-001681,AGT-0187,9000.0,29.0,45000.0,0.0,0.0,ORD-001681
FIN-001682,AGT-0187,13500.0,38.0,13500.0,2.0,0.0,ORD-001682
FIN-001683,AGT-0187,4500.0,14.0,0.0,0.0,0.0,ORD-001683
FIN-001684,AGT-0187,9000.0,0.0,0.0,0.0,0.0,ORD-001684
FIN-001685,AGT-0187,13500.0,14.0,0.0,0.0,0.0,ORD-001685
FIN-001686,AGT-0187,4500.0,22.0,0.0,1.0,0.0,ORD-001686
FIN-001687,AGT-0187,13500.0,39.0,13500.0,0.0,1.0,ORD-001687
FIN-001688,AGT-0187,9000.0,1.0,0.0,0.0,0.0,ORD-001688
FIN-001689,AGT-0187,9000.0,17.0,0.0,0.0,0.0,ORD-001689
FIN-001690,AGT-0187,13500.0,2.0,0.0,0.0,0.0,ORD-001690
FIN-001691,AGT-0187,9000.0,11.0,0.0,0.0,1.0,ORD-001691
FIN-001692,AGT-0188,4500.0,2.0,0.0,0.0,0.0,ORD-001692
FIN-001693,AGT-0188,9000.0,30.0,0.0,0.0,1.0,ORD-001693
FIN-001694,AGT-0188,22500.0,18.0,0.0,0.0,0.0,ORD-001694
FIN-001695,AGT-0188,9000.0,18.0,0.0,0.0,1.0,ORD-001695
FIN-001696,AGT-0188,13500.0,17.0,0.0,0.0,0.0,ORD-001696
FIN-001697,AGT-0188,9000.0,26.0,0.0,0.0,1.0,ORD-001697
FIN-001698,AGT-0188,13500.0,30.0,0.0,1.0,2.0,ORD-001698
FIN-001699,AGT-0188,4500.0,25.0,0.0,0.0,1.0,ORD-001699
FIN-001700,AGT-0188,4500.0,8.0,0.0,1.0,2.0,ORD-001700
FIN-001701,AGT-0188,13500.0,2.0,0.0,0.0,0.0,ORD-001701
FIN-001702,AGT-0189,,18.0,0.0,1.0,1.0,ORD-001702
FIN-001703,AGT-0189,9000.0,7.0,0.0,1.0,0.0,ORD-001703
FIN-001704,AGT-0189,9000.0,1.0,0.0,0.0,0.0,ORD-001704
FIN-001705,AGT-0189,13500.0,1.0,0.0,2.0,0.0,ORD-001705
FIN-001706,AGT-0189,9000.0,35.0,9000.0,0.0,1.0,ORD-001706
FIN-001707,AGT-0189,9000.0,20.0,0.0,0.0,0.0,ORD-001707
FIN-001708,AGT-0189,9000.0,0.0,0.0,0.0,0.0,ORD-001708
FIN-001709,AGT-0189,13500.0,6.0,0.0,0.0,1.0,ORD-001709
FIN-001710,AGT-0189,13500.0,35.0,0.0,1.0,1.0,ORD-001710
FIN-001711,AGT-0189,9000.0,13.0,0.0,0.0,1.0,ORD-001711
FIN-001712,AGT-0189,13500.0,12.0,0.0,2.0,1.0,ORD-001712
FIN-001713,AGT-0190,9000.0,20.0,0.0,1.0,0.0,ORD-001713
FIN-001714,AGT-0190,22500.0,27.0,0.0,1.0,1.0,ORD-001714
FIN-001715,AGT-0190,13500.0,4.0,0.0,0.0,1.0,ORD-001715
FIN-001716,AGT-0190,4500.0,33.0,4500.0,0.0,1.0,ORD-001716
FIN-001717,AGT-0190,9000.0,4.0,0.0,0.0,2.0,ORD-001717
FIN-001718,AGT-0190,4500.0,10.0,0.0,0.0,1.0,ORD-001718
FIN-001719,AGT-0190,22500.0,2.0,0.0,0.0,0.0,ORD-001719
FIN-001720,AGT-0190,9000.0,5.0,0.0,0.0,1.0,ORD-001720
FIN-001721,AGT-0190,13500.0,7.0,0.0,0.0,0.0,ORD-001721
FIN-001722,AGT-0191,9000.0,31.0,9000.0,0.0,2.0,ORD-001722
FIN-001723,AGT-0191,9000.0,3.0,0.0,0.0,0.0,ORD-001723
FIN-001724,AGT-0191,9000.0,,0.0,1.0,0.0,ORD-001724
FIN-001725,AGT-0191,22500.0,35.0,22500.0,1.0,2.0,ORD-001725
FIN-001726,AGT-0191,13500.0,4.0,0.0,2.0,2.0,ORD-001726
FIN-001727,AGT-0191,13500.0,4.0,0.0,2.0,0.0,ORD-001727
FIN-001728,AGT-0191,45000.0,9.0,0.0,0.0,1.0,ORD-001728
FIN-001729,AGT-0191,45000.0,0.0,0.0,2.0,0.0,ORD-001729
FIN-001730,AGT-0192,22500.0,31.0,0.0,0.0,1.0,ORD-001730
FIN-001731,AGT-0192,9000.0,28.0,0.0,0.0,2.0,ORD-001731
FIN-001732,AGT-0192,22500.0,5.0,0.0,0.0,1.0,ORD-001732
FIN-001733,AGT-0192,4500.0,20.0,0.0,0.0,1.0,ORD-001733
FIN-001734,AGT-0192,,0.0,0.0,2.0,1.0,ORD-001734
FIN-001735,AGT-0192,,2.0,0.0,0.0,1.0,ORD-001735
FIN-001736,AGT-0192,22500.0,14.0,0.0,1.0,1.0,ORD-001736
FIN-001737,AGT-0192,9000.0,3.0,0.0,2.0,1.0,ORD-001737
FIN-001738,AGT-0192,4500.0,23.0,0.0,0.0,0.0,ORD-001738
FIN-001739,AGT-0193,22500.0,4.0,0.0,2.0,0.0,ORD-001739
FIN-001740,AGT-0193,4500.0,16.0,0.0,0.0,1.0,ORD-001740
FIN-001741,AGT-0193,9000.0,0.0,0.0,0.0,0.0,ORD-001741
FIN-001742,AGT-0193,4500.0,50.0,4500.0,1.0,0.0,ORD-001742
FIN-001743,AGT-0193,13500.0,1.0,0.0,1.0,1.0,ORD-001743
FIN-001744,AGT-0193,9000.0,19.0,0.0,0.0,0.0,ORD-001744
FIN-001745,AGT-0193,9000.0,65.0,0.0,0.0,2.0,ORD-001745
FIN-001746,AGT-0194,9000.0,14.0,0.0,0.0,2.0,ORD-001746
FIN-001747,AGT-0194,4500.0,3.0,0.0,,2.0,ORD-001747
FIN-001748,AGT-0194,13500.0,39.0,13500.0,0.0,0.0,ORD-001748
FIN-001749,AGT-0194,22500.0,2.0,0.0,0.0,0.0,ORD-001749
FIN-001751,AGT-0194,45000.0,17.0,0.0,0.0,0.0,ORD-001751
FIN-001752,AGT-0194,13500.0,5.0,0.0,0.0,2.0,ORD-001752
FIN-001753,AGT-0194,9000.0,7.0,0.0,2.0,1.0,ORD-001753
FIN-001754,AGT-0194,22500.0,27.0,0.0,1.0,1.0,ORD-001754
FIN-001755,AGT-0194,9000.0,7.0,0.0,1.0,1.0,ORD-001755
FIN-001756,AGT-0195,,7.0,0.0,0.0,2.0,ORD-001756
FIN-001757,AGT-0195,,28.0,0.0,1.0,1.0,ORD-001757
FIN-001758,AGT-0195,22500.0,8.0,0.0,1.0,2.0,ORD-001758
FIN-001759,AGT-0195,9000.0,0.0,0.0,0.0,0.0,ORD-001759
FIN-001760,AGT-0195,13500.0,24.0,0.0,0.0,1.0,ORD-001760
FIN-001761,AGT-0195,9000.0,1.0,0.0,0.0,1.0,ORD-001761
FIN-001762,AGT-0195,4500.0,3.0,0.0,,0.0,ORD-001762
FIN-001763,AGT-0195,4500.0,48.0,0.0,0.0,0.0,ORD-001763
FIN-001764,AGT-0196,4500.0,6.0,0.0,0.0,0.0,ORD-001764
FIN-001765,AGT-0196,9000.0,15.0,0.0,0.0,0.0,ORD-001765
FIN-001766,AGT-0196,4500.0,8.0,0.0,0.0,1.0,ORD-001766
FIN-001767,AGT-0196,9000.0,6.0,0.0,0.0,1.0,ORD-001767
FIN-001768,AGT-0196,9000.0,5.0,0.0,0.0,1.0,ORD-001768
FIN-001769,AGT-0196,22500.0,12.0,0.0,,2.0,ORD-001769
FIN-001770,AGT-0196,9000.0,22.0,0.0,1.0,2.0,ORD-001770
FIN-001771,AGT-0196,9000.0,0.0,0.0,0.0,0.0,ORD-001771
FIN-001772,AGT-0196,22500.0,6.0,,0.0,0.0,ORD-001772
FIN-001773,AGT-0196,9000.0,29.0,0.0,0.0,1.0,ORD-001773
FIN-001774,AGT-0196,45000.0,22.0,0.0,0.0,0.0,ORD-001774
FIN-001775,AGT-0196,22500.0,35.0,22500.0,0.0,1.0,ORD-001775
FIN-001776,AGT-0197,,5.0,0.0,0.0,0.0,ORD-001776
FIN-001777,AGT-0197,4500.0,17.0,0.0,1.0,0.0,ORD-001777
FIN-001778,AGT-0197,13500.0,5.0,0.0,0.0,1.0,ORD-001778
FIN-001779,AGT-0197,9000.0,7.0,,0.0,0.0,ORD-001779
FIN-001780,AGT-0197,13500.0,12.0,0.0,1.0,0.0,ORD-001780
FIN-001781,AGT-0197,9000.0,19.0,0.0,1.0,2.0,ORD-001781
FIN-001782,AGT-0197,4500.0,17.0,0.0,,1.0,ORD-001782
FIN-001783,AGT-0198,4500.0,31.0,0.0,2.0,0.0,ORD-001783
FIN-001784,AGT-0198,9000.0,6.0,0.0,0.0,1.0,ORD-001784
FIN-001785,AGT-0198,13500.0,19.0,0.0,1.0,1.0,ORD-001785
FIN-001786,AGT-0198,13500.0,4.0,0.0,0.0,1.0,ORD-001786
FIN-001787,AGT-0198,4500.0,34.0,0.0,1.0,0.0,ORD-001787
FIN-001788,AGT-0198,45000.0,12.0,0.0,1.0,0.0,ORD-001788
FIN-001789,AGT-0198,4500.0,8.0,0.0,0.0,1.0,ORD-001789
FIN-001790,AGT-0198,4500.0,22.0,0.0,1.0,1.0,ORD-001790
FIN-001791,AGT-0198,4500.0,6.0,0.0,2.0,0.0,ORD-001791
FIN-001792,AGT-0198,13500.0,3.0,0.0,0.0,0.0,ORD-001792
FIN-001793,AGT-0198,,18.0,0.0,0.0,1.0,ORD-001793
FIN-001794,AGT-0199,22500.0,0.0,0.0,0.0,2.0,ORD-001794
FIN-001795,AGT-0199,4500.0,4.0,0.0,0.0,1.0,ORD-001795
FIN-001796,AGT-0199,,8.0,0.0,0.0,0.0,ORD-001796
FIN-001797,AGT-0199,4500.0,37.0,0.0,1.0,1.0,ORD-001797
FIN-001798,AGT-0199,45000.0,1.0,0.0,0.0,0.0,ORD-001798
FIN-001799,AGT-0199,4500.0,58.0,4500.0,1.0,1.0,ORD-001799
FIN-001800,AGT-0200,9000.0,8.0,0.0,2.0,0.0,ORD-001800
FIN-001801,AGT-0200,13500.0,7.0,0.0,1.0,1.0,ORD-001801
FIN-001802,AGT-0200,13500.0,64.0,13500.0,1.0,0.0,ORD-001802
FIN-001803,AGT-0200,13500.0,0.0,0.0,0.0,1.0,ORD-001803
FIN-001804,AGT-0200,13500.0,40.0,13500.0,0.0,0.0,ORD-001804
FIN-001805,AGT-0200,4500.0,74.0,,2.0,0.0,ORD-001805
FIN-001806,AGT-0201,9000.0,34.0,9000.0,0.0,1.0,ORD-001806
FIN-001807,AGT-0201,9000.0,4.0,0.0,2.0,0.0,ORD-001807
FIN-001808,AGT-0201,13500.0,16.0,0.0,0.0,1.0,ORD-001808
FIN-001809,AGT-0201,9000.0,2.0,,1.0,2.0,ORD-001809
FIN-001810,AGT-0201,9000.0,8.0,0.0,1.0,0.0,ORD-001810
FIN-001811,AGT-0201,22500.0,6.0,0.0,0.0,0.0,ORD-001811
FIN-001812,AGT-0201,13500.0,9.0,0.0,0.0,0.0,ORD-001812
FIN-001813,AGT-0201,9000.0,2.0,0.0,0.0,1.0,ORD-001813
FIN-001814,AGT-0201,9000.0,5.0,0.0,2.0,0.0,ORD-001814
FIN-001815,AGT-0202,9000.0,9.0,0.0,0.0,1.0,ORD-001815
FIN-001816,AGT-0202,13500.0,10.0,0.0,0.0,0.0,ORD-001816
FIN-001817,AGT-0202,13500.0,75.0,0.0,0.0,1.0,ORD-001817
FIN-001818,AGT-0202,9000.0,9.0,0.0,0.0,1.0,ORD-001818
FIN-001819,AGT-0202,4500.0,12.0,0.0,1.0,1.0,ORD-001819
FIN-001820,AGT-0202,4500.0,11.0,0.0,0.0,0.0,ORD-001820
FIN-001821,AGT-0202,22500.0,35.0,22500.0,0.0,0.0,ORD-001821
FIN-001822,AGT-0202,9000.0,11.0,0.0,0.0,1.0,ORD-001822
FIN-001823,AGT-0202,9000.0,0.0,0.0,0.0,0.0,ORD-001823
FIN-001824,AGT-0202,,16.0,0.0,1.0,1.0,ORD-001824
FIN-001825,AGT-0202,9000.0,16.0,0.0,0.0,0.0,ORD-001825
FIN-001826,AGT-0203,45000.0,20.0,0.0,0.0,1.0,ORD-001826
FIN-001827,AGT-0203,4500.0,1.0,0.0,0.0,1.0,ORD-001827
FIN-001828,AGT-0203,9000.0,14.0,0.0,1.0,0.0,ORD-001828
FIN-001829,AGT-0203,22500.0,1.0,0.0,0.0,1.0,ORD-001829
FIN-001830,AGT-0203,4500.0,3.0,0.0,2.0,0.0,ORD-001830
FIN-001831,AGT-0203,9000.0,6.0,0.0,2.0,0.0,ORD-001831
FIN-001832,AGT-0204,9000.0,6.0,0.0,0.0,0.0,ORD-001832
FIN-001833,AGT-0204,13500.0,3.0,0.0,0.0,2.0,ORD-001833
FIN-001834,AGT-0204,9000.0,20.0,0.0,1.0,0.0,ORD-001834
FIN-001835,AGT-0204,13500.0,2.0,0.0,0.0,1.0,ORD-001835
FIN-001836,AGT-0204,13500.0,13.0,0.0,0.0,0.0,ORD-001836
FIN-001837,AGT-0204,4500.0,0.0,0.0,0.0,0.0,ORD-001837
FIN-001838,AGT-0204,9000.0,13.0,0.0,,1.0,ORD-001838
FIN-001839,AGT-0204,13500.0,15.0,0.0,2.0,0.0,ORD-001839
FIN-001840,AGT-0204,9000.0,11.0,0.0,2.0,2.0,ORD-001840
FIN-001841,AGT-0204,9000.0,5.0,0.0,0.0,0.0,ORD-001841
FIN-001842,AGT-0204,9000.0,34.0,9000.0,2.0,1.0,ORD-001842
FIN-001843,AGT-0205,9000.0,,0.0,1.0,0.0,ORD-001843
FIN-001844,AGT-0205,9000.0,20.0,0.0,1.0,0.0,ORD-001844
FIN-001845,AGT-0205,9000.0,2.0,0.0,0.0,0.0,ORD-001845
FIN-001846,AGT-0205,9000.0,7.0,0.0,0.0,0.0,ORD-001846
FIN-001847,AGT-0205,4500.0,52.0,0.0,1.0,0.0,ORD-001847
FIN-001848,AGT-0205,9000.0,4.0,0.0,1.0,2.0,ORD-001848
FIN-001849,AGT-0205,9000.0,38.0,9000.0,0.0,1.0,ORD-001849
FIN-001850,AGT-0205,9000.0,18.0,0.0,0.0,0.0,ORD-001850
FIN-001851,AGT-0205,9000.0,17.0,0.0,0.0,1.0,ORD-001851
FIN-001852,AGT-0205,9000.0,19.0,0.0,2.0,1.0,ORD-001852
FIN-001853,AGT-0205,9000.0,39.0,0.0,0.0,1.0,ORD-001853
FIN-001854,AGT-0205,9000.0,33.0,9000.0,0.0,1.0,ORD-001854
FIN-001855,AGT-0206,9000.0,21.0,,0.0,0.0,ORD-001855
FIN-001856,AGT-0206,9000.0,0.0,0.0,0.0,1.0,ORD-001856
FIN-001857,AGT-0206,4500.0,63.0,4500.0,0.0,0.0,ORD-001857
FIN-001858,AGT-0206,4500.0,3.0,0.0,1.0,0.0,ORD-001858
FIN-001859,AGT-0206,9000.0,2.0,0.0,1.0,0.0,ORD-001859
FIN-001860,AGT-0206,22500.0,15.0,0.0,0.0,1.0,ORD-001860
FIN-001862,AGT-0207,9000.0,15.0,0.0,0.0,1.0,ORD-001862
FIN-001863,AGT-0207,4500.0,9.0,0.0,0.0,1.0,ORD-001863
FIN-001864,AGT-0207,9000.0,3.0,0.0,0.0,0.0,ORD-001864
FIN-001865,AGT-0207,9000.0,32.0,0.0,0.0,1.0,ORD-001865
FIN-001866,AGT-0207,9000.0,19.0,0.0,0.0,0.0,ORD-001866
FIN-001867,AGT-0207,22500.0,7.0,0.0,0.0,0.0,ORD-001867
FIN-001868,AGT-0207,9000.0,11.0,0.0,0.0,1.0,ORD-001868
FIN-001869,AGT-0207,9000.0,7.0,0.0,0.0,2.0,ORD-001869
FIN-001870,AGT-0207,22500.0,,0.0,1.0,1.0,ORD-001870
FIN-001871,AGT-0207,13500.0,8.0,0.0,0.0,,ORD-001871
FIN-001872,AGT-0208,,0.0,0.0,0.0,0.0,ORD-001872
FIN-001873,AGT-0208,4500.0,4.0,0.0,2.0,1.0,ORD-001873
FIN-001874,AGT-0208,4500.0,41.0,0.0,0.0,0.0,ORD-001874
FIN-001875,AGT-0208,22500.0,14.0,0.0,1.0,0.0,ORD-001875
FIN-001876,AGT-0208,9000.0,24.0,0.0,0.0,,ORD-001876
FIN-001877,AGT-0208,9000.0,18.0,0.0,0.0,0.0,ORD-001877
FIN-001878,AGT-0208,9000.0,15.0,0.0,0.0,2.0,ORD-001878
FIN-001879,AGT-0208,9000.0,7.0,0.0,0.0,0.0,ORD-001879
FIN-001880,AGT-0208,9000.0,10.0,0.0,1.0,0.0,ORD-001880
FIN-001881,AGT-0208,9000.0,2.0,0.0,0.0,0.0,ORD-001881
FIN-001882,AGT-0208,4500.0,17.0,0.0,0.0,0.0,ORD-001882
FIN-001883,AGT-0209,13500.0,16.0,0.0,0.0,1.0,ORD-001883
FIN-001884,AGT-0209,9000.0,0.0,0.0,1.0,0.0,ORD-001884
FIN-001885,AGT-0209,22500.0,65.0,0.0,0.0,2.0,ORD-001885
FIN-001886,AGT-0209,9000.0,27.0,0.0,0.0,0.0,ORD-001886
FIN-001887,AGT-0209,9000.0,12.0,0.0,0.0,0.0,ORD-001887
FIN-001888,AGT-0209,4500.0,3.0,0.0,0.0,0.0,ORD-001888
FIN-001889,AGT-0209,13500.0,8.0,0.0,0.0,1.0,ORD-001889
FIN-001890,AGT-0209,9000.0,1.0,0.0,0.0,1.0,ORD-001890
FIN-001891,AGT-0210,45000.0,0.0,0.0,1.0,0.0,ORD-001891
FIN-001892,AGT-0210,4500.0,27.0,0.0,1.0,,ORD-001892
FIN-001893,AGT-0210,9000.0,24.0,0.0,0.0,1.0,ORD-001893
FIN-001894,AGT-0210,4500.0,24.0,0.0,2.0,0.0,ORD-001894
FIN-001895,AGT-0210,13500.0,1.0,0.0,0.0,0.0,ORD-001895
FIN-001896,AGT-0210,13500.0,12.0,0.0,1.0,0.0,ORD-001896
FIN-001897,AGT-0211,13500.0,3.0,0.0,0.0,2.0,ORD-001897
FIN-001898,AGT-0211,,14.0,0.0,1.0,1.0,ORD-001898
FIN-001899,AGT-0211,45000.0,18.0,0.0,0.0,1.0,ORD-001899
FIN-001900,AGT-0211,9000.0,1.0,0.0,0.0,0.0,ORD-001900
FIN-001901,AGT-0211,9000.0,8.0,0.0,2.0,1.0,ORD-001901
FIN-001902,AGT-0211,9000.0,1.0,0.0,1.0,1.0,ORD-001902
FIN-001903,AGT-0211,9000.0,7.0,0.0,0.0,0.0,ORD-001903
FIN-001904,AGT-0211,22500.0,94.0,22500.0,0.0,1.0,ORD-001904
FIN-001905,AGT-0211,9000.0,6.0,0.0,0.0,0.0,ORD-001905
FIN-001906,AGT-0212,9000.0,3.0,0.0,0.0,1.0,ORD-001906
FIN-001907,AGT-0212,45000.0,7.0,0.0,0.0,0.0,ORD-001907
FIN-001908,AGT-0212,9000.0,2.0,0.0,1.0,1.0,ORD-001908
FIN-001909,AGT-0212,4500.0,14.0,0.0,0.0,0.0,ORD-001909
FIN-001910,AGT-0212,13500.0,40.0,13500.0,1.0,,ORD-001910
FIN-001911,AGT-0212,45000.0,4.0,0.0,0.0,2.0,ORD-001911
FIN-001912,AGT-0212,4500.0,2.0,0.0,0.0,0.0,ORD-001912
FIN-001913,AGT-0212,22500.0,12.0,0.0,0.0,0.0,ORD-001913
FIN-001914,AGT-0212,4500.0,26.0,0.0,0.0,1.0,ORD-001914
FIN-001915,AGT-0212,45000.0,9.0,0.0,2.0,0.0,ORD-001915
FIN-001916,AGT-0213,13500.0,27.0,0.0,0.0,1.0,ORD-001916
FIN-001917,AGT-0213,9000.0,9.0,0.0,1.0,0.0,ORD-001917
FIN-001918,AGT-0213,22500.0,20.0,0.0,1.0,0.0,ORD-001918
FIN-001919,AGT-0213,4500.0,47.0,4500.0,1.0,0.0,ORD-001919
FIN-001920,AGT-0213,13500.0,1.0,0.0,2.0,2.0,ORD-001920
FIN-001922,AGT-0213,13500.0,7.0,0.0,0.0,2.0,ORD-001922
FIN-001923,AGT-0213,9000.0,14.0,0.0,0.0,1.0,ORD-001923
FIN-001924,AGT-0214,9000.0,12.0,0.0,1.0,0.0,ORD-001924
FIN-001925,AGT-0214,45000.0,39.0,0.0,0.0,1.0,ORD-001925
FIN-001926,AGT-0214,9000.0,13.0,0.0,0.0,0.0,ORD-001926
FIN-001927,AGT-0214,9000.0,1.0,0.0,,0.0,ORD-001927
FIN-001928,AGT-0214,22500.0,2.0,0.0,0.0,0.0,ORD-001928
FIN-001929,AGT-0214,4500.0,8.0,0.0,1.0,1.0,ORD-001929
FIN-001930,AGT-0215,9000.0,13.0,0.0,2.0,2.0,ORD-001930
FIN-001931,AGT-0215,,79.0,4500.0,0.0,1.0,ORD-001931
FIN-001932,AGT-0215,9000.0,2.0,0.0,0.0,0.0,ORD-001932
FIN-001933,AGT-0215,9000.0,11.0,0.0,1.0,,ORD-001933
FIN-001934,AGT-0215,45000.0,0.0,0.0,0.0,1.0,ORD-001934
FIN-001935,AGT-0215,9000.0,4.0,0.0,2.0,0.0,ORD-001935
FIN-001936,AGT-0215,13500.0,6.0,0.0,0.0,0.0,ORD-001936
FIN-001937,AGT-0215,9000.0,5.0,0.0,0.0,1.0,ORD-001937
FIN-001938,AGT-0215,4500.0,4.0,0.0,0.0,1.0,ORD-001938
FIN-001939,AGT-0216,9000.0,2.0,0.0,1.0,1.0,ORD-001939
FIN-001940,AGT-0216,4500.0,2.0,0.0,0.0,1.0,ORD-001940
FIN-001941,AGT-0216,4500.0,24.0,0.0,0.0,1.0,ORD-001941
FIN-001942,AGT-0216,13500.0,16.0,0.0,1.0,1.0,ORD-001942
FIN-001943,AGT-0216,22500.0,10.0,0.0,0.0,0.0,ORD-001943
FIN-001944,AGT-0216,9000.0,,0.0,1.0,1.0,ORD-001944
FIN-001945,AGT-0216,45000.0,12.0,0.0,0.0,1.0,ORD-001945
FIN-001946,AGT-0217,22500.0,10.0,,1.0,0.0,ORD-001946
FIN-001947,AGT-0217,13500.0,12.0,0.0,2.0,0.0,ORD-001947
FIN-001948,AGT-0217,9000.0,36.0,9000.0,0.0,0.0,ORD-001948
FIN-001949,AGT-0217,13500.0,16.0,0.0,0.0,,ORD-001949
FIN-001950,AGT-0217,9000.0,10.0,0.0,0.0,0.0,ORD-001950
FIN-001952,AGT-0217,13500.0,9.0,0.0,1.0,0.0,ORD-001952
FIN-001953,AGT-0217,9000.0,1.0,0.0,0.0,1.0,ORD-001953
FIN-001954,AGT-0218,22500.0,24.0,0.0,0.0,0.0,ORD-001954
FIN-001955,AGT-0218,9000.0,3.0,0.0,2.0,1.0,ORD-001955
FIN-001956,AGT-0218,4500.0,2.0,0.0,0.0,0.0,ORD-001956
FIN-001957,AGT-0218,9000.0,1.0,0.0,1.0,0.0,ORD-001957
FIN-001958,AGT-0218,45000.0,5.0,0.0,0.0,1.0,ORD-001958
FIN-001959,AGT-0218,45000.0,9.0,0.0,0.0,0.0,ORD-001959
FIN-001960,AGT-0218,9000.0,4.0,0.0,1.0,2.0,ORD-001960
FIN-001961,AGT-0218,9000.0,18.0,0.0,0.0,1.0,ORD-001961
FIN-001962,AGT-0218,9000.0,23.0,0.0,0.0,0.0,ORD-001962
FIN-001963,AGT-0218,9000.0,9.0,,0.0,1.0,ORD-001963
FIN-001964,AGT-0218,22500.0,3.0,0.0,0.0,0.0,ORD-001964
FIN-001965,AGT-0219,4500.0,25.0,0.0,0.0,1.0,ORD-001965
FIN-001966,AGT-0219,13500.0,16.0,0.0,0.0,0.0,ORD-001966
FIN-001967,AGT-0219,9000.0,0.0,0.0,0.0,0.0,ORD-001967
FIN-001968,AGT-0219,4500.0,0.0,0.0,0.0,0.0,ORD-001968
FIN-001969,AGT-0219,9000.0,7.0,0.0,0.0,0.0,ORD-001969
FIN-001970,AGT-0219,13500.0,,0.0,0.0,,ORD-001970
FIN-001971,AGT-0219,9000.0,6.0,0.0,0.0,0.0,ORD-001971
FIN-001972,AGT-0219,13500.0,14.0,0.0,0.0,1.0,ORD-001972
FIN-001973,AGT-0219,13500.0,25.0,0.0,1.0,0.0,ORD-001973
FIN-001974,AGT-0220,13500.0,68.0,13500.0,2.0,0.0,ORD-001974
FIN-001975,AGT-0220,9000.0,25.0,0.0,1.0,1.0,ORD-001975
FIN-001976,AGT-0220,13500.0,7.0,0.0,0.0,0.0,ORD-001976
FIN-001977,AGT-0220,4500.0,19.0,0.0,0.0,1.0,ORD-001977
FIN-001978,AGT-0220,9000.0,5.0,0.0,0.0,0.0,ORD-001978
FIN-001979,AGT-0220,9000.0,13.0,0.0,0.0,0.0,ORD-001979
FIN-001980,AGT-0221,9000.0,0.0,0.0,0.0,1.0,ORD-001980
FIN-001981,AGT-0221,22500.0,6.0,0.0,0.0,0.0,ORD-001981
FIN-001982,AGT-0221,9000.0,19.0,0.0,0.0,1.0,ORD-001982
FIN-001983,AGT-0221,13500.0,2.0,0.0,0.0,1.0,ORD-001983
FIN-001984,AGT-0221,45000.0,41.0,45000.0,0.0,1.0,ORD-001984
FIN-001985,AGT-0221,45000.0,12.0,0.0,0.0,1.0,ORD-001985
FIN-001986,AGT-0221,9000.0,12.0,0.0,0.0,0.0,ORD-001986
FIN-001987,AGT-0222,9000.0,46.0,9000.0,0.0,1.0,ORD-001987
FIN-001988,AGT-0222,13500.0,7.0,0.0,2.0,0.0,ORD-001988
FIN-001989,AGT-0222,13500.0,1.0,0.0,0.0,1.0,ORD-001989
FIN-001990,AGT-0222,22500.0,3.0,0.0,0.0,1.0,ORD-001990
FIN-001991,AGT-0222,9000.0,20.0,0.0,2.0,0.0,ORD-001991
FIN-001992,AGT-0222,13500.0,3.0,0.0,1.0,0.0,ORD-001992
FIN-001993,AGT-0222,22500.0,2.0,0.0,0.0,2.0,ORD-001993
FIN-001994,AGT-0222,9000.0,3.0,0.0,0.0,1.0,ORD-001994
FIN-001995,AGT-0222,13500.0,10.0,0.0,0.0,1.0,ORD-001995
FIN-001996,AGT-0223,4500.0,51.0,4500.0,0.0,0.0,ORD-001996
FIN-001997,AGT-0223,9000.0,0.0,0.0,0.0,1.0,ORD-001997
FIN-001998,AGT-9999,9000.0,13.0,0.0,2.0,0.0,ORD-001998
FIN-001999,AGT-0223,13500.0,16.0,0.0,0.0,1.0,ORD-001999
FIN-002002,AGT-0223,22500.0,57.0,22500.0,2.0,0.0,ORD-002002
FIN-002003,AGT-0223,13500.0,14.0,0.0,1.0,0.0,ORD-002003
FIN-002004,AGT-0224,13500.0,1.0,0.0,1.0,0.0,ORD-002004
FIN-002005,AGT-0224,22500.0,12.0,0.0,0.0,0.0,ORD-002005
FIN-002006,AGT-0224,13500.0,,0.0,1.0,0.0,ORD-002006
FIN-002007,AGT-0224,22500.0,7.0,0.0,0.0,0.0,ORD-002007
FIN-002008,AGT-0224,4500.0,22.0,0.0,,1.0,ORD-002008
FIN-002009,AGT-0224,13500.0,2.0,0.0,0.0,1.0,ORD-002009
FIN-002010,AGT-0225,22500.0,8.0,0.0,0.0,0.0,ORD-002010
FIN-002011,AGT-0225,4500.0,0.0,0.0,1.0,1.0,ORD-002011
FIN-002012,AGT-0225,22500.0,24.0,0.0,1.0,0.0,ORD-002012
FIN-002013,AGT-0225,9000.0,1.0,0.0,0.0,1.0,ORD-002013
FIN-002014,AGT-0225,13500.0,11.0,0.0,1.0,0.0,ORD-002014
FIN-002015,AGT-0225,13500.0,0.0,0.0,0.0,1.0,ORD-002015
FIN-002016,AGT-0226,13500.0,5.0,0.0,0.0,0.0,ORD-002016
FIN-002017,AGT-0226,9000.0,8.0,0.0,0.0,1.0,ORD-002017
FIN-002018,AGT-0226,22500.0,9.0,0.0,0.0,1.0,ORD-002018
FIN-002019,AGT-0226,22500.0,22.0,0.0,0.0,0.0,ORD-002019
FIN-002020,AGT-0226,4500.0,3.0,0.0,0.0,0.0,ORD-002020
FIN-002021,AGT-0226,13500.0,23.0,0.0,2.0,0.0,ORD-002021
FIN-002022,AGT-0226,13500.0,1.0,0.0,0.0,1.0,ORD-002022
FIN-002023,AGT-0226,4500.0,30.0,0.0,1.0,0.0,ORD-002023
FIN-002024,AGT-0226,13500.0,13.0,0.0,1.0,2.0,ORD-002024
FIN-002025,AGT-0226,13500.0,2.0,0.0,0.0,1.0,ORD-002025
FIN-002026,AGT-0226,13500.0,4.0,0.0,0.0,0.0,ORD-002026
FIN-002027,AGT-0227,9000.0,14.0,0.0,1.0,0.0,ORD-002027
FIN-002028,AGT-0227,9000.0,4.0,0.0,0.0,1.0,ORD-002028
FIN-002029,AGT-0227,9000.0,16.0,0.0,0.0,1.0,ORD-002029
FIN-002030,AGT-0227,9000.0,18.0,0.0,0.0,2.0,ORD-002030
FIN-002031,AGT-0227,9000.0,3.0,0.0,0.0,0.0,ORD-002031
FIN-002032,AGT-0227,9000.0,14.0,0.0,0.0,0.0,ORD-002032
FIN-002033,AGT-0228,13500.0,7.0,0.0,0.0,0.0,ORD-002033
FIN-002034,AGT-0228,9000.0,8.0,0.0,0.0,1.0,ORD-002034
FIN-002035,AGT-0228,4500.0,33.0,0.0,0.0,0.0,ORD-002035
FIN-002036,AGT-0228,13500.0,10.0,0.0,0.0,0.0,ORD-002036
FIN-002037,AGT-0228,9000.0,3.0,0.0,0.0,0.0,ORD-002037
FIN-002038,AGT-0228,4500.0,7.0,0.0,0.0,0.0,ORD-002038
FIN-002039,AGT-0228,9000.0,0.0,0.0,0.0,1.0,ORD-002039
FIN-002040,AGT-0228,9000.0,32.0,0.0,0.0,0.0,ORD-002040
FIN-002041,AGT-0228,4500.0,0.0,0.0,0.0,1.0,ORD-002041
FIN-002042,AGT-0228,9000.0,11.0,0.0,0.0,1.0,ORD-002042
FIN-002043,AGT-0229,13500.0,12.0,0.0,0.0,0.0,ORD-002043
FIN-002044,AGT-0229,45000.0,11.0,0.0,0.0,1.0,ORD-002044
FIN-002045,AGT-0229,4500.0,37.0,0.0,0.0,0.0,ORD-002045
FIN-002046,AGT-0229,45000.0,6.0,0.0,0.0,0.0,ORD-002046
FIN-002047,AGT-0229,13500.0,16.0,0.0,0.0,1.0,ORD-002047
FIN-002048,AGT-0229,22500.0,99.0,0.0,2.0,0.0,ORD-002048
FIN-002049,AGT-0229,4500.0,3.0,0.0,1.0,1.0,ORD-002049
FIN-002050,AGT-0229,9000.0,26.0,0.0,2.0,0.0,ORD-002050
FIN-002051,AGT-0229,9000.0,10.0,0.0,0.0,1.0,ORD-002051
FIN-002052,AGT-0229,9000.0,50.0,9000.0,2.0,1.0,ORD-002052
FIN-002053,AGT-0229,9000.0,21.0,0.0,0.0,1.0,ORD-002053
FIN-002054,AGT-0229,22500.0,5.0,0.0,0.0,0.0,ORD-002054
FIN-002055,AGT-0230,9000.0,19.0,0.0,,0.0,ORD-002055
FIN-002056,AGT-0230,4500.0,0.0,0.0,1.0,2.0,ORD-002056
FIN-002057,AGT-0230,4500.0,2.0,0.0,0.0,1.0,ORD-002057
FIN-002058,AGT-0230,13500.0,12.0,0.0,0.0,2.0,ORD-002058
FIN-002059,AGT-0230,13500.0,9.0,0.0,0.0,1.0,ORD-002059
FIN-002060,AGT-0230,9000.0,20.0,0.0,0.0,0.0,ORD-002060
FIN-002061,AGT-0230,9000.0,16.0,0.0,0.0,1.0,ORD-002061
FIN-002062,AGT-0230,13500.0,20.0,0.0,0.0,1.0,ORD-002062
FIN-002063,AGT-0230,13500.0,11.0,0.0,0.0,,ORD-002063
FIN-002064,AGT-0230,13500.0,42.0,,2.0,0.0,ORD-002064
FIN-002065,AGT-0230,13500.0,7.0,0.0,0.0,2.0,ORD-002065
FIN-002066,AGT-0231,13500.0,,0.0,0.0,2.0,ORD-002066
FIN-002067,AGT-0231,4500.0,2.0,0.0,,2.0,ORD-002067
FIN-002068,AGT-0231,9000.0,2.0,0.0,0.0,1.0,ORD-002068
FIN-002069,AGT-0231,13500.0,,0.0,2.0,1.0,ORD-002069
FIN-002070,AGT-0231,13500.0,7.0,0.0,2.0,2.0,ORD-002070
FIN-002071,AGT-0231,45000.0,0.0,0.0,0.0,0.0,ORD-002071
FIN-002072,AGT-0231,45000.0,4.0,0.0,0.0,1.0,ORD-002072
FIN-002073,AGT-0231,9000.0,9.0,0.0,2.0,0.0,ORD-002073
FIN-002074,AGT-0231,4500.0,1.0,,0.0,1.0,ORD-002074
FIN-002075,AGT-0231,9000.0,15.0,0.0,0.0,1.0,ORD-002075
FIN-002076,AGT-0231,13500.0,2.0,0.0,2.0,0.0,ORD-002076
FIN-002077,AGT-0232,13500.0,0.0,0.0,2.0,1.0,ORD-002077
FIN-002078,AGT-0232,,44.0,0.0,,0.0,ORD-002078
FIN-002079,AGT-0232,13500.0,14.0,0.0,1.0,1.0,ORD-002079
FIN-002080,AGT-0232,9000.0,16.0,0.0,0.0,2.0,ORD-002080
FIN-002081,AGT-0232,22500.0,0.0,0.0,0.0,0.0,ORD-002081
FIN-002082,AGT-0232,22500.0,28.0,0.0,2.0,1.0,ORD-002082
FIN-002083,AGT-0232,9000.0,47.0,0.0,0.0,0.0,ORD-002083
FIN-002084,AGT-0232,9000.0,18.0,0.0,0.0,0.0,ORD-002084
FIN-002085,AGT-0232,9000.0,15.0,0.0,1.0,0.0,ORD-002085
FIN-002086,AGT-0232,13500.0,13.0,0.0,0.0,0.0,ORD-002086
FIN-002087,AGT-0233,4500.0,20.0,0.0,0.0,1.0,ORD-002087
FIN-002088,AGT-0233,13500.0,39.0,13500.0,1.0,1.0,ORD-002088
FIN-002089,AGT-0233,13500.0,13.0,0.0,0.0,1.0,ORD-002089
FIN-002090,AGT-0233,9000.0,6.0,0.0,0.0,0.0,ORD-002090
FIN-002091,AGT-0233,13500.0,19.0,0.0,0.0,2.0,ORD-002091
FIN-002092,AGT-0233,4500.0,23.0,0.0,0.0,1.0,ORD-002092
FIN-002093,AGT-0233,4500.0,31.0,4500.0,0.0,2.0,ORD-002093
FIN-002094,AGT-0233,4500.0,0.0,0.0,0.0,0.0,ORD-002094
FIN-002095,AGT-0233,13500.0,9.0,0.0,0.0,2.0,ORD-002095
FIN-002096,AGT-0233,13500.0,1.0,0.0,1.0,0.0,ORD-002096
FIN-002097,AGT-0233,9000.0,0.0,0.0,2.0,1.0,ORD-002097
FIN-002098,AGT-0234,22500.0,8.0,0.0,0.0,0.0,ORD-002098
FIN-002099,AGT-0234,22500.0,37.0,22500.0,0.0,0.0,ORD-002099
FIN-002100,AGT-0234,13500.0,20.0,0.0,0.0,0.0,ORD-002100
FIN-002101,AGT-0234,22500.0,15.0,112500.0,0.0,1.0,ORD-002101
FIN-002102,AGT-0234,4500.0,19.0,0.0,0.0,1.0,ORD-002102
FIN-002103,AGT-0234,45000.0,31.0,45000.0,0.0,1.0,ORD-002103
FIN-002104,AGT-0234,22500.0,2.0,0.0,1.0,0.0,ORD-002104
FIN-002105,AGT-0234,9000.0,1.0,0.0,1.0,0.0,ORD-002105
FIN-002106,AGT-0234,13500.0,17.0,0.0,0.0,2.0,ORD-002106
FIN-002107,AGT-0234,22500.0,12.0,0.0,0.0,0.0,ORD-002107
FIN-002108,AGT-0235,4500.0,,0.0,1.0,0.0,ORD-002108
FIN-002109,AGT-0235,9000.0,2.0,0.0,2.0,0.0,ORD-002109
FIN-002110,AGT-0235,13500.0,1.0,0.0,1.0,0.0,ORD-002110
FIN-002111,AGT-0235,13500.0,17.0,0.0,0.0,2.0,ORD-002111
FIN-002112,AGT-0235,22500.0,36.0,22500.0,,1.0,ORD-002112
FIN-002113,AGT-0235,22500.0,19.0,0.0,0.0,1.0,ORD-002113
FIN-002114,AGT-0235,9000.0,0.0,0.0,1.0,0.0,ORD-002114
FIN-002115,AGT-0235,4500.0,4.0,0.0,0.0,0.0,ORD-002115
FIN-002116,AGT-0236,45000.0,2.0,0.0,2.0,0.0,ORD-002116
FIN-002117,AGT-0236,22500.0,3.0,0.0,0.0,0.0,ORD-002117
FIN-002118,AGT-0236,13500.0,8.0,0.0,0.0,0.0,ORD-002118
FIN-002119,AGT-0236,9000.0,4.0,0.0,1.0,0.0,ORD-002119
FIN-002120,AGT-0236,9000.0,3.0,0.0,2.0,1.0,ORD-002120
FIN-002122,AGT-0236,9000.0,1.0,0.0,0.0,1.0,ORD-002122
FIN-002123,AGT-0236,45000.0,1.0,,1.0,0.0,ORD-002123
FIN-002124,AGT-0236,9000.0,26.0,0.0,0.0,0.0,ORD-002124
FIN-002125,AGT-0237,45000.0,57.0,0.0,1.0,1.0,ORD-002125
FIN-002126,AGT-0237,13500.0,9.0,0.0,0.0,0.0,ORD-002126
FIN-002127,AGT-0237,4500.0,7.0,0.0,2.0,1.0,ORD-002127
FIN-002128,AGT-0237,45000.0,1.0,0.0,0.0,1.0,ORD-002128
FIN-002129,AGT-0237,9000.0,4.0,0.0,0.0,0.0,ORD-002129
FIN-002130,AGT-0237,4500.0,124.0,4500.0,0.0,1.0,ORD-002130
FIN-002131,AGT-0237,9000.0,0.0,0.0,0.0,0.0,ORD-002131
FIN-002132,AGT-0237,13500.0,0.0,0.0,1.0,0.0,ORD-002132
FIN-002133,AGT-0237,9000.0,19.0,0.0,0.0,0.0,ORD-002133
FIN-002134,AGT-0237,9000.0,1.0,0.0,0.0,0.0,ORD-002134
FIN-002135,AGT-0237,4500.0,6.0,0.0,0.0,0.0,ORD-002135
FIN-002136,AGT-0237,9000.0,1.0,0.0,1.0,1.0,ORD-002136
FIN-002137,AGT-0238,9000.0,18.0,0.0,0.0,0.0,ORD-002137
FIN-002138,AGT-0238,22500.0,11.0,0.0,0.0,0.0,ORD-002138
FIN-002139,AGT-0238,13500.0,17.0,0.0,0.0,1.0,ORD-002139
FIN-002140,AGT-0238,9000.0,3.0,0.0,1.0,2.0,ORD-002140
FIN-002141,AGT-0238,13500.0,26.0,0.0,0.0,0.0,ORD-002141
FIN-002142,AGT-0238,4500.0,4.0,0.0,0.0,0.0,ORD-002142
FIN-002143,AGT-0238,45000.0,21.0,0.0,0.0,0.0,ORD-002143
FIN-002144,AGT-0238,9000.0,14.0,0.0,0.0,2.0,ORD-002144
FIN-002145,AGT-0239,,5.0,0.0,0.0,0.0,ORD-002145
FIN-002146,AGT-0239,4500.0,17.0,0.0,0.0,0.0,ORD-002146
FIN-002147,AGT-0239,13500.0,6.0,0.0,0.0,0.0,ORD-002147
FIN-002148,AGT-0239,9000.0,11.0,0.0,,,ORD-002148
FIN-002149,AGT-0239,13500.0,1.0,0.0,0.0,0.0,ORD-002149
FIN-002150,AGT-0239,9000.0,17.0,0.0,,1.0,ORD-002150
FIN-002151,AGT-0239,9000.0,12.0,0.0,0.0,1.0,ORD-002151
FIN-002152,AGT-0240,9000.0,17.0,0.0,0.0,0.0,ORD-002152
FIN-002153,AGT-0240,13500.0,0.0,0.0,0.0,2.0,ORD-002153
FIN-002154,AGT-0240,9000.0,14.0,0.0,0.0,0.0,ORD-002154
FIN-002155,AGT-0240,22500.0,36.0,22500.0,0.0,0.0,ORD-002155
FIN-002156,AGT-0240,9000.0,9.0,0.0,0.0,0.0,ORD-002156
FIN-002157,AGT-0240,13500.0,43.0,13500.0,1.0,1.0,ORD-002157
FIN-002158,AGT-0241,9000.0,24.0,0.0,0.0,0.0,ORD-002158
FIN-002159,AGT-0241,13500.0,27.0,0.0,1.0,1.0,ORD-002159
FIN-002160,AGT-0241,13500.0,55.0,0.0,0.0,1.0,ORD-002160
FIN-002161,AGT-0241,4500.0,17.0,0.0,0.0,1.0,ORD-002161
FIN-002162,AGT-0241,22500.0,15.0,0.0,2.0,0.0,ORD-002162
FIN-002163,AGT-0241,13500.0,0.0,0.0,0.0,0.0,ORD-002163
FIN-002164,AGT-0241,9000.0,20.0,0.0,1.0,2.0,ORD-002164
FIN-002165,AGT-0241,,8.0,0.0,0.0,0.0,ORD-002165
FIN-002166,AGT-0241,22500.0,10.0,0.0,2.0,0.0,ORD-002166
FIN-002167,AGT-0241,9000.0,1.0,0.0,0.0,1.0,ORD-002167
FIN-002168,AGT-0242,4500.0,3.0,0.0,0.0,0.0,ORD-002168
FIN-002169,AGT-0242,9000.0,5.0,0.0,0.0,0.0,ORD-002169
FIN-002170,AGT-0242,13500.0,1.0,0.0,0.0,0.0,ORD-002170
FIN-002172,AGT-0242,4500.0,14.0,0.0,0.0,0.0,ORD-002172
FIN-002173,AGT-0242,13500.0,16.0,0.0,1.0,,ORD-002173
FIN-002174,AGT-0242,9000.0,24.0,0.0,0.0,1.0,ORD-002174
FIN-002175,AGT-0243,9000.0,7.0,0.0,0.0,0.0,ORD-002175
FIN-002176,AGT-0243,4500.0,3.0,0.0,1.0,0.0,ORD-002176
FIN-002177,AGT-0243,13500.0,8.0,0.0,0.0,0.0,ORD-002177
FIN-002178,AGT-0243,,12.0,0.0,1.0,0.0,ORD-002178
FIN-002179,AGT-0243,9000.0,9.0,,0.0,1.0,ORD-002179
FIN-002180,AGT-0243,4500.0,4.0,0.0,1.0,0.0,ORD-002180
FIN-002181,AGT-0244,4500.0,39.0,4500.0,1.0,1.0,ORD-002181
FIN-002182,AGT-0244,22500.0,17.0,0.0,1.0,1.0,ORD-002182
FIN-002183,AGT-0244,9000.0,12.0,0.0,1.0,1.0,ORD-002183
FIN-002184,AGT-0244,4500.0,11.0,,0.0,1.0,ORD-002184
FIN-002185,AGT-0244,9000.0,6.0,0.0,0.0,1.0,ORD-002185
FIN-002186,AGT-0244,22500.0,3.0,0.0,2.0,1.0,ORD-002186
FIN-002187,AGT-0244,9000.0,19.0,0.0,1.0,0.0,ORD-002187
FIN-002188,AGT-0245,13500.0,1.0,0.0,1.0,0.0,ORD-002188
FIN-002189,AGT-0245,13500.0,2.0,0.0,0.0,0.0,ORD-002189
FIN-002190,AGT-0245,22500.0,1.0,0.0,0.0,0.0,ORD-002190
FIN-002191,AGT-0245,9000.0,0.0,0.0,1.0,0.0,ORD-002191
FIN-002192,AGT-0245,9000.0,7.0,0.0,0.0,1.0,ORD-002192
FIN-002193,AGT-0245,13500.0,3.0,0.0,0.0,1.0,ORD-002193
FIN-002194,AGT-0245,9000.0,17.0,0.0,0.0,0.0,ORD-002194
FIN-002195,AGT-0245,13500.0,8.0,0.0,0.0,1.0,ORD-002195
FIN-002196,AGT-0245,13500.0,8.0,0.0,0.0,1.0,ORD-002196
FIN-002197,AGT-0245,13500.0,4.0,0.0,0.0,1.0,ORD-002197
FIN-002198,AGT-0245,9000.0,1.0,0.0,0.0,1.0,ORD-002198
FIN-002199,AGT-0246,9000.0,10.0,0.0,0.0,1.0,ORD-002199
FIN-002200,AGT-0246,9000.0,9.0,0.0,0.0,0.0,ORD-002200
FIN-002201,AGT-0246,9000.0,4.0,0.0,0.0,0.0,ORD-002201
FIN-002202,AGT-0246,9000.0,6.0,0.0,0.0,0.0,ORD-002202
FIN-002203,AGT-0246,22500.0,2.0,0.0,0.0,0.0,ORD-002203
FIN-002204,AGT-0246,4500.0,7.0,0.0,0.0,2.0,ORD-002204
FIN-002205,AGT-0246,9000.0,51.0,0.0,2.0,0.0,ORD-002205
FIN-002206,AGT-0246,13500.0,17.0,0.0,1.0,0.0,ORD-002206
FIN-002207,AGT-0246,9000.0,36.0,9000.0,0.0,0.0,ORD-002207
FIN-002208,AGT-0246,9000.0,37.0,0.0,1.0,0.0,ORD-002208
FIN-002209,AGT-0246,13500.0,40.0,13500.0,0.0,0.0,ORD-002209
FIN-002210,AGT-0246,4500.0,2.0,0.0,0.0,0.0,ORD-002210
FIN-002211,AGT-0247,9000.0,6.0,0.0,0.0,0.0,ORD-002211
FIN-002212,AGT-0247,4500.0,17.0,0.0,1.0,0.0,ORD-002212
FIN-002213,AGT-0247,4500.0,,0.0,1.0,0.0,ORD-002213
FIN-002214,AGT-0247,13500.0,8.0,0.0,2.0,1.0,ORD-002214
FIN-002215,AGT-0247,9000.0,51.0,9000.0,0.0,0.0,ORD-002215
FIN-002216,AGT-0247,45000.0,40.0,0.0,0.0,2.0,ORD-002216
FIN-002217,AGT-0247,4500.0,7.0,0.0,,1.0,ORD-002217
FIN-002218,AGT-0248,9000.0,9.0,0.0,2.0,1.0,ORD-002218
FIN-002219,AGT-0248,45000.0,23.0,0.0,,0.0,ORD-002219
FIN-002220,AGT-0248,45000.0,45.0,0.0,2.0,2.0,ORD-002220
FIN-002221,AGT-0248,13500.0,27.0,0.0,0.0,1.0,ORD-002221
FIN-002222,AGT-0248,9000.0,16.0,0.0,0.0,0.0,ORD-002222
FIN-002223,AGT-0248,22500.0,5.0,0.0,1.0,,ORD-002223
FIN-002224,AGT-0248,45000.0,10.0,0.0,0.0,2.0,ORD-002224
FIN-002225,AGT-0248,9000.0,5.0,0.0,0.0,1.0,ORD-002225
FIN-002226,AGT-0249,45000.0,30.0,0.0,0.0,0.0,ORD-002226
FIN-002227,AGT-0249,13500.0,13.0,0.0,,1.0,ORD-002227
FIN-002228,AGT-0249,4500.0,24.0,0.0,2.0,0.0,ORD-002228
FIN-002229,AGT-0249,9000.0,1.0,0.0,0.0,1.0,ORD-002229
FIN-002230,AGT-0249,9000.0,26.0,0.0,1.0,1.0,ORD-002230
FIN-002231,AGT-0249,9000.0,4.0,0.0,0.0,1.0,ORD-002231
FIN-002232,AGT-0249,4500.0,26.0,0.0,0.0,0.0,ORD-002232
FIN-002233,AGT-0250,,3.0,0.0,2.0,0.0,ORD-002233
FIN-002234,AGT-0250,9000.0,12.0,0.0,0.0,1.0,ORD-002234
FIN-002235,AGT-0250,9000.0,8.0,0.0,0.0,1.0,ORD-002235
FIN-002236,AGT-0250,4500.0,9.0,0.0,2.0,0.0,ORD-002236
FIN-002237,AGT-0250,13500.0,9.0,0.0,0.0,0.0,ORD-002237
FIN-002238,AGT-0250,9000.0,10.0,0.0,1.0,0.0,ORD-002238
FIN-002239,AGT-0250,9000.0,4.0,0.0,0.0,1.0,ORD-002239
FIN-002240,AGT-0250,4500.0,11.0,0.0,1.0,0.0,ORD-002240
FIN-002241,AGT-0250,4500.0,13.0,0.0,,1.0,ORD-002241
FIN-002242,AGT-0250,45000.0,38.0,45000.0,0.0,1.0,ORD-002242
FIN-002243,AGT-0250,13500.0,5.0,0.0,0.0,0.0,ORD-002243
FIN-002244,AGT-0251,13500.0,17.0,0.0,1.0,2.0,ORD-002244
FIN-002245,AGT-0251,4500.0,8.0,0.0,0.0,2.0,ORD-002245
FIN-002246,AGT-0251,13500.0,14.0,0.0,0.0,0.0,ORD-002246
FIN-002247,AGT-0251,9000.0,4.0,0.0,1.0,1.0,ORD-002247
FIN-002248,AGT-0251,13500.0,8.0,0.0,0.0,0.0,ORD-002248
FIN-002249,AGT-0251,9000.0,20.0,0.0,0.0,2.0,ORD-002249
FIN-002251,AGT-0252,13500.0,33.0,13500.0,0.0,0.0,ORD-002251
FIN-002252,AGT-0252,9000.0,21.0,0.0,0.0,0.0,ORD-002252
FIN-002253,AGT-0252,22500.0,1.0,0.0,0.0,0.0,ORD-002253
FIN-002254,AGT-0252,13500.0,20.0,0.0,0.0,2.0,ORD-002254
FIN-002255,AGT-0252,13500.0,54.0,13500.0,2.0,1.0,ORD-002255
FIN-002256,AGT-0252,45000.0,6.0,0.0,0.0,0.0,ORD-002256
FIN-002257,AGT-0253,9000.0,8.0,0.0,0.0,1.0,ORD-002257
FIN-002258,AGT-0253,9000.0,23.0,0.0,0.0,0.0,ORD-002258
FIN-002259,AGT-0253,9000.0,17.0,0.0,0.0,0.0,ORD-002259
FIN-002260,AGT-0253,45000.0,27.0,0.0,0.0,1.0,ORD-002260
FIN-002261,AGT-0253,13500.0,31.0,13500.0,1.0,1.0,ORD-002261
FIN-002262,AGT-0253,9000.0,21.0,0.0,0.0,0.0,ORD-002262
FIN-002263,AGT-0253,9000.0,21.0,0.0,0.0,0.0,ORD-002263
FIN-002264,AGT-0253,9000.0,19.0,0.0,0.0,0.0,ORD-002264
FIN-002265,AGT-0253,9000.0,3.0,,0.0,0.0,ORD-002265
FIN-002266,AGT-0253,9000.0,12.0,0.0,0.0,0.0,ORD-002266
FIN-002267,AGT-0253,13500.0,2.0,0.0,0.0,1.0,ORD-002267
FIN-002268,AGT-0253,4500.0,16.0,0.0,0.0,1.0,ORD-002268
FIN-002269,AGT-0254,4500.0,5.0,0.0,0.0,1.0,ORD-002269
FIN-002270,AGT-0254,9000.0,0.0,0.0,2.0,2.0,ORD-002270
FIN-002271,AGT-0254,13500.0,11.0,0.0,0.0,1.0,ORD-002271
FIN-002272,AGT-0254,9000.0,3.0,0.0,0.0,1.0,ORD-002272
FIN-002273,AGT-0254,9000.0,17.0,0.0,0.0,1.0,ORD-002273
FIN-002274,AGT-0254,9000.0,14.0,0.0,0.0,2.0,ORD-002274
FIN-002275,AGT-0254,9000.0,39.0,0.0,0.0,0.0,ORD-002275
FIN-002276,AGT-0254,13500.0,45.0,13500.0,0.0,0.0,ORD-002276
FIN-002277,AGT-0254,13500.0,26.0,0.0,0.0,0.0,ORD-002277
FIN-002278,AGT-0254,45000.0,8.0,0.0,0.0,0.0,ORD-002278
FIN-002279,AGT-0254,9000.0,2.0,0.0,0.0,1.0,ORD-002279
FIN-002280,AGT-0255,9000.0,13.0,0.0,0.0,1.0,ORD-002280
FIN-002281,AGT-0255,9000.0,0.0,0.0,1.0,0.0,ORD-002281
FIN-002282,AGT-0255,9000.0,44.0,9000.0,0.0,1.0,ORD-002282
FIN-002283,AGT-0255,9000.0,38.0,9000.0,1.0,0.0,ORD-002283
FIN-002284,AGT-0255,9000.0,8.0,0.0,1.0,1.0,ORD-002284
FIN-002285,AGT-0255,22500.0,1.0,0.0,0.0,0.0,ORD-002285
FIN-002286,AGT-0255,13500.0,23.0,0.0,0.0,1.0,ORD-002286
FIN-002287,AGT-0255,4500.0,9.0,0.0,0.0,0.0,ORD-002287
FIN-002288,AGT-0255,13500.0,1.0,0.0,1.0,0.0,ORD-002288
FIN-002289,AGT-0255,4500.0,30.0,0.0,2.0,0.0,ORD-002289
FIN-002290,AGT-0255,9000.0,6.0,0.0,0.0,0.0,ORD-002290
FIN-002291,AGT-0256,9000.0,6.0,0.0,0.0,1.0,ORD-002291
FIN-002292,AGT-0256,22500.0,3.0,0.0,0.0,0.0,ORD-002292
FIN-002293,AGT-0256,9000.0,6.0,0.0,0.0,2.0,ORD-002293
FIN-002294,AGT-0256,9000.0,7.0,0.0,0.0,0.0,ORD-002294
FIN-002295,AGT-0256,9000.0,5.0,0.0,0.0,2.0,ORD-002295
FIN-002296,AGT-0256,9000.0,18.0,0.0,0.0,0.0,ORD-002296
FIN-002297,AGT-0257,9000.0,3.0,0.0,2.0,2.0,ORD-002297
FIN-002298,AGT-0257,13500.0,3.0,0.0,0.0,2.0,ORD-002298
FIN-002299,AGT-0257,9000.0,12.0,0.0,0.0,1.0,ORD-002299
FIN-002300,AGT-0257,4500.0,25.0,0.0,0.0,1.0,ORD-002300
FIN-002301,AGT-0257,9000.0,4.0,0.0,0.0,0.0,ORD-002301
FIN-002302,AGT-0257,9000.0,0.0,0.0,0.0,2.0,ORD-002302
FIN-002303,AGT-0258,4500.0,35.0,0.0,1.0,0.0,ORD-002303
FIN-002304,AGT-0258,4500.0,2.0,0.0,0.0,0.0,ORD-002304
FIN-002305,AGT-0258,13500.0,16.0,0.0,0.0,0.0,ORD-002305
FIN-002306,AGT-0258,13500.0,16.0,0.0,0.0,,ORD-002306
FIN-002307,AGT-0258,9000.0,10.0,0.0,0.0,0.0,ORD-002307
FIN-002308,AGT-0258,4500.0,2.0,0.0,1.0,0.0,ORD-002308
FIN-002309,AGT-0258,22500.0,5.0,0.0,1.0,1.0,ORD-002309
FIN-002310,AGT-0258,9000.0,16.0,0.0,0.0,0.0,ORD-002310
FIN-002311,AGT-0258,9000.0,9.0,0.0,1.0,0.0,ORD-002311
FIN-002312,AGT-0259,13500.0,9.0,0.0,0.0,1.0,ORD-002312
FIN-002313,AGT-0259,4500.0,3.0,0.0,0.0,0.0,ORD-002313
FIN-002314,AGT-0259,9000.0,2.0,0.0,1.0,1.0,ORD-002314
FIN-002315,AGT-0259,4500.0,18.0,0.0,0.0,1.0,ORD-002315
FIN-002316,AGT-0259,4500.0,67.0,4500.0,0.0,1.0,ORD-002316
FIN-002317,AGT-0259,13500.0,0.0,0.0,0.0,0.0,ORD-002317
FIN-002318,AGT-0259,9000.0,4.0,0.0,0.0,1.0,ORD-002318
FIN-002319,AGT-0259,9000.0,0.0,0.0,1.0,0.0,ORD-002319
FIN-002320,AGT-0259,9000.0,26.0,0.0,1.0,0.0,ORD-002320
FIN-002321,AGT-0259,4500.0,4.0,0.0,0.0,0.0,ORD-002321
FIN-002322,AGT-0260,22500.0,9.0,0.0,0.0,1.0,ORD-002322
FIN-002323,AGT-0260,9000.0,1.0,0.0,0.0,0.0,ORD-002323
FIN-002324,AGT-0260,9000.0,1.0,0.0,0.0,1.0,ORD-002324
FIN-002325,AGT-0260,9000.0,21.0,0.0,0.0,1.0,ORD-002325
FIN-002326,AGT-0260,4500.0,4.0,0.0,0.0,0.0,ORD-002326
FIN-002327,AGT-0260,4500.0,1.0,0.0,0.0,0.0,ORD-002327
FIN-002328,AGT-0260,9000.0,32.0,0.0,0.0,1.0,ORD-002328
FIN-002329,AGT-0260,4500.0,16.0,0.0,0.0,0.0,ORD-002329
FIN-002330,AGT-0260,13500.0,12.0,0.0,1.0,0.0,ORD-002330
FIN-002331,AGT-9999,4500.0,10.0,0.0,0.0,1.0,ORD-002331
FIN-002332,AGT-0260,22500.0,0.0,0.0,0.0,1.0,ORD-002332
FIN-002333,AGT-0261,4500.0,21.0,0.0,0.0,0.0,ORD-002333
FIN-002334,AGT-0261,9000.0,19.0,0.0,0.0,0.0,ORD-002334
FIN-002335,AGT-0261,9000.0,19.0,0.0,0.0,1.0,ORD-002335
FIN-002336,AGT-0261,13500.0,43.0,13500.0,2.0,2.0,ORD-002336
FIN-002337,AGT-0261,13500.0,0.0,0.0,0.0,1.0,ORD-002337
FIN-002338,AGT-0261,4500.0,13.0,0.0,0.0,0.0,ORD-002338
FIN-002339,AGT-0261,45000.0,1.0,0.0,0.0,0.0,ORD-002339
FIN-002340,AGT-0261,9000.0,15.0,0.0,0.0,1.0,ORD-002340
FIN-002341,AGT-0261,4500.0,14.0,0.0,1.0,0.0,ORD-002341
FIN-002342,AGT-0261,13500.0,2.0,0.0,2.0,1.0,ORD-002342
FIN-002343,AGT-0261,9000.0,3.0,0.0,0.0,0.0,ORD-002343
FIN-002344,AGT-0261,4500.0,16.0,0.0,0.0,0.0,ORD-002344
FIN-002345,AGT-0262,13500.0,4.0,0.0,1.0,0.0,ORD-002345
FIN-002346,AGT-0262,45000.0,5.0,0.0,0.0,0.0,ORD-002346
FIN-002347,AGT-0262,13500.0,3.0,0.0,1.0,0.0,ORD-002347
FIN-002348,AGT-0262,13500.0,24.0,0.0,1.0,0.0,ORD-002348
FIN-002349,AGT-0262,13500.0,48.0,0.0,,1.0,ORD-002349
FIN-002350,AGT-0262,4500.0,8.0,0.0,0.0,0.0,ORD-002350
FIN-002351,AGT-0262,,8.0,0.0,0.0,1.0,ORD-002351
FIN-002352,AGT-0263,9000.0,,9000.0,0.0,,ORD-002352
FIN-002353,AGT-0263,22500.0,5.0,0.0,0.0,1.0,ORD-002353
FIN-002354,AGT-0263,9000.0,11.0,0.0,0.0,0.0,ORD-002354
FIN-002355,AGT-0263,9000.0,8.0,0.0,2.0,1.0,ORD-002355
FIN-002356,AGT-0263,13500.0,15.0,0.0,0.0,1.0,ORD-002356
FIN-002357,AGT-0263,13500.0,28.0,0.0,0.0,0.0,ORD-002357
FIN-002358,AGT-0263,13500.0,3.0,0.0,1.0,1.0,ORD-002358
FIN-002359,AGT-0263,13500.0,18.0,0.0,0.0,0.0,ORD-002359
FIN-002360,AGT-0264,9000.0,12.0,0.0,2.0,0.0,ORD-002360
FIN-002361,AGT-0264,13500.0,5.0,0.0,1.0,1.0,ORD-002361
FIN-002362,AGT-0264,9000.0,3.0,0.0,0.0,2.0,ORD-002362
FIN-002363,AGT-0264,9000.0,5.0,0.0,1.0,0.0,ORD-002363
FIN-002364,AGT-0264,45000.0,9.0,0.0,0.0,1.0,ORD-002364
FIN-002365,AGT-0264,9000.0,1.0,0.0,0.0,0.0,ORD-002365
FIN-002366,AGT-0264,9000.0,0.0,0.0,1.0,0.0,ORD-002366
FIN-002367,AGT-0264,45000.0,3.0,0.0,0.0,1.0,ORD-002367
FIN-002368,AGT-0265,22500.0,19.0,0.0,0.0,0.0,ORD-002368
FIN-002369,AGT-0265,13500.0,27.0,0.0,0.0,0.0,ORD-002369
FIN-002370,AGT-0265,9000.0,0.0,0.0,0.0,0.0,ORD-002370
FIN-002371,AGT-0265,4500.0,2.0,0.0,1.0,0.0,ORD-002371
FIN-002372,AGT-0265,22500.0,0.0,0.0,0.0,0.0,ORD-002372
FIN-002373,AGT-0265,4500.0,7.0,0.0,2.0,0.0,ORD-002373
FIN-002374,AGT-0265,9000.0,1.0,0.0,0.0,0.0,ORD-002374
FIN-002375,AGT-0265,9000.0,8.0,0.0,0.0,1.0,ORD-002375
FIN-002376,AGT-0266,9000.0,25.0,0.0,2.0,1.0,ORD-002376
FIN-002377,AGT-0266,22500.0,10.0,0.0,0.0,1.0,ORD-002377
FIN-002378,AGT-0266,4500.0,10.0,0.0,1.0,1.0,ORD-002378
FIN-002379,AGT-0266,9000.0,10.0,0.0,0.0,0.0,ORD-002379
FIN-002380,AGT-0266,9000.0,9.0,0.0,0.0,2.0,ORD-002380
FIN-002381,AGT-0266,45000.0,38.0,45000.0,1.0,0.0,ORD-002381
FIN-002382,AGT-0266,13500.0,3.0,0.0,0.0,1.0,ORD-002382
FIN-002383,AGT-0266,13500.0,6.0,0.0,0.0,1.0,ORD-002383
FIN-002384,AGT-0266,9000.0,1.0,0.0,0.0,0.0,ORD-002384
FIN-002385,AGT-0266,9000.0,10.0,0.0,0.0,1.0,ORD-002385
FIN-002386,AGT-0267,9000.0,3.0,0.0,0.0,0.0,ORD-002386
FIN-002387,AGT-0267,13500.0,23.0,0.0,0.0,0.0,ORD-002387
FIN-002388,AGT-0267,9000.0,24.0,0.0,0.0,1.0,ORD-002388
FIN-002389,AGT-0267,9000.0,10.0,0.0,0.0,1.0,ORD-002389
FIN-002390,AGT-0267,13500.0,27.0,0.0,0.0,0.0,ORD-002390
FIN-002391,AGT-0267,4500.0,23.0,0.0,1.0,2.0,ORD-002391
FIN-002392,AGT-0267,4500.0,13.0,0.0,0.0,0.0,ORD-002392
FIN-002393,AGT-0268,9000.0,4.0,0.0,0.0,1.0,ORD-002393
FIN-002394,AGT-0268,9000.0,21.0,0.0,0.0,1.0,ORD-002394
FIN-002395,AGT-0268,13500.0,2.0,0.0,1.0,1.0,ORD-002395
FIN-002396,AGT-0268,9000.0,3.0,0.0,0.0,0.0,ORD-002396
FIN-002397,AGT-0268,13500.0,2.0,0.0,0.0,1.0,ORD-002397
FIN-002398,AGT-0268,9000.0,2.0,0.0,0.0,0.0,ORD-002398
FIN-002399,AGT-0268,9000.0,15.0,0.0,0.0,2.0,ORD-002399
FIN-002402,AGT-0268,,11.0,0.0,0.0,0.0,ORD-002402
FIN-002403,AGT-0269,4500.0,3.0,0.0,0.0,1.0,ORD-002403
FIN-002404,AGT-0269,13500.0,7.0,0.0,2.0,1.0,ORD-002404
FIN-002405,AGT-0269,9000.0,47.0,9000.0,0.0,0.0,ORD-002405
FIN-002406,AGT-0269,9000.0,38.0,9000.0,0.0,2.0,ORD-002406
FIN-002407,AGT-0269,13500.0,4.0,0.0,0.0,2.0,ORD-002407
FIN-002408,AGT-0269,9000.0,1.0,0.0,0.0,1.0,ORD-002408
FIN-002409,AGT-0269,13500.0,1.0,0.0,0.0,1.0,ORD-002409
FIN-002410,AGT-0269,9000.0,6.0,0.0,2.0,0.0,ORD-002410
FIN-002411,AGT-0269,9000.0,6.0,0.0,0.0,0.0,ORD-002411
FIN-002412,AGT-0270,13500.0,0.0,0.0,0.0,1.0,ORD-002412
FIN-002413,AGT-0270,9000.0,12.0,0.0,0.0,0.0,ORD-002413
FIN-002414,AGT-0270,4500.0,10.0,0.0,0.0,1.0,ORD-002414
FIN-002415,AGT-0270,13500.0,23.0,0.0,0.0,1.0,ORD-002415
FIN-002416,AGT-0270,9000.0,5.0,0.0,0.0,1.0,ORD-002416
FIN-002417,AGT-0270,9000.0,43.0,0.0,0.0,1.0,ORD-002417
FIN-002418,AGT-0270,,0.0,0.0,0.0,0.0,ORD-002418
FIN-002419,AGT-0271,13500.0,5.0,0.0,0.0,1.0,ORD-002419
FIN-002420,AGT-0271,13500.0,7.0,0.0,2.0,0.0,ORD-002420
FIN-002421,AGT-0271,13500.0,30.0,0.0,0.0,1.0,ORD-002421
FIN-002422,AGT-0271,22500.0,12.0,0.0,0.0,0.0,ORD-002422
FIN-002423,AGT-0271,4500.0,51.0,4500.0,0.0,1.0,ORD-002423
FIN-002424,AGT-0271,13500.0,41.0,0.0,0.0,0.0,ORD-002424
FIN-002425,AGT-0272,22500.0,17.0,0.0,0.0,0.0,ORD-002425
FIN-002426,AGT-0272,9000.0,2.0,0.0,1.0,0.0,ORD-002426
FIN-002427,AGT-0272,13500.0,19.0,0.0,1.0,1.0,ORD-002427
FIN-002428,AGT-0272,9000.0,0.0,0.0,0.0,,ORD-002428
FIN-002429,AGT-0272,9000.0,18.0,0.0,0.0,0.0,ORD-002429
FIN-002430,AGT-0272,4500.0,13.0,0.0,0.0,2.0,ORD-002430
FIN-002431,AGT-0272,45000.0,2.0,0.0,,1.0,ORD-002431
FIN-002432,AGT-0272,4500.0,,0.0,1.0,0.0,ORD-002432
FIN-002433,AGT-0272,4500.0,34.0,4500.0,0.0,1.0,ORD-002433
FIN-002434,AGT-0273,4500.0,12.0,0.0,2.0,1.0,ORD-002434
FIN-002435,AGT-0273,9000.0,26.0,0.0,0.0,0.0,ORD-002435
FIN-002436,AGT-0273,9000.0,102.0,9000.0,1.0,1.0,ORD-002436
FIN-002437,AGT-0273,9000.0,1.0,0.0,0.0,0.0,ORD-002437
FIN-002438,AGT-0273,13500.0,72.0,13500.0,,,ORD-002438
FIN-002439,AGT-0273,9000.0,2.0,0.0,0.0,0.0,ORD-002439
FIN-002440,AGT-0273,13500.0,27.0,0.0,2.0,1.0,ORD-002440
FIN-002441,AGT-0273,9000.0,49.0,9000.0,1.0,0.0,ORD-002441
FIN-002442,AGT-0274,13500.0,35.0,0.0,0.0,1.0,ORD-002442
FIN-002443,AGT-0274,4500.0,13.0,0.0,1.0,0.0,ORD-002443
FIN-002444,AGT-0274,,2.0,0.0,0.0,0.0,ORD-002444
FIN-002445,AGT-0274,9000.0,12.0,0.0,0.0,0.0,ORD-002445
FIN-002446,AGT-0274,22500.0,0.0,0.0,2.0,0.0,ORD-002446
FIN-002447,AGT-0274,,4.0,0.0,1.0,0.0,ORD-002447
FIN-002448,AGT-0274,4500.0,4.0,0.0,0.0,1.0,ORD-002448
FIN-002449,AGT-0274,9000.0,47.0,0.0,1.0,0.0,ORD-002449
FIN-002450,AGT-0275,,1.0,0.0,0.0,1.0,ORD-002450
FIN-002451,AGT-0275,45000.0,39.0,45000.0,0.0,1.0,ORD-002451
FIN-002452,AGT-0275,9000.0,14.0,0.0,0.0,1.0,ORD-002452
FIN-002453,AGT-0275,22500.0,18.0,0.0,0.0,0.0,ORD-002453
FIN-002454,AGT-0275,9000.0,11.0,0.0,0.0,0.0,ORD-002454
FIN-002455,AGT-0275,9000.0,2.0,0.0,0.0,0.0,ORD-002455
FIN-002456,AGT-0275,22500.0,12.0,0.0,0.0,2.0,ORD-002456
FIN-002457,AGT-0275,4500.0,17.0,0.0,0.0,0.0,ORD-002457
FIN-002458,AGT-0276,9000.0,16.0,0.0,0.0,1.0,ORD-002458
FIN-002459,AGT-0276,4500.0,38.0,0.0,2.0,0.0,ORD-002459
FIN-002460,AGT-0276,9000.0,21.0,0.0,1.0,0.0,ORD-002460
FIN-002461,AGT-0276,22500.0,20.0,0.0,1.0,0.0,ORD-002461
FIN-002462,AGT-0276,22500.0,11.0,0.0,0.0,1.0,ORD-002462
FIN-002463,AGT-0276,13500.0,4.0,0.0,1.0,0.0,ORD-002463
FIN-002464,AGT-0276,9000.0,15.0,0.0,0.0,0.0,ORD-002464
FIN-002465,AGT-0277,9000.0,37.0,0.0,0.0,1.0,ORD-002465
FIN-002466,AGT-0277,9000.0,19.0,0.0,0.0,1.0,ORD-002466
FIN-002467,AGT-0277,9000.0,0.0,0.0,1.0,0.0,ORD-002467
FIN-002468,AGT-0277,22500.0,1.0,0.0,0.0,1.0,ORD-002468
FIN-002469,AGT-0277,9000.0,3.0,0.0,2.0,1.0,ORD-002469
FIN-002470,AGT-0277,4500.0,53.0,4500.0,1.0,1.0,ORD-002470
FIN-002471,AGT-0277,9000.0,1.0,0.0,1.0,0.0,ORD-002471
FIN-002472,AGT-0277,9000.0,4.0,0.0,0.0,0.0,ORD-002472
FIN-002473,AGT-0278,4500.0,21.0,0.0,0.0,1.0,ORD-002473
FIN-002474,AGT-0278,13500.0,19.0,0.0,0.0,0.0,ORD-002474
FIN-002475,AGT-0278,9000.0,11.0,0.0,1.0,1.0,ORD-002475
FIN-002476,AGT-0278,13500.0,0.0,0.0,0.0,1.0,ORD-002476
FIN-002477,AGT-0278,9000.0,21.0,0.0,0.0,1.0,ORD-002477
FIN-002478,AGT-0278,13500.0,7.0,0.0,0.0,2.0,ORD-002478
FIN-002479,AGT-0278,4500.0,12.0,0.0,0.0,1.0,ORD-002479
FIN-002480,AGT-0278,22500.0,40.0,22500.0,0.0,0.0,ORD-002480
FIN-002482,AGT-0279,22500.0,3.0,0.0,0.0,0.0,ORD-002482
FIN-002483,AGT-0279,4500.0,31.0,4500.0,2.0,0.0,ORD-002483
FIN-002484,AGT-0279,45000.0,21.0,0.0,1.0,1.0,ORD-002484
FIN-002485,AGT-0279,22500.0,16.0,0.0,0.0,0.0,ORD-002485
FIN-002486,AGT-0279,9000.0,7.0,0.0,2.0,0.0,ORD-002486
FIN-002487,AGT-0280,22500.0,18.0,0.0,0.0,0.0,ORD-002487
FIN-002488,AGT-0280,13500.0,20.0,0.0,1.0,0.0,ORD-002488
FIN-002489,AGT-0280,9000.0,11.0,0.0,2.0,0.0,ORD-002489
FIN-002490,AGT-0280,9000.0,17.0,0.0,0.0,1.0,ORD-002490
FIN-002491,AGT-0280,45000.0,2.0,0.0,0.0,1.0,ORD-002491
FIN-002492,AGT-0280,9000.0,43.0,9000.0,0.0,0.0,ORD-002492
FIN-002493,AGT-0280,45000.0,48.0,45000.0,0.0,1.0,ORD-002493
FIN-002494,AGT-0280,13500.0,7.0,0.0,0.0,1.0,ORD-002494
FIN-002495,AGT-0280,13500.0,14.0,0.0,0.0,0.0,ORD-002495
FIN-002496,AGT-0281,9000.0,8.0,0.0,0.0,0.0,ORD-002496
FIN-002497,AGT-0281,13500.0,23.0,0.0,1.0,0.0,ORD-002497
FIN-002498,AGT-0281,9000.0,26.0,0.0,0.0,0.0,ORD-002498
FIN-002499,AGT-0281,45000.0,30.0,0.0,0.0,0.0,ORD-002499
FIN-002502,AGT-0281,45000.0,4.0,0.0,1.0,0.0,ORD-002502
FIN-002503,AGT-0281,22500.0,7.0,,0.0,1.0,ORD-002503
FIN-002504,AGT-0281,9000.0,1.0,0.0,0.0,1.0,ORD-002504
FIN-002505,AGT-0281,13500.0,8.0,0.0,1.0,1.0,ORD-002505
FIN-002506,AGT-0282,4500.0,3.0,0.0,0.0,1.0,ORD-002506
FIN-002507,AGT-0282,9000.0,27.0,0.0,1.0,1.0,ORD-002507
FIN-002508,AGT-0282,13500.0,10.0,0.0,0.0,1.0,ORD-002508
FIN-002509,AGT-0282,9000.0,8.0,0.0,0.0,0.0,ORD-002509
FIN-002510,AGT-0282,4500.0,11.0,0.0,2.0,1.0,ORD-002510
FIN-002511,AGT-0282,4500.0,7.0,0.0,0.0,1.0,ORD-002511
FIN-002512,AGT-0282,9000.0,19.0,0.0,1.0,1.0,ORD-002512
FIN-002513,AGT-0282,4500.0,0.0,0.0,0.0,1.0,ORD-002513
FIN-002514,AGT-0282,13500.0,3.0,0.0,1.0,0.0,ORD-002514
FIN-002515,AGT-0282,9000.0,11.0,0.0,0.0,0.0,ORD-002515
FIN-002516,AGT-0282,,22.0,0.0,1.0,0.0,ORD-002516
FIN-002517,AGT-0283,13500.0,98.0,0.0,0.0,1.0,ORD-002517
FIN-002518,AGT-0283,22500.0,11.0,0.0,0.0,0.0,ORD-002518
FIN-002519,AGT-0283,9000.0,5.0,0.0,1.0,0.0,ORD-002519
FIN-002520,AGT-0283,13500.0,3.0,0.0,0.0,2.0,ORD-002520
FIN-002521,AGT-0283,9000.0,1.0,45000.0,1.0,2.0,ORD-002521
FIN-002522,AGT-0283,4500.0,12.0,0.0,0.0,0.0,ORD-002522
FIN-002523,AGT-0283,13500.0,3.0,0.0,0.0,0.0,ORD-002523
FIN-002524,AGT-0284,45000.0,6.0,0.0,0.0,1.0,ORD-002524
FIN-002525,AGT-0284,9000.0,4.0,0.0,1.0,0.0,ORD-002525
FIN-002526,AGT-0284,9000.0,56.0,9000.0,0.0,1.0,ORD-002526
FIN-002527,AGT-0284,9000.0,20.0,0.0,,0.0,ORD-002527
FIN-002528,AGT-0284,13500.0,44.0,0.0,1.0,1.0,ORD-002528
FIN-002529,AGT-0284,4500.0,3.0,0.0,0.0,2.0,ORD-002529
FIN-002530,AGT-0284,4500.0,3.0,0.0,1.0,0.0,ORD-002530
FIN-002531,AGT-0285,9000.0,0.0,0.0,0.0,1.0,ORD-002531
FIN-002532,AGT-0285,9000.0,8.0,0.0,0.0,0.0,ORD-002532
FIN-002533,AGT-0285,4500.0,28.0,0.0,0.0,1.0,ORD-002533
FIN-002534,AGT-0285,9000.0,6.0,,1.0,1.0,ORD-002534
FIN-002535,AGT-0285,9000.0,2.0,0.0,0.0,0.0,ORD-002535
FIN-002536,AGT-0285,22500.0,4.0,0.0,1.0,0.0,ORD-002536
FIN-002537,AGT-0285,9000.0,0.0,0.0,0.0,1.0,ORD-002537
FIN-002538,AGT-0285,13500.0,0.0,0.0,0.0,,ORD-002538
FIN-002539,AGT-0285,4500.0,49.0,4500.0,0.0,1.0,ORD-002539
FIN-002540,AGT-0285,22500.0,4.0,0.0,0.0,1.0,ORD-002540
FIN-002541,AGT-0285,9000.0,18.0,0.0,0.0,0.0,ORD-002541
FIN-002542,AGT-0286,9000.0,5.0,,1.0,1.0,ORD-002542
FIN-002543,AGT-0286,4500.0,22.0,0.0,2.0,0.0,ORD-002543
FIN-002544,AGT-0286,4500.0,1.0,0.0,0.0,0.0,ORD-002544
FIN-002545,AGT-0286,13500.0,54.0,13500.0,1.0,1.0,ORD-002545
FIN-002546,AGT-0286,,3.0,0.0,0.0,1.0,ORD-002546
FIN-002547,AGT-0286,9000.0,9.0,0.0,0.0,1.0,ORD-002547
FIN-002548,AGT-0286,9000.0,10.0,0.0,0.0,0.0,ORD-002548
FIN-002549,AGT-0286,45000.0,5.0,0.0,1.0,1.0,ORD-002549
FIN-002550,AGT-0287,9000.0,5.0,0.0,0.0,0.0,ORD-002550
FIN-002551,AGT-0287,22500.0,6.0,0.0,0.0,0.0,ORD-002551
FIN-002552,AGT-0287,45000.0,14.0,0.0,0.0,0.0,ORD-002552
FIN-002553,AGT-0287,9000.0,10.0,0.0,0.0,0.0,ORD-002553
FIN-002554,AGT-0287,13500.0,1.0,0.0,1.0,0.0,ORD-002554
FIN-002555,AGT-0287,9000.0,10.0,0.0,0.0,1.0,ORD-002555
FIN-002556,AGT-0287,9000.0,42.0,0.0,0.0,0.0,ORD-002556
FIN-002557,AGT-0287,9000.0,1.0,0.0,0.0,0.0,ORD-002557
FIN-002558,AGT-0287,13500.0,1.0,0.0,0.0,1.0,ORD-002558
FIN-002559,AGT-0287,9000.0,6.0,0.0,0.0,0.0,ORD-002559
FIN-002560,AGT-0287,45000.0,1.0,0.0,0.0,1.0,ORD-002560
FIN-002561,AGT-0288,9000.0,14.0,0.0,,1.0,ORD-002561
FIN-002562,AGT-0288,22500.0,13.0,0.0,0.0,0.0,ORD-002562
FIN-002563,AGT-0288,4500.0,4.0,0.0,0.0,0.0,ORD-002563
FIN-002564,AGT-0288,4500.0,24.0,0.0,2.0,1.0,ORD-002564
FIN-002565,AGT-0288,9000.0,3.0,,0.0,0.0,ORD-002565
FIN-002566,AGT-0288,4500.0,19.0,0.0,0.0,0.0,ORD-002566
FIN-002567,AGT-0288,4500.0,53.0,4500.0,0.0,0.0,ORD-002567
FIN-002568,AGT-0289,9000.0,18.0,0.0,0.0,1.0,ORD-002568
FIN-002569,AGT-0289,9000.0,5.0,0.0,0.0,1.0,ORD-002569
FIN-002570,AGT-0289,4500.0,14.0,0.0,0.0,0.0,ORD-002570
FIN-002571,AGT-0289,4500.0,0.0,0.0,0.0,0.0,ORD-002571
FIN-002572,AGT-0289,9000.0,10.0,0.0,0.0,0.0,ORD-002572
FIN-002573,AGT-0289,22500.0,28.0,0.0,2.0,0.0,ORD-002573
FIN-002574,AGT-0289,4500.0,50.0,4500.0,0.0,0.0,ORD-002574
FIN-002575,AGT-0289,13500.0,0.0,0.0,1.0,0.0,ORD-002575
FIN-002576,AGT-0289,9000.0,12.0,0.0,0.0,2.0,ORD-002576
FIN-002577,AGT-0289,9000.0,42.0,0.0,0.0,2.0,ORD-002577
FIN-002578,AGT-0290,22500.0,10.0,0.0,0.0,1.0,ORD-002578
FIN-002579,AGT-0290,9000.0,18.0,0.0,0.0,2.0,ORD-002579
FIN-002580,AGT-0290,9000.0,65.0,9000.0,2.0,,ORD-002580
FIN-002581,AGT-0290,22500.0,9.0,0.0,1.0,2.0,ORD-002581
FIN-002582,AGT-0290,13500.0,8.0,0.0,0.0,2.0,ORD-002582
FIN-002583,AGT-0290,22500.0,10.0,0.0,0.0,0.0,ORD-002583
FIN-002584,AGT-0290,13500.0,12.0,0.0,0.0,0.0,ORD-002584
FIN-002585,AGT-0290,9000.0,28.0,0.0,0.0,1.0,ORD-002585
FIN-002586,AGT-0290,9000.0,26.0,0.0,0.0,0.0,ORD-002586
FIN-002587,AGT-0290,4500.0,0.0,0.0,1.0,0.0,ORD-002587
FIN-002588,AGT-0290,9000.0,21.0,0.0,0.0,0.0,ORD-002588
FIN-002589,AGT-0291,9000.0,5.0,0.0,1.0,1.0,ORD-002589
FIN-002590,AGT-0291,45000.0,27.0,0.0,1.0,0.0,ORD-002590
FIN-002591,AGT-0291,13500.0,1.0,0.0,1.0,1.0,ORD-002591
FIN-002592,AGT-0291,13500.0,31.0,0.0,0.0,0.0,ORD-002592
FIN-002593,AGT-0291,9000.0,13.0,0.0,1.0,0.0,ORD-002593
FIN-002594,AGT-0291,13500.0,42.0,0.0,0.0,0.0,ORD-002594
FIN-002595,AGT-0291,9000.0,1.0,0.0,2.0,0.0,ORD-002595
FIN-002596,AGT-0291,9000.0,15.0,0.0,0.0,0.0,ORD-002596
FIN-002597,AGT-0291,9000.0,8.0,0.0,0.0,1.0,ORD-002597
FIN-002598,AGT-0291,13500.0,32.0,13500.0,0.0,,ORD-002598
FIN-002599,AGT-0291,13500.0,22.0,0.0,0.0,1.0,ORD-002599
FIN-002600,AGT-0292,9000.0,15.0,0.0,0.0,1.0,ORD-002600
FIN-002602,AGT-0292,13500.0,30.0,0.0,1.0,1.0,ORD-002602
FIN-002603,AGT-0292,9000.0,31.0,0.0,2.0,1.0,ORD-002603
FIN-002604,AGT-0292,4500.0,23.0,0.0,0.0,0.0,ORD-002604
FIN-002605,AGT-0292,13500.0,26.0,0.0,0.0,2.0,ORD-002605
FIN-002606,AGT-0292,9000.0,24.0,0.0,0.0,1.0,ORD-002606
FIN-002607,AGT-0293,13500.0,0.0,0.0,2.0,1.0,ORD-002607
FIN-002608,AGT-0293,9000.0,3.0,0.0,1.0,,ORD-002608
FIN-002609,AGT-0293,45000.0,12.0,0.0,0.0,1.0,ORD-002609
FIN-002610,AGT-0293,13500.0,9.0,0.0,1.0,2.0,ORD-002610
FIN-002611,AGT-0293,4500.0,37.0,4500.0,0.0,0.0,ORD-002611
FIN-002612,AGT-0293,9000.0,29.0,0.0,0.0,1.0,ORD-002612
FIN-002613,AGT-0293,9000.0,,0.0,1.0,1.0,ORD-002613
FIN-002614,AGT-0293,4500.0,26.0,0.0,1.0,1.0,ORD-002614
FIN-002615,AGT-0293,,13.0,0.0,0.0,0.0,ORD-002615
FIN-002616,AGT-0293,9000.0,0.0,0.0,0.0,1.0,ORD-002616
FIN-002617,AGT-0293,13500.0,,0.0,0.0,1.0,ORD-002617
FIN-002618,AGT-0294,9000.0,16.0,0.0,0.0,0.0,ORD-002618
FIN-002619,AGT-0294,9000.0,7.0,0.0,0.0,0.0,ORD-002619
FIN-002620,AGT-0294,45000.0,33.0,45000.0,1.0,0.0,ORD-002620
FIN-002621,AGT-0294,13500.0,1.0,0.0,0.0,0.0,ORD-002621
FIN-002622,AGT-0294,9000.0,1.0,0.0,0.0,0.0,ORD-002622
FIN-002623,AGT-0294,22500.0,2.0,0.0,1.0,1.0,ORD-002623
FIN-002624,AGT-0294,13500.0,22.0,,0.0,2.0,ORD-002624
FIN-002625,AGT-0295,9000.0,22.0,0.0,1.0,0.0,ORD-002625
FIN-002626,AGT-0295,13500.0,16.0,,0.0,1.0,ORD-002626
FIN-002627,AGT-0295,4500.0,33.0,4500.0,0.0,0.0,ORD-002627
FIN-002628,AGT-0295,4500.0,5.0,0.0,2.0,0.0,ORD-002628
FIN-002629,AGT-0295,9000.0,7.0,0.0,,0.0,ORD-002629
FIN-002630,AGT-0295,9000.0,7.0,0.0,0.0,1.0,ORD-002630
FIN-002631,AGT-0296,13500.0,5.0,0.0,0.0,1.0,ORD-002631
FIN-002632,AGT-0296,4500.0,6.0,0.0,0.0,1.0,ORD-002632
FIN-002633,AGT-0296,4500.0,11.0,0.0,0.0,1.0,ORD-002633
FIN-002634,AGT-0296,13500.0,32.0,13500.0,0.0,0.0,ORD-002634
FIN-002635,AGT-0296,9000.0,8.0,0.0,2.0,1.0,ORD-002635
FIN-002636,AGT-0296,13500.0,7.0,0.0,0.0,0.0,ORD-002636
FIN-002637,AGT-0296,9000.0,,0.0,0.0,0.0,ORD-002637
FIN-002638,AGT-0296,9000.0,4.0,0.0,1.0,0.0,ORD-002638
FIN-002639,AGT-0296,4500.0,3.0,0.0,1.0,0.0,ORD-002639
FIN-002640,AGT-0297,13500.0,7.0,0.0,0.0,0.0,ORD-002640
FIN-002641,AGT-0297,13500.0,6.0,,0.0,0.0,ORD-002641
FIN-002642,AGT-0297,4500.0,17.0,0.0,0.0,1.0,ORD-002642
FIN-002643,AGT-0297,9000.0,1.0,0.0,0.0,0.0,ORD-002643
FIN-002644,AGT-0297,4500.0,2.0,0.0,0.0,0.0,ORD-002644
FIN-002645,AGT-0297,9000.0,4.0,0.0,1.0,1.0,ORD-002645
FIN-002646,AGT-0298,4500.0,16.0,0.0,0.0,1.0,ORD-002646
FIN-002647,AGT-0298,9000.0,12.0,0.0,0.0,0.0,ORD-002647
FIN-002648,AGT-0298,9000.0,4.0,,0.0,1.0,ORD-002648
FIN-002649,AGT-0298,9000.0,7.0,0.0,0.0,0.0,ORD-002649
FIN-002650,AGT-0298,13500.0,27.0,0.0,0.0,0.0,ORD-002650
FIN-002652,AGT-0298,9000.0,36.0,9000.0,1.0,0.0,ORD-002652
FIN-002653,AGT-0298,9000.0,4.0,0.0,0.0,0.0,ORD-002653
FIN-002654,AGT-0298,13500.0,,0.0,1.0,1.0,ORD-002654
FIN-002655,AGT-0298,9000.0,10.0,0.0,0.0,0.0,ORD-002655
FIN-002656,AGT-0299,9000.0,7.0,0.0,1.0,0.0,ORD-002656
FIN-002657,AGT-0299,4500.0,1.0,0.0,0.0,0.0,ORD-002657
FIN-002658,AGT-0299,9000.0,7.0,0.0,0.0,2.0,ORD-002658
FIN-002659,AGT-0299,13500.0,9.0,0.0,0.0,2.0,ORD-002659
FIN-002660,AGT-0299,9000.0,6.0,0.0,0.0,0.0,ORD-002660
FIN-002661,AGT-0299,22500.0,8.0,0.0,0.0,0.0,ORD-002661
FIN-002662,AGT-0299,9000.0,22.0,0.0,1.0,1.0,ORD-002662
FIN-002663,AGT-0299,13500.0,6.0,0.0,1.0,0.0,ORD-002663
FIN-002664,AGT-9999,13500.0,9.0,0.0,0.0,2.0,ORD-002664
FIN-002665,AGT-0300,22500.0,16.0,0.0,0.0,0.0,ORD-002665
FIN-002666,AGT-0300,22500.0,17.0,0.0,0.0,1.0,ORD-002666
FIN-002667,AGT-0300,9000.0,16.0,0.0,0.0,1.0,ORD-002667
FIN-002668,AGT-0300,45000.0,9.0,0.0,0.0,0.0,ORD-002668
FIN-002669,AGT-0300,9000.0,8.0,0.0,0.0,0.0,ORD-002669
FIN-002670,AGT-0300,9000.0,26.0,0.0,0.0,0.0,ORD-002670
FIN-002671,AGT-0300,22500.0,1.0,0.0,0.0,0.0,ORD-002671
FIN-002672,AGT-0300,22500.0,5.0,0.0,2.0,2.0,ORD-002672
FIN-002673,AGT-0301,13500.0,1.0,0.0,0.0,0.0,ORD-002673
FIN-002674,AGT-0301,22500.0,14.0,0.0,0.0,0.0,ORD-002674
FIN-002675,AGT-0301,9000.0,16.0,0.0,1.0,1.0,ORD-002675
FIN-002676,AGT-0301,13500.0,7.0,0.0,0.0,1.0,ORD-002676
FIN-002677,AGT-0301,4500.0,9.0,0.0,0.0,2.0,ORD-002677
FIN-002678,AGT-0301,13500.0,5.0,0.0,1.0,0.0,ORD-002678
FIN-002679,AGT-0301,9000.0,32.0,9000.0,1.0,0.0,ORD-002679
FIN-002680,AGT-0302,4500.0,35.0,4500.0,0.0,0.0,ORD-002680
FIN-002681,AGT-0302,9000.0,7.0,0.0,2.0,0.0,ORD-002681
FIN-002682,AGT-0302,9000.0,7.0,0.0,0.0,0.0,ORD-002682
FIN-002683,AGT-0302,9000.0,,9000.0,0.0,1.0,ORD-002683
FIN-002684,AGT-0302,13500.0,,0.0,0.0,1.0,ORD-002684
FIN-002685,AGT-0302,9000.0,1.0,0.0,0.0,0.0,ORD-002685
FIN-002686,AGT-0302,13500.0,1.0,0.0,0.0,0.0,ORD-002686
FIN-002687,AGT-0302,13500.0,2.0,0.0,0.0,2.0,ORD-002687
FIN-002688,AGT-0302,9000.0,25.0,0.0,2.0,1.0,ORD-002688
FIN-002689,AGT-0302,22500.0,16.0,0.0,1.0,1.0,ORD-002689
FIN-002690,AGT-0302,9000.0,32.0,9000.0,0.0,0.0,ORD-002690
FIN-002691,AGT-0302,13500.0,12.0,0.0,2.0,0.0,ORD-002691
FIN-002692,AGT-0303,45000.0,16.0,0.0,0.0,1.0,ORD-002692
FIN-002693,AGT-0303,9000.0,,0.0,0.0,2.0,ORD-002693
FIN-002694,AGT-0303,9000.0,5.0,0.0,2.0,0.0,ORD-002694
FIN-002695,AGT-0303,4500.0,26.0,0.0,0.0,0.0,ORD-002695
FIN-002696,AGT-0303,9000.0,43.0,0.0,1.0,0.0,ORD-002696
FIN-002697,AGT-0303,9000.0,9.0,0.0,0.0,0.0,ORD-002697
FIN-002698,AGT-0303,13500.0,4.0,0.0,2.0,0.0,ORD-002698
FIN-002699,AGT-0303,13500.0,12.0,0.0,1.0,1.0,ORD-002699
FIN-002700,AGT-0303,45000.0,9.0,0.0,0.0,0.0,ORD-002700
FIN-002701,AGT-0304,4500.0,2.0,0.0,0.0,0.0,ORD-002701
FIN-002702,AGT-0304,9000.0,7.0,0.0,1.0,1.0,ORD-002702
FIN-002703,AGT-0304,4500.0,18.0,0.0,0.0,1.0,ORD-002703
FIN-002704,AGT-0304,22500.0,4.0,0.0,0.0,1.0,ORD-002704
FIN-002705,AGT-0304,4500.0,25.0,0.0,0.0,1.0,ORD-002705
FIN-002706,AGT-0304,13500.0,27.0,0.0,0.0,1.0,ORD-002706
FIN-002707,AGT-0304,9000.0,24.0,0.0,1.0,0.0,ORD-002707
FIN-002708,AGT-0304,9000.0,6.0,0.0,0.0,0.0,ORD-002708
FIN-002709,AGT-0304,,5.0,0.0,0.0,0.0,ORD-002709
FIN-002710,AGT-0305,13500.0,3.0,0.0,0.0,2.0,ORD-002710
FIN-002711,AGT-0305,22500.0,,0.0,0.0,0.0,ORD-002711
FIN-002712,AGT-0305,4500.0,12.0,0.0,1.0,1.0,ORD-002712
FIN-002713,AGT-0305,9000.0,43.0,0.0,0.0,1.0,ORD-002713
FIN-002714,AGT-0305,9000.0,9.0,0.0,0.0,0.0,ORD-002714
FIN-002715,AGT-0305,9000.0,5.0,0.0,0.0,0.0,ORD-002715
FIN-002716,AGT-0305,4500.0,26.0,0.0,1.0,0.0,ORD-002716
FIN-002717,AGT-0305,4500.0,19.0,0.0,2.0,0.0,ORD-002717
FIN-002718,AGT-0306,9000.0,20.0,0.0,2.0,1.0,ORD-002718
FIN-002719,AGT-0306,9000.0,1.0,0.0,,1.0,ORD-002719
FIN-002720,AGT-0306,,9.0,0.0,0.0,1.0,ORD-002720
FIN-002721,AGT-0306,13500.0,4.0,0.0,,0.0,ORD-002721
FIN-002722,AGT-0306,13500.0,19.0,0.0,0.0,0.0,ORD-002722
FIN-002723,AGT-0306,4500.0,5.0,0.0,0.0,1.0,ORD-002723
FIN-002724,AGT-0306,13500.0,20.0,0.0,0.0,2.0,ORD-002724
FIN-002725,AGT-0306,13500.0,16.0,0.0,0.0,1.0,ORD-002725
FIN-002726,AGT-0306,9000.0,23.0,0.0,0.0,1.0,ORD-002726
FIN-002727,AGT-0306,13500.0,1.0,0.0,0.0,0.0,ORD-002727
FIN-002728,AGT-0306,45000.0,33.0,45000.0,1.0,1.0,ORD-002728
FIN-002729,AGT-0307,9000.0,0.0,0.0,0.0,2.0,ORD-002729
FIN-002730,AGT-0307,13500.0,6.0,0.0,1.0,0.0,ORD-002730
FIN-002731,AGT-0307,4500.0,30.0,0.0,0.0,0.0,ORD-002731
FIN-002732,AGT-0307,9000.0,7.0,0.0,0.0,1.0,ORD-002732
FIN-002733,AGT-0307,13500.0,30.0,0.0,2.0,0.0,ORD-002733
FIN-002734,AGT-0307,4500.0,7.0,0.0,0.0,1.0,ORD-002734
FIN-002735,AGT-0307,9000.0,101.0,9000.0,0.0,0.0,ORD-002735
FIN-002736,AGT-0308,45000.0,0.0,0.0,1.0,0.0,ORD-002736
FIN-002737,AGT-0308,9000.0,0.0,0.0,0.0,0.0,ORD-002737
FIN-002738,AGT-0308,45000.0,0.0,0.0,1.0,0.0,ORD-002738
FIN-002739,AGT-0308,4500.0,2.0,0.0,2.0,0.0,ORD-002739
FIN-002740,AGT-0308,4500.0,10.0,0.0,0.0,0.0,ORD-002740
FIN-002741,AGT-0308,9000.0,9.0,,0.0,0.0,ORD-002741
FIN-002742,AGT-0308,9000.0,21.0,0.0,0.0,1.0,ORD-002742
FIN-002743,AGT-0308,13500.0,5.0,0.0,0.0,0.0,ORD-002743
FIN-002744,AGT-0308,13500.0,30.0,0.0,1.0,0.0,ORD-002744
FIN-002745,AGT-0309,9000.0,4.0,0.0,0.0,0.0,ORD-002745
FIN-002746,AGT-0309,4500.0,8.0,0.0,,2.0,ORD-002746
FIN-002747,AGT-0309,9000.0,22.0,0.0,2.0,1.0,ORD-002747
FIN-002748,AGT-0309,9000.0,8.0,0.0,0.0,1.0,ORD-002748
FIN-002749,AGT-0309,4500.0,2.0,0.0,0.0,0.0,ORD-002749
FIN-002751,AGT-0309,9000.0,9.0,0.0,2.0,0.0,ORD-002751
FIN-002752,AGT-0309,9000.0,3.0,0.0,0.0,0.0,ORD-002752
FIN-002753,AGT-0309,22500.0,3.0,0.0,0.0,0.0,ORD-002753
FIN-002754,AGT-0309,4500.0,46.0,4500.0,0.0,0.0,ORD-002754
FIN-002755,AGT-0310,4500.0,100.0,0.0,0.0,0.0,ORD-002755
FIN-002756,AGT-0310,45000.0,8.0,0.0,2.0,1.0,ORD-002756
FIN-002757,AGT-0310,9000.0,9.0,0.0,0.0,1.0,ORD-002757
FIN-002758,AGT-0310,9000.0,15.0,0.0,0.0,,ORD-002758
FIN-002759,AGT-0310,9000.0,1.0,0.0,1.0,0.0,ORD-002759
FIN-002760,AGT-0310,9000.0,25.0,0.0,0.0,0.0,ORD-002760
FIN-002761,AGT-0310,13500.0,22.0,0.0,1.0,2.0,ORD-002761
FIN-002762,AGT-0310,13500.0,14.0,0.0,0.0,1.0,ORD-002762
FIN-002763,AGT-0310,13500.0,0.0,0.0,0.0,0.0,ORD-002763
FIN-002764,AGT-0310,9000.0,1.0,,0.0,1.0,ORD-002764
FIN-002765,AGT-0310,9000.0,1.0,0.0,0.0,0.0,ORD-002765
FIN-002766,AGT-0310,4500.0,0.0,0.0,1.0,0.0,ORD-002766
FIN-002767,AGT-0311,9000.0,14.0,0.0,0.0,0.0,ORD-002767
FIN-002768,AGT-0311,4500.0,22.0,0.0,0.0,0.0,ORD-002768
FIN-002769,AGT-0311,13500.0,12.0,0.0,0.0,2.0,ORD-002769
FIN-002770,AGT-0311,9000.0,18.0,0.0,0.0,1.0,ORD-002770
FIN-002771,AGT-0311,22500.0,19.0,0.0,0.0,1.0,ORD-002771
FIN-002772,AGT-0311,9000.0,5.0,0.0,1.0,0.0,ORD-002772
FIN-002773,AGT-0311,13500.0,4.0,0.0,2.0,0.0,ORD-002773
FIN-002774,AGT-0311,9000.0,7.0,0.0,0.0,1.0,ORD-002774
FIN-002775,AGT-0311,9000.0,5.0,0.0,0.0,1.0,ORD-002775
FIN-002776,AGT-0311,13500.0,21.0,0.0,0.0,1.0,ORD-002776
FIN-002777,AGT-0312,45000.0,13.0,0.0,0.0,0.0,ORD-002777
FIN-002778,AGT-0312,9000.0,6.0,0.0,0.0,1.0,ORD-002778
FIN-002779,AGT-0312,9000.0,,0.0,0.0,1.0,ORD-002779
FIN-002780,AGT-0312,13500.0,18.0,,1.0,1.0,ORD-002780
FIN-002781,AGT-0312,13500.0,6.0,0.0,0.0,1.0,ORD-002781
FIN-002782,AGT-0312,4500.0,43.0,,0.0,1.0,ORD-002782
FIN-002783,AGT-0312,9000.0,0.0,0.0,0.0,0.0,ORD-002783
FIN-002784,AGT-0312,13500.0,8.0,0.0,2.0,0.0,ORD-002784
FIN-002785,AGT-0312,4500.0,2.0,0.0,2.0,0.0,ORD-002785
FIN-002786,AGT-0312,13500.0,25.0,0.0,0.0,0.0,ORD-002786
FIN-002787,AGT-0312,4500.0,5.0,0.0,0.0,1.0,ORD-002787
FIN-002788,AGT-0313,13500.0,6.0,0.0,0.0,1.0,ORD-002788
FIN-002789,AGT-0313,22500.0,4.0,0.0,0.0,2.0,ORD-002789
FIN-002790,AGT-0313,13500.0,9.0,0.0,2.0,1.0,ORD-002790
FIN-002792,AGT-0313,13500.0,9.0,0.0,0.0,0.0,ORD-002792
FIN-002793,AGT-0313,45000.0,19.0,0.0,0.0,1.0,ORD-002793
FIN-002794,AGT-0313,13500.0,0.0,0.0,1.0,0.0,ORD-002794
FIN-002795,AGT-0313,45000.0,7.0,0.0,0.0,0.0,ORD-002795
FIN-002796,AGT-0313,13500.0,12.0,0.0,0.0,0.0,ORD-002796
FIN-002797,AGT-0313,4500.0,18.0,0.0,0.0,1.0,ORD-002797
FIN-002798,AGT-0313,13500.0,4.0,0.0,0.0,1.0,ORD-002798
FIN-002799,AGT-0313,9000.0,,0.0,1.0,0.0,ORD-002799
FIN-002801,AGT-0314,9000.0,9.0,0.0,0.0,0.0,ORD-002801
FIN-002802,AGT-0314,4500.0,3.0,0.0,0.0,1.0,ORD-002802
FIN-002803,AGT-0314,4500.0,17.0,0.0,2.0,0.0,ORD-002803
FIN-002804,AGT-0314,9000.0,11.0,0.0,2.0,0.0,ORD-002804
FIN-002805,AGT-0314,4500.0,6.0,0.0,1.0,0.0,ORD-002805
FIN-002806,AGT-0314,9000.0,43.0,9000.0,0.0,0.0,ORD-002806
FIN-002807,AGT-0314,22500.0,,0.0,0.0,0.0,ORD-002807
FIN-002808,AGT-0314,9000.0,17.0,0.0,0.0,1.0,ORD-002808
FIN-002809,AGT-0314,9000.0,25.0,0.0,2.0,1.0,ORD-002809
FIN-002810,AGT-0315,13500.0,9.0,0.0,1.0,0.0,ORD-002810
FIN-002811,AGT-0315,13500.0,14.0,0.0,0.0,0.0,ORD-002811
FIN-002812,AGT-0315,4500.0,8.0,0.0,0.0,1.0,ORD-002812
FIN-002813,AGT-0315,9000.0,19.0,0.0,2.0,0.0,ORD-002813
FIN-002814,AGT-0315,22500.0,24.0,0.0,0.0,0.0,ORD-002814
FIN-002815,AGT-0315,9000.0,6.0,0.0,0.0,0.0,ORD-002815
FIN-002816,AGT-0316,22500.0,41.0,0.0,0.0,0.0,ORD-002816
FIN-002817,AGT-0316,9000.0,8.0,0.0,2.0,1.0,ORD-002817
FIN-002818,AGT-0316,22500.0,19.0,0.0,0.0,1.0,ORD-002818
FIN-002819,AGT-0316,9000.0,44.0,0.0,0.0,2.0,ORD-002819
FIN-002820,AGT-0316,9000.0,33.0,9000.0,0.0,1.0,ORD-002820
FIN-002821,AGT-0316,4500.0,4.0,0.0,0.0,0.0,ORD-002821
FIN-002822,AGT-0316,9000.0,57.0,9000.0,0.0,0.0,ORD-002822
FIN-002823,AGT-0317,45000.0,1.0,0.0,0.0,2.0,ORD-002823
FIN-002824,AGT-0317,22500.0,2.0,0.0,0.0,1.0,ORD-002824
FIN-002825,AGT-0317,13500.0,9.0,0.0,0.0,0.0,ORD-002825
FIN-002826,AGT-0317,22500.0,15.0,0.0,0.0,0.0,ORD-002826
FIN-002827,AGT-0317,4500.0,22.0,0.0,0.0,2.0,ORD-002827
FIN-002828,AGT-0317,13500.0,0.0,0.0,0.0,1.0,ORD-002828
FIN-002829,AGT-0318,4500.0,24.0,0.0,1.0,0.0,ORD-002829
FIN-002830,AGT-0318,9000.0,46.0,9000.0,1.0,1.0,ORD-002830
FIN-002831,AGT-0318,22500.0,0.0,0.0,1.0,2.0,ORD-002831
FIN-002832,AGT-0318,4500.0,8.0,0.0,0.0,0.0,ORD-002832
FIN-002833,AGT-0318,22500.0,8.0,0.0,0.0,,ORD-002833
FIN-002834,AGT-0318,9000.0,0.0,0.0,0.0,2.0,ORD-002834
FIN-002835,AGT-0318,13500.0,10.0,0.0,1.0,0.0,ORD-002835
FIN-002836,AGT-0318,9000.0,46.0,9000.0,0.0,1.0,ORD-002836
FIN-002837,AGT-0318,9000.0,4.0,0.0,0.0,0.0,ORD-002837
FIN-002838,AGT-0318,9000.0,9.0,0.0,0.0,1.0,ORD-002838
FIN-002839,AGT-0319,45000.0,9.0,0.0,0.0,0.0,ORD-002839
FIN-002840,AGT-0319,9000.0,2.0,0.0,0.0,1.0,ORD-002840
FIN-002841,AGT-0319,13500.0,16.0,0.0,0.0,2.0,ORD-002841
FIN-002842,AGT-0319,9000.0,3.0,0.0,2.0,0.0,ORD-002842
FIN-002843,AGT-0319,13500.0,0.0,0.0,0.0,0.0,ORD-002843
FIN-002844,AGT-0319,22500.0,18.0,0.0,0.0,1.0,ORD-002844
FIN-002845,AGT-0319,22500.0,7.0,0.0,0.0,2.0,ORD-002845
FIN-002846,AGT-0319,9000.0,25.0,0.0,2.0,2.0,ORD-002846
FIN-002847,AGT-0320,9000.0,0.0,0.0,0.0,1.0,ORD-002847
FIN-002848,AGT-0320,4500.0,31.0,4500.0,0.0,1.0,ORD-002848
FIN-002849,AGT-0320,4500.0,1.0,0.0,0.0,0.0,ORD-002849
FIN-002850,AGT-0320,13500.0,13.0,0.0,1.0,0.0,ORD-002850
FIN-002851,AGT-0320,9000.0,3.0,0.0,0.0,0.0,ORD-002851
FIN-002852,AGT-0320,4500.0,7.0,0.0,0.0,1.0,ORD-002852
FIN-002853,AGT-0320,9000.0,3.0,0.0,0.0,0.0,ORD-002853
FIN-002854,AGT-0320,9000.0,24.0,0.0,0.0,1.0,ORD-002854
FIN-002855,AGT-0320,4500.0,29.0,0.0,0.0,2.0,ORD-002855
FIN-002856,AGT-0320,4500.0,24.0,0.0,0.0,2.0,ORD-002856
FIN-002857,AGT-0321,13500.0,26.0,0.0,0.0,2.0,ORD-002857
FIN-002858,AGT-0321,4500.0,3.0,0.0,0.0,1.0,ORD-002858
FIN-002859,AGT-0321,4500.0,4.0,0.0,0.0,1.0,ORD-002859
FIN-002860,AGT-0321,9000.0,,0.0,,1.0,ORD-002860
FIN-002861,AGT-0321,9000.0,12.0,0.0,0.0,1.0,ORD-002861
FIN-002862,AGT-0321,13500.0,5.0,0.0,0.0,0.0,ORD-002862
FIN-002863,AGT-0321,9000.0,17.0,0.0,0.0,1.0,ORD-002863
FIN-002864,AGT-0321,9000.0,9.0,0.0,0.0,0.0,ORD-002864
FIN-002865,AGT-0321,,55.0,4500.0,0.0,0.0,ORD-002865
FIN-002866,AGT-0321,9000.0,24.0,0.0,1.0,0.0,ORD-002866
FIN-002867,AGT-0321,22500.0,33.0,22500.0,0.0,1.0,ORD-002867
FIN-002868,AGT-0322,9000.0,2.0,0.0,1.0,0.0,ORD-002868
FIN-002869,AGT-0322,9000.0,15.0,0.0,,1.0,ORD-002869
FIN-002870,AGT-0322,13500.0,74.0,0.0,0.0,0.0,ORD-002870
FIN-002871,AGT-0322,9000.0,0.0,0.0,0.0,1.0,ORD-002871
FIN-002872,AGT-0322,9000.0,9.0,0.0,0.0,1.0,ORD-002872
FIN-002873,AGT-0322,22500.0,1.0,0.0,0.0,0.0,ORD-002873
FIN-002874,AGT-0322,9000.0,24.0,0.0,1.0,1.0,ORD-002874
FIN-002875,AGT-0322,9000.0,11.0,0.0,0.0,0.0,ORD-002875
FIN-002876,AGT-0322,13500.0,47.0,13500.0,1.0,1.0,ORD-002876
FIN-002877,AGT-0322,4500.0,1.0,0.0,2.0,1.0,ORD-002877
FIN-002878,AGT-0323,22500.0,29.0,0.0,0.0,0.0,ORD-002878
FIN-002879,AGT-0323,9000.0,19.0,0.0,0.0,1.0,ORD-002879
FIN-002880,AGT-0323,13500.0,46.0,13500.0,0.0,1.0,ORD-002880
FIN-002882,AGT-0323,9000.0,3.0,0.0,0.0,0.0,ORD-002882
FIN-002883,AGT-0323,4500.0,11.0,0.0,2.0,0.0,ORD-002883
FIN-002884,AGT-0323,4500.0,29.0,0.0,0.0,0.0,ORD-002884
FIN-002885,AGT-0323,9000.0,13.0,0.0,0.0,0.0,ORD-002885
FIN-002886,AGT-0323,4500.0,3.0,0.0,0.0,0.0,ORD-002886
FIN-002887,AGT-0323,13500.0,40.0,13500.0,2.0,0.0,ORD-002887
FIN-002888,AGT-0324,9000.0,43.0,0.0,0.0,0.0,ORD-002888
FIN-002889,AGT-0324,,3.0,0.0,0.0,1.0,ORD-002889
FIN-002890,AGT-0324,13500.0,11.0,0.0,0.0,1.0,ORD-002890
FIN-002891,AGT-0324,13500.0,1.0,0.0,0.0,2.0,ORD-002891
FIN-002892,AGT-0324,13500.0,6.0,0.0,0.0,1.0,ORD-002892
FIN-002893,AGT-0324,9000.0,18.0,0.0,0.0,,ORD-002893
FIN-002894,AGT-0325,9000.0,0.0,0.0,0.0,1.0,ORD-002894
FIN-002895,AGT-0325,9000.0,8.0,0.0,0.0,0.0,ORD-002895
FIN-002896,AGT-0325,4500.0,6.0,0.0,0.0,1.0,ORD-002896
FIN-002897,AGT-0325,9000.0,,0.0,1.0,,ORD-002897
FIN-002898,AGT-0325,9000.0,2.0,0.0,0.0,0.0,ORD-002898
FIN-002899,AGT-0325,9000.0,11.0,0.0,0.0,0.0,ORD-002899
FIN-002900,AGT-0325,9000.0,20.0,0.0,0.0,2.0,ORD-002900
FIN-002901,AGT-0325,4500.0,2.0,0.0,0.0,0.0,ORD-002901
FIN-002902,AGT-0325,9000.0,4.0,0.0,2.0,0.0,ORD-002902
FIN-002903,AGT-0326,13500.0,9.0,0.0,1.0,0.0,ORD-002903
FIN-002904,AGT-0326,13500.0,14.0,0.0,0.0,0.0,ORD-002904
FIN-002905,AGT-0326,9000.0,8.0,0.0,0.0,0.0,ORD-002905
FIN-002906,AGT-0326,4500.0,42.0,4500.0,0.0,0.0,ORD-002906
FIN-002907,AGT-0326,22500.0,6.0,0.0,0.0,0.0,ORD-002907
FIN-002908,AGT-0326,4500.0,4.0,0.0,0.0,0.0,ORD-002908
FIN-002909,AGT-0326,13500.0,14.0,0.0,1.0,1.0,ORD-002909
FIN-002910,AGT-0326,9000.0,49.0,9000.0,0.0,,ORD-002910
FIN-002911,AGT-0326,9000.0,2.0,0.0,0.0,1.0,ORD-002911
FIN-002912,AGT-0326,13500.0,10.0,0.0,1.0,1.0,ORD-002912
FIN-002913,AGT-0326,9000.0,6.0,0.0,0.0,1.0,ORD-002913
FIN-002914,AGT-0327,4500.0,0.0,0.0,0.0,0.0,ORD-002914
FIN-002915,AGT-0327,9000.0,9.0,0.0,0.0,1.0,ORD-002915
FIN-002916,AGT-0327,9000.0,9.0,0.0,1.0,0.0,ORD-002916
FIN-002917,AGT-0327,4500.0,30.0,0.0,1.0,1.0,ORD-002917
FIN-002918,AGT-0327,13500.0,0.0,0.0,0.0,1.0,ORD-002918
FIN-002919,AGT-0327,9000.0,10.0,0.0,0.0,0.0,ORD-002919
FIN-002920,AGT-0327,9000.0,35.0,0.0,0.0,2.0,ORD-002920
FIN-002921,AGT-0327,9000.0,4.0,0.0,0.0,,ORD-002921
FIN-002922,AGT-0327,9000.0,28.0,0.0,0.0,0.0,ORD-002922
FIN-002923,AGT-0328,9000.0,1.0,0.0,1.0,0.0,ORD-002923
FIN-002924,AGT-0328,4500.0,1.0,0.0,0.0,1.0,ORD-002924
FIN-002925,AGT-0328,13500.0,4.0,0.0,,0.0,ORD-002925
FIN-002926,AGT-0328,13500.0,45.0,13500.0,0.0,,ORD-002926
FIN-002927,AGT-0328,4500.0,13.0,0.0,1.0,0.0,ORD-002927
FIN-002928,AGT-0328,4500.0,11.0,0.0,0.0,0.0,ORD-002928
FIN-002929,AGT-0328,4500.0,11.0,0.0,0.0,,ORD-002929
FIN-002930,AGT-0328,13500.0,6.0,0.0,0.0,1.0,ORD-002930
FIN-002931,AGT-0328,9000.0,25.0,0.0,0.0,0.0,ORD-002931
FIN-002932,AGT-0328,9000.0,1.0,0.0,0.0,0.0,ORD-002932
FIN-002933,AGT-0328,13500.0,42.0,13500.0,0.0,1.0,ORD-002933
FIN-002934,AGT-0328,4500.0,12.0,0.0,0.0,0.0,ORD-002934
FIN-002935,AGT-0329,13500.0,22.0,0.0,0.0,0.0,ORD-002935
FIN-002936,AGT-0329,9000.0,1.0,0.0,1.0,0.0,ORD-002936
FIN-002937,AGT-0329,4500.0,14.0,0.0,0.0,1.0,ORD-002937
FIN-002938,AGT-0329,4500.0,6.0,0.0,0.0,1.0,ORD-002938
FIN-002939,AGT-0329,13500.0,10.0,0.0,0.0,0.0,ORD-002939
FIN-002940,AGT-0329,13500.0,21.0,0.0,0.0,0.0,ORD-002940
FIN-002941,AGT-0329,9000.0,48.0,,0.0,1.0,ORD-002941
FIN-002942,AGT-0330,9000.0,38.0,0.0,1.0,1.0,ORD-002942
FIN-002943,AGT-0330,13500.0,22.0,,0.0,1.0,ORD-002943
FIN-002944,AGT-0330,9000.0,24.0,0.0,0.0,0.0,ORD-002944
FIN-002945,AGT-0330,9000.0,,0.0,0.0,0.0,ORD-002945
FIN-002946,AGT-0330,9000.0,32.0,9000.0,1.0,0.0,ORD-002946
FIN-002947,AGT-0330,4500.0,10.0,0.0,0.0,0.0,ORD-002947
FIN-002948,AGT-0330,9000.0,1.0,0.0,0.0,0.0,ORD-002948
FIN-002949,AGT-0330,9000.0,34.0,0.0,,0.0,ORD-002949
FIN-002950,AGT-0330,4500.0,23.0,0.0,1.0,0.0,ORD-002950
FIN-002951,AGT-0330,13500.0,48.0,13500.0,0.0,0.0,ORD-002951
FIN-002952,AGT-0330,13500.0,5.0,0.0,0.0,0.0,ORD-002952
FIN-002953,AGT-0331,9000.0,6.0,0.0,0.0,0.0,ORD-002953
FIN-002954,AGT-0331,13500.0,1.0,0.0,0.0,1.0,ORD-002954
FIN-002955,AGT-0331,13500.0,5.0,0.0,0.0,1.0,ORD-002955
FIN-002956,AGT-0331,9000.0,2.0,0.0,2.0,1.0,ORD-002956
FIN-002957,AGT-0331,13500.0,3.0,0.0,0.0,0.0,ORD-002957
FIN-002958,AGT-0331,13500.0,26.0,0.0,1.0,0.0,ORD-002958
FIN-002959,AGT-0331,22500.0,3.0,0.0,0.0,0.0,ORD-002959
FIN-002960,AGT-0331,9000.0,0.0,0.0,0.0,0.0,ORD-002960
FIN-002961,AGT-0331,9000.0,21.0,0.0,0.0,1.0,ORD-002961
FIN-002962,AGT-0331,9000.0,10.0,0.0,0.0,1.0,ORD-002962
FIN-002963,AGT-0332,9000.0,5.0,0.0,0.0,0.0,ORD-002963
FIN-002964,AGT-0332,22500.0,37.0,22500.0,0.0,1.0,ORD-002964
FIN-002965,AGT-0332,9000.0,5.0,0.0,0.0,1.0,ORD-002965
FIN-002966,AGT-0332,9000.0,9.0,0.0,1.0,0.0,ORD-002966
FIN-002967,AGT-0332,22500.0,9.0,0.0,0.0,1.0,ORD-002967
FIN-002968,AGT-0332,13500.0,1.0,0.0,1.0,1.0,ORD-002968
FIN-002969,AGT-0332,9000.0,9.0,0.0,0.0,1.0,ORD-002969
FIN-002970,AGT-0333,13500.0,7.0,0.0,2.0,1.0,ORD-002970
FIN-002971,AGT-0333,13500.0,58.0,13500.0,1.0,0.0,ORD-002971
FIN-002972,AGT-0333,9000.0,8.0,0.0,2.0,0.0,ORD-002972
FIN-002973,AGT-0333,13500.0,11.0,0.0,0.0,1.0,ORD-002973
FIN-002974,AGT-0333,4500.0,11.0,0.0,0.0,1.0,ORD-002974
FIN-002975,AGT-0333,9000.0,7.0,0.0,2.0,0.0,ORD-002975
FIN-002976,AGT-0334,13500.0,2.0,0.0,0.0,0.0,ORD-002976
FIN-002977,AGT-0334,13500.0,1.0,0.0,0.0,0.0,ORD-002977
FIN-002978,AGT-0334,13500.0,9.0,0.0,2.0,0.0,ORD-002978
FIN-002979,AGT-0334,9000.0,18.0,0.0,0.0,0.0,ORD-002979
FIN-002980,AGT-0334,22500.0,7.0,0.0,0.0,0.0,ORD-002980
FIN-002981,AGT-0334,9000.0,0.0,0.0,0.0,0.0,ORD-002981
FIN-002982,AGT-0334,22500.0,6.0,0.0,0.0,2.0,ORD-002982
FIN-002983,AGT-0335,9000.0,39.0,9000.0,2.0,1.0,ORD-002983
FIN-002984,AGT-0335,13500.0,14.0,0.0,0.0,1.0,ORD-002984
FIN-002985,AGT-0335,13500.0,9.0,0.0,0.0,1.0,ORD-002985
FIN-002986,AGT-0335,9000.0,3.0,0.0,,1.0,ORD-002986
FIN-002987,AGT-0335,22500.0,9.0,0.0,0.0,0.0,ORD-002987
FIN-002988,AGT-0335,9000.0,24.0,0.0,0.0,,ORD-002988
FIN-002989,AGT-0335,9000.0,4.0,0.0,0.0,1.0,ORD-002989
FIN-002990,AGT-0336,9000.0,30.0,0.0,0.0,0.0,ORD-002990
FIN-002991,AGT-0336,45000.0,0.0,0.0,0.0,0.0,ORD-002991
FIN-002992,AGT-0336,9000.0,8.0,0.0,1.0,2.0,ORD-002992
FIN-002993,AGT-0336,9000.0,6.0,0.0,0.0,0.0,ORD-002993
FIN-002994,AGT-0336,4500.0,31.0,0.0,0.0,1.0,ORD-002994
FIN-002995,AGT-0336,22500.0,83.0,22500.0,0.0,1.0,ORD-002995
FIN-002996,AGT-0336,4500.0,2.0,0.0,0.0,0.0,ORD-002996
FIN-002997,AGT-9999,9000.0,6.0,0.0,0.0,1.0,ORD-002997
FIN-002998,AGT-0337,4500.0,49.0,4500.0,1.0,1.0,ORD-002998
FIN-002999,AGT-0337,9000.0,3.0,0.0,0.0,2.0,ORD-002999
FIN-003002,AGT-0337,9000.0,17.0,0.0,0.0,0.0,ORD-003002
FIN-003003,AGT-0337,13500.0,0.0,0.0,0.0,2.0,ORD-003003
FIN-003004,AGT-0337,9000.0,14.0,0.0,0.0,0.0,ORD-003004
FIN-003005,AGT-0338,13500.0,2.0,0.0,0.0,1.0,ORD-003005
FIN-003006,AGT-0338,4500.0,4.0,0.0,0.0,0.0,ORD-003006
FIN-003007,AGT-0338,9000.0,2.0,0.0,0.0,1.0,ORD-003007
FIN-003008,AGT-0338,9000.0,9.0,0.0,2.0,1.0,ORD-003008
FIN-003009,AGT-0338,9000.0,,0.0,0.0,0.0,ORD-003009
FIN-003010,AGT-0338,9000.0,12.0,0.0,0.0,1.0,ORD-003010
FIN-003011,AGT-0338,9000.0,1.0,0.0,1.0,0.0,ORD-003011
FIN-003012,AGT-0338,9000.0,11.0,0.0,0.0,0.0,ORD-003012
FIN-003013,AGT-0338,45000.0,16.0,0.0,2.0,2.0,ORD-003013
FIN-003014,AGT-0338,13500.0,1.0,0.0,0.0,1.0,ORD-003014
FIN-003015,AGT-0338,4500.0,14.0,0.0,0.0,1.0,ORD-003015
FIN-003016,AGT-0338,9000.0,19.0,0.0,0.0,1.0,ORD-003016
FIN-003017,AGT-0339,13500.0,37.0,13500.0,0.0,0.0,ORD-003017
FIN-003018,AGT-0339,9000.0,12.0,0.0,1.0,0.0,ORD-003018
FIN-003019,AGT-0339,13500.0,9.0,0.0,0.0,0.0,ORD-003019
FIN-003020,AGT-0339,9000.0,2.0,0.0,0.0,1.0,ORD-003020
FIN-003021,AGT-0339,4500.0,1.0,,0.0,1.0,ORD-003021
FIN-003022,AGT-0339,9000.0,1.0,0.0,1.0,0.0,ORD-003022
FIN-003023,AGT-0339,4500.0,22.0,0.0,0.0,0.0,ORD-003023
FIN-003024,AGT-0340,9000.0,42.0,9000.0,0.0,1.0,ORD-003024
FIN-003025,AGT-0340,9000.0,9.0,0.0,0.0,0.0,ORD-003025
FIN-003026,AGT-0340,22500.0,15.0,0.0,1.0,1.0,ORD-003026
FIN-003027,AGT-0340,22500.0,3.0,0.0,0.0,0.0,ORD-003027
FIN-003028,AGT-0340,9000.0,32.0,0.0,0.0,1.0,ORD-003028
FIN-003029,AGT-0340,9000.0,9.0,0.0,2.0,0.0,ORD-003029
FIN-003030,AGT-0340,9000.0,27.0,0.0,2.0,0.0,ORD-003030
FIN-003031,AGT-0340,13500.0,15.0,0.0,2.0,2.0,ORD-003031
FIN-003032,AGT-0341,13500.0,46.0,13500.0,0.0,,ORD-003032
FIN-003033,AGT-0341,4500.0,7.0,0.0,0.0,2.0,ORD-003033
FIN-003034,AGT-0341,9000.0,7.0,0.0,0.0,0.0,ORD-003034
FIN-003035,AGT-0341,9000.0,44.0,0.0,1.0,1.0,ORD-003035
FIN-003036,AGT-0341,22500.0,18.0,0.0,2.0,0.0,ORD-003036
FIN-003037,AGT-0341,4500.0,25.0,0.0,0.0,0.0,ORD-003037
FIN-003038,AGT-0342,9000.0,53.0,9000.0,0.0,0.0,ORD-003038
FIN-003039,AGT-0342,9000.0,37.0,9000.0,0.0,0.0,ORD-003039
FIN-003040,AGT-0342,13500.0,6.0,0.0,1.0,1.0,ORD-003040
FIN-003041,AGT-0342,13500.0,6.0,0.0,0.0,0.0,ORD-003041
FIN-003042,AGT-0342,22500.0,16.0,0.0,,1.0,ORD-003042
FIN-003043,AGT-0342,4500.0,8.0,0.0,0.0,0.0,ORD-003043
FIN-003044,AGT-0342,,23.0,0.0,0.0,1.0,ORD-003044
FIN-003045,AGT-0342,9000.0,1.0,0.0,0.0,0.0,ORD-003045
FIN-003046,AGT-0343,9000.0,6.0,0.0,0.0,1.0,ORD-003046
FIN-003047,AGT-0343,13500.0,4.0,0.0,0.0,0.0,ORD-003047
FIN-003048,AGT-0343,4500.0,3.0,0.0,2.0,0.0,ORD-003048
FIN-003049,AGT-0343,9000.0,10.0,,0.0,0.0,ORD-003049
FIN-003050,AGT-0343,4500.0,9.0,0.0,2.0,0.0,ORD-003050
FIN-003051,AGT-0343,9000.0,45.0,9000.0,1.0,1.0,ORD-003051
FIN-003052,AGT-0343,13500.0,34.0,0.0,1.0,1.0,ORD-003052
FIN-003053,AGT-0343,4500.0,22.0,0.0,1.0,0.0,ORD-003053
FIN-003054,AGT-0343,9000.0,8.0,0.0,1.0,0.0,ORD-003054
FIN-003055,AGT-0343,4500.0,78.0,0.0,0.0,1.0,ORD-003055
FIN-003056,AGT-0343,4500.0,11.0,0.0,0.0,0.0,ORD-003056
FIN-003057,AGT-0344,13500.0,19.0,0.0,0.0,1.0,ORD-003057
FIN-003058,AGT-0344,13500.0,10.0,0.0,1.0,2.0,ORD-003058
FIN-003059,AGT-0344,9000.0,25.0,0.0,1.0,1.0,ORD-003059
FIN-003060,AGT-0344,45000.0,26.0,0.0,0.0,2.0,ORD-003060
FIN-003061,AGT-0344,9000.0,19.0,0.0,0.0,0.0,ORD-003061
FIN-003062,AGT-0344,9000.0,15.0,0.0,0.0,0.0,ORD-003062
FIN-003063,AGT-0344,9000.0,6.0,0.0,0.0,1.0,ORD-003063
FIN-003064,AGT-0344,9000.0,4.0,0.0,2.0,0.0,ORD-003064
FIN-003065,AGT-0345,4500.0,1.0,0.0,0.0,0.0,ORD-003065
FIN-003066,AGT-0345,13500.0,6.0,0.0,0.0,0.0,ORD-003066
FIN-003067,AGT-0345,9000.0,12.0,0.0,0.0,1.0,ORD-003067
FIN-003068,AGT-0345,9000.0,3.0,0.0,0.0,0.0,ORD-003068
FIN-003069,AGT-0345,4500.0,7.0,0.0,0.0,1.0,ORD-003069
FIN-003070,AGT-0345,9000.0,18.0,0.0,2.0,0.0,ORD-003070
FIN-003071,AGT-0345,22500.0,0.0,0.0,2.0,0.0,ORD-003071
FIN-003072,AGT-0345,22500.0,20.0,0.0,1.0,0.0,ORD-003072
FIN-003073,AGT-0345,13500.0,16.0,0.0,0.0,,ORD-003073
FIN-003074,AGT-0345,13500.0,49.0,0.0,0.0,0.0,ORD-003074
FIN-003075,AGT-0345,13500.0,10.0,0.0,0.0,0.0,ORD-003075
FIN-003076,AGT-0345,9000.0,8.0,0.0,0.0,0.0,ORD-003076
FIN-003077,AGT-0346,,42.0,45000.0,0.0,1.0,ORD-003077
FIN-003078,AGT-0346,13500.0,1.0,0.0,1.0,1.0,ORD-003078
FIN-003079,AGT-0346,22500.0,1.0,0.0,1.0,1.0,ORD-003079
FIN-003080,AGT-0346,9000.0,17.0,0.0,0.0,1.0,ORD-003080
FIN-003081,AGT-0346,4500.0,0.0,0.0,2.0,0.0,ORD-003081
FIN-003082,AGT-0346,9000.0,49.0,0.0,0.0,1.0,ORD-003082
FIN-003083,AGT-0347,4500.0,24.0,0.0,0.0,0.0,ORD-003083
FIN-003084,AGT-0347,9000.0,6.0,0.0,0.0,1.0,ORD-003084
FIN-003085,AGT-0347,9000.0,24.0,0.0,1.0,0.0,ORD-003085
FIN-003086,AGT-0347,9000.0,32.0,0.0,1.0,1.0,ORD-003086
FIN-003087,AGT-0347,13500.0,5.0,0.0,0.0,0.0,ORD-003087
FIN-003088,AGT-0347,13500.0,15.0,0.0,0.0,0.0,ORD-003088
FIN-003089,AGT-0347,13500.0,1.0,0.0,0.0,0.0,ORD-003089
FIN-003090,AGT-0347,9000.0,8.0,0.0,0.0,1.0,ORD-003090
FIN-003091,AGT-0347,13500.0,1.0,0.0,0.0,0.0,ORD-003091
FIN-003092,AGT-0347,4500.0,3.0,0.0,1.0,0.0,ORD-003092
FIN-003093,AGT-0347,22500.0,34.0,22500.0,0.0,0.0,ORD-003093
FIN-003094,AGT-0347,22500.0,15.0,0.0,0.0,0.0,ORD-003094
FIN-003095,AGT-0348,4500.0,,0.0,1.0,1.0,ORD-003095
FIN-003096,AGT-0348,4500.0,16.0,0.0,1.0,0.0,ORD-003096
FIN-003097,AGT-0348,22500.0,6.0,0.0,,0.0,ORD-003097
FIN-003098,AGT-0348,9000.0,6.0,0.0,0.0,2.0,ORD-003098
FIN-003099,AGT-0348,4500.0,5.0,0.0,1.0,0.0,ORD-003099
FIN-003100,AGT-0348,9000.0,18.0,0.0,1.0,1.0,ORD-003100
FIN-003102,AGT-0348,45000.0,8.0,0.0,0.0,1.0,ORD-003102
FIN-003103,AGT-0349,13500.0,13.0,0.0,0.0,1.0,ORD-003103
FIN-003104,AGT-0349,13500.0,4.0,0.0,0.0,1.0,ORD-003104
FIN-003105,AGT-0349,13500.0,8.0,0.0,0.0,0.0,ORD-003105
FIN-003106,AGT-0349,9000.0,4.0,0.0,1.0,0.0,ORD-003106
FIN-003107,AGT-0349,9000.0,12.0,0.0,0.0,2.0,ORD-003107
FIN-003108,AGT-0349,13500.0,0.0,0.0,,0.0,ORD-003108
FIN-003109,AGT-0349,9000.0,18.0,0.0,0.0,1.0,ORD-003109
FIN-003110,AGT-0349,9000.0,11.0,0.0,0.0,0.0,ORD-003110
FIN-003111,AGT-0349,4500.0,20.0,0.0,0.0,2.0,ORD-003111
FIN-003112,AGT-0349,9000.0,6.0,0.0,1.0,0.0,ORD-003112
FIN-003113,AGT-0350,9000.0,30.0,0.0,0.0,1.0,ORD-003113
FIN-003114,AGT-0350,13500.0,2.0,0.0,1.0,0.0,ORD-003114
FIN-003115,AGT-0350,13500.0,18.0,0.0,1.0,1.0,ORD-003115
FIN-003116,AGT-0350,13500.0,2.0,0.0,0.0,1.0,ORD-003116
FIN-003117,AGT-0350,22500.0,2.0,0.0,0.0,0.0,ORD-003117
FIN-003118,AGT-0350,9000.0,17.0,0.0,0.0,0.0,ORD-003118
FIN-003119,AGT-0350,22500.0,4.0,0.0,0.0,1.0,ORD-003119
FIN-003120,AGT-0351,4500.0,2.0,0.0,2.0,0.0,ORD-003120
FIN-003121,AGT-0351,13500.0,2.0,0.0,0.0,1.0,ORD-003121
FIN-003122,AGT-0351,9000.0,6.0,0.0,1.0,0.0,ORD-003122
FIN-003123,AGT-0351,13500.0,1.0,0.0,0.0,0.0,ORD-003123
FIN-003124,AGT-0351,4500.0,45.0,4500.0,0.0,0.0,ORD-003124
FIN-003125,AGT-0351,4500.0,7.0,0.0,0.0,1.0,ORD-003125
FIN-003126,AGT-0351,9000.0,41.0,9000.0,0.0,0.0,ORD-003126
FIN-003127,AGT-0351,9000.0,4.0,0.0,0.0,,ORD-003127
FIN-003128,AGT-0351,9000.0,27.0,0.0,0.0,0.0,ORD-003128
FIN-003129,AGT-0351,13500.0,18.0,0.0,1.0,2.0,ORD-003129
FIN-003130,AGT-0352,4500.0,14.0,0.0,0.0,0.0,ORD-003130
FIN-003131,AGT-0352,9000.0,5.0,0.0,0.0,0.0,ORD-003131
FIN-003132,AGT-0352,13500.0,3.0,0.0,0.0,0.0,ORD-003132
FIN-003133,AGT-0352,9000.0,13.0,0.0,0.0,0.0,ORD-003133
FIN-003134,AGT-0352,4500.0,15.0,0.0,0.0,0.0,ORD-003134
FIN-003135,AGT-0352,4500.0,3.0,0.0,0.0,2.0,ORD-003135
FIN-003136,AGT-0352,4500.0,35.0,4500.0,1.0,0.0,ORD-003136
FIN-003137,AGT-0352,9000.0,2.0,0.0,0.0,0.0,ORD-003137
FIN-003138,AGT-0352,9000.0,1.0,0.0,1.0,1.0,ORD-003138
FIN-003139,AGT-0353,13500.0,17.0,0.0,0.0,1.0,ORD-003139
FIN-003140,AGT-0353,4500.0,2.0,0.0,0.0,0.0,ORD-003140
FIN-003141,AGT-0353,9000.0,5.0,0.0,0.0,1.0,ORD-003141
FIN-003142,AGT-0353,13500.0,11.0,0.0,0.0,1.0,ORD-003142
FIN-003143,AGT-0353,13500.0,19.0,0.0,0.0,1.0,ORD-003143
FIN-003144,AGT-0353,9000.0,18.0,0.0,0.0,0.0,ORD-003144
FIN-003145,AGT-0353,9000.0,18.0,0.0,0.0,0.0,ORD-003145
FIN-003146,AGT-0353,4500.0,5.0,0.0,0.0,0.0,ORD-003146
FIN-003147,AGT-0353,13500.0,27.0,0.0,2.0,1.0,ORD-003147
FIN-003148,AGT-0353,13500.0,20.0,0.0,1.0,2.0,ORD-003148
FIN-003149,AGT-0353,4500.0,31.0,0.0,0.0,0.0,ORD-003149
FIN-003150,AGT-0353,9000.0,47.0,9000.0,0.0,0.0,ORD-003150
FIN-003151,AGT-0354,4500.0,4.0,0.0,0.0,0.0,ORD-003151
FIN-003152,AGT-0354,9000.0,14.0,0.0,0.0,1.0,ORD-003152
FIN-003153,AGT-0354,4500.0,2.0,0.0,0.0,2.0,ORD-003153
FIN-003154,AGT-0354,22500.0,3.0,0.0,0.0,0.0,ORD-003154
FIN-003155,AGT-0354,4500.0,33.0,0.0,1.0,0.0,ORD-003155
FIN-003156,AGT-0354,9000.0,1.0,0.0,0.0,0.0,ORD-003156
FIN-003157,AGT-0355,9000.0,0.0,0.0,0.0,2.0,ORD-003157
FIN-003158,AGT-0355,4500.0,1.0,0.0,1.0,1.0,ORD-003158
FIN-003159,AGT-0355,9000.0,42.0,0.0,0.0,1.0,ORD-003159
FIN-003160,AGT-0355,9000.0,0.0,0.0,0.0,2.0,ORD-003160
FIN-003161,AGT-0355,4500.0,11.0,0.0,0.0,0.0,ORD-003161
FIN-003162,AGT-0355,9000.0,0.0,0.0,0.0,1.0,ORD-003162
FIN-003163,AGT-0355,9000.0,3.0,0.0,0.0,1.0,ORD-003163
FIN-003164,AGT-0355,9000.0,3.0,0.0,1.0,1.0,ORD-003164
FIN-003165,AGT-0355,9000.0,5.0,0.0,0.0,1.0,ORD-003165
FIN-003166,AGT-0355,9000.0,23.0,0.0,0.0,0.0,ORD-003166
FIN-003167,AGT-0356,13500.0,22.0,0.0,1.0,0.0,ORD-003167
FIN-003168,AGT-0356,9000.0,6.0,0.0,1.0,2.0,ORD-003168
FIN-003169,AGT-0356,9000.0,32.0,0.0,0.0,0.0,ORD-003169
FIN-003170,AGT-0356,9000.0,,0.0,2.0,1.0,ORD-003170
FIN-003171,AGT-0356,9000.0,0.0,0.0,0.0,0.0,ORD-003171
FIN-003172,AGT-0356,9000.0,36.0,0.0,0.0,0.0,ORD-003172
FIN-003173,AGT-0356,13500.0,6.0,0.0,1.0,1.0,ORD-003173
FIN-003174,AGT-0356,9000.0,8.0,0.0,0.0,2.0,ORD-003174
FIN-003175,AGT-0356,13500.0,8.0,0.0,1.0,1.0,ORD-003175
FIN-003176,AGT-0356,9000.0,10.0,0.0,2.0,0.0,ORD-003176
FIN-003177,AGT-0357,13500.0,,0.0,0.0,0.0,ORD-003177
FIN-003178,AGT-0357,9000.0,57.0,0.0,2.0,0.0,ORD-003178
FIN-003179,AGT-0357,13500.0,0.0,0.0,1.0,0.0,ORD-003179
FIN-003180,AGT-0357,13500.0,19.0,0.0,1.0,0.0,ORD-003180
FIN-003182,AGT-0357,9000.0,0.0,0.0,0.0,0.0,ORD-003182
FIN-003183,AGT-0357,,48.0,22500.0,0.0,0.0,ORD-003183
FIN-003184,AGT-0357,13500.0,18.0,0.0,0.0,0.0,ORD-003184
FIN-003185,AGT-0357,9000.0,7.0,0.0,0.0,0.0,ORD-003185
FIN-003186,AGT-0357,9000.0,2.0,0.0,2.0,0.0,ORD-003186
FIN-003187,AGT-0357,9000.0,9.0,0.0,0.0,0.0,ORD-003187
FIN-003188,AGT-0357,4500.0,5.0,0.0,1.0,0.0,ORD-003188
FIN-003189,AGT-0358,13500.0,4.0,0.0,1.0,,ORD-003189
FIN-003190,AGT-0358,9000.0,23.0,0.0,2.0,1.0,ORD-003190
FIN-003191,AGT-0358,22500.0,8.0,0.0,0.0,0.0,ORD-003191
FIN-003192,AGT-0358,9000.0,4.0,0.0,0.0,1.0,ORD-003192
FIN-003193,AGT-0358,4500.0,3.0,0.0,0.0,1.0,ORD-003193
FIN-003194,AGT-0358,22500.0,5.0,0.0,0.0,1.0,ORD-003194
FIN-003195,AGT-0359,13500.0,,0.0,0.0,0.0,ORD-003195
FIN-003196,AGT-0359,9000.0,30.0,0.0,0.0,0.0,ORD-003196
FIN-003197,AGT-0359,9000.0,46.0,0.0,0.0,0.0,ORD-003197
FIN-003198,AGT-0359,22500.0,55.0,22500.0,2.0,1.0,ORD-003198
FIN-003199,AGT-0359,13500.0,18.0,0.0,0.0,0.0,ORD-003199
FIN-003201,AGT-0360,13500.0,3.0,0.0,0.0,1.0,ORD-003201
FIN-003202,AGT-0360,9000.0,7.0,0.0,0.0,0.0,ORD-003202
FIN-003203,AGT-0360,13500.0,1.0,0.0,0.0,0.0,ORD-003203
FIN-003204,AGT-0360,4500.0,37.0,0.0,1.0,0.0,ORD-003204
FIN-003205,AGT-0360,9000.0,8.0,0.0,1.0,1.0,ORD-003205
FIN-003206,AGT-0360,13500.0,24.0,0.0,1.0,0.0,ORD-003206
FIN-003207,AGT-0360,9000.0,7.0,0.0,0.0,0.0,ORD-003207
FIN-003208,AGT-0360,9000.0,3.0,0.0,0.0,0.0,ORD-003208
FIN-003209,AGT-0360,9000.0,15.0,0.0,0.0,1.0,ORD-003209
FIN-003210,AGT-0360,9000.0,6.0,0.0,0.0,0.0,ORD-003210
FIN-003211,AGT-0361,9000.0,6.0,0.0,0.0,2.0,ORD-003211
FIN-003212,AGT-0361,9000.0,23.0,0.0,1.0,1.0,ORD-003212
FIN-003213,AGT-0361,9000.0,7.0,0.0,0.0,1.0,ORD-003213
FIN-003214,AGT-0361,45000.0,7.0,0.0,0.0,2.0,ORD-003214
FIN-003215,AGT-0361,13500.0,8.0,0.0,0.0,0.0,ORD-003215
FIN-003216,AGT-0361,13500.0,7.0,0.0,2.0,1.0,ORD-003216
FIN-003217,AGT-0361,9000.0,26.0,0.0,0.0,1.0,ORD-003217
FIN-003218,AGT-0361,9000.0,20.0,0.0,0.0,2.0,ORD-003218
FIN-003219,AGT-0362,9000.0,6.0,0.0,1.0,1.0,ORD-003219
FIN-003220,AGT-0362,4500.0,19.0,0.0,2.0,1.0,ORD-003220
FIN-003221,AGT-0362,13500.0,21.0,0.0,0.0,0.0,ORD-003221
FIN-003222,AGT-0362,13500.0,10.0,0.0,0.0,0.0,ORD-003222
FIN-003223,AGT-0362,13500.0,7.0,0.0,0.0,0.0,ORD-003223
FIN-003224,AGT-0362,13500.0,17.0,0.0,1.0,0.0,ORD-003224
FIN-003225,AGT-0362,9000.0,3.0,,0.0,0.0,ORD-003225
FIN-003226,AGT-0362,,0.0,0.0,0.0,1.0,ORD-003226
FIN-003227,AGT-0362,13500.0,21.0,0.0,0.0,1.0,ORD-003227
FIN-003228,AGT-0362,9000.0,15.0,0.0,0.0,1.0,ORD-003228
FIN-003229,AGT-0362,4500.0,6.0,0.0,0.0,0.0,ORD-003229
FIN-003230,AGT-0362,9000.0,59.0,0.0,0.0,0.0,ORD-003230
FIN-003231,AGT-0363,4500.0,5.0,0.0,0.0,0.0,ORD-003231
FIN-003232,AGT-0363,9000.0,7.0,0.0,0.0,1.0,ORD-003232
FIN-003233,AGT-0363,13500.0,7.0,,0.0,1.0,ORD-003233
FIN-003234,AGT-0363,4500.0,2.0,0.0,0.0,2.0,ORD-003234
FIN-003235,AGT-0363,4500.0,21.0,0.0,2.0,0.0,ORD-003235
FIN-003236,AGT-0363,9000.0,0.0,0.0,0.0,2.0,ORD-003236
FIN-003237,AGT-0363,45000.0,16.0,0.0,0.0,1.0,ORD-003237
FIN-003238,AGT-0363,13500.0,0.0,0.0,0.0,2.0,ORD-003238
FIN-003239,AGT-0363,9000.0,24.0,0.0,0.0,0.0,ORD-003239
FIN-003240,AGT-0363,13500.0,7.0,0.0,0.0,0.0,ORD-003240
FIN-003241,AGT-0364,22500.0,14.0,0.0,0.0,,ORD-003241
FIN-003242,AGT-0364,22500.0,10.0,0.0,0.0,1.0,ORD-003242
FIN-003243,AGT-0364,13500.0,24.0,0.0,2.0,2.0,ORD-003243
FIN-003244,AGT-0364,9000.0,55.0,9000.0,0.0,0.0,ORD-003244
FIN-003245,AGT-0364,4500.0,0.0,0.0,2.0,2.0,ORD-003245
FIN-003246,AGT-0364,4500.0,15.0,0.0,0.0,2.0,ORD-003246
FIN-003247,AGT-0364,13500.0,21.0,0.0,2.0,0.0,ORD-003247
FIN-003248,AGT-0364,13500.0,8.0,0.0,1.0,0.0,ORD-003248
FIN-003249,AGT-0364,9000.0,28.0,0.0,0.0,0.0,ORD-003249
FIN-003252,AGT-0364,4500.0,3.0,0.0,0.0,0.0,ORD-003252
FIN-003253,AGT-0365,9000.0,6.0,0.0,1.0,1.0,ORD-003253
FIN-003254,AGT-0365,9000.0,4.0,0.0,0.0,1.0,ORD-003254
FIN-003255,AGT-0365,,,0.0,2.0,0.0,ORD-003255
FIN-003256,AGT-0365,4500.0,12.0,0.0,0.0,1.0,ORD-003256
FIN-003257,AGT-0365,9000.0,13.0,0.0,0.0,0.0,ORD-003257
FIN-003258,AGT-0365,4500.0,16.0,0.0,0.0,0.0,ORD-003258
FIN-003259,AGT-0365,9000.0,0.0,0.0,1.0,1.0,ORD-003259
FIN-003260,AGT-0365,4500.0,20.0,0.0,0.0,0.0,ORD-003260
FIN-003261,AGT-0365,9000.0,11.0,0.0,0.0,1.0,ORD-003261
FIN-003262,AGT-0365,4500.0,2.0,,0.0,0.0,ORD-003262
FIN-003263,AGT-0365,22500.0,26.0,0.0,0.0,1.0,ORD-003263
FIN-003264,AGT-0366,13500.0,32.0,13500.0,0.0,0.0,ORD-003264
FIN-003265,AGT-0366,,8.0,0.0,0.0,2.0,ORD-003265
FIN-003266,AGT-0366,9000.0,0.0,0.0,0.0,1.0,ORD-003266
FIN-003267,AGT-0366,9000.0,14.0,0.0,0.0,0.0,ORD-003267
FIN-003268,AGT-0366,9000.0,13.0,0.0,0.0,2.0,ORD-003268
FIN-003269,AGT-0366,9000.0,4.0,0.0,2.0,1.0,ORD-003269
FIN-003270,AGT-0366,4500.0,10.0,0.0,0.0,0.0,ORD-003270
FIN-003271,AGT-0366,13500.0,33.0,0.0,0.0,0.0,ORD-003271
FIN-003272,AGT-0366,45000.0,6.0,0.0,1.0,0.0,ORD-003272
FIN-003273,AGT-0366,,18.0,0.0,0.0,1.0,ORD-003273
FIN-003274,AGT-0367,13500.0,5.0,0.0,0.0,0.0,ORD-003274
FIN-003275,AGT-0367,9000.0,1.0,0.0,1.0,0.0,ORD-003275
FIN-003276,AGT-0367,13500.0,50.0,13500.0,0.0,1.0,ORD-003276
FIN-003277,AGT-0367,9000.0,20.0,0.0,0.0,1.0,ORD-003277
FIN-003278,AGT-0367,13500.0,8.0,0.0,0.0,0.0,ORD-003278
FIN-003279,AGT-0367,4500.0,0.0,0.0,0.0,0.0,ORD-003279
FIN-003280,AGT-0367,13500.0,25.0,0.0,2.0,0.0,ORD-003280
FIN-003281,AGT-0367,9000.0,55.0,9000.0,0.0,1.0,ORD-003281
FIN-003282,AGT-0367,45000.0,33.0,45000.0,0.0,0.0,ORD-003282
FIN-003283,AGT-0367,13500.0,0.0,0.0,0.0,0.0,ORD-003283
FIN-003284,AGT-0367,13500.0,12.0,0.0,0.0,0.0,ORD-003284
FIN-003285,AGT-0368,9000.0,19.0,0.0,0.0,0.0,ORD-003285
FIN-003286,AGT-0368,4500.0,19.0,0.0,0.0,0.0,ORD-003286
FIN-003287,AGT-0368,9000.0,1.0,0.0,0.0,0.0,ORD-003287
FIN-003288,AGT-0368,9000.0,16.0,0.0,0.0,2.0,ORD-003288
FIN-003289,AGT-0368,9000.0,6.0,0.0,,1.0,ORD-003289
FIN-003290,AGT-0368,22500.0,0.0,0.0,0.0,1.0,ORD-003290
FIN-003291,AGT-0368,9000.0,9.0,0.0,2.0,0.0,ORD-003291
FIN-003292,AGT-0368,22500.0,2.0,0.0,0.0,1.0,ORD-003292
FIN-003293,AGT-0368,9000.0,11.0,0.0,0.0,0.0,ORD-003293
FIN-003294,AGT-0368,9000.0,33.0,9000.0,0.0,1.0,ORD-003294
FIN-003295,AGT-0368,13500.0,13.0,0.0,0.0,0.0,ORD-003295
FIN-003296,AGT-0368,13500.0,23.0,0.0,0.0,0.0,ORD-003296
FIN-003297,AGT-0369,13500.0,24.0,0.0,0.0,,ORD-003297
FIN-003298,AGT-0369,9000.0,42.0,,2.0,0.0,ORD-003298
FIN-003299,AGT-0369,4500.0,3.0,0.0,0.0,1.0,ORD-003299
FIN-003300,AGT-0369,9000.0,70.0,9000.0,0.0,0.0,ORD-003300
FIN-003301,AGT-0369,13500.0,1.0,0.0,1.0,0.0,ORD-003301
FIN-003302,AGT-0369,22500.0,30.0,0.0,0.0,0.0,ORD-003302
FIN-003303,AGT-0369,9000.0,5.0,0.0,0.0,0.0,ORD-003303
FIN-003304,AGT-0369,9000.0,34.0,9000.0,1.0,0.0,ORD-003304
FIN-003305,AGT-0369,4500.0,22.0,0.0,0.0,0.0,ORD-003305
FIN-003306,AGT-0369,4500.0,6.0,0.0,0.0,1.0,ORD-003306
FIN-003307,AGT-0369,13500.0,19.0,0.0,2.0,0.0,ORD-003307
FIN-003308,AGT-0369,22500.0,33.0,22500.0,0.0,0.0,ORD-003308
FIN-003309,AGT-0370,13500.0,7.0,0.0,0.0,1.0,ORD-003309
FIN-003310,AGT-0370,9000.0,0.0,0.0,2.0,0.0,ORD-003310
FIN-003311,AGT-0370,22500.0,3.0,0.0,0.0,1.0,ORD-003311
FIN-003312,AGT-0370,13500.0,19.0,0.0,0.0,1.0,ORD-003312
FIN-003313,AGT-0370,13500.0,9.0,0.0,2.0,2.0,ORD-003313
FIN-003314,AGT-0370,9000.0,11.0,0.0,2.0,0.0,ORD-003314
FIN-003315,AGT-0370,22500.0,22.0,0.0,1.0,0.0,ORD-003315
FIN-003316,AGT-0371,22500.0,2.0,0.0,0.0,0.0,ORD-003316
FIN-003317,AGT-0371,13500.0,35.0,13500.0,1.0,0.0,ORD-003317
FIN-003318,AGT-0371,4500.0,49.0,0.0,1.0,0.0,ORD-003318
FIN-003319,AGT-0371,13500.0,17.0,0.0,0.0,0.0,ORD-003319
FIN-003320,AGT-0371,9000.0,37.0,9000.0,0.0,0.0,ORD-003320
FIN-003321,AGT-0371,4500.0,6.0,0.0,0.0,0.0,ORD-003321
FIN-003322,AGT-0371,9000.0,5.0,0.0,0.0,0.0,ORD-003322
FIN-003323,AGT-0371,13500.0,7.0,0.0,0.0,1.0,ORD-003323
FIN-003324,AGT-0371,13500.0,29.0,0.0,0.0,1.0,ORD-003324
FIN-003325,AGT-0372,4500.0,1.0,0.0,0.0,2.0,ORD-003325
FIN-003326,AGT-0372,45000.0,3.0,0.0,0.0,0.0,ORD-003326
FIN-003327,AGT-0372,9000.0,8.0,0.0,0.0,0.0,ORD-003327
FIN-003328,AGT-0372,13500.0,13.0,0.0,,1.0,ORD-003328
FIN-003329,AGT-0372,4500.0,0.0,0.0,1.0,0.0,ORD-003329
FIN-003330,AGT-9999,4500.0,22.0,0.0,,1.0,ORD-003330
FIN-003331,AGT-0372,9000.0,1.0,0.0,0.0,0.0,ORD-003331
FIN-003332,AGT-0373,9000.0,24.0,0.0,0.0,0.0,ORD-003332
FIN-003333,AGT-0373,4500.0,8.0,0.0,0.0,2.0,ORD-003333
FIN-003334,AGT-0373,13500.0,4.0,0.0,0.0,0.0,ORD-003334
FIN-003335,AGT-0373,13500.0,3.0,0.0,0.0,1.0,ORD-003335
FIN-003336,AGT-0373,4500.0,6.0,0.0,1.0,1.0,ORD-003336
FIN-003337,AGT-0373,22500.0,10.0,0.0,1.0,2.0,ORD-003337
FIN-003338,AGT-0373,45000.0,14.0,0.0,0.0,2.0,ORD-003338
FIN-003339,AGT-0373,9000.0,8.0,0.0,0.0,1.0,ORD-003339
FIN-003340,AGT-0373,9000.0,9.0,0.0,0.0,0.0,ORD-003340
FIN-003341,AGT-0373,13500.0,22.0,0.0,1.0,1.0,ORD-003341
FIN-003342,AGT-0374,9000.0,3.0,0.0,2.0,0.0,ORD-003342
FIN-003343,AGT-0374,22500.0,6.0,0.0,0.0,0.0,ORD-003343
FIN-003344,AGT-0374,13500.0,0.0,0.0,1.0,1.0,ORD-003344
FIN-003345,AGT-0374,9000.0,1.0,0.0,0.0,0.0,ORD-003345
FIN-003346,AGT-0374,4500.0,9.0,0.0,0.0,1.0,ORD-003346
FIN-003347,AGT-0374,9000.0,1.0,0.0,1.0,1.0,ORD-003347
FIN-003348,AGT-0374,9000.0,30.0,0.0,0.0,0.0,ORD-003348
FIN-003349,AGT-0374,9000.0,0.0,0.0,0.0,0.0,ORD-003349
FIN-003350,AGT-0374,9000.0,11.0,0.0,2.0,1.0,ORD-003350
FIN-003351,AGT-0374,4500.0,1.0,0.0,1.0,1.0,ORD-003351
FIN-003352,AGT-0374,22500.0,26.0,0.0,0.0,0.0,ORD-003352
FIN-003353,AGT-0375,13500.0,0.0,0.0,1.0,0.0,ORD-003353
FIN-003354,AGT-0375,4500.0,16.0,0.0,2.0,0.0,ORD-003354
FIN-003355,AGT-0375,13500.0,,0.0,0.0,1.0,ORD-003355
FIN-003356,AGT-0375,9000.0,35.0,9000.0,0.0,1.0,ORD-003356
FIN-003357,AGT-0375,9000.0,9.0,0.0,0.0,1.0,ORD-003357
FIN-003358,AGT-0375,9000.0,2.0,0.0,1.0,1.0,ORD-003358
FIN-003359,AGT-0375,4500.0,13.0,0.0,0.0,1.0,ORD-003359
FIN-003360,AGT-0376,9000.0,6.0,0.0,0.0,2.0,ORD-003360
FIN-003362,AGT-0376,13500.0,6.0,0.0,0.0,2.0,ORD-003362
FIN-003363,AGT-0376,22500.0,7.0,0.0,0.0,0.0,ORD-003363
FIN-003364,AGT-0376,4500.0,10.0,0.0,0.0,0.0,ORD-003364
FIN-003365,AGT-0376,9000.0,6.0,0.0,0.0,2.0,ORD-003365
FIN-003366,AGT-0376,9000.0,26.0,0.0,0.0,1.0,ORD-003366
FIN-003367,AGT-0376,9000.0,10.0,0.0,1.0,2.0,ORD-003367
FIN-003368,AGT-0376,45000.0,0.0,0.0,0.0,0.0,ORD-003368
FIN-003369,AGT-0376,9000.0,7.0,0.0,0.0,0.0,ORD-003369
FIN-003370,AGT-0376,9000.0,13.0,0.0,0.0,1.0,ORD-003370
FIN-003371,AGT-0376,13500.0,48.0,13500.0,0.0,1.0,ORD-003371
FIN-003372,AGT-0377,4500.0,38.0,4500.0,0.0,2.0,ORD-003372
FIN-003373,AGT-0377,9000.0,3.0,0.0,1.0,1.0,ORD-003373
FIN-003374,AGT-0377,45000.0,3.0,0.0,0.0,0.0,ORD-003374
FIN-003375,AGT-0377,4500.0,3.0,,0.0,2.0,ORD-003375
FIN-003376,AGT-0377,9000.0,12.0,,0.0,1.0,ORD-003376
FIN-003377,AGT-0377,,3.0,0.0,0.0,1.0,ORD-003377
FIN-003378,AGT-0377,4500.0,29.0,0.0,,0.0,ORD-003378
FIN-003379,AGT-0377,13500.0,10.0,0.0,1.0,0.0,ORD-003379
FIN-003380,AGT-0377,9000.0,8.0,0.0,0.0,0.0,ORD-003380
FIN-003381,AGT-0377,9000.0,19.0,0.0,,1.0,ORD-003381
FIN-003382,AGT-0378,45000.0,31.0,0.0,0.0,0.0,ORD-003382
FIN-003383,AGT-0378,22500.0,63.0,0.0,0.0,0.0,ORD-003383
FIN-003384,AGT-0378,9000.0,8.0,,1.0,1.0,ORD-003384
FIN-003385,AGT-0378,4500.0,19.0,0.0,0.0,1.0,ORD-003385
FIN-003386,AGT-0378,13500.0,15.0,0.0,0.0,0.0,ORD-003386
FIN-003387,AGT-0378,9000.0,18.0,0.0,2.0,0.0,ORD-003387
FIN-003388,AGT-0378,13500.0,0.0,0.0,0.0,1.0,ORD-003388
FIN-003389,AGT-0378,22500.0,2.0,0.0,0.0,0.0,ORD-003389
FIN-003390,AGT-0378,9000.0,58.0,9000.0,1.0,0.0,ORD-003390
FIN-003391,AGT-0378,13500.0,3.0,0.0,2.0,2.0,ORD-003391
FIN-003392,AGT-0378,13500.0,65.0,0.0,0.0,0.0,ORD-003392
FIN-003393,AGT-0379,,8.0,0.0,0.0,2.0,ORD-003393
FIN-003394,AGT-0379,4500.0,36.0,4500.0,0.0,1.0,ORD-003394
FIN-003395,AGT-0379,9000.0,6.0,0.0,0.0,1.0,ORD-003395
FIN-003396,AGT-0379,9000.0,40.0,9000.0,0.0,0.0,ORD-003396
FIN-003397,AGT-0379,4500.0,1.0,0.0,1.0,2.0,ORD-003397
FIN-003398,AGT-0379,9000.0,27.0,0.0,0.0,0.0,ORD-003398
FIN-003399,AGT-0379,4500.0,20.0,0.0,0.0,0.0,ORD-003399
FIN-003400,AGT-0379,4500.0,12.0,0.0,0.0,0.0,ORD-003400
FIN-003401,AGT-0379,9000.0,43.0,9000.0,0.0,0.0,ORD-003401
FIN-003402,AGT-0379,45000.0,4.0,0.0,1.0,0.0,ORD-003402
FIN-003403,AGT-0379,9000.0,5.0,0.0,0.0,2.0,ORD-003403
FIN-003404,AGT-0380,13500.0,5.0,0.0,0.0,1.0,ORD-003404
FIN-003405,AGT-0380,13500.0,22.0,0.0,1.0,1.0,ORD-003405
FIN-003406,AGT-0380,4500.0,11.0,0.0,2.0,2.0,ORD-003406
FIN-003407,AGT-0380,9000.0,36.0,,0.0,1.0,ORD-003407
FIN-003408,AGT-0380,9000.0,48.0,0.0,1.0,0.0,ORD-003408
FIN-003409,AGT-0380,13500.0,3.0,0.0,1.0,0.0,ORD-003409
FIN-003410,AGT-0380,4500.0,9.0,0.0,1.0,0.0,ORD-003410
FIN-003412,AGT-0380,9000.0,41.0,0.0,1.0,1.0,ORD-003412
FIN-003413,AGT-0381,9000.0,24.0,0.0,0.0,1.0,ORD-003413
FIN-003414,AGT-0381,13500.0,0.0,0.0,0.0,1.0,ORD-003414
FIN-003415,AGT-0381,22500.0,12.0,0.0,0.0,1.0,ORD-003415
FIN-003416,AGT-0381,13500.0,1.0,0.0,0.0,0.0,ORD-003416
FIN-003417,AGT-0381,9000.0,21.0,0.0,1.0,0.0,ORD-003417
FIN-003418,AGT-0381,13500.0,0.0,0.0,0.0,0.0,ORD-003418
FIN-003419,AGT-0382,13500.0,17.0,0.0,1.0,1.0,ORD-003419
FIN-003420,AGT-0382,4500.0,2.0,0.0,0.0,1.0,ORD-003420
FIN-003421,AGT-0382,13500.0,3.0,0.0,0.0,0.0,ORD-003421
FIN-003422,AGT-0382,9000.0,21.0,0.0,0.0,0.0,ORD-003422
FIN-003423,AGT-0382,4500.0,19.0,0.0,0.0,0.0,ORD-003423
FIN-003424,AGT-0382,9000.0,5.0,0.0,0.0,1.0,ORD-003424
FIN-003425,AGT-0382,4500.0,26.0,0.0,0.0,1.0,ORD-003425
FIN-003426,AGT-0383,13500.0,5.0,0.0,0.0,1.0,ORD-003426
FIN-003427,AGT-0383,22500.0,37.0,22500.0,2.0,2.0,ORD-003427
FIN-003428,AGT-0383,4500.0,,0.0,2.0,2.0,ORD-003428
FIN-003429,AGT-0383,13500.0,1.0,0.0,1.0,0.0,ORD-003429
FIN-003430,AGT-0383,9000.0,66.0,9000.0,0.0,1.0,ORD-003430
FIN-003431,AGT-0383,9000.0,1.0,0.0,0.0,1.0,ORD-003431
FIN-003432,AGT-0383,13500.0,0.0,0.0,0.0,1.0,ORD-003432
FIN-003433,AGT-0383,,41.0,4500.0,1.0,0.0,ORD-003433
FIN-003434,AGT-0383,9000.0,21.0,0.0,1.0,0.0,ORD-003434
FIN-003435,AGT-0384,9000.0,0.0,0.0,0.0,0.0,ORD-003435
FIN-003436,AGT-0384,9000.0,2.0,0.0,0.0,0.0,ORD-003436
FIN-003437,AGT-0384,13500.0,42.0,13500.0,0.0,1.0,ORD-003437
FIN-003438,AGT-0384,9000.0,4.0,0.0,0.0,0.0,ORD-003438
FIN-003439,AGT-0384,45000.0,1.0,0.0,0.0,0.0,ORD-003439
FIN-003440,AGT-0384,13500.0,63.0,13500.0,1.0,1.0,ORD-003440
FIN-003441,AGT-0384,4500.0,1.0,0.0,0.0,0.0,ORD-003441
FIN-003442,AGT-0384,13500.0,13.0,0.0,0.0,0.0,ORD-003442
FIN-003443,AGT-0384,9000.0,1.0,,1.0,0.0,ORD-003443
FIN-003444,AGT-0384,9000.0,0.0,0.0,,2.0,ORD-003444
FIN-003445,AGT-0384,9000.0,10.0,0.0,0.0,0.0,ORD-003445
FIN-003446,AGT-0384,4500.0,12.0,0.0,0.0,1.0,ORD-003446
FIN-003447,AGT-0385,,1.0,0.0,0.0,0.0,ORD-003447
FIN-003448,AGT-0385,4500.0,30.0,0.0,0.0,1.0,ORD-003448
FIN-003449,AGT-0385,9000.0,,9000.0,0.0,2.0,ORD-003449
FIN-003450,AGT-0385,9000.0,16.0,0.0,1.0,1.0,ORD-003450
FIN-003451,AGT-0385,9000.0,1.0,0.0,0.0,0.0,ORD-003451
FIN-003452,AGT-0385,13500.0,16.0,0.0,1.0,2.0,ORD-003452
FIN-003453,AGT-0385,13500.0,9.0,0.0,1.0,0.0,ORD-003453
FIN-003454,AGT-0385,9000.0,8.0,0.0,0.0,0.0,ORD-003454
FIN-003455,AGT-0385,9000.0,11.0,0.0,0.0,2.0,ORD-003455
FIN-003456,AGT-0385,4500.0,34.0,0.0,0.0,0.0,ORD-003456
FIN-003457,AGT-0385,45000.0,1.0,0.0,1.0,2.0,ORD-003457
FIN-003458,AGT-0386,9000.0,6.0,0.0,0.0,1.0,ORD-003458
FIN-003459,AGT-0386,9000.0,0.0,0.0,1.0,1.0,ORD-003459
FIN-003460,AGT-0386,9000.0,11.0,0.0,1.0,1.0,ORD-003460
FIN-003461,AGT-0386,9000.0,3.0,0.0,1.0,1.0,ORD-003461
FIN-003462,AGT-0386,4500.0,7.0,0.0,0.0,1.0,ORD-003462
FIN-003463,AGT-0386,9000.0,7.0,,1.0,1.0,ORD-003463
FIN-003464,AGT-0386,9000.0,9.0,0.0,0.0,0.0,ORD-003464
FIN-003465,AGT-0386,9000.0,13.0,0.0,0.0,0.0,ORD-003465
FIN-003466,AGT-0386,9000.0,22.0,0.0,0.0,0.0,ORD-003466
FIN-003467,AGT-0387,4500.0,13.0,,,0.0,ORD-003467
FIN-003468,AGT-0387,13500.0,24.0,0.0,1.0,0.0,ORD-003468
FIN-003469,AGT-0387,9000.0,12.0,0.0,0.0,2.0,ORD-003469
FIN-003470,AGT-0387,9000.0,2.0,0.0,0.0,1.0,ORD-003470
FIN-003471,AGT-0387,9000.0,5.0,0.0,2.0,1.0,ORD-003471
FIN-003472,AGT-0387,13500.0,20.0,0.0,0.0,1.0,ORD-003472
FIN-003473,AGT-0387,9000.0,1.0,0.0,0.0,,ORD-003473
FIN-003474,AGT-0387,22500.0,1.0,0.0,1.0,0.0,ORD-003474
FIN-003475,AGT-0387,9000.0,3.0,0.0,1.0,1.0,ORD-003475
FIN-003476,AGT-0387,9000.0,3.0,0.0,0.0,1.0,ORD-003476
FIN-003477,AGT-0387,13500.0,0.0,0.0,0.0,0.0,ORD-003477
FIN-003478,AGT-0387,13500.0,71.0,13500.0,0.0,1.0,ORD-003478
FIN-003479,AGT-0388,9000.0,12.0,0.0,2.0,1.0,ORD-003479
FIN-003480,AGT-0388,13500.0,6.0,0.0,1.0,1.0,ORD-003480
FIN-003481,AGT-0388,4500.0,10.0,0.0,0.0,0.0,ORD-003481
FIN-003482,AGT-0388,9000.0,23.0,0.0,1.0,0.0,ORD-003482
FIN-003483,AGT-0388,4500.0,1.0,0.0,0.0,0.0,ORD-003483
FIN-003484,AGT-0388,9000.0,2.0,0.0,1.0,0.0,ORD-003484
FIN-003485,AGT-0388,9000.0,1.0,0.0,2.0,1.0,ORD-003485
FIN-003486,AGT-0388,4500.0,10.0,0.0,0.0,0.0,ORD-003486
FIN-003487,AGT-0388,9000.0,2.0,0.0,2.0,1.0,ORD-003487
FIN-003488,AGT-0388,13500.0,35.0,0.0,0.0,0.0,ORD-003488
FIN-003489,AGT-0389,22500.0,3.0,0.0,2.0,0.0,ORD-003489
FIN-003490,AGT-0389,4500.0,0.0,0.0,0.0,1.0,ORD-003490
FIN-003491,AGT-0389,45000.0,11.0,0.0,1.0,1.0,ORD-003491
FIN-003492,AGT-0389,9000.0,2.0,0.0,2.0,1.0,ORD-003492
FIN-003493,AGT-0389,13500.0,18.0,0.0,0.0,0.0,ORD-003493
FIN-003494,AGT-0389,4500.0,32.0,4500.0,0.0,1.0,ORD-003494
FIN-003495,AGT-0389,4500.0,18.0,0.0,1.0,2.0,ORD-003495
FIN-003496,AGT-0389,9000.0,35.0,9000.0,1.0,0.0,ORD-003496
FIN-003497,AGT-0389,22500.0,8.0,0.0,0.0,1.0,ORD-003497
FIN-003498,AGT-0389,22500.0,11.0,0.0,0.0,1.0,ORD-003498
FIN-003499,AGT-0389,9000.0,20.0,0.0,2.0,1.0,ORD-003499
FIN-003502,AGT-0390,13500.0,8.0,0.0,2.0,1.0,ORD-003502
FIN-003503,AGT-0390,13500.0,9.0,0.0,0.0,1.0,ORD-003503
FIN-003504,AGT-0390,9000.0,25.0,0.0,0.0,0.0,ORD-003504
FIN-003505,AGT-0390,4500.0,19.0,0.0,0.0,1.0,ORD-003505
FIN-003506,AGT-0390,4500.0,5.0,0.0,0.0,0.0,ORD-003506
FIN-003507,AGT-0390,,1.0,0.0,0.0,1.0,ORD-003507
FIN-003508,AGT-0391,9000.0,0.0,0.0,2.0,1.0,ORD-003508
FIN-003509,AGT-0391,9000.0,8.0,0.0,0.0,1.0,ORD-003509
FIN-003510,AGT-0391,9000.0,24.0,0.0,0.0,1.0,ORD-003510
FIN-003511,AGT-0391,13500.0,1.0,0.0,0.0,0.0,ORD-003511
FIN-003512,AGT-0391,9000.0,6.0,0.0,0.0,1.0,ORD-003512
FIN-003513,AGT-0391,9000.0,14.0,0.0,2.0,1.0,ORD-003513
FIN-003514,AGT-0391,13500.0,6.0,0.0,1.0,0.0,ORD-003514
FIN-003515,AGT-0392,9000.0,10.0,0.0,1.0,0.0,ORD-003515
FIN-003516,AGT-0392,22500.0,1.0,0.0,0.0,1.0,ORD-003516
FIN-003517,AGT-0392,9000.0,28.0,0.0,1.0,0.0,ORD-003517
FIN-003518,AGT-0392,9000.0,19.0,0.0,0.0,1.0,ORD-003518
FIN-003519,AGT-0392,9000.0,0.0,0.0,2.0,0.0,ORD-003519
FIN-003520,AGT-0392,9000.0,1.0,0.0,2.0,1.0,ORD-003520
FIN-003521,AGT-0392,9000.0,2.0,0.0,1.0,0.0,ORD-003521
FIN-003522,AGT-0392,13500.0,1.0,0.0,0.0,1.0,ORD-003522
FIN-003523,AGT-0392,9000.0,8.0,0.0,0.0,0.0,ORD-003523
FIN-003524,AGT-0392,9000.0,33.0,9000.0,1.0,0.0,ORD-003524
FIN-003525,AGT-0393,13500.0,0.0,0.0,0.0,2.0,ORD-003525
FIN-003526,AGT-0393,13500.0,3.0,,0.0,1.0,ORD-003526
FIN-003527,AGT-0393,13500.0,21.0,0.0,,1.0,ORD-003527
FIN-003528,AGT-0393,9000.0,0.0,0.0,0.0,0.0,ORD-003528
FIN-003529,AGT-0393,9000.0,21.0,0.0,0.0,0.0,ORD-003529
FIN-003530,AGT-0393,9000.0,10.0,0.0,0.0,1.0,ORD-003530
FIN-003531,AGT-0393,13500.0,13.0,0.0,0.0,1.0,ORD-003531
FIN-003532,AGT-0393,9000.0,2.0,0.0,1.0,,ORD-003532
FIN-003533,AGT-0393,4500.0,13.0,0.0,2.0,1.0,ORD-003533
FIN-003534,AGT-0393,4500.0,37.0,4500.0,0.0,1.0,ORD-003534
FIN-003535,AGT-0393,9000.0,7.0,0.0,0.0,1.0,ORD-003535
FIN-003536,AGT-0393,13500.0,8.0,0.0,0.0,1.0,ORD-003536
FIN-003537,AGT-0394,9000.0,24.0,0.0,0.0,0.0,ORD-003537
FIN-003538,AGT-0394,13500.0,0.0,0.0,1.0,1.0,ORD-003538
FIN-003539,AGT-0394,9000.0,4.0,0.0,1.0,1.0,ORD-003539
FIN-003540,AGT-0394,13500.0,16.0,0.0,0.0,1.0,ORD-003540
FIN-003541,AGT-0394,9000.0,5.0,0.0,1.0,0.0,ORD-003541
FIN-003542,AGT-0394,22500.0,7.0,0.0,1.0,0.0,ORD-003542
FIN-003543,AGT-0395,9000.0,1.0,0.0,0.0,1.0,ORD-003543
FIN-003544,AGT-0395,9000.0,6.0,0.0,1.0,2.0,ORD-003544
FIN-003545,AGT-0395,13500.0,6.0,0.0,0.0,1.0,ORD-003545
FIN-003546,AGT-0395,13500.0,4.0,0.0,0.0,0.0,ORD-003546
FIN-003547,AGT-0395,9000.0,3.0,0.0,0.0,1.0,ORD-003547
FIN-003548,AGT-0395,9000.0,11.0,0.0,1.0,0.0,ORD-003548
FIN-003549,AGT-0396,9000.0,71.0,9000.0,0.0,2.0,ORD-003549
FIN-003550,AGT-0396,9000.0,30.0,0.0,0.0,2.0,ORD-003550
FIN-003551,AGT-0396,4500.0,8.0,0.0,0.0,,ORD-003551
FIN-003552,AGT-0396,13500.0,6.0,0.0,0.0,0.0,ORD-003552
FIN-003553,AGT-0396,13500.0,1.0,0.0,1.0,0.0,ORD-003553
FIN-003554,AGT-0396,13500.0,67.0,0.0,0.0,0.0,ORD-003554
FIN-003555,AGT-0396,9000.0,2.0,0.0,0.0,0.0,ORD-003555
FIN-003556,AGT-0396,13500.0,10.0,0.0,0.0,0.0,ORD-003556
FIN-003557,AGT-0396,13500.0,19.0,0.0,2.0,0.0,ORD-003557
FIN-003558,AGT-0397,13500.0,6.0,0.0,0.0,0.0,ORD-003558
FIN-003559,AGT-0397,4500.0,16.0,0.0,0.0,1.0,ORD-003559
FIN-003560,AGT-0397,4500.0,26.0,0.0,0.0,0.0,ORD-003560
FIN-003561,AGT-0397,9000.0,,0.0,2.0,1.0,ORD-003561
FIN-003562,AGT-0397,4500.0,9.0,0.0,0.0,1.0,ORD-003562
FIN-003563,AGT-0397,9000.0,27.0,0.0,1.0,0.0,ORD-003563
FIN-003564,AGT-0397,9000.0,31.0,9000.0,1.0,2.0,ORD-003564
FIN-003565,AGT-0397,9000.0,18.0,0.0,0.0,2.0,ORD-003565
FIN-003566,AGT-0398,9000.0,31.0,0.0,0.0,,ORD-003566
FIN-003567,AGT-0398,22500.0,2.0,0.0,0.0,1.0,ORD-003567
FIN-003568,AGT-0398,4500.0,2.0,,0.0,0.0,ORD-003568
FIN-003569,AGT-0398,9000.0,9.0,0.0,0.0,0.0,ORD-003569
FIN-003570,AGT-0398,13500.0,76.0,0.0,2.0,0.0,ORD-003570
FIN-003571,AGT-0398,4500.0,19.0,0.0,0.0,0.0,ORD-003571
FIN-003572,AGT-0399,13500.0,11.0,0.0,,1.0,ORD-003572
FIN-003573,AGT-0399,22500.0,13.0,0.0,0.0,0.0,ORD-003573
FIN-003574,AGT-0399,,26.0,0.0,0.0,1.0,ORD-003574
FIN-003575,AGT-0399,9000.0,10.0,0.0,0.0,1.0,ORD-003575
FIN-003576,AGT-0399,13500.0,3.0,0.0,2.0,1.0,ORD-003576
FIN-003577,AGT-0399,22500.0,66.0,0.0,0.0,2.0,ORD-003577
FIN-003578,AGT-0399,9000.0,4.0,0.0,0.0,1.0,ORD-003578
FIN-003579,AGT-0399,4500.0,0.0,0.0,2.0,0.0,ORD-003579
FIN-003580,AGT-0399,4500.0,6.0,0.0,0.0,0.0,ORD-003580
FIN-003581,AGT-0399,45000.0,10.0,0.0,0.0,1.0,ORD-003581
FIN-003582,AGT-0400,22500.0,8.0,0.0,1.0,1.0,ORD-003582
FIN-003583,AGT-0400,13500.0,27.0,0.0,0.0,0.0,ORD-003583
FIN-003584,AGT-0400,22500.0,13.0,0.0,0.0,1.0,ORD-003584
FIN-003585,AGT-0400,4500.0,14.0,0.0,0.0,2.0,ORD-003585
FIN-003586,AGT-0400,4500.0,9.0,0.0,1.0,1.0,ORD-003586
FIN-003587,AGT-0400,4500.0,15.0,0.0,0.0,0.0,ORD-003587
FIN-003588,AGT-0400,9000.0,12.0,0.0,0.0,1.0,ORD-003588
FIN-003589,AGT-0400,13500.0,20.0,0.0,0.0,1.0,ORD-003589
FIN-003590,AGT-0400,9000.0,14.0,0.0,0.0,0.0,ORD-003590
FIN-003591,AGT-0400,13500.0,13.0,0.0,1.0,0.0,ORD-003591
FIN-003592,AGT-0400,22500.0,2.0,0.0,0.0,0.0,ORD-003592
FIN-003593,AGT-0401,4500.0,0.0,0.0,0.0,1.0,ORD-003593
FIN-003594,AGT-0401,13500.0,1.0,0.0,0.0,0.0,ORD-003594
FIN-003595,AGT-0401,9000.0,75.0,9000.0,2.0,0.0,ORD-003595
FIN-003596,AGT-0401,13500.0,31.0,0.0,0.0,0.0,ORD-003596
FIN-003597,AGT-0401,9000.0,14.0,0.0,1.0,0.0,ORD-003597
FIN-003598,AGT-0401,4500.0,1.0,0.0,0.0,0.0,ORD-003598
FIN-003599,AGT-0401,22500.0,65.0,22500.0,0.0,1.0,ORD-003599
FIN-003601,AGT-0402,9000.0,10.0,0.0,1.0,0.0,ORD-003601
FIN-003602,AGT-0402,4500.0,7.0,0.0,0.0,0.0,ORD-003602
FIN-003603,AGT-0402,9000.0,1.0,0.0,0.0,0.0,ORD-003603
FIN-003604,AGT-0402,4500.0,4.0,0.0,2.0,2.0,ORD-003604
FIN-003605,AGT-0402,22500.0,48.0,22500.0,0.0,1.0,ORD-003605
FIN-003606,AGT-0402,13500.0,8.0,0.0,0.0,1.0,ORD-003606
FIN-003607,AGT-0402,13500.0,3.0,0.0,1.0,1.0,ORD-003607
FIN-003608,AGT-0402,9000.0,30.0,0.0,0.0,0.0,ORD-003608
FIN-003609,AGT-0402,13500.0,8.0,0.0,0.0,0.0,ORD-003609
FIN-003610,AGT-0403,22500.0,2.0,0.0,0.0,2.0,ORD-003610
FIN-003611,AGT-0403,9000.0,26.0,0.0,2.0,0.0,ORD-003611
FIN-003612,AGT-0403,9000.0,28.0,0.0,0.0,1.0,ORD-003612
FIN-003613,AGT-0403,9000.0,3.0,0.0,0.0,1.0,ORD-003613
FIN-003614,AGT-0403,13500.0,4.0,0.0,0.0,1.0,ORD-003614
FIN-003615,AGT-0403,4500.0,8.0,0.0,0.0,0.0,ORD-003615
FIN-003616,AGT-0403,9000.0,20.0,0.0,0.0,0.0,ORD-003616
FIN-003617,AGT-0403,22500.0,43.0,0.0,0.0,0.0,ORD-003617
FIN-003618,AGT-0403,4500.0,7.0,0.0,0.0,0.0,ORD-003618
FIN-003619,AGT-0403,,28.0,0.0,2.0,1.0,ORD-003619
FIN-003620,AGT-0404,13500.0,15.0,0.0,1.0,0.0,ORD-003620
FIN-003621,AGT-0404,9000.0,2.0,0.0,0.0,0.0,ORD-003621
FIN-003622,AGT-0404,9000.0,3.0,0.0,0.0,1.0,ORD-003622
FIN-003623,AGT-0404,9000.0,3.0,0.0,0.0,2.0,ORD-003623
FIN-003624,AGT-0404,9000.0,23.0,0.0,0.0,1.0,ORD-003624
FIN-003625,AGT-0404,9000.0,2.0,0.0,0.0,1.0,ORD-003625
FIN-003626,AGT-0404,45000.0,5.0,0.0,1.0,0.0,ORD-003626
FIN-003627,AGT-0404,9000.0,16.0,0.0,0.0,1.0,ORD-003627
FIN-003628,AGT-0404,9000.0,10.0,0.0,0.0,1.0,ORD-003628
FIN-003629,AGT-0404,22500.0,20.0,,0.0,0.0,ORD-003629
FIN-003630,AGT-0404,9000.0,8.0,0.0,0.0,0.0,ORD-003630
FIN-003631,AGT-0404,13500.0,7.0,0.0,1.0,1.0,ORD-003631
FIN-003632,AGT-0405,9000.0,48.0,0.0,0.0,0.0,ORD-003632
FIN-003633,AGT-0405,13500.0,18.0,0.0,0.0,1.0,ORD-003633
FIN-003634,AGT-0405,4500.0,5.0,0.0,1.0,2.0,ORD-003634
FIN-003635,AGT-0405,9000.0,15.0,0.0,1.0,1.0,ORD-003635
FIN-003636,AGT-0405,13500.0,22.0,0.0,2.0,2.0,ORD-003636
FIN-003637,AGT-0405,,3.0,0.0,2.0,2.0,ORD-003637
FIN-003638,AGT-0406,9000.0,6.0,0.0,0.0,1.0,ORD-003638
FIN-003639,AGT-0406,13500.0,12.0,0.0,0.0,0.0,ORD-003639
FIN-003640,AGT-0406,13500.0,5.0,0.0,0.0,0.0,ORD-003640
FIN-003641,AGT-0406,4500.0,6.0,0.0,0.0,0.0,ORD-003641
FIN-003642,AGT-0406,9000.0,18.0,0.0,0.0,0.0,ORD-003642
FIN-003643,AGT-0406,4500.0,7.0,0.0,0.0,0.0,ORD-003643
FIN-003644,AGT-0406,13500.0,42.0,13500.0,0.0,1.0,ORD-003644
FIN-003645,AGT-0406,9000.0,8.0,0.0,0.0,0.0,ORD-003645
FIN-003646,AGT-0407,45000.0,25.0,0.0,0.0,2.0,ORD-003646
FIN-003647,AGT-0407,9000.0,2.0,0.0,0.0,0.0,ORD-003647
FIN-003648,AGT-0407,9000.0,2.0,0.0,0.0,1.0,ORD-003648
FIN-003649,AGT-0407,9000.0,17.0,0.0,0.0,1.0,ORD-003649
FIN-003650,AGT-0407,9000.0,14.0,0.0,1.0,1.0,ORD-003650
FIN-003651,AGT-0407,45000.0,3.0,0.0,0.0,0.0,ORD-003651
FIN-003652,AGT-0407,22500.0,40.0,22500.0,0.0,1.0,ORD-003652
FIN-003653,AGT-0407,9000.0,24.0,0.0,0.0,0.0,ORD-003653
FIN-003654,AGT-0408,13500.0,20.0,0.0,0.0,0.0,ORD-003654
FIN-003655,AGT-0408,9000.0,,0.0,0.0,1.0,ORD-003655
FIN-003656,AGT-0408,9000.0,12.0,0.0,1.0,1.0,ORD-003656
FIN-003657,AGT-0408,9000.0,3.0,0.0,1.0,0.0,ORD-003657
FIN-003658,AGT-0408,9000.0,6.0,0.0,0.0,1.0,ORD-003658
FIN-003659,AGT-0408,4500.0,24.0,0.0,0.0,0.0,ORD-003659
FIN-003660,AGT-0409,,24.0,0.0,0.0,1.0,ORD-003660
FIN-003661,AGT-0409,13500.0,4.0,0.0,0.0,1.0,ORD-003661
FIN-003662,AGT-0409,9000.0,11.0,0.0,1.0,0.0,ORD-003662
FIN-003663,AGT-9999,45000.0,14.0,0.0,0.0,1.0,ORD-003663
FIN-003664,AGT-0409,9000.0,20.0,0.0,2.0,1.0,ORD-003664
FIN-003665,AGT-0409,4500.0,30.0,0.0,0.0,0.0,ORD-003665
FIN-003666,AGT-0409,4500.0,3.0,,1.0,2.0,ORD-003666
FIN-003667,AGT-0409,22500.0,3.0,0.0,0.0,0.0,ORD-003667
FIN-003668,AGT-0409,9000.0,,0.0,0.0,0.0,ORD-003668
FIN-003669,AGT-0409,13500.0,6.0,0.0,0.0,0.0,ORD-003669
FIN-003670,AGT-0410,22500.0,12.0,0.0,1.0,0.0,ORD-003670
FIN-003671,AGT-0410,4500.0,54.0,0.0,2.0,1.0,ORD-003671
FIN-003672,AGT-0410,13500.0,,0.0,1.0,1.0,ORD-003672
FIN-003673,AGT-0410,4500.0,2.0,0.0,0.0,0.0,ORD-003673
FIN-003674,AGT-0410,4500.0,12.0,0.0,0.0,1.0,ORD-003674
FIN-003675,AGT-0410,4500.0,39.0,0.0,0.0,0.0,ORD-003675
FIN-003676,AGT-0411,4500.0,49.0,4500.0,0.0,1.0,ORD-003676
FIN-003677,AGT-0411,9000.0,8.0,0.0,0.0,1.0,ORD-003677
FIN-003678,AGT-0411,9000.0,6.0,0.0,1.0,0.0,ORD-003678
FIN-003679,AGT-0411,4500.0,8.0,0.0,1.0,1.0,ORD-003679
FIN-003680,AGT-0411,13500.0,10.0,0.0,0.0,0.0,ORD-003680
FIN-003681,AGT-0411,9000.0,7.0,0.0,0.0,0.0,ORD-003681
FIN-003682,AGT-0411,13500.0,17.0,0.0,0.0,1.0,ORD-003682
FIN-003683,AGT-0412,9000.0,28.0,0.0,1.0,2.0,ORD-003683
FIN-003684,AGT-0412,13500.0,2.0,0.0,0.0,1.0,ORD-003684
FIN-003685,AGT-0412,9000.0,38.0,0.0,,2.0,ORD-003685
FIN-003686,AGT-0412,45000.0,16.0,0.0,0.0,0.0,ORD-003686
FIN-003687,AGT-0412,9000.0,46.0,9000.0,0.0,1.0,ORD-003687
FIN-003688,AGT-0412,13500.0,9.0,0.0,0.0,0.0,ORD-003688
FIN-003689,AGT-0412,4500.0,18.0,0.0,0.0,0.0,ORD-003689
FIN-003690,AGT-0412,9000.0,5.0,0.0,1.0,1.0,ORD-003690
FIN-003691,AGT-0413,9000.0,4.0,0.0,0.0,1.0,ORD-003691
FIN-003692,AGT-0413,4500.0,16.0,0.0,2.0,1.0,ORD-003692
FIN-003693,AGT-0413,9000.0,0.0,0.0,0.0,1.0,ORD-003693
FIN-003694,AGT-0413,9000.0,5.0,0.0,0.0,0.0,ORD-003694
FIN-003695,AGT-0413,4500.0,19.0,0.0,1.0,0.0,ORD-003695
FIN-003696,AGT-0413,9000.0,3.0,0.0,1.0,2.0,ORD-003696
FIN-003697,AGT-0413,4500.0,4.0,0.0,0.0,0.0,ORD-003697
FIN-003698,AGT-0414,4500.0,26.0,0.0,0.0,2.0,ORD-003698
FIN-003699,AGT-0414,4500.0,22.0,0.0,0.0,0.0,ORD-003699
FIN-003700,AGT-0414,22500.0,7.0,0.0,0.0,1.0,ORD-003700
FIN-003701,AGT-0414,4500.0,12.0,0.0,1.0,1.0,ORD-003701
FIN-003702,AGT-0414,4500.0,3.0,0.0,0.0,2.0,ORD-003702
FIN-003703,AGT-0414,22500.0,21.0,0.0,0.0,1.0,ORD-003703
FIN-003704,AGT-0414,4500.0,28.0,0.0,1.0,0.0,ORD-003704
FIN-003705,AGT-0414,22500.0,6.0,0.0,,0.0,ORD-003705
FIN-003706,AGT-0414,9000.0,10.0,,0.0,0.0,ORD-003706
FIN-003707,AGT-0415,9000.0,25.0,0.0,0.0,1.0,ORD-003707
FIN-003708,AGT-0415,4500.0,20.0,0.0,0.0,0.0,ORD-003708
FIN-003709,AGT-0415,9000.0,31.0,9000.0,0.0,0.0,ORD-003709
FIN-003710,AGT-0415,9000.0,55.0,0.0,1.0,0.0,ORD-003710
FIN-003712,AGT-0415,13500.0,,13500.0,0.0,1.0,ORD-003712
FIN-003713,AGT-0415,13500.0,14.0,0.0,2.0,1.0,ORD-003713
FIN-003714,AGT-0415,13500.0,2.0,0.0,2.0,0.0,ORD-003714
FIN-003715,AGT-0415,4500.0,4.0,0.0,0.0,0.0,ORD-003715
FIN-003716,AGT-0415,45000.0,14.0,0.0,0.0,0.0,ORD-003716
FIN-003717,AGT-0416,9000.0,10.0,0.0,,1.0,ORD-003717
FIN-003718,AGT-0416,45000.0,7.0,0.0,0.0,1.0,ORD-003718
FIN-003719,AGT-0416,4500.0,10.0,0.0,0.0,1.0,ORD-003719
FIN-003720,AGT-0416,13500.0,11.0,0.0,1.0,0.0,ORD-003720
FIN-003722,AGT-0416,13500.0,20.0,0.0,0.0,1.0,ORD-003722
FIN-003723,AGT-0416,9000.0,3.0,0.0,0.0,0.0,ORD-003723
FIN-003724,AGT-0416,22500.0,4.0,0.0,,0.0,ORD-003724
FIN-003725,AGT-0416,22500.0,0.0,,,0.0,ORD-003725
FIN-003726,AGT-0416,9000.0,17.0,0.0,2.0,0.0,ORD-003726
FIN-003727,AGT-0416,13500.0,10.0,0.0,0.0,1.0,ORD-003727
FIN-003728,AGT-0416,13500.0,7.0,0.0,0.0,0.0,ORD-003728
FIN-003729,AGT-0417,9000.0,33.0,9000.0,0.0,0.0,ORD-003729
FIN-003730,AGT-0417,4500.0,5.0,0.0,0.0,2.0,ORD-003730
FIN-003731,AGT-0417,13500.0,8.0,0.0,0.0,1.0,ORD-003731
FIN-003732,AGT-0417,13500.0,31.0,0.0,0.0,1.0,ORD-003732
FIN-003733,AGT-0417,4500.0,66.0,4500.0,1.0,2.0,ORD-003733
FIN-003734,AGT-0417,9000.0,16.0,,0.0,1.0,ORD-003734
FIN-003735,AGT-0417,13500.0,40.0,13500.0,0.0,0.0,ORD-003735
FIN-003736,AGT-0417,9000.0,7.0,0.0,1.0,1.0,ORD-003736
FIN-003737,AGT-0417,9000.0,14.0,0.0,0.0,1.0,ORD-003737
FIN-003738,AGT-0417,9000.0,29.0,0.0,0.0,0.0,ORD-003738
FIN-003739,AGT-0417,9000.0,8.0,0.0,0.0,2.0,ORD-003739
FIN-003740,AGT-0417,13500.0,11.0,0.0,0.0,0.0,ORD-003740
FIN-003741,AGT-0418,45000.0,13.0,0.0,1.0,0.0,ORD-003741
FIN-003742,AGT-0418,9000.0,42.0,0.0,0.0,1.0,ORD-003742
FIN-003743,AGT-0418,9000.0,9.0,0.0,1.0,0.0,ORD-003743
FIN-003744,AGT-0418,9000.0,0.0,0.0,0.0,0.0,ORD-003744
FIN-003745,AGT-0418,22500.0,21.0,0.0,0.0,1.0,ORD-003745
FIN-003746,AGT-0418,13500.0,11.0,0.0,0.0,0.0,ORD-003746
FIN-003747,AGT-0419,13500.0,30.0,0.0,2.0,2.0,ORD-003747
FIN-003748,AGT-0419,4500.0,28.0,0.0,0.0,0.0,ORD-003748
FIN-003749,AGT-0419,9000.0,5.0,0.0,0.0,0.0,ORD-003749
FIN-003751,AGT-0419,9000.0,41.0,0.0,0.0,0.0,ORD-003751
FIN-003752,AGT-0419,4500.0,0.0,0.0,0.0,1.0,ORD-003752
FIN-003753,AGT-0419,9000.0,50.0,9000.0,0.0,1.0,ORD-003753
FIN-003754,AGT-0419,22500.0,24.0,0.0,0.0,0.0,ORD-003754
FIN-003755,AGT-0420,13500.0,34.0,13500.0,0.0,0.0,ORD-003755
FIN-003756,AGT-0420,4500.0,0.0,0.0,1.0,0.0,ORD-003756
FIN-003757,AGT-0420,9000.0,14.0,0.0,0.0,0.0,ORD-003757
FIN-003758,AGT-0420,13500.0,17.0,0.0,0.0,1.0,ORD-003758
FIN-003759,AGT-0420,9000.0,8.0,0.0,1.0,0.0,ORD-003759
FIN-003760,AGT-0420,9000.0,,0.0,0.0,0.0,ORD-003760
FIN-003761,AGT-0420,9000.0,49.0,0.0,1.0,0.0,ORD-003761
FIN-003762,AGT-0420,22500.0,72.0,0.0,0.0,2.0,ORD-003762
FIN-003763,AGT-0420,9000.0,0.0,0.0,0.0,1.0,ORD-003763
FIN-003764,AGT-0420,9000.0,1.0,0.0,1.0,1.0,ORD-003764
FIN-003765,AGT-0420,9000.0,5.0,0.0,0.0,1.0,ORD-003765
FIN-003766,AGT-0420,9000.0,5.0,0.0,1.0,0.0,ORD-003766
FIN-003767,AGT-0421,9000.0,1.0,0.0,0.0,1.0,ORD-003767
FIN-003768,AGT-0421,22500.0,21.0,0.0,0.0,0.0,ORD-003768
FIN-003769,AGT-0421,13500.0,47.0,0.0,0.0,0.0,ORD-003769
FIN-003770,AGT-0421,13500.0,19.0,0.0,0.0,1.0,ORD-003770
FIN-003771,AGT-0421,4500.0,8.0,0.0,0.0,2.0,ORD-003771
FIN-003772,AGT-0421,4500.0,7.0,0.0,0.0,0.0,ORD-003772
FIN-003773,AGT-0422,4500.0,10.0,0.0,0.0,0.0,ORD-003773
FIN-003774,AGT-0422,4500.0,,0.0,0.0,1.0,ORD-003774
FIN-003775,AGT-0422,4500.0,4.0,0.0,0.0,0.0,ORD-003775
FIN-003776,AGT-0422,45000.0,8.0,0.0,0.0,1.0,ORD-003776
FIN-003777,AGT-0422,13500.0,13.0,0.0,0.0,2.0,ORD-003777
FIN-003778,AGT-0422,22500.0,25.0,0.0,0.0,1.0,ORD-003778
FIN-003779,AGT-0422,9000.0,32.0,9000.0,1.0,0.0,ORD-003779
FIN-003780,AGT-0422,22500.0,1.0,0.0,0.0,1.0,ORD-003780
FIN-003781,AGT-0422,9000.0,46.0,45000.0,1.0,0.0,ORD-003781
FIN-003782,AGT-0422,9000.0,51.0,0.0,1.0,1.0,ORD-003782
FIN-003783,AGT-0422,4500.0,26.0,0.0,0.0,0.0,ORD-003783
FIN-003784,AGT-0423,13500.0,12.0,0.0,1.0,0.0,ORD-003784
FIN-003785,AGT-0423,13500.0,6.0,0.0,0.0,0.0,ORD-003785
FIN-003786,AGT-0423,4500.0,21.0,0.0,0.0,0.0,ORD-003786
FIN-003787,AGT-0423,9000.0,24.0,0.0,1.0,0.0,ORD-003787
FIN-003788,AGT-0423,13500.0,9.0,0.0,0.0,0.0,ORD-003788
FIN-003789,AGT-0423,9000.0,79.0,9000.0,1.0,2.0,ORD-003789
FIN-003790,AGT-0423,4500.0,9.0,0.0,1.0,0.0,ORD-003790
FIN-003791,AGT-0424,13500.0,3.0,0.0,0.0,1.0,ORD-003791
FIN-003792,AGT-0424,13500.0,3.0,0.0,0.0,0.0,ORD-003792
FIN-003793,AGT-0424,4500.0,37.0,0.0,2.0,1.0,ORD-003793
FIN-003794,AGT-0424,4500.0,15.0,0.0,0.0,0.0,ORD-003794
FIN-003795,AGT-0424,9000.0,73.0,9000.0,1.0,2.0,ORD-003795
FIN-003796,AGT-0424,9000.0,10.0,0.0,0.0,0.0,ORD-003796
FIN-003797,AGT-0424,,11.0,0.0,0.0,0.0,ORD-003797
FIN-003798,AGT-0424,22500.0,12.0,0.0,0.0,0.0,ORD-003798
FIN-003799,AGT-0424,22500.0,23.0,0.0,1.0,,ORD-003799
FIN-003800,AGT-0424,22500.0,2.0,0.0,0.0,0.0,ORD-003800
FIN-003801,AGT-0424,9000.0,10.0,0.0,0.0,1.0,ORD-003801
FIN-003802,AGT-0425,4500.0,13.0,,0.0,0.0,ORD-003802
FIN-003803,AGT-0425,9000.0,3.0,0.0,0.0,1.0,ORD-003803
FIN-003804,AGT-0425,9000.0,15.0,0.0,1.0,0.0,ORD-003804
FIN-003805,AGT-0425,4500.0,5.0,0.0,0.0,1.0,ORD-003805
FIN-003806,AGT-0425,4500.0,16.0,0.0,1.0,1.0,ORD-003806
FIN-003807,AGT-0425,9000.0,15.0,0.0,0.0,1.0,ORD-003807
FIN-003808,AGT-0425,13500.0,1.0,0.0,0.0,2.0,ORD-003808
FIN-003809,AGT-0426,9000.0,2.0,0.0,1.0,2.0,ORD-003809
FIN-003810,AGT-0426,9000.0,23.0,0.0,2.0,0.0,ORD-003810
FIN-003811,AGT-0426,4500.0,20.0,0.0,0.0,0.0,ORD-003811
FIN-003812,AGT-0426,9000.0,49.0,0.0,2.0,1.0,ORD-003812
FIN-003813,AGT-0426,13500.0,3.0,0.0,0.0,0.0,ORD-003813
FIN-003814,AGT-0426,22500.0,3.0,0.0,2.0,0.0,ORD-003814
FIN-003815,AGT-0426,9000.0,8.0,0.0,0.0,0.0,ORD-003815
FIN-003816,AGT-0426,9000.0,12.0,0.0,0.0,0.0,ORD-003816
FIN-003817,AGT-0426,13500.0,,0.0,0.0,1.0,ORD-003817
FIN-003818,AGT-0426,13500.0,0.0,0.0,1.0,0.0,ORD-003818
FIN-003819,AGT-0426,9000.0,10.0,0.0,1.0,1.0,ORD-003819
FIN-003820,AGT-0427,13500.0,8.0,,0.0,1.0,ORD-003820
FIN-003821,AGT-0427,4500.0,11.0,0.0,0.0,1.0,ORD-003821
FIN-003822,AGT-0427,9000.0,24.0,0.0,0.0,1.0,ORD-003822
FIN-003823,AGT-0427,9000.0,3.0,0.0,0.0,2.0,ORD-003823
FIN-003824,AGT-0427,13500.0,14.0,0.0,1.0,1.0,ORD-003824
FIN-003825,AGT-0427,22500.0,3.0,,,1.0,ORD-003825
FIN-003826,AGT-0427,9000.0,10.0,0.0,0.0,0.0,ORD-003826
FIN-003827,AGT-0428,22500.0,28.0,0.0,0.0,0.0,ORD-003827
FIN-003828,AGT-0428,4500.0,30.0,0.0,1.0,2.0,ORD-003828
FIN-003829,AGT-0428,9000.0,16.0,0.0,0.0,2.0,ORD-003829
FIN-003830,AGT-0428,13500.0,48.0,0.0,0.0,1.0,ORD-003830
FIN-003831,AGT-0428,9000.0,1.0,0.0,2.0,0.0,ORD-003831
FIN-003832,AGT-0428,9000.0,18.0,0.0,0.0,0.0,ORD-003832
FIN-003833,AGT-0428,13500.0,24.0,0.0,2.0,0.0,ORD-003833
FIN-003834,AGT-0428,13500.0,1.0,0.0,2.0,0.0,ORD-003834
FIN-003835,AGT-0428,9000.0,17.0,0.0,0.0,0.0,ORD-003835
FIN-003836,AGT-0429,9000.0,10.0,0.0,1.0,2.0,ORD-003836
FIN-003837,AGT-0429,4500.0,7.0,0.0,0.0,1.0,ORD-003837
FIN-003838,AGT-0429,9000.0,15.0,0.0,0.0,0.0,ORD-003838
FIN-003839,AGT-0429,4500.0,,0.0,0.0,1.0,ORD-003839
FIN-003840,AGT-0429,4500.0,1.0,0.0,1.0,0.0,ORD-003840
FIN-003842,AGT-0429,22500.0,4.0,0.0,0.0,,ORD-003842
FIN-003843,AGT-0430,13500.0,5.0,0.0,0.0,1.0,ORD-003843
FIN-003844,AGT-0430,9000.0,0.0,0.0,0.0,1.0,ORD-003844
FIN-003845,AGT-0430,9000.0,0.0,0.0,1.0,0.0,ORD-003845
FIN-003846,AGT-0430,9000.0,14.0,0.0,1.0,0.0,ORD-003846
FIN-003847,AGT-0430,13500.0,11.0,0.0,0.0,0.0,ORD-003847
FIN-003848,AGT-0430,22500.0,7.0,0.0,0.0,0.0,ORD-003848
FIN-003849,AGT-0430,45000.0,11.0,0.0,1.0,1.0,ORD-003849
FIN-003850,AGT-0431,9000.0,24.0,0.0,0.0,1.0,ORD-003850
FIN-003851,AGT-0431,13500.0,18.0,0.0,0.0,2.0,ORD-003851
FIN-003852,AGT-0431,22500.0,4.0,0.0,0.0,0.0,ORD-003852
FIN-003853,AGT-0431,4500.0,26.0,0.0,0.0,1.0,ORD-003853
FIN-003854,AGT-0431,45000.0,13.0,0.0,0.0,0.0,ORD-003854
FIN-003855,AGT-0431,13500.0,9.0,0.0,0.0,2.0,ORD-003855
FIN-003856,AGT-0431,4500.0,0.0,0.0,0.0,0.0,ORD-003856
FIN-003857,AGT-0431,13500.0,8.0,0.0,0.0,0.0,ORD-003857
FIN-003858,AGT-0431,9000.0,2.0,0.0,0.0,2.0,ORD-003858
FIN-003859,AGT-0432,13500.0,6.0,0.0,0.0,1.0,ORD-003859
FIN-003860,AGT-0432,13500.0,0.0,0.0,0.0,0.0,ORD-003860
FIN-003861,AGT-0432,22500.0,62.0,22500.0,0.0,0.0,ORD-003861
FIN-003862,AGT-0432,22500.0,22.0,0.0,2.0,0.0,ORD-003862
FIN-003863,AGT-0432,22500.0,5.0,0.0,0.0,1.0,ORD-003863
FIN-003864,AGT-0432,9000.0,,0.0,0.0,1.0,ORD-003864
FIN-003865,AGT-0432,9000.0,25.0,0.0,,0.0,ORD-003865
FIN-003866,AGT-0432,9000.0,19.0,0.0,0.0,0.0,ORD-003866
FIN-003867,AGT-0432,4500.0,2.0,0.0,0.0,0.0,ORD-003867
FIN-003868,AGT-0433,22500.0,5.0,0.0,0.0,1.0,ORD-003868
FIN-003869,AGT-0433,22500.0,42.0,22500.0,0.0,0.0,ORD-003869
FIN-003870,AGT-0433,9000.0,40.0,0.0,0.0,1.0,ORD-003870
FIN-003871,AGT-0433,4500.0,1.0,0.0,0.0,0.0,ORD-003871
FIN-003872,AGT-0433,4500.0,0.0,0.0,1.0,2.0,ORD-003872
FIN-003873,AGT-0433,,18.0,0.0,0.0,0.0,ORD-003873
FIN-003874,AGT-0433,9000.0,9.0,0.0,0.0,1.0,ORD-003874
FIN-003875,AGT-0433,9000.0,9.0,0.0,0.0,1.0,ORD-003875
FIN-003876,AGT-0433,9000.0,23.0,0.0,0.0,1.0,ORD-003876
FIN-003877,AGT-0433,,14.0,0.0,0.0,1.0,ORD-003877
FIN-003878,AGT-0433,9000.0,11.0,0.0,0.0,1.0,ORD-003878
FIN-003879,AGT-0433,9000.0,6.0,0.0,0.0,1.0,ORD-003879
FIN-003880,AGT-0434,4500.0,,0.0,0.0,0.0,ORD-003880
FIN-003881,AGT-0434,22500.0,15.0,0.0,0.0,0.0,ORD-003881
FIN-003882,AGT-0434,13500.0,8.0,,0.0,1.0,ORD-003882
FIN-003883,AGT-0434,9000.0,18.0,0.0,1.0,1.0,ORD-003883
FIN-003884,AGT-0434,13500.0,7.0,0.0,1.0,0.0,ORD-003884
FIN-003885,AGT-0434,,60.0,45000.0,1.0,0.0,ORD-003885
FIN-003886,AGT-0435,4500.0,8.0,0.0,0.0,0.0,ORD-003886
FIN-003887,AGT-0435,22500.0,61.0,0.0,0.0,1.0,ORD-003887
FIN-003888,AGT-0435,9000.0,52.0,0.0,0.0,1.0,ORD-003888
FIN-003889,AGT-0435,9000.0,46.0,9000.0,2.0,0.0,ORD-003889
FIN-003890,AGT-0435,45000.0,5.0,0.0,0.0,0.0,ORD-003890
FIN-003891,AGT-0435,9000.0,35.0,0.0,0.0,1.0,ORD-003891
FIN-003892,AGT-0436,9000.0,63.0,9000.0,1.0,2.0,ORD-003892
FIN-003893,AGT-0436,4500.0,20.0,0.0,0.0,0.0,ORD-003893
FIN-003894,AGT-0436,13500.0,8.0,0.0,0.0,1.0,ORD-003894
FIN-003895,AGT-0436,9000.0,9.0,0.0,0.0,0.0,ORD-003895
FIN-003896,AGT-0436,9000.0,1.0,0.0,0.0,1.0,ORD-003896
FIN-003897,AGT-0436,4500.0,14.0,0.0,0.0,1.0,ORD-003897
FIN-003898,AGT-0436,9000.0,33.0,9000.0,0.0,1.0,ORD-003898
FIN-003899,AGT-0436,4500.0,0.0,0.0,1.0,0.0,ORD-003899
FIN-003900,AGT-0436,9000.0,13.0,0.0,1.0,0.0,ORD-003900
FIN-003902,AGT-0437,9000.0,24.0,0.0,0.0,1.0,ORD-003902
FIN-003903,AGT-0437,4500.0,16.0,0.0,0.0,0.0,ORD-003903
FIN-003904,AGT-0437,9000.0,23.0,0.0,0.0,0.0,ORD-003904
FIN-003905,AGT-0437,13500.0,8.0,0.0,0.0,1.0,ORD-003905
FIN-003906,AGT-0437,9000.0,17.0,0.0,0.0,1.0,ORD-003906
FIN-003907,AGT-0437,9000.0,13.0,0.0,2.0,0.0,ORD-003907
FIN-003908,AGT-0437,4500.0,1.0,0.0,1.0,1.0,ORD-003908
FIN-003909,AGT-0438,13500.0,4.0,0.0,0.0,0.0,ORD-003909
FIN-003910,AGT-0438,45000.0,25.0,0.0,0.0,1.0,ORD-003910
FIN-003911,AGT-0438,4500.0,6.0,0.0,1.0,0.0,ORD-003911
FIN-003912,AGT-0438,13500.0,28.0,0.0,0.0,0.0,ORD-003912
FIN-003913,AGT-0438,4500.0,9.0,0.0,0.0,1.0,ORD-003913
FIN-003914,AGT-0438,4500.0,19.0,0.0,0.0,0.0,ORD-003914
FIN-003915,AGT-0438,9000.0,3.0,0.0,0.0,1.0,ORD-003915
FIN-003916,AGT-0438,4500.0,0.0,0.0,0.0,0.0,ORD-003916
FIN-003917,AGT-0438,9000.0,2.0,0.0,0.0,1.0,ORD-003917
FIN-003918,AGT-0438,13500.0,7.0,0.0,0.0,0.0,ORD-003918
FIN-003919,AGT-0438,9000.0,23.0,0.0,0.0,0.0,ORD-003919
FIN-003920,AGT-0439,,12.0,0.0,0.0,0.0,ORD-003920
FIN-003921,AGT-0439,9000.0,4.0,0.0,0.0,1.0,ORD-003921
FIN-003922,AGT-0439,4500.0,33.0,4500.0,1.0,0.0,ORD-003922
FIN-003923,AGT-0439,22500.0,35.0,22500.0,0.0,1.0,ORD-003923
FIN-003924,AGT-0439,22500.0,7.0,0.0,0.0,1.0,ORD-003924
FIN-003925,AGT-0439,22500.0,4.0,0.0,0.0,1.0,ORD-003925
FIN-003926,AGT-0439,9000.0,23.0,0.0,0.0,1.0,ORD-003926
FIN-003927,AGT-0439,13500.0,1.0,0.0,0.0,2.0,ORD-003927
FIN-003928,AGT-0439,9000.0,2.0,0.0,0.0,0.0,ORD-003928
FIN-003929,AGT-0439,13500.0,7.0,0.0,2.0,1.0,ORD-003929
FIN-003930,AGT-0439,9000.0,5.0,0.0,0.0,1.0,ORD-003930
FIN-003931,AGT-0439,9000.0,22.0,0.0,0.0,1.0,ORD-003931
FIN-003932,AGT-0440,9000.0,12.0,0.0,1.0,0.0,ORD-003932
FIN-003933,AGT-0440,9000.0,30.0,0.0,0.0,0.0,ORD-003933
FIN-003934,AGT-0440,9000.0,6.0,0.0,1.0,0.0,ORD-003934
FIN-003935,AGT-0440,13500.0,0.0,0.0,0.0,1.0,ORD-003935
FIN-003936,AGT-0440,22500.0,34.0,22500.0,1.0,1.0,ORD-003936
FIN-003937,AGT-0440,9000.0,36.0,0.0,0.0,,ORD-003937
FIN-003938,AGT-0440,13500.0,3.0,0.0,0.0,1.0,ORD-003938
FIN-003939,AGT-0440,13500.0,15.0,0.0,0.0,0.0,ORD-003939
FIN-003940,AGT-0440,9000.0,16.0,0.0,0.0,1.0,ORD-003940
FIN-003941,AGT-0440,45000.0,4.0,0.0,0.0,1.0,ORD-003941
FIN-003942,AGT-0440,9000.0,2.0,0.0,0.0,1.0,ORD-003942
FIN-003943,AGT-0440,9000.0,68.0,9000.0,0.0,1.0,ORD-003943
FIN-003944,AGT-0441,9000.0,12.0,0.0,0.0,0.0,ORD-003944
FIN-003945,AGT-0441,13500.0,7.0,0.0,0.0,0.0,ORD-003945
FIN-003946,AGT-0441,9000.0,6.0,0.0,0.0,1.0,ORD-003946
FIN-003947,AGT-0441,22500.0,2.0,0.0,0.0,,ORD-003947
FIN-003948,AGT-0441,4500.0,,4500.0,0.0,1.0,ORD-003948
FIN-003949,AGT-0441,13500.0,7.0,0.0,0.0,0.0,ORD-003949
FIN-003950,AGT-0441,4500.0,14.0,0.0,1.0,0.0,ORD-003950
FIN-003951,AGT-0441,22500.0,6.0,0.0,0.0,1.0,ORD-003951
FIN-003952,AGT-0441,13500.0,0.0,0.0,0.0,1.0,ORD-003952
FIN-003953,AGT-0441,9000.0,11.0,0.0,0.0,1.0,ORD-003953
FIN-003954,AGT-0441,4500.0,13.0,0.0,0.0,1.0,ORD-003954
FIN-003955,AGT-0442,13500.0,7.0,0.0,0.0,2.0,ORD-003955
FIN-003956,AGT-0442,9000.0,0.0,0.0,0.0,0.0,ORD-003956
FIN-003957,AGT-0442,13500.0,51.0,13500.0,2.0,1.0,ORD-003957
FIN-003958,AGT-0442,13500.0,10.0,0.0,0.0,0.0,ORD-003958
FIN-003959,AGT-0442,4500.0,15.0,0.0,0.0,0.0,ORD-003959
FIN-003960,AGT-0442,9000.0,3.0,0.0,0.0,0.0,ORD-003960
FIN-003961,AGT-0442,22500.0,0.0,0.0,2.0,0.0,ORD-003961
FIN-003962,AGT-0442,22500.0,4.0,0.0,1.0,1.0,ORD-003962
FIN-003963,AGT-0442,9000.0,19.0,0.0,0.0,1.0,ORD-003963
FIN-003964,AGT-0442,4500.0,7.0,0.0,0.0,1.0,ORD-003964
FIN-003965,AGT-0442,4500.0,18.0,0.0,1.0,0.0,ORD-003965
FIN-003966,AGT-0442,9000.0,0.0,0.0,1.0,,ORD-003966
FIN-003967,AGT-0443,9000.0,7.0,0.0,0.0,0.0,ORD-003967
FIN-003968,AGT-0443,,0.0,0.0,1.0,0.0,ORD-003968
FIN-003969,AGT-0443,4500.0,15.0,0.0,1.0,0.0,ORD-003969
FIN-003970,AGT-0443,9000.0,11.0,0.0,0.0,0.0,ORD-003970
FIN-003971,AGT-0443,4500.0,8.0,0.0,0.0,0.0,ORD-003971
FIN-003972,AGT-0443,9000.0,40.0,9000.0,0.0,0.0,ORD-003972
FIN-003973,AGT-0443,9000.0,1.0,0.0,2.0,2.0,ORD-003973
FIN-003974,AGT-0443,9000.0,5.0,0.0,0.0,0.0,ORD-003974
FIN-003975,AGT-0443,13500.0,10.0,0.0,0.0,1.0,ORD-003975
FIN-003976,AGT-0444,13500.0,27.0,0.0,0.0,1.0,ORD-003976
FIN-003977,AGT-0444,9000.0,4.0,0.0,0.0,0.0,ORD-003977
FIN-003978,AGT-0444,13500.0,46.0,13500.0,0.0,0.0,ORD-003978
FIN-003979,AGT-0444,9000.0,5.0,0.0,0.0,0.0,ORD-003979
FIN-003980,AGT-0444,45000.0,13.0,0.0,0.0,1.0,ORD-003980
FIN-003981,AGT-0444,9000.0,10.0,0.0,0.0,,ORD-003981
FIN-003982,AGT-0444,9000.0,1.0,0.0,1.0,0.0,ORD-003982
FIN-003983,AGT-0444,9000.0,10.0,0.0,1.0,1.0,ORD-003983
FIN-003984,AGT-0444,13500.0,10.0,0.0,0.0,0.0,ORD-003984
FIN-003985,AGT-0444,13500.0,0.0,0.0,1.0,1.0,ORD-003985
FIN-003986,AGT-0445,9000.0,1.0,0.0,0.0,1.0,ORD-003986
FIN-003987,AGT-0445,45000.0,8.0,0.0,0.0,1.0,ORD-003987
FIN-003988,AGT-0445,,0.0,0.0,1.0,0.0,ORD-003988
FIN-003989,AGT-0445,9000.0,37.0,9000.0,0.0,0.0,ORD-003989
FIN-003990,AGT-0445,9000.0,18.0,0.0,1.0,1.0,ORD-003990
FIN-003991,AGT-0445,13500.0,3.0,0.0,0.0,1.0,ORD-003991
FIN-003992,AGT-0445,4500.0,5.0,0.0,2.0,0.0,ORD-003992
FIN-003993,AGT-0445,9000.0,18.0,0.0,0.0,1.0,ORD-003993
FIN-003994,AGT-0445,22500.0,0.0,0.0,0.0,0.0,ORD-003994
FIN-003995,AGT-0445,13500.0,12.0,0.0,0.0,0.0,ORD-003995
FIN-003996,AGT-9999,13500.0,8.0,0.0,0.0,0.0,ORD-003996
FIN-003997,AGT-0446,9000.0,4.0,0.0,0.0,0.0,ORD-003997
FIN-003998,AGT-0446,4500.0,4.0,0.0,0.0,0.0,ORD-003998
FIN-003999,AGT-0446,13500.0,2.0,0.0,1.0,1.0,ORD-003999
FIN-004002,AGT-0446,9000.0,37.0,0.0,2.0,1.0,ORD-004002
FIN-004003,AGT-0447,9000.0,2.0,0.0,0.0,1.0,ORD-004003
FIN-004004,AGT-0447,9000.0,25.0,0.0,0.0,1.0,ORD-004004
FIN-004005,AGT-0447,13500.0,1.0,0.0,0.0,1.0,ORD-004005
FIN-004006,AGT-0447,13500.0,4.0,0.0,1.0,0.0,ORD-004006
FIN-004007,AGT-0447,13500.0,3.0,0.0,0.0,0.0,ORD-004007
FIN-004008,AGT-0447,13500.0,1.0,0.0,,1.0,ORD-004008
FIN-004009,AGT-0447,4500.0,24.0,0.0,0.0,0.0,ORD-004009
FIN-004010,AGT-0448,,2.0,0.0,0.0,1.0,ORD-004010
FIN-004011,AGT-0448,13500.0,1.0,0.0,2.0,0.0,ORD-004011
FIN-004012,AGT-0448,,7.0,0.0,0.0,0.0,ORD-004012
FIN-004013,AGT-0448,13500.0,1.0,0.0,0.0,0.0,ORD-004013
FIN-004014,AGT-0448,9000.0,16.0,0.0,0.0,1.0,ORD-004014
FIN-004015,AGT-0448,4500.0,28.0,0.0,0.0,1.0,ORD-004015
FIN-004016,AGT-0448,9000.0,4.0,0.0,0.0,1.0,ORD-004016
FIN-004017,AGT-0448,4500.0,14.0,0.0,0.0,0.0,ORD-004017
FIN-004018,AGT-0448,9000.0,0.0,0.0,1.0,0.0,ORD-004018
FIN-004019,AGT-0448,9000.0,27.0,0.0,2.0,2.0,ORD-004019
FIN-004020,AGT-0448,9000.0,12.0,0.0,0.0,0.0,ORD-004020
FIN-004021,AGT-0449,9000.0,4.0,0.0,0.0,1.0,ORD-004021
FIN-004022,AGT-0449,9000.0,1.0,0.0,0.0,1.0,ORD-004022
FIN-004023,AGT-0449,13500.0,3.0,0.0,0.0,0.0,ORD-004023
FIN-004024,AGT-0449,4500.0,34.0,4500.0,0.0,0.0,ORD-004024
FIN-004025,AGT-0449,4500.0,2.0,0.0,1.0,0.0,ORD-004025
FIN-004026,AGT-0449,22500.0,7.0,0.0,0.0,1.0,ORD-004026
FIN-004027,AGT-0449,13500.0,60.0,0.0,0.0,1.0,ORD-004027
FIN-004028,AGT-0449,4500.0,0.0,0.0,0.0,0.0,ORD-004028
FIN-004029,AGT-0449,13500.0,6.0,0.0,1.0,1.0,ORD-004029
FIN-004030,AGT-0449,9000.0,8.0,0.0,0.0,0.0,ORD-004030
FIN-004032,AGT-0450,13500.0,58.0,13500.0,0.0,0.0,ORD-004032
FIN-004033,AGT-0450,13500.0,49.0,,1.0,1.0,ORD-004033
FIN-004034,AGT-0450,22500.0,10.0,0.0,0.0,0.0,ORD-004034
FIN-004035,AGT-0450,9000.0,6.0,0.0,1.0,1.0,ORD-004035
FIN-004036,AGT-0450,45000.0,24.0,0.0,1.0,1.0,ORD-004036
FIN-004037,AGT-0450,9000.0,8.0,0.0,2.0,,ORD-004037
FIN-004038,AGT-0450,9000.0,22.0,0.0,0.0,0.0,ORD-004038
FIN-004039,AGT-0450,9000.0,1.0,0.0,,2.0,ORD-004039
FIN-004040,AGT-0451,45000.0,9.0,0.0,0.0,0.0,ORD-004040
FIN-004041,AGT-0451,13500.0,8.0,0.0,0.0,0.0,ORD-004041
FIN-004042,AGT-0451,4500.0,25.0,,0.0,2.0,ORD-004042
FIN-004043,AGT-0451,22500.0,11.0,0.0,0.0,1.0,ORD-004043
FIN-004044,AGT-0451,9000.0,1.0,0.0,0.0,1.0,ORD-004044
FIN-004045,AGT-0451,9000.0,18.0,0.0,0.0,0.0,ORD-004045
FIN-004046,AGT-0451,13500.0,0.0,0.0,0.0,2.0,ORD-004046
FIN-004047,AGT-0451,13500.0,9.0,0.0,1.0,1.0,ORD-004047
FIN-004048,AGT-0452,9000.0,47.0,9000.0,0.0,2.0,ORD-004048
FIN-004049,AGT-0452,4500.0,4.0,0.0,0.0,1.0,ORD-004049
FIN-004050,AGT-0452,13500.0,42.0,0.0,0.0,1.0,ORD-004050
FIN-004051,AGT-0452,9000.0,0.0,,0.0,1.0,ORD-004051
FIN-004052,AGT-0452,9000.0,0.0,0.0,0.0,1.0,ORD-004052
FIN-004053,AGT-0452,13500.0,8.0,0.0,0.0,0.0,ORD-004053
FIN-004054,AGT-0452,22500.0,10.0,0.0,1.0,1.0,ORD-004054
FIN-004055,AGT-0453,45000.0,45.0,45000.0,1.0,0.0,ORD-004055
FIN-004056,AGT-0453,4500.0,3.0,0.0,,1.0,ORD-004056
FIN-004057,AGT-0453,9000.0,10.0,0.0,2.0,0.0,ORD-004057
FIN-004058,AGT-0453,4500.0,0.0,0.0,0.0,,ORD-004058
FIN-004059,AGT-0453,4500.0,2.0,0.0,0.0,1.0,ORD-004059
FIN-004060,AGT-0453,13500.0,13.0,0.0,2.0,0.0,ORD-004060
FIN-004061,AGT-0453,9000.0,8.0,0.0,0.0,2.0,ORD-004061
FIN-004062,AGT-0453,13500.0,5.0,0.0,0.0,1.0,ORD-004062
FIN-004063,AGT-0454,45000.0,8.0,0.0,2.0,0.0,ORD-004063
FIN-004064,AGT-0454,9000.0,36.0,9000.0,2.0,1.0,ORD-004064
FIN-004065,AGT-0454,9000.0,8.0,0.0,0.0,2.0,ORD-004065
FIN-004066,AGT-0454,13500.0,26.0,0.0,0.0,0.0,ORD-004066
FIN-004067,AGT-0454,9000.0,17.0,0.0,0.0,1.0,ORD-004067
FIN-004068,AGT-0454,13500.0,35.0,13500.0,0.0,1.0,ORD-004068
FIN-004069,AGT-0454,4500.0,7.0,0.0,1.0,1.0,ORD-004069
FIN-004070,AGT-0454,9000.0,62.0,9000.0,0.0,0.0,ORD-004070
FIN-004071,AGT-0455,13500.0,0.0,0.0,2.0,1.0,ORD-004071
FIN-004072,AGT-0455,22500.0,9.0,0.0,1.0,1.0,ORD-004072
FIN-004073,AGT-0455,13500.0,0.0,0.0,0.0,2.0,ORD-004073
FIN-004074,AGT-0455,22500.0,,0.0,1.0,0.0,ORD-004074
FIN-004075,AGT-0455,13500.0,50.0,0.0,1.0,0.0,ORD-004075
FIN-004076,AGT-0455,4500.0,21.0,0.0,2.0,0.0,ORD-004076
FIN-004077,AGT-0455,13500.0,12.0,0.0,0.0,1.0,ORD-004077
FIN-004078,AGT-0455,9000.0,47.0,0.0,1.0,0.0,ORD-004078
FIN-004079,AGT-0455,13500.0,56.0,13500.0,1.0,1.0,ORD-004079
FIN-004080,AGT-0455,13500.0,22.0,0.0,0.0,0.0,ORD-004080
FIN-004081,AGT-0455,,0.0,0.0,0.0,1.0,ORD-004081
FIN-004082,AGT-0455,13500.0,0.0,0.0,0.0,1.0,ORD-004082
FIN-004083,AGT-0456,9000.0,8.0,0.0,0.0,2.0,ORD-004083
FIN-004084,AGT-0456,22500.0,19.0,0.0,1.0,0.0,ORD-004084
FIN-004085,AGT-0456,9000.0,26.0,0.0,0.0,0.0,ORD-004085
FIN-004086,AGT-0456,9000.0,17.0,0.0,0.0,1.0,ORD-004086
FIN-004087,AGT-0456,45000.0,3.0,0.0,2.0,0.0,ORD-004087
FIN-004088,AGT-0456,9000.0,18.0,0.0,0.0,0.0,ORD-004088
FIN-004089,AGT-0457,4500.0,1.0,0.0,0.0,0.0,ORD-004089
FIN-004090,AGT-0457,9000.0,6.0,0.0,0.0,0.0,ORD-004090
FIN-004091,AGT-0457,9000.0,22.0,0.0,1.0,0.0,ORD-004091
FIN-004092,AGT-0457,9000.0,3.0,0.0,2.0,0.0,ORD-004092
FIN-004093,AGT-0457,9000.0,6.0,0.0,0.0,0.0,ORD-004093
FIN-004094,AGT-0457,9000.0,6.0,0.0,0.0,1.0,ORD-004094
FIN-004095,AGT-0457,13500.0,13.0,0.0,0.0,0.0,ORD-004095
FIN-004096,AGT-0457,4500.0,21.0,0.0,0.0,1.0,ORD-004096
FIN-004097,AGT-0457,13500.0,13.0,0.0,0.0,2.0,ORD-004097
FIN-004098,AGT-0457,9000.0,3.0,0.0,0.0,,ORD-004098
FIN-004099,AGT-0457,13500.0,6.0,0.0,0.0,1.0,ORD-004099
FIN-004100,AGT-0457,9000.0,0.0,0.0,0.0,1.0,ORD-004100
FIN-004101,AGT-0458,9000.0,26.0,0.0,0.0,0.0,ORD-004101
FIN-004102,AGT-0458,13500.0,7.0,0.0,0.0,1.0,ORD-004102
FIN-004103,AGT-0458,9000.0,0.0,,0.0,0.0,ORD-004103
FIN-004104,AGT-0458,4500.0,14.0,0.0,0.0,0.0,ORD-004104
FIN-004105,AGT-0458,4500.0,50.0,4500.0,0.0,0.0,ORD-004105
FIN-004106,AGT-0458,45000.0,21.0,0.0,0.0,0.0,ORD-004106
FIN-004107,AGT-0458,22500.0,11.0,,0.0,1.0,ORD-004107
FIN-004108,AGT-0458,9000.0,2.0,0.0,0.0,1.0,ORD-004108
FIN-004109,AGT-0458,9000.0,7.0,0.0,0.0,0.0,ORD-004109
FIN-004110,AGT-0459,22500.0,29.0,0.0,0.0,0.0,ORD-004110
FIN-004111,AGT-0459,4500.0,0.0,0.0,0.0,0.0,ORD-004111
FIN-004112,AGT-0459,13500.0,7.0,0.0,2.0,0.0,ORD-004112
FIN-004113,AGT-0459,9000.0,56.0,9000.0,0.0,1.0,ORD-004113
FIN-004114,AGT-0459,4500.0,21.0,0.0,2.0,0.0,ORD-004114
FIN-004115,AGT-0459,13500.0,43.0,0.0,2.0,2.0,ORD-004115
FIN-004116,AGT-0459,9000.0,8.0,0.0,0.0,1.0,ORD-004116
FIN-004117,AGT-0459,9000.0,1.0,0.0,0.0,1.0,ORD-004117
FIN-004118,AGT-0459,9000.0,0.0,0.0,0.0,1.0,ORD-004118
FIN-004119,AGT-0459,9000.0,,0.0,0.0,0.0,ORD-004119
FIN-004120,AGT-0459,13500.0,30.0,0.0,0.0,2.0,ORD-004120
FIN-004121,AGT-0460,4500.0,12.0,0.0,0.0,0.0,ORD-004121
FIN-004122,AGT-0460,22500.0,30.0,0.0,0.0,0.0,ORD-004122
FIN-004123,AGT-0460,13500.0,7.0,0.0,0.0,0.0,ORD-004123
FIN-004124,AGT-0460,9000.0,33.0,9000.0,0.0,0.0,ORD-004124
FIN-004125,AGT-0460,13500.0,,0.0,0.0,0.0,ORD-004125
FIN-004126,AGT-0460,4500.0,9.0,0.0,1.0,1.0,ORD-004126
FIN-004127,AGT-0460,4500.0,17.0,0.0,0.0,2.0,ORD-004127
FIN-004128,AGT-0460,13500.0,18.0,0.0,0.0,1.0,ORD-004128
FIN-004129,AGT-0460,9000.0,1.0,0.0,2.0,0.0,ORD-004129
FIN-004130,AGT-0461,4500.0,15.0,0.0,0.0,0.0,ORD-004130
FIN-004131,AGT-0461,,,0.0,1.0,1.0,ORD-004131
FIN-004132,AGT-0461,9000.0,23.0,0.0,0.0,0.0,ORD-004132
FIN-004133,AGT-0461,4500.0,11.0,0.0,0.0,0.0,ORD-004133
FIN-004134,AGT-0461,9000.0,27.0,0.0,0.0,1.0,ORD-004134
FIN-004135,AGT-0461,9000.0,2.0,,2.0,0.0,ORD-004135
FIN-004136,AGT-0461,22500.0,14.0,0.0,0.0,0.0,ORD-004136
FIN-004137,AGT-0461,4500.0,,0.0,0.0,1.0,ORD-004137
FIN-004138,AGT-0461,13500.0,14.0,0.0,0.0,0.0,ORD-004138
FIN-004139,AGT-0462,13500.0,8.0,0.0,2.0,2.0,ORD-004139
FIN-004140,AGT-0462,4500.0,47.0,4500.0,1.0,0.0,ORD-004140
FIN-004141,AGT-0462,4500.0,6.0,0.0,0.0,1.0,ORD-004141
FIN-004142,AGT-0462,9000.0,29.0,0.0,0.0,0.0,ORD-004142
FIN-004143,AGT-0462,9000.0,2.0,0.0,0.0,1.0,ORD-004143
FIN-004144,AGT-0462,22500.0,38.0,22500.0,0.0,0.0,ORD-004144
FIN-004145,AGT-0462,9000.0,0.0,0.0,2.0,0.0,ORD-004145
FIN-004146,AGT-0462,4500.0,24.0,0.0,0.0,0.0,ORD-004146
FIN-004147,AGT-0462,4500.0,5.0,0.0,1.0,,ORD-004147
FIN-004148,AGT-0462,9000.0,4.0,0.0,0.0,0.0,ORD-004148
FIN-004149,AGT-0462,,10.0,0.0,1.0,0.0,ORD-004149
FIN-004150,AGT-0462,9000.0,5.0,0.0,0.0,0.0,ORD-004150
FIN-004151,AGT-0463,9000.0,11.0,0.0,0.0,0.0,ORD-004151
FIN-004152,AGT-0463,4500.0,13.0,0.0,0.0,0.0,ORD-004152
FIN-004153,AGT-0463,4500.0,8.0,0.0,0.0,0.0,ORD-004153
FIN-004154,AGT-0463,4500.0,10.0,0.0,0.0,2.0,ORD-004154
FIN-004155,AGT-0463,4500.0,33.0,0.0,2.0,0.0,ORD-004155
FIN-004156,AGT-0463,9000.0,1.0,0.0,1.0,0.0,ORD-004156
FIN-004157,AGT-0463,9000.0,10.0,0.0,0.0,1.0,ORD-004157
FIN-004158,AGT-0463,9000.0,4.0,0.0,0.0,1.0,ORD-004158
FIN-004159,AGT-0463,9000.0,24.0,0.0,0.0,1.0,ORD-004159
FIN-004160,AGT-0463,9000.0,16.0,0.0,2.0,1.0,ORD-004160
FIN-004161,AGT-0464,22500.0,7.0,0.0,0.0,0.0,ORD-004161
FIN-004162,AGT-0464,4500.0,4.0,0.0,1.0,1.0,ORD-004162
FIN-004163,AGT-0464,45000.0,5.0,0.0,0.0,0.0,ORD-004163
FIN-004164,AGT-0464,9000.0,19.0,0.0,1.0,1.0,ORD-004164
FIN-004165,AGT-0464,9000.0,22.0,0.0,0.0,0.0,ORD-004165
FIN-004166,AGT-0464,4500.0,1.0,0.0,0.0,1.0,ORD-004166
FIN-004167,AGT-0464,13500.0,19.0,0.0,1.0,1.0,ORD-004167
FIN-004168,AGT-0464,9000.0,0.0,0.0,0.0,1.0,ORD-004168
FIN-004169,AGT-0464,9000.0,22.0,,1.0,0.0,ORD-004169
FIN-004170,AGT-0464,9000.0,12.0,0.0,0.0,,ORD-004170
FIN-004171,AGT-0465,4500.0,1.0,0.0,0.0,1.0,ORD-004171
FIN-004172,AGT-0465,22500.0,17.0,0.0,0.0,0.0,ORD-004172
FIN-004173,AGT-0465,9000.0,7.0,0.0,2.0,2.0,ORD-004173
FIN-004174,AGT-0465,13500.0,11.0,0.0,1.0,1.0,ORD-004174
FIN-004175,AGT-0465,9000.0,8.0,0.0,1.0,0.0,ORD-004175
FIN-004176,AGT-0465,9000.0,11.0,0.0,0.0,1.0,ORD-004176
FIN-004177,AGT-0465,4500.0,10.0,0.0,0.0,2.0,ORD-004177
FIN-004178,AGT-0465,4500.0,,4500.0,0.0,0.0,ORD-004178
FIN-004179,AGT-0465,9000.0,11.0,0.0,0.0,0.0,ORD-004179
FIN-004180,AGT-0466,9000.0,6.0,0.0,0.0,0.0,ORD-004180
FIN-004181,AGT-0466,9000.0,14.0,0.0,0.0,0.0,ORD-004181
FIN-004182,AGT-0466,4500.0,25.0,0.0,0.0,0.0,ORD-004182
FIN-004183,AGT-0466,22500.0,36.0,22500.0,2.0,0.0,ORD-004183
FIN-004184,AGT-0466,13500.0,15.0,0.0,1.0,0.0,ORD-004184
FIN-004185,AGT-0466,9000.0,0.0,0.0,0.0,1.0,ORD-004185
FIN-004186,AGT-0466,22500.0,10.0,0.0,0.0,2.0,ORD-004186
FIN-004187,AGT-0466,4500.0,59.0,0.0,0.0,1.0,ORD-004187
FIN-004188,AGT-0467,13500.0,5.0,0.0,2.0,1.0,ORD-004188
FIN-004189,AGT-0467,9000.0,4.0,0.0,1.0,0.0,ORD-004189
FIN-004190,AGT-0467,4500.0,6.0,0.0,0.0,0.0,ORD-004190
FIN-004191,AGT-0467,45000.0,3.0,0.0,0.0,1.0,ORD-004191
FIN-004192,AGT-0467,22500.0,47.0,22500.0,0.0,2.0,ORD-004192
FIN-004193,AGT-0467,9000.0,34.0,0.0,2.0,2.0,ORD-004193
FIN-004194,AGT-0468,45000.0,2.0,0.0,0.0,0.0,ORD-004194
FIN-004195,AGT-0468,45000.0,6.0,0.0,1.0,0.0,ORD-004195
FIN-004196,AGT-0468,22500.0,9.0,0.0,0.0,1.0,ORD-004196
FIN-004197,AGT-0468,9000.0,15.0,0.0,0.0,0.0,ORD-004197
FIN-004198,AGT-0468,13500.0,19.0,0.0,0.0,2.0,ORD-004198
FIN-004199,AGT-0468,13500.0,2.0,0.0,0.0,1.0,ORD-004199
FIN-004200,AGT-0468,9000.0,13.0,0.0,0.0,0.0,ORD-004200
FIN-004201,AGT-0469,13500.0,5.0,67500.0,0.0,1.0,ORD-004201
FIN-004202,AGT-0469,,1.0,0.0,0.0,0.0,ORD-004202
FIN-004203,AGT-0469,9000.0,2.0,0.0,0.0,1.0,ORD-004203
FIN-004204,AGT-0469,45000.0,69.0,45000.0,2.0,1.0,ORD-004204
FIN-004205,AGT-0469,9000.0,5.0,,0.0,0.0,ORD-004205
FIN-004206,AGT-0469,13500.0,24.0,0.0,0.0,1.0,ORD-004206
FIN-004207,AGT-0469,4500.0,,0.0,0.0,0.0,ORD-004207
FIN-004208,AGT-0469,9000.0,13.0,0.0,0.0,1.0,ORD-004208
FIN-004209,AGT-0469,9000.0,,0.0,0.0,0.0,ORD-004209
FIN-004210,AGT-0469,9000.0,28.0,0.0,0.0,1.0,ORD-004210
FIN-004211,AGT-0469,9000.0,8.0,0.0,0.0,1.0,ORD-004211
FIN-004212,AGT-0470,13500.0,0.0,0.0,2.0,1.0,ORD-004212
FIN-004213,AGT-0470,9000.0,6.0,0.0,0.0,1.0,ORD-004213
FIN-004214,AGT-0470,22500.0,2.0,0.0,0.0,1.0,ORD-004214
FIN-004215,AGT-0470,13500.0,2.0,0.0,0.0,0.0,ORD-004215
FIN-004216,AGT-0470,9000.0,3.0,0.0,0.0,0.0,ORD-004216
FIN-004217,AGT-0470,22500.0,12.0,0.0,0.0,0.0,ORD-004217
FIN-004218,AGT-0470,4500.0,22.0,0.0,0.0,1.0,ORD-004218
FIN-004219,AGT-0470,22500.0,2.0,0.0,0.0,0.0,ORD-004219
FIN-004220,AGT-0471,9000.0,6.0,0.0,1.0,1.0,ORD-004220
FIN-004221,AGT-0471,4500.0,12.0,0.0,1.0,,ORD-004221
FIN-004222,AGT-0471,9000.0,1.0,0.0,0.0,0.0,ORD-004222
FIN-004223,AGT-0471,9000.0,13.0,0.0,1.0,1.0,ORD-004223
FIN-004224,AGT-0471,9000.0,19.0,0.0,0.0,0.0,ORD-004224
FIN-004225,AGT-0471,9000.0,11.0,0.0,0.0,0.0,ORD-004225
FIN-004226,AGT-0471,9000.0,20.0,0.0,0.0,1.0,ORD-004226
FIN-004227,AGT-0471,13500.0,13.0,0.0,1.0,0.0,ORD-004227
FIN-004228,AGT-0472,4500.0,15.0,0.0,0.0,0.0,ORD-004228
FIN-004229,AGT-0472,4500.0,3.0,0.0,0.0,0.0,ORD-004229
FIN-004230,AGT-0472,13500.0,0.0,0.0,0.0,1.0,ORD-004230
FIN-004231,AGT-0472,9000.0,8.0,0.0,0.0,1.0,ORD-004231
FIN-004232,AGT-0472,22500.0,0.0,0.0,0.0,1.0,ORD-004232
FIN-004233,AGT-0472,9000.0,26.0,0.0,0.0,0.0,ORD-004233
FIN-004234,AGT-0472,22500.0,5.0,0.0,2.0,0.0,ORD-004234
FIN-004235,AGT-0472,4500.0,10.0,0.0,0.0,1.0,ORD-004235
FIN-004236,AGT-0473,9000.0,36.0,9000.0,,0.0,ORD-004236
FIN-004237,AGT-0473,13500.0,17.0,0.0,0.0,0.0,ORD-004237
FIN-004238,AGT-0473,13500.0,,0.0,1.0,0.0,ORD-004238
FIN-004239,AGT-0473,9000.0,26.0,0.0,2.0,0.0,ORD-004239
FIN-004240,AGT-0473,9000.0,0.0,0.0,1.0,1.0,ORD-004240
FIN-004242,AGT-0473,9000.0,13.0,0.0,0.0,0.0,ORD-004242
FIN-004243,AGT-0473,13500.0,4.0,0.0,0.0,1.0,ORD-004243
FIN-004244,AGT-0473,45000.0,2.0,0.0,0.0,0.0,ORD-004244
FIN-004245,AGT-0473,13500.0,2.0,0.0,0.0,1.0,ORD-004245
FIN-004246,AGT-0473,9000.0,16.0,0.0,1.0,0.0,ORD-004246
FIN-004247,AGT-0474,9000.0,24.0,0.0,1.0,1.0,ORD-004247
FIN-004248,AGT-0474,22500.0,3.0,0.0,0.0,0.0,ORD-004248
FIN-004249,AGT-0474,13500.0,13.0,0.0,0.0,1.0,ORD-004249
FIN-004251,AGT-0474,4500.0,3.0,0.0,2.0,1.0,ORD-004251
FIN-004252,AGT-0474,4500.0,4.0,0.0,0.0,0.0,ORD-004252
FIN-004253,AGT-0474,13500.0,8.0,0.0,0.0,1.0,ORD-004253
FIN-004254,AGT-0475,22500.0,6.0,0.0,0.0,1.0,ORD-004254
FIN-004255,AGT-0475,9000.0,1.0,0.0,0.0,0.0,ORD-004255
FIN-004256,AGT-0475,9000.0,1.0,0.0,0.0,1.0,ORD-004256
FIN-004257,AGT-0475,9000.0,36.0,9000.0,,0.0,ORD-004257
FIN-004258,AGT-0475,9000.0,8.0,0.0,1.0,0.0,ORD-004258
FIN-004259,AGT-0475,13500.0,19.0,0.0,0.0,1.0,ORD-004259
FIN-004260,AGT-0475,13500.0,0.0,0.0,0.0,0.0,ORD-004260
FIN-004261,AGT-0476,13500.0,3.0,0.0,0.0,0.0,ORD-004261
FIN-004262,AGT-0476,13500.0,35.0,0.0,0.0,1.0,ORD-004262
FIN-004263,AGT-0476,9000.0,32.0,9000.0,0.0,1.0,ORD-004263
FIN-004264,AGT-0476,9000.0,11.0,0.0,1.0,0.0,ORD-004264
FIN-004265,AGT-0476,,5.0,0.0,0.0,1.0,ORD-004265
FIN-004266,AGT-0476,9000.0,24.0,0.0,0.0,0.0,ORD-004266
FIN-004267,AGT-0476,9000.0,16.0,0.0,0.0,0.0,ORD-004267
FIN-004268,AGT-0477,4500.0,13.0,,0.0,1.0,ORD-004268
FIN-004269,AGT-0477,9000.0,8.0,0.0,0.0,0.0,ORD-004269
FIN-004270,AGT-0477,13500.0,2.0,0.0,0.0,0.0,ORD-004270
FIN-004271,AGT-0477,9000.0,,0.0,2.0,0.0,ORD-004271
FIN-004272,AGT-0477,9000.0,3.0,0.0,1.0,0.0,ORD-004272
FIN-004273,AGT-0477,9000.0,9.0,0.0,0.0,1.0,ORD-004273
FIN-004274,AGT-0478,9000.0,31.0,0.0,1.0,,ORD-004274
FIN-004275,AGT-0478,45000.0,35.0,45000.0,0.0,0.0,ORD-004275
FIN-004276,AGT-0478,45000.0,15.0,0.0,0.0,0.0,ORD-004276
FIN-004277,AGT-0478,9000.0,1.0,0.0,1.0,1.0,ORD-004277
FIN-004278,AGT-0478,13500.0,30.0,0.0,0.0,1.0,ORD-004278
FIN-004279,AGT-0478,13500.0,29.0,0.0,1.0,0.0,ORD-004279
FIN-004280,AGT-0478,9000.0,15.0,,1.0,1.0,ORD-004280
FIN-004281,AGT-0479,9000.0,29.0,0.0,0.0,0.0,ORD-004281
FIN-004282,AGT-0479,4500.0,1.0,0.0,1.0,1.0,ORD-004282
FIN-004283,AGT-0479,4500.0,1.0,0.0,0.0,1.0,ORD-004283
FIN-004284,AGT-0479,4500.0,10.0,0.0,0.0,1.0,ORD-004284
FIN-004285,AGT-0479,22500.0,6.0,0.0,0.0,1.0,ORD-004285
FIN-004286,AGT-0479,9000.0,6.0,0.0,0.0,1.0,ORD-004286
FIN-004287,AGT-0479,13500.0,5.0,0.0,0.0,1.0,ORD-004287
FIN-004288,AGT-0479,4500.0,1.0,0.0,0.0,0.0,ORD-004288
FIN-004289,AGT-0479,9000.0,1.0,0.0,0.0,1.0,ORD-004289
FIN-004290,AGT-0480,13500.0,9.0,0.0,0.0,1.0,ORD-004290
FIN-004291,AGT-0480,45000.0,10.0,0.0,0.0,0.0,ORD-004291
FIN-004292,AGT-0480,45000.0,1.0,0.0,0.0,1.0,ORD-004292
FIN-004293,AGT-0480,4500.0,12.0,0.0,1.0,0.0,ORD-004293
FIN-004294,AGT-0480,4500.0,1.0,0.0,2.0,0.0,ORD-004294
FIN-004295,AGT-0480,4500.0,6.0,0.0,0.0,0.0,ORD-004295
FIN-004296,AGT-0480,22500.0,5.0,0.0,0.0,1.0,ORD-004296
FIN-004297,AGT-0480,13500.0,44.0,0.0,,1.0,ORD-004297
FIN-004298,AGT-0480,4500.0,0.0,0.0,0.0,1.0,ORD-004298
FIN-004299,AGT-0480,13500.0,41.0,0.0,2.0,1.0,ORD-004299
FIN-004300,AGT-0481,9000.0,,0.0,1.0,0.0,ORD-004300
FIN-004301,AGT-0481,22500.0,9.0,0.0,0.0,0.0,ORD-004301
FIN-004302,AGT-0481,4500.0,20.0,0.0,0.0,0.0,ORD-004302
FIN-004303,AGT-0481,9000.0,31.0,9000.0,2.0,2.0,ORD-004303
FIN-004304,AGT-0481,4500.0,13.0,0.0,0.0,0.0,ORD-004304
FIN-004305,AGT-0481,9000.0,29.0,0.0,0.0,1.0,ORD-004305
FIN-004306,AGT-0481,9000.0,8.0,0.0,2.0,1.0,ORD-004306
FIN-004307,AGT-0481,22500.0,35.0,22500.0,0.0,2.0,ORD-004307
FIN-004308,AGT-0482,13500.0,3.0,0.0,0.0,0.0,ORD-004308
FIN-004309,AGT-0482,,14.0,0.0,2.0,1.0,ORD-004309
FIN-004310,AGT-0482,9000.0,5.0,0.0,0.0,0.0,ORD-004310
FIN-004311,AGT-0482,13500.0,3.0,0.0,0.0,0.0,ORD-004311
FIN-004312,AGT-0482,45000.0,11.0,0.0,1.0,0.0,ORD-004312
FIN-004313,AGT-0482,9000.0,12.0,0.0,0.0,0.0,ORD-004313
FIN-004314,AGT-0482,45000.0,17.0,0.0,0.0,1.0,ORD-004314
FIN-004315,AGT-0482,13500.0,4.0,0.0,0.0,0.0,ORD-004315
FIN-004316,AGT-0482,4500.0,20.0,0.0,0.0,0.0,ORD-004316
FIN-004317,AGT-0483,,11.0,0.0,0.0,1.0,ORD-004317
FIN-004318,AGT-0483,9000.0,39.0,9000.0,0.0,1.0,ORD-004318
FIN-004319,AGT-0483,13500.0,0.0,0.0,,1.0,ORD-004319
FIN-004320,AGT-0483,9000.0,3.0,0.0,0.0,0.0,ORD-004320
FIN-004322,AGT-0483,4500.0,35.0,4500.0,0.0,1.0,ORD-004322
FIN-004323,AGT-0483,9000.0,37.0,9000.0,0.0,1.0,ORD-004323
FIN-004324,AGT-0483,22500.0,31.0,22500.0,0.0,0.0,ORD-004324
FIN-004325,AGT-0483,9000.0,1.0,0.0,0.0,0.0,ORD-004325
FIN-004326,AGT-0483,13500.0,5.0,0.0,0.0,1.0,ORD-004326
FIN-004327,AGT-0483,22500.0,1.0,0.0,0.0,0.0,ORD-004327
FIN-004328,AGT-0484,4500.0,5.0,0.0,0.0,2.0,ORD-004328
FIN-004329,AGT-9999,9000.0,68.0,9000.0,0.0,1.0,ORD-004329
FIN-004330,AGT-0484,9000.0,14.0,0.0,0.0,1.0,ORD-004330
FIN-004331,AGT-0484,22500.0,9.0,0.0,1.0,0.0,ORD-004331
FIN-004332,AGT-0484,9000.0,46.0,9000.0,2.0,1.0,ORD-004332
FIN-004333,AGT-0484,22500.0,10.0,0.0,2.0,1.0,ORD-004333
FIN-004334,AGT-0485,45000.0,13.0,0.0,0.0,0.0,ORD-004334
FIN-004335,AGT-0485,9000.0,0.0,0.0,1.0,1.0,ORD-004335
FIN-004336,AGT-0485,13500.0,21.0,0.0,0.0,0.0,ORD-004336
FIN-004337,AGT-0485,9000.0,3.0,0.0,1.0,2.0,ORD-004337
FIN-004338,AGT-0485,13500.0,11.0,0.0,0.0,1.0,ORD-004338
FIN-004339,AGT-0485,4500.0,9.0,0.0,0.0,0.0,ORD-004339
FIN-004340,AGT-0485,9000.0,18.0,0.0,1.0,2.0,ORD-004340
FIN-004342,AGT-0485,4500.0,19.0,0.0,1.0,2.0,ORD-004342
FIN-004343,AGT-0485,4500.0,16.0,0.0,0.0,0.0,ORD-004343
FIN-004344,AGT-0485,9000.0,11.0,0.0,0.0,0.0,ORD-004344
FIN-004345,AGT-0486,9000.0,19.0,0.0,0.0,1.0,ORD-004345
FIN-004346,AGT-0486,4500.0,18.0,0.0,1.0,0.0,ORD-004346
FIN-004347,AGT-0486,22500.0,0.0,0.0,0.0,1.0,ORD-004347
FIN-004348,AGT-0486,9000.0,7.0,0.0,0.0,1.0,ORD-004348
FIN-004349,AGT-0486,9000.0,3.0,0.0,0.0,1.0,ORD-004349
FIN-004350,AGT-0486,45000.0,13.0,0.0,0.0,1.0,ORD-004350
FIN-004351,AGT-0486,9000.0,3.0,0.0,0.0,2.0,ORD-004351
FIN-004352,AGT-0487,9000.0,7.0,0.0,0.0,1.0,ORD-004352
FIN-004353,AGT-0487,9000.0,15.0,0.0,0.0,1.0,ORD-004353
FIN-004354,AGT-0487,9000.0,3.0,0.0,0.0,0.0,ORD-004354
FIN-004355,AGT-0487,4500.0,15.0,0.0,1.0,0.0,ORD-004355
FIN-004356,AGT-0487,13500.0,21.0,0.0,1.0,0.0,ORD-004356
FIN-004357,AGT-0487,9000.0,8.0,0.0,2.0,0.0,ORD-004357
FIN-004358,AGT-0487,9000.0,13.0,0.0,0.0,1.0,ORD-004358
FIN-004359,AGT-0487,9000.0,8.0,0.0,0.0,2.0,ORD-004359
FIN-004360,AGT-0487,13500.0,10.0,0.0,2.0,0.0,ORD-004360
FIN-004361,AGT-0487,4500.0,2.0,0.0,0.0,1.0,ORD-004361
FIN-004362,AGT-0487,9000.0,3.0,0.0,1.0,1.0,ORD-004362
FIN-004363,AGT-0488,13500.0,7.0,0.0,0.0,,ORD-004363
FIN-004364,AGT-0488,9000.0,19.0,0.0,0.0,0.0,ORD-004364
FIN-004365,AGT-0488,22500.0,0.0,0.0,0.0,0.0,ORD-004365
FIN-004366,AGT-0488,4500.0,64.0,4500.0,1.0,1.0,ORD-004366
FIN-004367,AGT-0488,13500.0,34.0,0.0,0.0,0.0,ORD-004367
FIN-004368,AGT-0488,22500.0,17.0,0.0,0.0,2.0,ORD-004368
FIN-004369,AGT-0488,9000.0,3.0,0.0,2.0,1.0,ORD-004369
FIN-004370,AGT-0488,13500.0,4.0,0.0,0.0,0.0,ORD-004370
FIN-004371,AGT-0488,22500.0,7.0,0.0,0.0,0.0,ORD-004371
FIN-004372,AGT-0488,9000.0,23.0,0.0,0.0,1.0,ORD-004372
FIN-004373,AGT-0489,,56.0,9000.0,1.0,0.0,ORD-004373
FIN-004374,AGT-0489,13500.0,12.0,0.0,0.0,0.0,ORD-004374
FIN-004375,AGT-0489,4500.0,6.0,0.0,0.0,1.0,ORD-004375
FIN-004376,AGT-0489,13500.0,9.0,0.0,0.0,0.0,ORD-004376
FIN-004377,AGT-0489,22500.0,43.0,0.0,1.0,1.0,ORD-004377
FIN-004378,AGT-0489,4500.0,9.0,0.0,0.0,0.0,ORD-004378
FIN-004379,AGT-0489,9000.0,32.0,0.0,0.0,1.0,ORD-004379
FIN-004380,AGT-0489,4500.0,1.0,0.0,0.0,0.0,ORD-004380
FIN-004381,AGT-0489,9000.0,3.0,0.0,0.0,0.0,ORD-004381
FIN-004382,AGT-0489,4500.0,34.0,0.0,0.0,1.0,ORD-004382
FIN-004383,AGT-0490,45000.0,5.0,0.0,0.0,2.0,ORD-004383
FIN-004384,AGT-0490,9000.0,9.0,0.0,0.0,2.0,ORD-004384
FIN-004385,AGT-0490,9000.0,11.0,0.0,0.0,0.0,ORD-004385
FIN-004386,AGT-0490,13500.0,10.0,0.0,0.0,1.0,ORD-004386
FIN-004387,AGT-0490,13500.0,0.0,0.0,2.0,0.0,ORD-004387
FIN-004388,AGT-0490,,3.0,0.0,0.0,1.0,ORD-004388
FIN-004389,AGT-0490,9000.0,3.0,0.0,0.0,0.0,ORD-004389
FIN-004390,AGT-0490,45000.0,1.0,0.0,0.0,0.0,ORD-004390
FIN-004391,AGT-0490,13500.0,6.0,0.0,0.0,0.0,ORD-004391
FIN-004392,AGT-0491,45000.0,14.0,0.0,0.0,0.0,ORD-004392
FIN-004393,AGT-0491,9000.0,40.0,9000.0,0.0,0.0,ORD-004393
FIN-004394,AGT-0491,,5.0,0.0,0.0,,ORD-004394
FIN-004395,AGT-0491,45000.0,5.0,0.0,0.0,1.0,ORD-004395
FIN-004396,AGT-0491,9000.0,14.0,0.0,0.0,2.0,ORD-004396
FIN-004397,AGT-0491,13500.0,1.0,0.0,2.0,0.0,ORD-004397
FIN-004398,AGT-0491,9000.0,4.0,0.0,0.0,0.0,ORD-004398
FIN-004399,AGT-0491,9000.0,41.0,9000.0,0.0,0.0,ORD-004399
FIN-004401,AGT-0492,45000.0,7.0,0.0,0.0,0.0,ORD-004401
FIN-004402,AGT-0492,4500.0,2.0,0.0,0.0,0.0,ORD-004402
FIN-004403,AGT-0492,,1.0,0.0,0.0,1.0,ORD-004403
FIN-004404,AGT-0492,9000.0,7.0,0.0,0.0,0.0,ORD-004404
FIN-004405,AGT-0492,9000.0,3.0,0.0,0.0,2.0,ORD-004405
FIN-004406,AGT-0492,9000.0,1.0,0.0,0.0,0.0,ORD-004406
FIN-004407,AGT-0492,13500.0,0.0,0.0,0.0,0.0,ORD-004407
FIN-004408,AGT-0492,22500.0,5.0,0.0,0.0,1.0,ORD-004408
FIN-004409,AGT-0492,4500.0,7.0,0.0,2.0,1.0,ORD-004409
FIN-004410,AGT-0492,22500.0,2.0,0.0,0.0,1.0,ORD-004410
FIN-004411,AGT-0493,13500.0,7.0,0.0,0.0,2.0,ORD-004411
FIN-004412,AGT-0493,9000.0,25.0,0.0,0.0,2.0,ORD-004412
FIN-004413,AGT-0493,9000.0,27.0,0.0,0.0,1.0,ORD-004413
FIN-004414,AGT-0493,22500.0,11.0,0.0,0.0,1.0,ORD-004414
FIN-004415,AGT-0493,9000.0,21.0,0.0,0.0,1.0,ORD-004415
FIN-004416,AGT-0493,13500.0,23.0,0.0,0.0,0.0,ORD-004416
FIN-004417,AGT-0493,9000.0,9.0,0.0,0.0,0.0,ORD-004417
FIN-004418,AGT-0494,4500.0,1.0,0.0,1.0,0.0,ORD-004418
FIN-004419,AGT-0494,13500.0,2.0,0.0,0.0,0.0,ORD-004419
FIN-004420,AGT-0494,4500.0,1.0,0.0,0.0,0.0,ORD-004420
FIN-004421,AGT-0494,9000.0,48.0,0.0,0.0,2.0,ORD-004421
FIN-004422,AGT-0494,4500.0,30.0,0.0,1.0,0.0,ORD-004422
FIN-004423,AGT-0494,13500.0,7.0,0.0,1.0,0.0,ORD-004423
FIN-004424,AGT-0494,4500.0,8.0,0.0,0.0,0.0,ORD-004424
FIN-004425,AGT-0494,13500.0,8.0,0.0,0.0,1.0,ORD-004425
FIN-004426,AGT-0494,9000.0,9.0,0.0,1.0,0.0,ORD-004426
FIN-004427,AGT-0495,13500.0,16.0,,1.0,0.0,ORD-004427
FIN-004428,AGT-0495,13500.0,30.0,0.0,0.0,2.0,ORD-004428
FIN-004429,AGT-0495,9000.0,11.0,0.0,0.0,0.0,ORD-004429
FIN-004430,AGT-0495,9000.0,19.0,0.0,0.0,0.0,ORD-004430
FIN-004431,AGT-0495,9000.0,24.0,0.0,1.0,0.0,ORD-004431
FIN-004432,AGT-0495,45000.0,18.0,0.0,1.0,1.0,ORD-004432
FIN-004433,AGT-0495,9000.0,16.0,0.0,0.0,1.0,ORD-004433
FIN-004434,AGT-0495,9000.0,18.0,0.0,0.0,0.0,ORD-004434
FIN-004435,AGT-0495,22500.0,1.0,0.0,1.0,0.0,ORD-004435
FIN-004436,AGT-0495,45000.0,1.0,0.0,1.0,0.0,ORD-004436
FIN-004437,AGT-0495,13500.0,5.0,0.0,0.0,2.0,ORD-004437
FIN-004438,AGT-0496,9000.0,6.0,0.0,0.0,0.0,ORD-004438
FIN-004439,AGT-0496,4500.0,27.0,0.0,0.0,1.0,ORD-004439
FIN-004440,AGT-0496,13500.0,0.0,0.0,2.0,1.0,ORD-004440
FIN-004441,AGT-0496,22500.0,19.0,0.0,0.0,0.0,ORD-004441
FIN-004442,AGT-0496,9000.0,1.0,0.0,0.0,1.0,ORD-004442
FIN-004443,AGT-0496,4500.0,4.0,0.0,0.0,2.0,ORD-004443
FIN-004444,AGT-0496,13500.0,5.0,0.0,0.0,1.0,ORD-004444
FIN-004445,AGT-0496,9000.0,71.0,9000.0,0.0,1.0,ORD-004445
FIN-004446,AGT-0496,9000.0,1.0,0.0,0.0,0.0,ORD-004446
FIN-004447,AGT-0496,45000.0,7.0,0.0,0.0,1.0,ORD-004447
FIN-004448,AGT-0496,9000.0,14.0,0.0,0.0,1.0,ORD-004448
FIN-004449,AGT-0497,9000.0,4.0,0.0,0.0,1.0,ORD-004449
FIN-004450,AGT-0497,22500.0,11.0,0.0,1.0,0.0,ORD-004450
FIN-004451,AGT-0497,22500.0,7.0,0.0,0.0,1.0,ORD-004451
FIN-004452,AGT-0497,4500.0,1.0,0.0,0.0,0.0,ORD-004452
FIN-004453,AGT-0497,13500.0,31.0,0.0,0.0,1.0,ORD-004453
FIN-004454,AGT-0497,13500.0,25.0,0.0,0.0,1.0,ORD-004454
FIN-004455,AGT-0497,4500.0,,0.0,0.0,1.0,ORD-004455
FIN-004456,AGT-0497,9000.0,4.0,0.0,0.0,0.0,ORD-004456
FIN-004457,AGT-0498,13500.0,38.0,13500.0,0.0,1.0,ORD-004457
FIN-004458,AGT-0498,9000.0,45.0,0.0,0.0,0.0,ORD-004458
FIN-004459,AGT-0498,22500.0,7.0,0.0,0.0,0.0,ORD-004459
FIN-004460,AGT-0498,4500.0,6.0,0.0,2.0,0.0,ORD-004460
FIN-004461,AGT-0498,9000.0,4.0,0.0,0.0,0.0,ORD-004461
FIN-004462,AGT-0498,9000.0,16.0,0.0,1.0,1.0,ORD-004462
FIN-004463,AGT-0498,4500.0,8.0,0.0,1.0,2.0,ORD-004463
FIN-004464,AGT-0498,9000.0,7.0,0.0,0.0,,ORD-004464
FIN-004465,AGT-0498,45000.0,58.0,45000.0,0.0,1.0,ORD-004465
FIN-004466,AGT-0498,4500.0,43.0,0.0,,1.0,ORD-004466
FIN-004467,AGT-0498,9000.0,3.0,0.0,0.0,1.0,ORD-004467
FIN-004468,AGT-0499,9000.0,9.0,0.0,0.0,0.0,ORD-004468
FIN-004469,AGT-0499,4500.0,0.0,0.0,1.0,2.0,ORD-004469
FIN-004470,AGT-0499,4500.0,8.0,0.0,1.0,1.0,ORD-004470
FIN-004471,AGT-0499,9000.0,1.0,0.0,0.0,0.0,ORD-004471
FIN-004472,AGT-0499,9000.0,0.0,0.0,0.0,,ORD-004472
FIN-004473,AGT-0499,9000.0,9.0,0.0,2.0,0.0,ORD-004473
FIN-004474,AGT-0499,4500.0,3.0,0.0,0.0,0.0,ORD-004474
FIN-004475,AGT-0499,13500.0,32.0,0.0,,1.0,ORD-004475
FIN-004476,AGT-0500,9000.0,15.0,0.0,0.0,0.0,ORD-004476
FIN-004477,AGT-0500,13500.0,61.0,0.0,0.0,0.0,ORD-004477
FIN-004478,AGT-0500,9000.0,7.0,0.0,1.0,0.0,ORD-004478
FIN-004479,AGT-0500,13500.0,6.0,0.0,1.0,1.0,ORD-004479
FIN-004480,AGT-0500,45000.0,18.0,0.0,0.0,0.0,ORD-004480
FIN-004481,AGT-0500,,10.0,0.0,1.0,0.0,ORD-004481
FIN-004482,AGT-0500,,4.0,0.0,0.0,0.0,ORD-004482
FIN-004483,AGT-0500,13500.0,3.0,0.0,1.0,1.0,ORD-004483
FIN-004484,AGT-0500,9000.0,1.0,0.0,0.0,1.0,ORD-004484
FIN-004485,AGT-0500,4500.0,18.0,0.0,2.0,1.0,ORD-004485
