delivery_id,order_id,dispatch_date,delivery_date,route_id,transit_mortality_count,dispatch_dt,delivery_dt
DEL-000002,ORD-000002,2025-10-11,2025-10-12,Route-West-Jimma,4.0,2025-10-11,2025-10-12
DEL-000003,ORD-000003,2025-09-02,2025-09-03,Route-Addis-Central,3.0,2025-09-02,2025-09-03
DEL-000004,ORD-000004,2025-09-25,2025-09-28,Route-South-Hawassa,1.0,2025-09-25,2025-09-28
DEL-000005,ORD-000005,2025-02-01,2025-02-02,Route-Addis-Central,5.0,2025-02-01,2025-02-02
DEL-000006,ORD-000006,2025-06-30,2025-07-02,Route-West-Jimma,2.0,2025-06-30,2025-07-02
DEL-000007,ORD-000007,2025-06-19,2025-06-23,,1.0,2025-06-19,2025-06-23
DEL-000008,ORD-000008,2025-10-19,2025-10-22,Route-Addis-Central,2.0,2025-10-19,2025-10-22
DEL-000009,ORD-000009,2025-03-11,2025-03-13,Route-Addis-Central,2.0,2025-03-11,2025-03-13
DEL-000010,ORD-000010,2025-02-09,2025-02-10,Route-West-Jimma,3.0,2025-02-09,2025-02-10
DEL-000011,ORD-000011,2025-06-28,2025-06-29,Route-North-Corridor,4.0,2025-06-28,2025-06-29
DEL-000012,ORD-000012,2025-11-27,2025-11-28,Route-North-Corridor,1.0,2025-11-27,2025-11-28
DEL-000013,ORD-000013,2025-01-30,2025-01-31,Route-South-Hawassa,1.0,2025-01-30,2025-01-31
DEL-000014,ORD-000014,2025-04-04,2025-04-05,Route-South-Hawassa,3.0,2025-04-04,2025-04-05
DEL-000015,ORD-000015,2025-01-19,2025-01-20,Route-North-Corridor,3.0,2025-01-19,2025-01-20
DEL-000016,ORD-000016,2025-03-26,2025-03-27,Route-Addis-Central,2.0,2025-03-26,2025-03-27
DEL-000017,ORD-000017,2025-03-22,2025-03-25,Route-West-Jimma,3.0,2025-03-22,2025-03-25
DEL-000018,ORD-000018,2025-10-01,2025-10-03,Route-North-Corridor,3.0,2025-10-01,2025-10-03
DEL-000019,ORD-000019,2025-09-17,2025-09-18,Route-West-Jimma,4.0,2025-09-17,2025-09-18
DEL-000020,ORD-000020,2025-01-27,2025-01-29,Route-North-Corridor,1.0,2025-01-27,2025-01-29
DEL-000021,ORD-000021,2025-04-17,2025-04-18,Route-North-Corridor,1.0,2025-04-17,2025-04-18
DEL-000022,ORD-000022,2025-01-26,2025-01-27,Route-East-Awash,4.0,2025-01-26,2025-01-27
DEL-000023,ORD-000023,2025-07-02,2025-07-03,Route-East-Awash,1.0,2025-07-02,2025-07-03
DEL-000024,ORD-000024,2025-04-11,2025-04-13,Route-North-Corridor,1.0,2025-04-11,2025-04-13
DEL-000025,ORD-000025,2025-05-11,2025-05-15,Route-South-Hawassa,6.0,2025-05-11,2025-05-15
DEL-000026,ORD-000026,2025-07-14,2025-07-16,Route-East-Awash,4.0,2025-07-14,2025-07-16
DEL-000027,ORD-000027,2025-07-11,2025-07-12,Route-North-Corridor,3.0,2025-07-11,2025-07-12
DEL-000028,ORD-000028,2025-01-16,2025-01-17,Route-West-Jimma,2.0,2025-01-16,2025-01-17
DEL-000029,ORD-000029,2025-12-01,2025-12-03,Route-West-Jimma,3.0,2025-12-01,2025-12-03
DEL-000030,ORD-000030,2025-12-04,2025-12-05,Route-North-Corridor,3.0,2025-12-04,2025-12-05
DEL-000031,ORD-000031,2025-12-04,2025-12-06,Route-South-Hawassa,0.0,2025-12-04,2025-12-06
DEL-000032,ORD-000032,2025-12-05,2025-12-07,Route-North-Corridor,,2025-12-05,2025-12-07
DEL-000033,ORD-000033,2025-10-02,2025-10-05,Route-Addis-Central,1.0,2025-10-02,2025-10-05
DEL-000034,ORD-000034,2025-06-13,2025-06-16,Route-North-Corridor,1.0,2025-06-13,2025-06-16
DEL-000035,ORD-000035,2025-08-26,2025-08-30,Route-South-Hawassa,5.0,2025-08-26,2025-08-30
DEL-000036,ORD-000036,2025-10-10,2025-10-12,Route-West-Jimma,1.0,2025-10-10,2025-10-12
DEL-000037,ORD-000037,2025-02-23,2025-02-24,Route-North-Corridor,2.0,2025-02-23,2025-02-24
DEL-000038,ORD-000038,2025-12-31,2026-01-01,Route-North-Corridor,6.0,2025-12-31,2026-01-01
DEL-000039,ORD-000039,2025-07-09,2025-07-11,Route-East-Awash,3.0,2025-07-09,2025-07-11
DEL-000040,ORD-000040,2025-08-23,2025-08-27,Route-Addis-Central,2.0,2025-08-23,2025-08-27
DEL-000041,ORD-000041,2025-05-28,2025-05-29,Route-Addis-Central,3.0,2025-05-28,2025-05-29
DEL-000042,ORD-000042,2025-04-16,2025-04-17,Route-South-Hawassa,1.0,2025-04-16,2025-04-17
DEL-000043,ORD-000043,2025-08-11,2025-08-12,Route-East-Awash,2.0,2025-08-11,2025-08-12
DEL-000044,ORD-000044,2025-12-20,2025-12-21,Route-North-Corridor,2.0,2025-12-20,2025-12-21
DEL-000045,ORD-000045,2025-02-10,2025-02-14,route-addis-central,1.0,2025-02-10,2025-02-14
DEL-000046,ORD-000046,2025-11-07,2025-11-10,Route-East-Awash,2.0,2025-11-07,2025-11-10
DEL-000047,ORD-000047,2025-10-23,2025-10-24,Route-North-Corridor,3.0,2025-10-23,2025-10-24
DEL-000048,ORD-000048,2025-03-21,2025-03-22,ROUTE-NORTH-CORRIDOR,3.0,2025-03-21,2025-03-22
DEL-000049,ORD-000049,2025-04-24,2025-04-25,Route-Addis-Central,4.0,2025-04-24,2025-04-25
DEL-000050,ORD-000050,2025-11-10,2025-11-11,Route-East-Awash,5.0,2025-11-10,2025-11-11
DEL-000051,ORD-000051,2025-06-27,2025-06-29,Route-East-Awash,1.0,2025-06-27,2025-06-29
DEL-000052,ORD-000052,2025-02-26,2025-02-27,Route-South-Hawassa,6.0,2025-02-26,2025-02-27
DEL-000053,ORD-000053,2025-07-16,2025-07-17,Route-North-Corridor,3.0,2025-07-16,2025-07-17
DEL-000054,ORD-000054,2025-01-08,2025-01-09,Route-North-Corridor,4.0,2025-01-08,2025-01-09
DEL-000055,ORD-000055,2025-11-30,2025-12-01,Route-Addis-Central,1.0,2025-11-30,2025-12-01
DEL-000056,ORD-000056,2025-08-12,2025-08-14,Route-North-Corridor,6.0,2025-08-12,2025-08-14
DEL-000057,ORD-000057,2025-06-03,2025-06-04,Route-Addis-Central,1.0,2025-06-03,2025-06-04
DEL-000058,ORD-000058,2025-10-27,2025-10-30,Route-West-Jimma,4.0,2025-10-27,2025-10-30
DEL-000059,ORD-000059,2025-03-28,2025-03-31,Route-West-Jimma,6.0,2025-03-28,2025-03-31
DEL-000060,ORD-000060,2025-08-29,2025-09-02,Route-East-Awash,2.0,2025-08-29,2025-09-02
DEL-000061,ORD-000061,2025-05-26,2025-05-28,Route-East-Awash,1.0,2025-05-26,2025-05-28
DEL-000062,ORD-000062,2025-10-28,2025-10-29,Route-East-Awash,2.0,2025-10-28,2025-10-29
DEL-000063,ORD-000063,2025-08-13,2025-08-15,Route-Addis-Central,,2025-08-13,2025-08-15
DEL-000064,ORD-000064,2025-07-30,2025-08-01,Route-North-Corridor,2.0,2025-07-30,2025-08-01
DEL-000065,ORD-000065,2025-11-29,2025-12-01,Route-East-Awash,4.0,2025-11-29,2025-12-01
DEL-000066,ORD-000066,2025-02-16,2025-02-18,Route-North-Corridor,2.0,2025-02-16,2025-02-18
DEL-000067,ORD-000067,2025-04-15,2025-04-16,Route-North-Corridor,1.0,2025-04-15,2025-04-16
DEL-000068,ORD-000068,2025-02-16,2025-02-17,Route-North-Corridor,2.0,2025-02-16,2025-02-17
DEL-000069,ORD-000069,2025-10-01,2025-10-02,Route-West-Jimma,6.0,2025-10-01,2025-10-02
DEL-000070,ORD-000070,2025-08-17,2025-08-19,Route-West-Jimma,3.0,2025-08-17,2025-08-19
DEL-000071,ORD-000071,2025-05-26,2025-05-27,Route-South-Hawassa,2.0,2025-05-26,2025-05-27
DEL-000072,ORD-000072,2025-10-31,2025-11-01,Route-South-Hawassa,12.0,2025-10-31,2025-11-01
DEL-000073,ORD-000073,2025-05-19,2025-05-20,Route-South-Hawassa,1.0,2025-05-19,2025-05-20
DEL-000074,ORD-000074,2025-05-08,2025-05-10,Route-North-Corridor,1.0,2025-05-08,2025-05-10
DEL-000075,ORD-000075,2025-08-17,2025-08-19,Route-East-Awash,2.0,2025-08-17,2025-08-19
DEL-000076,ORD-000076,2025-11-28,2025-11-29,Route-North-Corridor,5.0,2025-11-28,2025-11-29
DEL-000077,ORD-000077,2025-07-16,2025-07-18,Route-North-Corridor,,2025-07-16,2025-07-18
DEL-000078,ORD-000078,2025-04-13,2025-04-14,Route-North-Corridor,3.0,2025-04-13,2025-04-14
DEL-000079,ORD-000079,2025-04-14,2025-04-16,Route-North-Corridor,2.0,2025-04-14,2025-04-16
DEL-000080,ORD-000080,2025-06-15,2025-06-17,Route-Addis-Central,17.0,2025-06-15,2025-06-17
DEL-000081,ORD-000081,2025-05-20,2025-05-21,Route-North-Corridor,1.0,2025-05-20,2025-05-21
DEL-000082,ORD-000082,2025-04-04,2025-04-07,Route-North-Corridor,3.0,2025-04-04,2025-04-07
DEL-000083,ORD-000083,2025-06-14,2025-06-18,Route-North-Corridor,2.0,2025-06-14,2025-06-18
DEL-000084,ORD-000084,2025-02-26,2025-02-28,Route-East-Awash,6.0,2025-02-26,2025-02-28
DEL-000085,ORD-000085,2025-10-03,2025-10-04,Route-Addis-Central,2.0,2025-10-03,2025-10-04
DEL-000086,ORD-000086,2025-08-07,2025-08-09,Route-Addis-Central,2.0,2025-08-07,2025-08-09
DEL-000087,ORD-000087,2025-02-18,2025-02-21,Route-South-Hawassa,7.0,2025-02-18,2025-02-21
DEL-000088,ORD-000088,2025-07-23,2025-07-26,Route-North-Corridor,2.0,2025-07-23,2025-07-26
DEL-000089,ORD-000089,2025-01-24,2025-01-27,Route-East-Awash,0.0,2025-01-24,2025-01-27
DEL-000090,ORD-000090,2025-03-21,2025-03-24,Route-North-Corridor,1.0,2025-03-21,2025-03-24
DEL-000091,ORD-000091,2025-10-30,2025-11-03,Route-North-Corridor,3.0,2025-10-30,2025-11-03
DEL-000092,ORD-000092,2025-10-15,2025-10-16,Route-South-Hawassa,1.0,2025-10-15,2025-10-16
DEL-000093,ORD-000093,2025-09-24,2025-09-25,Route-Addis-Central,3.0,2025-09-24,2025-09-25
DEL-000094,ORD-000094,2025-04-20,2025-04-23,Route-South-Hawassa,2.0,2025-04-20,2025-04-23
DEL-000095,ORD-000095,2025-04-16,2025-04-17,Route-South-Hawassa,4.0,2025-04-16,2025-04-17
DEL-000096,ORD-000096,2025-03-07,2025-03-08,Route-North-Corridor,4.0,2025-03-07,2025-03-08
DEL-000097,ORD-000097,2025-10-06,2025-10-07,Route-South-Hawassa,4.0,2025-10-06,2025-10-07
DEL-000098,ORD-000098,2025-12-18,2025-12-21,Route-South-Hawassa,4.0,2025-12-18,2025-12-21
DEL-000099,ORD-000099,2025-03-17,2025-03-18,Route-East-Awash,4.0,2025-03-17,2025-03-18
DEL-000100,ORD-000100,2025-05-19,2025-05-20,Route-North-Corridor,4.0,2025-05-19,2025-05-20
DEL-000101,ORD-000101,2025-02-26,2025-02-27,Route-South-Hawassa,1.0,2025-02-26,2025-02-27
DEL-000102,ORD-000102,2025-10-18,2025-10-20,Route-Addis-Central,,2025-10-18,2025-10-20
DEL-000103,ORD-000103,2025-05-31,2025-06-01,Route-South-Hawassa,3.0,2025-05-31,2025-06-01
DEL-000104,ORD-000104,2025-09-30,2025-10-01,Route-Addis-Central,5.0,2025-09-30,2025-10-01
DEL-000105,ORD-000105,2025-06-11,2025-06-13,Route-South-Hawassa,2.0,2025-06-11,2025-06-13
DEL-000106,ORD-000106,2025-05-13,2025-05-14,Route-East-Awash,1.0,2025-05-13,2025-05-14
DEL-000107,ORD-000107,2025-01-29,2025-01-30,Route-North-Corridor,3.0,2025-01-29,2025-01-30
DEL-000108,ORD-000108,2025-11-22,2025-11-23,Route-North-Corridor,1.0,2025-11-22,2025-11-23
DEL-000109,ORD-000109,2025-06-12,2025-06-13,Route-Addis-Central,1.0,2025-06-12,2025-06-13
DEL-000110,ORD-000110,2025-03-04,2025-03-06,Route Addis Central,4.0,2025-03-04,2025-03-06
DEL-000111,ORD-000111,2025-07-16,2025-07-18,Route-South-Hawassa,1.0,2025-07-16,2025-07-18
DEL-000112,ORD-000112,2025-01-11,2025-01-13,Route-Addis-Central,3.0,2025-01-11,2025-01-13
DEL-000113,ORD-000113,2025-12-10,2025-12-11,Route-East-Awash,5.0,2025-12-10,2025-12-11
DEL-000114,ORD-000114,2025-01-02,2025-01-03,Route-East-Awash,4.0,2025-01-02,2025-01-03
DEL-000115,ORD-000115,2025-05-20,2025-05-22,Route-Addis-Central,3.0,2025-05-20,2025-05-22
DEL-000116,ORD-000116,2025-07-25,2025-07-26,Route-North-Corridor,2.0,2025-07-25,2025-07-26
DEL-000117,ORD-000117,2025-12-23,2025-12-27,Route-East-Awash,3.0,2025-12-23,2025-12-27
DEL-000118,ORD-000118,2025-10-06,2025-10-09,Route-South-Hawassa,0.0,2025-10-06,2025-10-09
DEL-000119,ORD-000119,2025-11-03,2025-11-05,Route-Addis-Central,3.0,2025-11-03,2025-11-05
DEL-000120,ORD-000120,2025-05-20,2025-05-21,Route-North-Corridor,6.0,2025-05-20,2025-05-21
DEL-000121,ORD-000121,2025-04-26,2025-04-29,Route-West-Jimma,1.0,2025-04-26,2025-04-29
DEL-000122,ORD-000122,2025-05-26,2025-05-27,Route-South-Hawassa,1.0,2025-05-26,2025-05-27
DEL-000123,ORD-000123,2025-05-09,2025-05-10,Route-North-Corridor,7.0,2025-05-09,2025-05-10
DEL-000124,ORD-000124,2025-08-06,2025-08-08,Route-South-Hawassa,16.0,2025-08-06,2025-08-08
DEL-000125,ORD-000125,2025-11-12,2025-11-13,Route-Addis-Central,0.0,2025-11-12,2025-11-13
DEL-000126,ORD-000126,2025-11-27,2025-11-29,Route-North-Corridor,2.0,2025-11-27,2025-11-29
DEL-000127,ORD-000127,2025-06-13,2025-06-17,Route-South-Hawassa,8.0,2025-06-13,2025-06-17
DEL-000128,ORD-000128,2025-02-01,2025-02-02,Route-West-Jimma,2.0,2025-02-01,2025-02-02
DEL-000129,ORD-000129,2025-08-25,2025-08-28,Route Addis Central,3.0,2025-08-25,2025-08-28
DEL-000130,ORD-000130,2025-05-20,2025-05-21,,3.0,2025-05-20,2025-05-21
DEL-000131,ORD-000131,2025-04-05,2025-04-07,Route-West-Jimma,2.0,2025-04-05,2025-04-07
DEL-000132,ORD-000132,2025-03-18,2025-03-19,Route-South-Hawassa,8.0,2025-03-18,2025-03-19
DEL-000133,ORD-000133,2025-07-31,2025-08-01,Route-North-Corridor,2.0,2025-07-31,2025-08-01
DEL-000134,ORD-000134,2025-03-26,2025-03-27,Route-East-Awash,10.0,2025-03-26,2025-03-27
DEL-000135,ORD-000135,2025-07-29,2025-08-01,Route-West-Jimma,1.0,2025-07-29,2025-08-01
DEL-000136,ORD-000136,2025-06-27,2025-06-28,route-addis-central,3.0,2025-06-27,2025-06-28
DEL-000137,ORD-000137,2025-04-03,2025-04-04,Route-South-Hawassa,4.0,2025-04-03,2025-04-04
DEL-000138,ORD-000138,2025-03-06,2025-03-07,Route-South-Hawassa,3.0,2025-03-06,2025-03-07
DEL-000139,ORD-000139,2025-03-30,2025-03-31,Route-South-Hawassa,,2025-03-30,2025-03-31
DEL-000140,ORD-000140,2025-05-14,2025-05-15,Route-West-Jimma,2.0,2025-05-14,2025-05-15
DEL-000141,ORD-000141,2025-05-12,2025-05-14,Route-West-Jimma,1.0,2025-05-12,2025-05-14
DEL-000142,ORD-000142,2025-11-18,2025-11-21,Route-West-Jimma,2.0,2025-11-18,2025-11-21
DEL-000143,ORD-000143,2025-04-22,2025-04-23,Route-North-Corridor,3.0,2025-04-22,2025-04-23
DEL-000144,ORD-000144,2025-10-07,2025-10-10,Route-South-Hawassa,0.0,2025-10-07,2025-10-10
DEL-000145,ORD-000145,2025-07-11,2025-07-12,Route-West-Jimma,1.0,2025-07-11,2025-07-12
DEL-000146,ORD-000146,2025-09-01,2025-09-04,Route-Addis-Central,4.0,2025-09-01,2025-09-04
DEL-000147,ORD-000147,2025-08-18,2025-08-19,Route-West-Jimma,2.0,2025-08-18,2025-08-19
DEL-000148,ORD-000148,2025-03-31,2025-04-01,Route-West-Jimma,1.0,2025-03-31,2025-04-01
DEL-000149,ORD-000149,2025-05-28,2025-06-01,Route-Addis-Central,0.0,2025-05-28,2025-06-01
DEL-000150,ORD-000150,2025-12-12,2025-12-14,Route-West-Jimma,4.0,2025-12-12,2025-12-14
DEL-000151,ORD-000151,2025-03-14,2025-03-15,Route-North-Corridor,1.0,2025-03-14,2025-03-15
DEL-000152,ORD-000152,2025-12-29,2025-12-31,Route-Addis-Central,2.0,2025-12-29,2025-12-31
DEL-000153,ORD-000153,2025-07-27,2025-07-31,Route-South-Hawassa,1.0,2025-07-27,2025-07-31
DEL-000154,ORD-000154,2025-10-25,2025-10-26,Route-West-Jimma,2.0,2025-10-25,2025-10-26
DEL-000155,ORD-000155,2025-09-12,2025-09-13,Route-West-Jimma,1.0,2025-09-12,2025-09-13
DEL-000156,ORD-000156,2025-02-24,2025-02-25,Route-Addis-Central,3.0,2025-02-24,2025-02-25
DEL-000157,ORD-000157,2025-04-30,2025-05-01,Route-North-Corridor,2.0,2025-04-30,2025-05-01
DEL-000158,ORD-000158,2025-12-29,2025-12-30,Route-West-Jimma,1.0,2025-12-29,2025-12-30
DEL-000159,ORD-000159,2025-06-11,2025-06-15,Route-South-Hawassa,2.0,2025-06-11,2025-06-15
DEL-000160,ORD-000160,2025-01-31,2025-02-02,Route-West-Jimma,6.0,2025-01-31,2025-02-02
DEL-000161,ORD-000161,2025-07-06,2025-07-07,Route-East-Awash,4.0,2025-07-06,2025-07-07
DEL-000162,ORD-000162,2025-12-20,2025-12-22,Route-Addis-Central,1.0,2025-12-20,2025-12-22
DEL-000163,ORD-000163,2025-09-29,2025-10-01,Route-West-Jimma,,2025-09-29,2025-10-01
DEL-000164,ORD-000164,2025-05-04,2025-05-05,Route-West-Jimma,3.0,2025-05-04,2025-05-05
DEL-000165,ORD-000165,2025-05-30,2025-05-31,Route-South-Hawassa,10.0,2025-05-30,2025-05-31
DEL-000166,ORD-000166,2025-10-01,2025-10-04,Route-South-Hawassa,1.0,2025-10-01,2025-10-04
DEL-000167,ORD-000167,2025-03-31,2025-04-02,Route-North-Corridor,4.0,2025-03-31,2025-04-02
DEL-000168,ORD-000168,2025-07-16,2025-07-17,Route-South-Hawassa,9.0,2025-07-16,2025-07-17
DEL-000169,ORD-000169,2025-04-13,2025-04-14,Route-South-Hawassa,2.0,2025-04-13,2025-04-14
DEL-000170,ORD-000170,2025-08-20,2025-08-21,Route-East-Awash,1.0,2025-08-20,2025-08-21
DEL-000171,ORD-000171,2025-11-22,2025-11-23,Route-West-Jimma,5.0,2025-11-22,2025-11-23
DEL-000172,ORD-000172,2025-04-01,2025-04-03,Route-East-Awash,6.0,2025-04-01,2025-04-03
DEL-000173,ORD-000173,2025-12-16,2025-12-17,Route Addis Central,3.0,2025-12-16,2025-12-17
DEL-000174,ORD-000174,2025-08-06,2025-08-08,Route-East-Awash,7.0,2025-08-06,2025-08-08
DEL-000175,ORD-000175,2025-08-11,2025-08-14,ROUTE-NORTH-CORRIDOR,1.0,2025-08-11,2025-08-14
DEL-000176,ORD-000176,2025-03-16,2025-03-18,Route-North-Corridor,12.0,2025-03-16,2025-03-18
DEL-000177,ORD-000177,2025-03-12,2025-03-14,Route-South-Hawassa,2.0,2025-03-12,2025-03-14
DEL-000178,ORD-000178,2025-05-09,2025-05-10,Route-Addis-Central,13.0,2025-05-09,2025-05-10
DEL-000179,ORD-000179,2025-12-04,2025-12-06,Route-East-Awash,14.0,2025-12-04,2025-12-06
DEL-000180,ORD-000180,2025-12-24,2025-12-25,Route-South-Hawassa,4.0,2025-12-24,2025-12-25
DEL-000181,ORD-000181,2025-03-31,2025-04-03,Route-West-Jimma,1.0,2025-03-31,2025-04-03
DEL-000182,ORD-000182,2025-01-03,2025-01-04,Route-East-Awash,2.0,2025-01-03,2025-01-04
DEL-000183,ORD-000183,2025-05-12,2025-05-14,Route-South-Hawassa,4.0,2025-05-12,2025-05-14
DEL-000184,ORD-000184,2025-09-05,2025-09-08,Route-West-Jimma,11.0,2025-09-05,2025-09-08
DEL-000185,ORD-000185,2025-08-03,2025-08-04,Route-South-Hawassa,4.0,2025-08-03,2025-08-04
DEL-000186,ORD-000186,2025-07-06,2025-07-07,ROUTE-NORTH-CORRIDOR,1.0,2025-07-06,2025-07-07
DEL-000187,ORD-000187,2025-03-22,2025-03-26,Route-North-Corridor,6.0,2025-03-22,2025-03-26
DEL-000188,ORD-000188,2025-04-30,2025-05-01,Route-West-Jimma,2.0,2025-04-30,2025-05-01
DEL-000189,ORD-000189,2025-10-11,2025-10-12,Route-South-Hawassa,2.0,2025-10-11,2025-10-12
DEL-000190,ORD-000190,2025-02-28,2025-03-01,Route-East-Awash,1.0,2025-02-28,2025-03-01
DEL-000191,ORD-000191,2025-05-18,2025-05-19,Route-West-Jimma,8.0,2025-05-18,2025-05-19
DEL-000192,ORD-000192,2025-11-10,2025-11-12,Route-Addis-Central,3.0,2025-11-10,2025-11-12
DEL-000193,ORD-000193,2025-04-15,2025-04-16,,3.0,2025-04-15,2025-04-16
DEL-000194,ORD-000194,2025-09-12,2025-09-15,Route-Addis-Central,1.0,2025-09-12,2025-09-15
DEL-000195,ORD-000195,2025-10-03,2025-10-06,Route-North-Corridor,1.0,2025-10-03,2025-10-06
DEL-000196,ORD-000196,2025-09-12,2025-09-13,Route-East-Awash,5.0,2025-09-12,2025-09-13
DEL-000197,ORD-000197,2025-11-08,2025-11-10,ROUTE-NORTH-CORRIDOR,1.0,2025-11-08,2025-11-10
DEL-000198,ORD-000198,2025-10-28,2025-10-30,Route-North-Corridor,4.0,2025-10-28,2025-10-30
DEL-000199,ORD-000199,2025-09-18,2025-09-20,Route-West-Jimma,2.0,2025-09-18,2025-09-20
DEL-000200,ORD-000200,2025-07-06,2025-07-07,Route-Addis-Central,4.0,2025-07-06,2025-07-07
DEL-000201,ORD-000201,2025-12-13,2025-12-15,Route-West-Jimma,10.0,2025-12-13,2025-12-15
DEL-000202,ORD-000202,2025-08-18,2025-08-19,Route-South-Hawassa,1.0,2025-08-18,2025-08-19
DEL-000203,ORD-000203,2025-09-05,2025-09-06,Route-South-Hawassa,3.0,2025-09-05,2025-09-06
DEL-000204,ORD-000204,2025-05-23,2025-05-24,Route-South-Hawassa,1.0,2025-05-23,2025-05-24
DEL-000205,ORD-000205,2025-10-13,2025-10-15,Route-East-Awash,1.0,2025-10-13,2025-10-15
DEL-000206,ORD-000206,2025-03-16,2025-03-18,Route-North-Corridor,3.0,2025-03-16,2025-03-18
DEL-000207,ORD-000207,2025-08-14,2025-08-15,Route-North-Corridor,12.0,2025-08-14,2025-08-15
DEL-000208,ORD-000208,2025-07-09,2025-07-10,Route-South-Hawassa,3.0,2025-07-09,2025-07-10
DEL-000209,ORD-000209,2025-05-13,2025-05-14,Route-East-Awash,2.0,2025-05-13,2025-05-14
DEL-000210,ORD-000210,2025-06-11,2025-06-14,Route-South-Hawassa,18.0,2025-06-11,2025-06-14
DEL-000211,ORD-000211,2025-10-15,2025-10-17,Route-East-Awash,5.0,2025-10-15,2025-10-17
DEL-000212,ORD-000212,2025-12-01,2025-12-02,Route-Addis-Central,4.0,2025-12-01,2025-12-02
DEL-000213,ORD-000213,2025-05-28,2025-05-30,Route-North-Corridor,1.0,2025-05-28,2025-05-30
DEL-000214,ORD-000214,2025-01-10,2025-01-11,Route-North-Corridor,5.0,2025-01-10,2025-01-11
DEL-000215,ORD-000215,2025-03-31,2025-04-01,Route-Addis-Central,1.0,2025-03-31,2025-04-01
DEL-000216,ORD-000216,2025-08-12,2025-08-13,Route-Addis-Central,4.0,2025-08-12,2025-08-13
DEL-000217,ORD-000217,2025-12-22,2025-12-23,Route-South-Hawassa,3.0,2025-12-22,2025-12-23
DEL-000218,ORD-000218,2025-06-16,2025-06-17,route-addis-central,3.0,2025-06-16,2025-06-17
DEL-000219,ORD-000219,2025-12-03,2025-12-04,Route-Addis-Central,1.0,2025-12-03,2025-12-04
DEL-000220,ORD-000220,2025-10-29,2025-10-31,Route-East-Awash,3.0,2025-10-29,2025-10-31
DEL-000221,ORD-000221,2025-03-22,2025-03-23,Route-East-Awash,4.0,2025-03-22,2025-03-23
DEL-000222,ORD-000222,2025-06-18,2025-06-19,Route-South-Hawassa,4.0,2025-06-18,2025-06-19
DEL-000223,ORD-000223,2025-12-03,2025-12-05,Route-West-Jimma,1.0,2025-12-03,2025-12-05
DEL-000224,ORD-000224,2025-11-05,2025-11-06,Route-East-Awash,7.0,2025-11-05,2025-11-06
DEL-000225,ORD-000225,2025-09-17,2025-09-18,Route-Addis-Central,4.0,2025-09-17,2025-09-18
DEL-000226,ORD-000226,2025-12-14,2025-12-15,Route-West-Jimma,2.0,2025-12-14,2025-12-15
DEL-000227,ORD-000227,2025-08-31,2025-09-01,Route-Addis-Central,9.0,2025-08-31,2025-09-01
DEL-000228,ORD-000228,2025-11-14,2025-11-15,Route-Addis-Central,0.0,2025-11-14,2025-11-15
DEL-000229,ORD-000229,2025-05-04,2025-05-05,Route-South-Hawassa,3.0,2025-05-04,2025-05-05
DEL-000230,ORD-000230,2025-02-11,2025-02-12,Route-South-Hawassa,5.0,2025-02-11,2025-02-12
DEL-000231,ORD-000231,2025-08-02,2025-08-05,Route-East-Awash,1.0,2025-08-02,2025-08-05
DEL-000232,ORD-000232,2025-07-30,2025-07-31,Route-Addis-Central,4.0,2025-07-30,2025-07-31
DEL-000233,ORD-000233,2025-03-09,2025-03-10,ROUTE-NORTH-CORRIDOR,4.0,2025-03-09,2025-03-10
DEL-000234,ORD-000234,2025-11-13,2025-11-14,Route-North-Corridor,1.0,2025-11-13,2025-11-14
DEL-000235,ORD-000235,2025-08-24,2025-08-25,Route-Addis-Central,2.0,2025-08-24,2025-08-25
DEL-000236,ORD-000236,2025-03-29,2025-03-31,,1.0,2025-03-29,2025-03-31
DEL-000237,ORD-000237,2025-07-26,2025-07-27,Route-Addis-Central,2.0,2025-07-26,2025-07-27
DEL-000238,ORD-000238,2025-07-09,2025-07-10,Route-South-Hawassa,1.0,2025-07-09,2025-07-10
DEL-000239,ORD-000239,2025-02-18,2025-02-19,Route-South-Hawassa,1.0,2025-02-18,2025-02-19
DEL-000240,ORD-000240,2025-12-13,2025-12-14,Route-North-Corridor,1.0,2025-12-13,2025-12-14
DEL-000241,ORD-000241,2025-04-23,2025-04-24,Route-Addis-Central,3.0,2025-04-23,2025-04-24
DEL-000242,ORD-000242,2025-07-09,2025-07-10,Route-West-Jimma,1.0,2025-07-09,2025-07-10
DEL-000243,ORD-000243,2025-06-20,2025-06-22,Route-North-Corridor,3.0,2025-06-20,2025-06-22
DEL-000244,ORD-000244,2025-09-27,2025-09-30,Route-East-Awash,3.0,2025-09-27,2025-09-30
DEL-000245,ORD-000245,2025-09-27,2025-09-28,ROUTE-NORTH-CORRIDOR,5.0,2025-09-27,2025-09-28
DEL-000246,ORD-000246,2025-07-22,2025-07-23,Route-West-Jimma,3.0,2025-07-22,2025-07-23
DEL-000247,ORD-000247,2025-06-22,2025-06-25,Route-North-Corridor,3.0,2025-06-22,2025-06-25
DEL-000248,ORD-000248,2025-02-03,2025-02-05,Route-North-Corridor,5.0,2025-02-03,2025-02-05
DEL-000249,ORD-000249,2025-09-12,2025-09-14,Route-Addis-Central,1.0,2025-09-12,2025-09-14
DEL-000250,ORD-000250,2025-12-15,2025-12-16,Route-North-Corridor,1.0,2025-12-15,2025-12-16
DEL-000251,ORD-000251,2025-08-06,2025-08-07,Route-South-Hawassa,1.0,2025-08-06,2025-08-07
DEL-000252,ORD-000252,2025-01-19,2025-01-22,Route-West-Jimma,,2025-01-19,2025-01-22
DEL-000253,ORD-000253,2025-10-28,2025-10-29,Route-North-Corridor,5.0,2025-10-28,2025-10-29
DEL-000254,ORD-000254,2025-08-18,2025-08-21,Route-Addis-Central,1.0,2025-08-18,2025-08-21
DEL-000255,ORD-000255,2025-04-22,2025-04-24,Route-South-Hawassa,1.0,2025-04-22,2025-04-24
DEL-000256,ORD-000256,2025-08-22,2025-08-24,Route-West-Jimma,1.0,2025-08-22,2025-08-24
DEL-000257,ORD-000257,2025-12-28,2025-12-29,Route-South-Hawassa,0.0,2025-12-28,2025-12-29
DEL-000258,ORD-000258,2025-10-16,2025-10-18,Route-East-Awash,14.0,2025-10-16,2025-10-18
DEL-000259,ORD-000259,2025-10-24,2025-10-26,Route-East-Awash,2.0,2025-10-24,2025-10-26
DEL-000260,ORD-000260,2025-06-16,2025-06-17,Route-West-Jimma,1.0,2025-06-16,2025-06-17
DEL-000261,ORD-000261,2025-04-12,2025-04-14,Route-West-Jimma,1.0,2025-04-12,2025-04-14
DEL-000262,ORD-000262,2025-12-26,2025-12-27,Route-Addis-Central,2.0,2025-12-26,2025-12-27
DEL-000263,ORD-000263,2025-11-30,2025-12-01,Route-West-Jimma,0.0,2025-11-30,2025-12-01
DEL-000264,ORD-000264,2025-07-04,2025-07-05,Route-West-Jimma,0.0,2025-07-04,2025-07-05
DEL-000265,ORD-000265,2025-08-24,2025-08-27,Route-South-Hawassa,4.0,2025-08-24,2025-08-27
DEL-000266,ORD-000266,2025-03-09,2025-03-12,Route-South-Hawassa,4.0,2025-03-09,2025-03-12
DEL-000267,ORD-000267,2025-03-21,2025-03-22,Route-North-Corridor,2.0,2025-03-21,2025-03-22
DEL-000268,ORD-000268,2025-09-24,2025-09-27,Route-North-Corridor,0.0,2025-09-24,2025-09-27
DEL-000269,ORD-000269,2025-11-08,2025-11-09,Route-East-Awash,0.0,2025-11-08,2025-11-09
DEL-000270,ORD-000270,2025-09-13,2025-09-14,Route-Addis-Central,9.0,2025-09-13,2025-09-14
DEL-000271,ORD-000271,2025-09-02,2025-09-04,Route-Addis-Central,2.0,2025-09-02,2025-09-04
DEL-000272,ORD-000272,2025-06-04,2025-06-06,Route Addis Central,1.0,2025-06-04,2025-06-06
DEL-000273,ORD-000273,2025-11-26,2025-11-27,Route-West-Jimma,6.0,2025-11-26,2025-11-27
DEL-000274,ORD-000274,2025-02-02,2025-02-03,Route-West-Jimma,5.0,2025-02-02,2025-02-03
DEL-000275,ORD-000275,2025-05-30,2025-06-01,Route-North-Corridor,1.0,2025-05-30,2025-06-01
DEL-000276,ORD-000276,2025-08-01,2025-08-02,,2.0,2025-08-01,2025-08-02
DEL-000277,ORD-000277,2025-11-01,2025-11-02,Route-East-Awash,0.0,2025-11-01,2025-11-02
DEL-000278,ORD-000278,2025-08-25,2025-08-27,Route-South-Hawassa,2.0,2025-08-25,2025-08-27
DEL-000279,ORD-000279,2025-10-07,2025-10-08,Route-East-Awash,2.0,2025-10-07,2025-10-08
DEL-000280,ORD-000280,2025-05-06,2025-05-07,Route Addis Central,4.0,2025-05-06,2025-05-07
DEL-000281,ORD-000281,2025-01-22,2025-01-24,Route-South-Hawassa,3.0,2025-01-22,2025-01-24
DEL-000282,ORD-000282,2025-09-08,2025-09-10,Route-East-Awash,1.0,2025-09-08,2025-09-10
DEL-000283,ORD-000283,2025-03-18,2025-03-19,Route-Addis-Central,5.0,2025-03-18,2025-03-19
DEL-000284,ORD-000284,2025-11-23,2025-11-25,Route-South-Hawassa,2.0,2025-11-23,2025-11-25
DEL-000285,ORD-000285,2025-09-09,2025-09-10,Route-Addis-Central,2.0,2025-09-09,2025-09-10
DEL-000286,ORD-000286,2025-03-17,2025-03-19,Route-South-Hawassa,4.0,2025-03-17,2025-03-19
DEL-000287,ORD-000287,2025-09-24,2025-09-26,Route-South-Hawassa,1.0,2025-09-24,2025-09-26
DEL-000288,ORD-000288,2025-10-20,2025-10-21,Route-West-Jimma,5.0,2025-10-20,2025-10-21
DEL-000289,ORD-000289,2025-09-12,2025-09-14,Route-West-Jimma,3.0,2025-09-12,2025-09-14
DEL-000290,ORD-000290,2025-08-24,2025-08-26,Route-East-Awash,2.0,2025-08-24,2025-08-26
DEL-000291,ORD-000291,2025-08-17,2025-08-19,Route-North-Corridor,3.0,2025-08-17,2025-08-19
DEL-000292,ORD-000292,2025-11-21,2025-11-24,Route-North-Corridor,1.0,2025-11-21,2025-11-24
DEL-000293,ORD-000293,2025-02-09,2025-02-10,ROUTE-NORTH-CORRIDOR,1.0,2025-02-09,2025-02-10
DEL-000294,ORD-000294,2025-12-21,2025-12-23,Route-North-Corridor,12.0,2025-12-21,2025-12-23
DEL-000295,ORD-000295,2025-09-11,2025-09-12,Route-West-Jimma,4.0,2025-09-11,2025-09-12
DEL-000296,ORD-000296,2025-04-24,2025-04-26,Route-Addis-Central,9.0,2025-04-24,2025-04-26
DEL-000297,ORD-000297,2025-05-13,2025-05-14,Route-West-Jimma,2.0,2025-05-13,2025-05-14
DEL-000298,ORD-000298,2025-09-30,2025-10-02,Route-Addis-Central,1.0,2025-09-30,2025-10-02
DEL-000299,ORD-000299,2025-07-03,2025-07-04,Route-North-Corridor,1.0,2025-07-03,2025-07-04
DEL-000300,ORD-000300,2025-04-30,2025-05-02,Route-South-Hawassa,1.0,2025-04-30,2025-05-02
DEL-000301,ORD-000301,2025-08-24,2025-08-25,ROUTE-NORTH-CORRIDOR,1.0,2025-08-24,2025-08-25
DEL-000302,ORD-000302,2025-01-11,2025-01-12,Route-West-Jimma,3.0,2025-01-11,2025-01-12
DEL-000303,ORD-000303,2025-08-05,2025-08-07,Route-Addis-Central,1.0,2025-08-05,2025-08-07
DEL-000304,ORD-000304,2025-01-02,2025-01-04,Route-Addis-Central,1.0,2025-01-02,2025-01-04
DEL-000305,ORD-000305,2025-01-13,2025-01-14,Route-South-Hawassa,2.0,2025-01-13,2025-01-14
DEL-000306,ORD-000306,2025-02-04,2025-02-05,Route-East-Awash,0.0,2025-02-04,2025-02-05
DEL-000307,ORD-000307,2025-06-30,2025-07-01,Route-South-Hawassa,6.0,2025-06-30,2025-07-01
DEL-000308,ORD-000308,2025-03-11,2025-03-12,Route-South-Hawassa,5.0,2025-03-11,2025-03-12
DEL-000309,ORD-000309,2025-07-17,2025-07-18,Route-Addis-Central,1.0,2025-07-17,2025-07-18
DEL-000310,ORD-000310,2025-10-02,2025-10-03,Route-North-Corridor,9.0,2025-10-02,2025-10-03
DEL-000312,ORD-000312,2025-06-17,2025-06-19,Route-South-Hawassa,5.0,2025-06-17,2025-06-19
DEL-000313,ORD-000313,2025-07-22,2025-07-23,Route-South-Hawassa,1.0,2025-07-22,2025-07-23
DEL-000314,ORD-000314,2025-09-23,2025-09-26,Route-West-Jimma,,2025-09-23,2025-09-26
DEL-000315,ORD-000315,2025-09-13,2025-09-14,Route-Addis-Central,6.0,2025-09-13,2025-09-14
DEL-000316,ORD-000316,2025-12-22,2025-12-23,Route-East-Awash,4.0,2025-12-22,2025-12-23
DEL-000317,ORD-000317,2025-02-17,2025-02-18,Route-East-Awash,5.0,2025-02-17,2025-02-18
DEL-000318,ORD-000318,2025-06-20,2025-06-24,Route-South-Hawassa,8.0,2025-06-20,2025-06-24
DEL-000319,ORD-000319,2025-02-28,2025-03-01,Route-East-Awash,2.0,2025-02-28,2025-03-01
DEL-000320,ORD-000320,2025-12-06,2025-12-07,Route-East-Awash,1.0,2025-12-06,2025-12-07
DEL-000321,ORD-000321,2025-09-03,2025-09-05,Route-South-Hawassa,,2025-09-03,2025-09-05
DEL-000322,ORD-000322,2025-08-07,2025-08-10,Route-North-Corridor,1.0,2025-08-07,2025-08-10
DEL-000323,ORD-000323,2025-05-15,2025-05-16,Route-West-Jimma,,2025-05-15,2025-05-16
DEL-000324,ORD-000324,2025-03-23,2025-03-24,Route-North-Corridor,2.0,2025-03-23,2025-03-24
DEL-000325,ORD-000325,2025-03-22,2025-03-23,Route-Addis-Central,3.0,2025-03-22,2025-03-23
DEL-000326,ORD-000326,2025-03-07,2025-03-09,Route-North-Corridor,4.0,2025-03-07,2025-03-09
DEL-000327,ORD-000327,2025-10-11,2025-10-12,Route-West-Jimma,4.0,2025-10-11,2025-10-12
DEL-000328,ORD-000328,2025-08-11,2025-08-12,Route-West-Jimma,6.0,2025-08-11,2025-08-12
DEL-000329,ORD-000329,2025-10-08,2025-10-10,Route-West-Jimma,2.0,2025-10-08,2025-10-10
DEL-000330,ORD-000330,2025-11-01,2025-11-02,Route-West-Jimma,4.0,2025-11-01,2025-11-02
DEL-000331,ORD-000331,2025-02-07,2025-02-08,Route-West-Jimma,1.0,2025-02-07,2025-02-08
DEL-000332,ORD-000332,2025-08-08,2025-08-09,Route-West-Jimma,4.0,2025-08-08,2025-08-09
DEL-000333,ORD-000333,2025-01-27,2025-01-29,Route-Addis-Central,3.0,2025-01-27,2025-01-29
DEL-000334,ORD-000334,2025-01-12,2025-01-13,Route-West-Jimma,3.0,2025-01-12,2025-01-13
DEL-000335,ORD-000335,2025-08-01,2025-08-02,Route-South-Hawassa,2.0,2025-08-01,2025-08-02
DEL-000336,ORD-000336,2025-08-14,2025-08-16,,2.0,2025-08-14,2025-08-16
DEL-000337,ORD-000337,2025-09-01,2025-09-03,Route Addis Central,1.0,2025-09-01,2025-09-03
DEL-000338,ORD-000338,2025-08-04,2025-08-06,Route-Addis-Central,3.0,2025-08-04,2025-08-06
DEL-000339,ORD-000339,2025-06-05,2025-06-06,Route-East-Awash,1.0,2025-06-05,2025-06-06
DEL-000340,ORD-000340,2025-08-21,2025-08-24,Route-Addis-Central,2.0,2025-08-21,2025-08-24
DEL-000341,ORD-000341,2025-01-25,2025-01-26,Route-West-Jimma,3.0,2025-01-25,2025-01-26
DEL-000342,ORD-000342,2025-03-03,2025-03-06,Route-East-Awash,3.0,2025-03-03,2025-03-06
DEL-000343,ORD-000343,2025-06-11,2025-06-12,Route-North-Corridor,1.0,2025-06-11,2025-06-12
DEL-000344,ORD-000344,2025-05-04,2025-05-05,Route-Addis-Central,2.0,2025-05-04,2025-05-05
DEL-000345,ORD-000345,2025-11-24,2025-11-26,Route-South-Hawassa,1.0,2025-11-24,2025-11-26
DEL-000346,ORD-000346,2025-06-29,2025-07-01,Route-South-Hawassa,2.0,2025-06-29,2025-07-01
DEL-000347,ORD-000347,2025-01-05,2025-01-07,Route-East-Awash,5.0,2025-01-05,2025-01-07
DEL-000348,ORD-000348,2025-07-05,2025-07-06,Route-West-Jimma,4.0,2025-07-05,2025-07-06
DEL-000349,ORD-000349,2025-07-17,2025-07-18,Route-East-Awash,1.0,2025-07-17,2025-07-18
DEL-000350,ORD-000350,2025-08-10,2025-08-11,Route-North-Corridor,0.0,2025-08-10,2025-08-11
DEL-000351,ORD-000351,2025-08-23,2025-08-24,Route-South-Hawassa,3.0,2025-08-23,2025-08-24
DEL-000352,ORD-000352,2025-11-05,2025-11-07,Route-Addis-Central,2.0,2025-11-05,2025-11-07
DEL-000353,ORD-000353,2025-02-11,2025-02-12,Route-West-Jimma,2.0,2025-02-11,2025-02-12
DEL-000354,ORD-000354,2025-04-19,2025-04-22,Route-East-Awash,1.0,2025-04-19,2025-04-22
DEL-000355,ORD-000355,2025-03-05,2025-03-06,Route-Addis-Central,5.0,2025-03-05,2025-03-06
DEL-000356,ORD-000356,2025-09-18,2025-09-20,Route-South-Hawassa,1.0,2025-09-18,2025-09-20
DEL-000357,ORD-000357,2025-10-10,2025-10-12,Route-North-Corridor,4.0,2025-10-10,2025-10-12
DEL-000358,ORD-000358,2025-04-16,2025-04-18,Route-East-Awash,2.0,2025-04-16,2025-04-18
DEL-000359,ORD-000359,2025-03-14,2025-03-15,Route-East-Awash,4.0,2025-03-14,2025-03-15
DEL-000360,ORD-000360,2025-09-17,2025-09-19,Route-South-Hawassa,4.0,2025-09-17,2025-09-19
DEL-000361,ORD-000361,2025-04-22,2025-04-25,Route-East-Awash,1.0,2025-04-22,2025-04-25
DEL-000362,ORD-000362,2025-05-24,2025-05-25,Route-Addis-Central,2.0,2025-05-24,2025-05-25
DEL-000363,ORD-000363,2025-05-01,2025-05-03,Route-West-Jimma,2.0,2025-05-01,2025-05-03
DEL-000364,ORD-000364,2025-08-15,2025-08-18,Route-East-Awash,2.0,2025-08-15,2025-08-18
DEL-000365,ORD-000365,2025-10-03,2025-10-06,Route-North-Corridor,4.0,2025-10-03,2025-10-06
DEL-000366,ORD-000366,2025-07-30,2025-08-03,Route-East-Awash,2.0,2025-07-30,2025-08-03
DEL-000367,ORD-000367,2025-02-01,2025-02-03,Route-East-Awash,1.0,2025-02-01,2025-02-03
DEL-000368,ORD-000368,2025-11-03,2025-11-05,Route-West-Jimma,0.0,2025-11-03,2025-11-05
DEL-000369,ORD-000369,2025-12-20,2025-12-22,Route-East-Awash,2.0,2025-12-20,2025-12-22
DEL-000370,ORD-000370,2025-12-15,2025-12-17,Route-North-Corridor,4.0,2025-12-15,2025-12-17
DEL-000371,ORD-000371,2025-12-02,2025-12-03,Route-Addis-Central,5.0,2025-12-02,2025-12-03
DEL-000372,ORD-000372,2025-12-29,2025-12-31,Route-North-Corridor,3.0,2025-12-29,2025-12-31
DEL-000373,ORD-000373,2025-10-15,2025-10-17,Route-Addis-Central,3.0,2025-10-15,2025-10-17
DEL-000374,ORD-000374,2025-07-08,2025-07-10,Route-South-Hawassa,5.0,2025-07-08,2025-07-10
DEL-000375,ORD-000375,2025-10-12,2025-10-15,Route-East-Awash,1.0,2025-10-12,2025-10-15
DEL-000376,ORD-000376,2025-04-26,2025-04-27,Route-South-Hawassa,4.0,2025-04-26,2025-04-27
DEL-000377,ORD-000377,2025-12-01,2025-12-02,Route-East-Awash,2.0,2025-12-01,2025-12-02
DEL-000378,ORD-000378,2025-08-11,2025-08-14,Route-West-Jimma,8.0,2025-08-11,2025-08-14
DEL-000379,ORD-000379,2025-02-16,2025-02-17,Route-North-Corridor,5.0,2025-02-16,2025-02-17
DEL-000380,ORD-000380,2025-11-06,2025-11-08,Route-East-Awash,1.0,2025-11-06,2025-11-08
DEL-000381,ORD-000381,2025-01-30,2025-01-31,Route-Addis-Central,1.0,2025-01-30,2025-01-31
DEL-000382,ORD-000382,2025-01-17,2025-01-19,Route-Addis-Central,2.0,2025-01-17,2025-01-19
DEL-000383,ORD-000383,2025-08-21,2025-08-23,Route-Addis-Central,6.0,2025-08-21,2025-08-23
DEL-000384,ORD-000384,2025-02-04,2025-02-05,,4.0,2025-02-04,2025-02-05
DEL-000385,ORD-000385,2025-10-04,2025-10-06,Route-South-Hawassa,3.0,2025-10-04,2025-10-06
DEL-000386,ORD-000386,2025-04-15,2025-04-16,Route-Addis-Central,3.0,2025-04-15,2025-04-16
DEL-000387,ORD-000387,2025-11-29,2025-11-30,Route-West-Jimma,3.0,2025-11-29,2025-11-30
DEL-000388,ORD-000388,2025-09-03,2025-09-07,Route-South-Hawassa,9.0,2025-09-03,2025-09-07
DEL-000389,ORD-000389,2025-01-06,2025-01-07,Route-East-Awash,3.0,2025-01-06,2025-01-07
DEL-000390,ORD-000390,2025-09-23,2025-09-25,ROUTE-NORTH-CORRIDOR,12.0,2025-09-23,2025-09-25
DEL-000391,ORD-000391,2025-09-09,2025-09-10,Route-East-Awash,1.0,2025-09-09,2025-09-10
DEL-000392,ORD-000392,2025-01-29,2025-01-30,Route-East-Awash,2.0,2025-01-29,2025-01-30
DEL-000393,ORD-000393,2025-09-08,2025-09-09,Route-West-Jimma,3.0,2025-09-08,2025-09-09
DEL-000394,ORD-000394,2025-04-08,2025-04-10,Route-North-Corridor,3.0,2025-04-08,2025-04-10
DEL-000395,ORD-000395,2025-11-17,2025-11-19,Route-North-Corridor,7.0,2025-11-17,2025-11-19
DEL-000396,ORD-000396,2025-06-11,2025-06-15,Route-West-Jimma,1.0,2025-06-11,2025-06-15
DEL-000397,ORD-000397,2025-02-18,2025-02-22,Route-North-Corridor,1.0,2025-02-18,2025-02-22
DEL-000398,ORD-000398,2025-09-28,2025-10-01,Route-West-Jimma,3.0,2025-09-28,2025-10-01
DEL-000399,ORD-000399,2025-08-29,2025-08-31,Route-South-Hawassa,1.0,2025-08-29,2025-08-31
DEL-000400,ORD-000400,2025-05-15,2025-05-17,Route-South-Hawassa,3.0,2025-05-15,2025-05-17
DEL-000401,ORD-000401,2025-11-03,2025-11-05,Route-West-Jimma,5.0,2025-11-03,2025-11-05
DEL-000402,ORD-000402,2025-01-23,2025-01-24,ROUTE-NORTH-CORRIDOR,2.0,2025-01-23,2025-01-24
DEL-000403,ORD-000403,2025-11-15,2025-11-17,Route-South-Hawassa,5.0,2025-11-15,2025-11-17
DEL-000404,ORD-000404,2025-06-28,2025-06-29,Route-East-Awash,2.0,2025-06-28,2025-06-29
DEL-000405,ORD-000405,2025-05-06,2025-05-09,Route-South-Hawassa,1.0,2025-05-06,2025-05-09
DEL-000406,ORD-000406,2025-11-18,2025-11-19,,1.0,2025-11-18,2025-11-19
DEL-000407,ORD-000407,2025-06-23,2025-06-25,Route-East-Awash,1.0,2025-06-23,2025-06-25
DEL-000408,ORD-000408,2025-06-22,2025-06-23,,2.0,2025-06-22,2025-06-23
DEL-000409,ORD-000409,2025-11-16,2025-11-18,Route-West-Jimma,19.0,2025-11-16,2025-11-18
DEL-000410,ORD-000410,2025-03-03,2025-03-04,Route-West-Jimma,3.0,2025-03-03,2025-03-04
DEL-000411,ORD-000411,2025-08-04,2025-08-05,Route-Addis-Central,3.0,2025-08-04,2025-08-05
DEL-000412,ORD-000412,2025-07-07,2025-07-09,Route-East-Awash,3.0,2025-07-07,2025-07-09
DEL-000413,ORD-000413,2025-03-26,2025-03-27,Route-East-Awash,3.0,2025-03-26,2025-03-27
DEL-000414,ORD-000414,2025-06-28,2025-06-29,Route-North-Corridor,1.0,2025-06-28,2025-06-29
DEL-000415,ORD-000415,2025-03-23,2025-03-24,Route-Addis-Central,3.0,2025-03-23,2025-03-24
DEL-000416,ORD-000416,2025-11-07,2025-11-08,Route-Addis-Central,,2025-11-07,2025-11-08
DEL-000417,ORD-000417,2025-02-24,2025-02-25,Route-East-Awash,9.0,2025-02-24,2025-02-25
DEL-000418,ORD-000418,2025-10-23,2025-10-24,Route-West-Jimma,2.0,2025-10-23,2025-10-24
DEL-000419,ORD-000419,2025-05-22,2025-05-25,Route-Addis-Central,8.0,2025-05-22,2025-05-25
DEL-000420,ORD-000420,2025-11-17,2025-11-18,Route-West-Jimma,1.0,2025-11-17,2025-11-18
DEL-000421,ORD-000421,2025-04-07,2025-04-08,Route-North-Corridor,3.0,2025-04-07,2025-04-08
DEL-000422,ORD-000422,2025-01-22,2025-01-23,Route-North-Corridor,1.0,2025-01-22,2025-01-23
DEL-000423,ORD-000423,2025-02-27,2025-02-28,Route-North-Corridor,1.0,2025-02-27,2025-02-28
DEL-000424,ORD-000424,2025-06-01,2025-06-03,Route-North-Corridor,2.0,2025-06-01,2025-06-03
DEL-000425,ORD-000425,2025-04-04,2025-04-06,Route-North-Corridor,1.0,2025-04-04,2025-04-06
DEL-000426,ORD-000426,2025-02-25,2025-02-26,Route-West-Jimma,2.0,2025-02-25,2025-02-26
DEL-000427,ORD-000427,2025-09-25,2025-09-26,Route-Addis-Central,2.0,2025-09-25,2025-09-26
DEL-000428,ORD-000428,2025-11-05,2025-11-06,Route-Addis-Central,6.0,2025-11-05,2025-11-06
DEL-000429,ORD-000429,2025-03-02,2025-03-03,Route-East-Awash,1.0,2025-03-02,2025-03-03
DEL-000430,ORD-000430,2025-08-18,2025-08-19,Route-West-Jimma,3.0,2025-08-18,2025-08-19
DEL-000431,ORD-000431,2025-11-28,2025-11-29,Route-West-Jimma,2.0,2025-11-28,2025-11-29
DEL-000432,ORD-000432,2025-10-03,2025-10-05,Route-North-Corridor,4.0,2025-10-03,2025-10-05
DEL-000433,ORD-000433,2025-11-06,2025-11-07,Route-East-Awash,1.0,2025-11-06,2025-11-07
DEL-000434,ORD-000434,2025-08-07,2025-08-11,Route-West-Jimma,0.0,2025-08-07,2025-08-11
DEL-000435,ORD-000435,2025-07-29,2025-07-30,Route-Addis-Central,14.0,2025-07-29,2025-07-30
DEL-000436,ORD-000436,2025-09-18,2025-09-20,Route-West-Jimma,5.0,2025-09-18,2025-09-20
DEL-000437,ORD-000437,2025-06-26,2025-06-27,Route-Addis-Central,2.0,2025-06-26,2025-06-27
DEL-000438,ORD-000438,2025-04-21,2025-04-23,Route-East-Awash,5.0,2025-04-21,2025-04-23
DEL-000439,ORD-000439,2025-12-22,2025-12-24,Route-East-Awash,3.0,2025-12-22,2025-12-24
DEL-000440,ORD-000440,2025-07-10,2025-07-11,Route-East-Awash,0.0,2025-07-10,2025-07-11
DEL-000441,ORD-000441,2025-09-14,2025-09-15,Route-Addis-Central,4.0,2025-09-14,2025-09-15
DEL-000442,ORD-000442,2025-04-18,2025-04-20,Route-Addis-Central,4.0,2025-04-18,2025-04-20
DEL-000443,ORD-000443,2025-02-05,2025-02-06,Route-West-Jimma,9.0,2025-02-05,2025-02-06
DEL-000444,ORD-000444,2025-08-21,2025-08-23,Route-East-Awash,8.0,2025-08-21,2025-08-23
DEL-000445,ORD-000445,2025-01-28,2025-01-31,Route-East-Awash,2.0,2025-01-28,2025-01-31
DEL-000446,ORD-000446,2025-07-31,2025-08-03,Route-West-Jimma,1.0,2025-07-31,2025-08-03
DEL-000447,ORD-000447,2025-01-17,2025-01-18,Route-East-Awash,3.0,2025-01-17,2025-01-18
DEL-000448,ORD-000448,2025-02-08,2025-02-09,Route-North-Corridor,1.0,2025-02-08,2025-02-09
DEL-000449,ORD-000449,2025-02-12,2025-02-15,Route-Addis-Central,4.0,2025-02-12,2025-02-15
DEL-000450,ORD-000450,2025-03-11,2025-03-12,ROUTE-NORTH-CORRIDOR,3.0,2025-03-11,2025-03-12
DEL-000451,ORD-000451,2025-03-14,2025-03-15,Route-East-Awash,450.0,2025-03-14,2025-03-15
DEL-000452,ORD-000452,2025-05-09,2025-05-10,Route-Addis-Central,2.0,2025-05-09,2025-05-10
DEL-000453,ORD-000453,2025-12-04,2025-12-08,Route-Addis-Central,1.0,2025-12-04,2025-12-08
DEL-000454,ORD-000454,2025-08-08,2025-08-09,Route-East-Awash,2.0,2025-08-08,2025-08-09
DEL-000455,ORD-000455,2025-04-23,2025-04-24,Route-North-Corridor,0.0,2025-04-23,2025-04-24
DEL-000456,ORD-000456,2025-03-12,2025-03-13,Route-South-Hawassa,3.0,2025-03-12,2025-03-13
DEL-000457,ORD-000457,2025-04-11,2025-04-13,Route-Addis-Central,1.0,2025-04-11,2025-04-13
DEL-000458,ORD-000458,2025-12-13,2025-12-16,Route-South-Hawassa,5.0,2025-12-13,2025-12-16
DEL-000459,ORD-000459,2025-07-31,2025-08-01,Route-West-Jimma,2.0,2025-07-31,2025-08-01
DEL-000460,ORD-000460,2025-04-17,2025-04-19,Route-South-Hawassa,1.0,2025-04-17,2025-04-19
DEL-000461,ORD-000461,2025-02-13,2025-02-14,Route-South-Hawassa,1.0,2025-02-13,2025-02-14
DEL-000462,ORD-000462,2025-11-18,2025-11-21,Route-East-Awash,7.0,2025-11-18,2025-11-21
DEL-000463,ORD-000463,2025-09-12,2025-09-13,Route Addis Central,3.0,2025-09-12,2025-09-13
DEL-000464,ORD-000464,2025-03-30,2025-04-01,Route-North-Corridor,2.0,2025-03-30,2025-04-01
DEL-000465,ORD-000465,2025-12-17,2025-12-18,Route-North-Corridor,1.0,2025-12-17,2025-12-18
DEL-000466,ORD-000466,2025-02-19,2025-02-23,Route-North-Corridor,1.0,2025-02-19,2025-02-23
DEL-000467,ORD-000467,2025-11-24,2025-11-26,Route-West-Jimma,4.0,2025-11-24,2025-11-26
DEL-000468,ORD-000468,2025-08-02,2025-08-03,Route-Addis-Central,3.0,2025-08-02,2025-08-03
DEL-000469,ORD-000469,2025-02-24,2025-02-27,Route-North-Corridor,5.0,2025-02-24,2025-02-27
DEL-000470,ORD-000470,2025-01-07,2025-01-08,Route-North-Corridor,4.0,2025-01-07,2025-01-08
DEL-000471,ORD-000471,2025-08-31,2025-09-01,Route-East-Awash,3.0,2025-08-31,2025-09-01
DEL-000472,ORD-000472,2025-09-11,2025-09-14,Route-Addis-Central,1.0,2025-09-11,2025-09-14
DEL-000473,ORD-000473,2025-05-13,2025-05-16,Route-East-Awash,2.0,2025-05-13,2025-05-16
DEL-000474,ORD-000474,2025-01-17,2025-01-19,Route-South-Hawassa,7.0,2025-01-17,2025-01-19
DEL-000475,ORD-000475,2025-09-21,2025-09-23,Route-East-Awash,1.0,2025-09-21,2025-09-23
DEL-000476,ORD-000476,2025-11-01,2025-11-02,Route-South-Hawassa,0.0,2025-11-01,2025-11-02
DEL-000477,ORD-000477,2025-10-04,2025-10-06,Route-North-Corridor,1.0,2025-10-04,2025-10-06
DEL-000478,ORD-000478,2025-10-23,2025-10-25,Route-North-Corridor,1.0,2025-10-23,2025-10-25
DEL-000479,ORD-000479,2025-10-22,2025-10-24,Route-North-Corridor,3.0,2025-10-22,2025-10-24
DEL-000480,ORD-000480,2025-03-24,2025-03-25,Route-East-Awash,2.0,2025-03-24,2025-03-25
DEL-000481,ORD-000481,2025-04-27,2025-05-01,Route-East-Awash,8.0,2025-04-27,2025-05-01
DEL-000482,ORD-000482,2025-06-06,2025-06-07,Route-West-Jimma,2.0,2025-06-06,2025-06-07
DEL-000483,ORD-000483,2025-10-17,2025-10-18,Route-North-Corridor,2.0,2025-10-17,2025-10-18
DEL-000484,ORD-000484,2025-08-09,2025-08-10,Route-South-Hawassa,0.0,2025-08-09,2025-08-10
DEL-000485,ORD-000485,2025-01-20,2025-01-23,Route-Addis-Central,2.0,2025-01-20,2025-01-23
DEL-000486,ORD-000486,2025-04-05,2025-04-07,,8.0,2025-04-05,2025-04-07
DEL-000487,ORD-000487,2025-04-02,2025-04-03,Route-Addis-Central,3.0,2025-04-02,2025-04-03
DEL-000488,ORD-000488,2025-02-25,2025-02-26,Route-North-Corridor,1.0,2025-02-25,2025-02-26
DEL-000489,ORD-000489,2025-03-04,2025-03-05,Route-South-Hawassa,1.0,2025-03-04,2025-03-05
DEL-000490,ORD-000490,2025-01-28,2025-01-29,Route-South-Hawassa,6.0,2025-01-28,2025-01-29
DEL-000491,ORD-000491,2025-08-26,2025-08-28,Route-South-Hawassa,1.0,2025-08-26,2025-08-28
DEL-000492,ORD-000492,2025-10-08,2025-10-10,Route-West-Jimma,2.0,2025-10-08,2025-10-10
DEL-000493,ORD-000493,2025-01-09,2025-01-11,Route-Addis-Central,5.0,2025-01-09,2025-01-11
DEL-000494,ORD-000494,2025-03-04,2025-03-05,Route-West-Jimma,2.0,2025-03-04,2025-03-05
DEL-000495,ORD-000495,2025-06-13,2025-06-15,Route-East-Awash,1.0,2025-06-13,2025-06-15
DEL-000496,ORD-000496,2025-03-08,2025-03-10,Route-North-Corridor,2.0,2025-03-08,2025-03-10
DEL-000497,ORD-000497,2025-10-08,2025-10-09,Route-East-Awash,1.0,2025-10-08,2025-10-09
DEL-000498,ORD-000498,2025-01-30,2025-01-31,Route-South-Hawassa,4.0,2025-01-30,2025-01-31
DEL-000499,ORD-000499,2025-10-08,2025-10-09,Route-East-Awash,1.0,2025-10-08,2025-10-09
DEL-000500,ORD-000500,2025-08-22,2025-08-24,Route-Addis-Central,2.0,2025-08-22,2025-08-24
DEL-000501,ORD-000501,2025-03-25,2025-03-28,Route-North-Corridor,2.0,2025-03-25,2025-03-28
DEL-000502,ORD-000502,2025-02-20,2025-02-24,Route-West-Jimma,0.0,2025-02-20,2025-02-24
DEL-000503,ORD-000503,2025-08-13,2025-08-15,Route-East-Awash,4.0,2025-08-13,2025-08-15
DEL-000504,ORD-000504,2025-12-01,2025-12-02,Route-East-Awash,2.0,2025-12-01,2025-12-02
DEL-000505,ORD-000505,2025-04-27,2025-04-28,Route-East-Awash,2.0,2025-04-27,2025-04-28
DEL-000506,ORD-000506,2025-06-02,2025-06-04,Route-West-Jimma,8.0,2025-06-02,2025-06-04
DEL-000507,ORD-000507,2025-01-07,2025-01-09,Route-East-Awash,1.0,2025-01-07,2025-01-09
DEL-000508,ORD-000508,2025-09-19,2025-09-21,Route-West-Jimma,1.0,2025-09-19,2025-09-21
DEL-000509,ORD-000509,2025-03-17,2025-03-19,Route-South-Hawassa,4.0,2025-03-17,2025-03-19
DEL-000510,ORD-000510,2025-09-13,2025-09-14,Route-South-Hawassa,2.0,2025-09-13,2025-09-14
DEL-000511,ORD-000511,2025-11-17,2025-11-18,Route-Addis-Central,2.0,2025-11-17,2025-11-18
DEL-000512,ORD-000512,2025-05-03,2025-05-04,Route-East-Awash,1.0,2025-05-03,2025-05-04
DEL-000513,ORD-000513,2025-07-21,2025-07-25,Route-West-Jimma,2.0,2025-07-21,2025-07-25
DEL-000514,ORD-000514,2025-05-15,2025-05-16,Route-West-Jimma,3.0,2025-05-15,2025-05-16
DEL-000515,ORD-000515,2025-05-28,2025-05-29,Route-Addis-Central,3.0,2025-05-28,2025-05-29
DEL-000516,ORD-000516,2025-11-11,2025-11-12,Route-East-Awash,3.0,2025-11-11,2025-11-12
DEL-000517,ORD-000517,2025-05-18,2025-05-19,ROUTE-NORTH-CORRIDOR,2.0,2025-05-18,2025-05-19
DEL-000518,ORD-000518,2025-09-19,2025-09-22,Route-East-Awash,2.0,2025-09-19,2025-09-22
DEL-000519,ORD-000519,2025-10-09,2025-10-13,Route-Addis-Central,2.0,2025-10-09,2025-10-13
DEL-000520,ORD-000520,2025-07-30,2025-07-31,Route-South-Hawassa,15.0,2025-07-30,2025-07-31
DEL-000521,ORD-000521,2025-12-29,2026-06-27,Route-West-Jimma,1.0,2025-12-29,2026-06-27
DEL-000522,ORD-000522,2025-01-19,2025-01-20,Route-Addis-Central,2.0,2025-01-19,2025-01-20
DEL-000523,ORD-000523,2025-04-17,2025-04-18,Route-West-Jimma,8.0,2025-04-17,2025-04-18
DEL-000524,ORD-000524,2025-07-06,2025-07-07,Route-West-Jimma,5.0,2025-07-06,2025-07-07
DEL-000525,ORD-000525,2025-09-01,2025-09-02,Route-West-Jimma,13.0,2025-09-01,2025-09-02
DEL-000526,ORD-000526,2025-05-30,2025-05-31,Route-North-Corridor,1.0,2025-05-30,2025-05-31
DEL-000527,ORD-000527,2025-04-14,2025-04-15,Route-East-Awash,2.0,2025-04-14,2025-04-15
DEL-000528,ORD-000528,2025-11-10,2025-11-12,Route-South-Hawassa,2.0,2025-11-10,2025-11-12
DEL-000529,ORD-000529,2025-12-11,2025-12-12,Route-East-Awash,4.0,2025-12-11,2025-12-12
DEL-000530,ORD-000530,2025-05-22,2025-05-23,Route-East-Awash,0.0,2025-05-22,2025-05-23
DEL-000531,ORD-000531,2025-10-12,2025-10-13,Route-Addis-Central,16.0,2025-10-12,2025-10-13
DEL-000532,ORD-000532,2025-06-14,2025-06-15,Route-East-Awash,3.0,2025-06-14,2025-06-15
DEL-000533,ORD-000533,2025-11-07,2025-11-11,Route-South-Hawassa,1.0,2025-11-07,2025-11-11
DEL-000534,ORD-000534,2025-09-07,2025-09-08,Route-East-Awash,10.0,2025-09-07,2025-09-08
DEL-000535,ORD-000535,2025-04-24,2025-04-25,Route-South-Hawassa,1.0,2025-04-24,2025-04-25
DEL-000536,ORD-000536,2025-04-19,2025-04-20,Route-East-Awash,8.0,2025-04-19,2025-04-20
DEL-000537,ORD-000537,2025-02-15,2025-02-18,Route-North-Corridor,2.0,2025-02-15,2025-02-18
DEL-000538,ORD-000538,2025-12-02,2025-12-03,Route-Addis-Central,1.0,2025-12-02,2025-12-03
DEL-000539,ORD-000539,2025-10-10,2025-10-11,Route-West-Jimma,0.0,2025-10-10,2025-10-11
DEL-000540,ORD-000540,2025-07-31,2025-08-01,Route-Addis-Central,3.0,2025-07-31,2025-08-01
DEL-000541,ORD-000541,2025-11-14,2025-11-15,Route-West-Jimma,1.0,2025-11-14,2025-11-15
DEL-000542,ORD-000542,2025-12-21,2025-12-23,Route-North-Corridor,3.0,2025-12-21,2025-12-23
DEL-000543,ORD-000543,2025-07-02,2025-07-03,Route-North-Corridor,1.0,2025-07-02,2025-07-03
DEL-000544,ORD-000544,2025-04-14,2025-04-16,Route-East-Awash,1.0,2025-04-14,2025-04-16
DEL-000545,ORD-000545,2025-11-03,2025-11-06,Route-Addis-Central,5.0,2025-11-03,2025-11-06
DEL-000546,ORD-000546,2025-05-04,2025-05-06,Route-East-Awash,5.0,2025-05-04,2025-05-06
DEL-000547,ORD-000547,2025-05-13,2025-05-14,Route-West-Jimma,4.0,2025-05-13,2025-05-14
DEL-000548,ORD-000548,2025-04-21,2025-04-24,route-addis-central,4.0,2025-04-21,2025-04-24
DEL-000549,ORD-000549,2025-12-28,2025-12-29,Route-North-Corridor,3.0,2025-12-28,2025-12-29
DEL-000550,ORD-000550,2025-10-10,2025-10-12,Route-West-Jimma,3.0,2025-10-10,2025-10-12
DEL-000551,ORD-000551,2025-11-18,2025-11-20,Route-West-Jimma,2.0,2025-11-18,2025-11-20
DEL-000552,ORD-000552,2025-11-04,2025-11-07,Route-East-Awash,2.0,2025-11-04,2025-11-07
DEL-000553,ORD-000553,2025-04-20,2025-04-21,Route-North-Corridor,8.0,2025-04-20,2025-04-21
DEL-000554,ORD-000554,2025-03-14,2025-03-16,Route-Addis-Central,1.0,2025-03-14,2025-03-16
DEL-000555,ORD-000555,2025-05-28,2025-05-29,Route-Addis-Central,1.0,2025-05-28,2025-05-29
DEL-000556,ORD-000556,2025-10-11,2025-10-12,Route-South-Hawassa,7.0,2025-10-11,2025-10-12
DEL-000557,ORD-000557,2025-05-23,2025-05-25,Route-East-Awash,3.0,2025-05-23,2025-05-25
DEL-000558,ORD-000558,2025-12-31,2026-01-01,Route-East-Awash,3.0,2025-12-31,2026-01-01
DEL-000559,ORD-000559,2025-07-30,2025-08-01,Route-East-Awash,7.0,2025-07-30,2025-08-01
DEL-000560,ORD-000560,2025-01-24,2025-01-28,Route-East-Awash,2.0,2025-01-24,2025-01-28
DEL-000561,ORD-000561,2025-05-02,2025-05-03,Route-South-Hawassa,1.0,2025-05-02,2025-05-03
DEL-000562,ORD-000562,2025-01-03,2025-01-05,Route-East-Awash,1.0,2025-01-03,2025-01-05
DEL-000563,ORD-000563,2025-02-26,2025-02-28,Route-West-Jimma,5.0,2025-02-26,2025-02-28
DEL-000564,ORD-000564,2025-09-18,2025-09-19,Route-West-Jimma,3.0,2025-09-18,2025-09-19
DEL-000565,ORD-000565,2025-07-03,2025-07-04,Route-East-Awash,0.0,2025-07-03,2025-07-04
DEL-000566,ORD-000566,2025-01-19,2025-01-21,Route-East-Awash,4.0,2025-01-19,2025-01-21
DEL-000567,ORD-000567,2025-07-21,2025-07-22,Route-South-Hawassa,2.0,2025-07-21,2025-07-22
DEL-000568,ORD-000568,2025-06-27,2025-06-30,Route-East-Awash,2.0,2025-06-27,2025-06-30
DEL-000569,ORD-000569,2025-07-18,2025-07-21,Route-West-Jimma,2.0,2025-07-18,2025-07-21
DEL-000570,ORD-000570,2025-02-09,2025-02-10,Route-East-Awash,5.0,2025-02-09,2025-02-10
DEL-000571,ORD-000571,2025-04-06,2025-04-07,Route-South-Hawassa,1.0,2025-04-06,2025-04-07
DEL-000572,ORD-000572,2025-02-13,2025-02-15,Route-East-Awash,4.0,2025-02-13,2025-02-15
DEL-000573,ORD-000573,2025-02-21,2025-02-22,Route-West-Jimma,1.0,2025-02-21,2025-02-22
DEL-000574,ORD-000574,2025-02-19,2025-02-21,Route-Addis-Central,9.0,2025-02-19,2025-02-21
DEL-000575,ORD-000575,2025-01-30,2025-01-31,Route-North-Corridor,4.0,2025-01-30,2025-01-31
DEL-000576,ORD-000576,2025-09-09,2025-09-12,Route-Addis-Central,2.0,2025-09-09,2025-09-12
DEL-000577,ORD-000577,2025-10-29,2025-11-01,Route-West-Jimma,1.0,2025-10-29,2025-11-01
DEL-000578,ORD-000578,2025-10-28,2025-10-29,Route-South-Hawassa,1.0,2025-10-28,2025-10-29
DEL-000579,ORD-000579,2025-11-19,2025-11-22,Route-North-Corridor,1.0,2025-11-19,2025-11-22
DEL-000580,ORD-000580,2025-10-06,2025-10-07,Route-North-Corridor,3.0,2025-10-06,2025-10-07
DEL-000581,ORD-000581,2025-05-29,2025-05-31,Route-West-Jimma,3.0,2025-05-29,2025-05-31
DEL-000582,ORD-000582,2025-12-06,2025-12-08,Route-East-Awash,1.0,2025-12-06,2025-12-08
DEL-000583,ORD-000583,2025-12-15,2025-12-17,Route-East-Awash,4.0,2025-12-15,2025-12-17
DEL-000584,ORD-000584,2025-11-22,2025-11-23,Route-Addis-Central,4.0,2025-11-22,2025-11-23
DEL-000585,ORD-000585,2025-09-26,2025-09-27,Route-West-Jimma,2.0,2025-09-26,2025-09-27
DEL-000586,ORD-000586,2025-08-13,2025-08-14,Route-East-Awash,4.0,2025-08-13,2025-08-14
DEL-000587,ORD-000587,2025-12-18,2025-12-19,Route-South-Hawassa,9.0,2025-12-18,2025-12-19
DEL-000588,ORD-000588,2025-02-10,2025-02-11,Route-North-Corridor,1.0,2025-02-10,2025-02-11
DEL-000589,ORD-000589,2025-03-20,2025-03-21,Route-West-Jimma,4.0,2025-03-20,2025-03-21
DEL-000590,ORD-000590,2025-05-30,2025-06-01,Route-South-Hawassa,1.0,2025-05-30,2025-06-01
DEL-000591,ORD-000591,2025-02-20,2025-02-22,Route-Addis-Central,2.0,2025-02-20,2025-02-22
DEL-000592,ORD-000592,2025-06-14,2025-06-15,Route-South-Hawassa,1.0,2025-06-14,2025-06-15
DEL-000593,ORD-000593,2025-07-13,2025-07-14,Route-South-Hawassa,2.0,2025-07-13,2025-07-14
DEL-000594,ORD-000594,2025-09-21,2025-09-24,Route-East-Awash,10.0,2025-09-21,2025-09-24
DEL-000595,ORD-000595,2025-01-29,2025-01-31,Route-West-Jimma,3.0,2025-01-29,2025-01-31
DEL-000596,ORD-000596,2025-04-19,2025-04-20,Route-North-Corridor,0.0,2025-04-19,2025-04-20
DEL-000597,ORD-000597,2025-10-19,2025-10-22,Route-South-Hawassa,8.0,2025-10-19,2025-10-22
DEL-000598,ORD-000598,2025-08-02,2025-08-03,Route-Addis-Central,10.0,2025-08-02,2025-08-03
DEL-000599,ORD-000599,2025-03-16,2025-03-17,,2.0,2025-03-16,2025-03-17
DEL-000600,ORD-000600,2025-08-30,2025-09-01,Route-East-Awash,3.0,2025-08-30,2025-09-01
DEL-000602,ORD-000602,2025-12-26,2025-12-27,Route-West-Jimma,2.0,2025-12-26,2025-12-27
DEL-000603,ORD-000603,2025-04-25,2025-04-28,Route-East-Awash,,2025-04-25,2025-04-28
DEL-000604,ORD-000604,2025-01-27,2025-01-29,Route-West-Jimma,1.0,2025-01-27,2025-01-29
DEL-000605,ORD-000605,2025-12-17,2025-12-21,Route-North-Corridor,6.0,2025-12-17,2025-12-21
DEL-000606,ORD-000606,2025-12-12,2025-12-13,Route-North-Corridor,3.0,2025-12-12,2025-12-13
DEL-000607,ORD-000607,2025-05-23,2025-05-24,Route-East-Awash,2.0,2025-05-23,2025-05-24
DEL-000608,ORD-000608,2025-02-20,2025-02-21,Route-West-Jimma,3.0,2025-02-20,2025-02-21
DEL-000609,ORD-000609,2025-06-06,2025-06-08,Route-West-Jimma,5.0,2025-06-06,2025-06-08
DEL-000610,ORD-000610,2025-04-05,2025-04-06,Route-West-Jimma,4.0,2025-04-05,2025-04-06
DEL-000611,ORD-000611,2025-08-01,2025-08-02,Route-West-Jimma,3.0,2025-08-01,2025-08-02
DEL-000612,ORD-000612,2025-03-01,2025-03-02,Route-West-Jimma,1.0,2025-03-01,2025-03-02
DEL-000613,ORD-000613,2025-08-22,2025-08-23,Route-East-Awash,1.0,2025-08-22,2025-08-23
DEL-000614,ORD-000614,2025-12-02,2025-12-06,Route-South-Hawassa,3.0,2025-12-02,2025-12-06
DEL-000615,ORD-000615,2025-05-15,2025-05-18,Route-South-Hawassa,1.0,2025-05-15,2025-05-18
DEL-000616,ORD-000616,2025-01-31,2025-02-03,Route-North-Corridor,5.0,2025-01-31,2025-02-03
DEL-000617,ORD-000617,2025-01-22,2025-01-23,Route-North-Corridor,1.0,2025-01-22,2025-01-23
DEL-000618,ORD-000618,2025-07-21,2025-07-23,Route-West-Jimma,8.0,2025-07-21,2025-07-23
DEL-000619,ORD-000619,2025-11-15,2025-11-17,Route-East-Awash,1.0,2025-11-15,2025-11-17
DEL-000620,ORD-000620,2025-12-19,2025-12-21,Route-Addis-Central,1.0,2025-12-19,2025-12-21
DEL-000622,ORD-000622,2025-10-05,2025-10-08,Route-North-Corridor,5.0,2025-10-05,2025-10-08
DEL-000623,ORD-000623,2025-03-13,2025-03-17,Route-South-Hawassa,2.0,2025-03-13,2025-03-17
DEL-000624,ORD-000624,2025-08-20,2025-08-22,Route-South-Hawassa,4.0,2025-08-20,2025-08-22
DEL-000625,ORD-000625,2025-08-09,2025-08-11,Route-West-Jimma,0.0,2025-08-09,2025-08-11
DEL-000626,ORD-000626,2025-11-30,2025-12-04,Route-Addis-Central,1.0,2025-11-30,2025-12-04
DEL-000627,ORD-000627,2025-03-05,2025-03-07,Route-Addis-Central,3.0,2025-03-05,2025-03-07
DEL-000628,ORD-000628,2025-11-17,2025-11-18,Route-West-Jimma,2.0,2025-11-17,2025-11-18
DEL-000629,ORD-000629,2025-10-01,2025-10-03,Route-South-Hawassa,4.0,2025-10-01,2025-10-03
DEL-000630,ORD-000630,2025-01-17,2025-01-19,Route-East-Awash,12.0,2025-01-17,2025-01-19
DEL-000631,ORD-000631,2025-02-13,2025-02-14,Route-South-Hawassa,2.0,2025-02-13,2025-02-14
DEL-000632,ORD-000632,2025-11-29,2025-12-01,Route-South-Hawassa,5.0,2025-11-29,2025-12-01
DEL-000633,ORD-000633,2025-12-24,2025-12-25,Route-Addis-Central,1.0,2025-12-24,2025-12-25
DEL-000634,ORD-000634,2025-01-11,2025-01-12,Route-South-Hawassa,1.0,2025-01-11,2025-01-12
DEL-000635,ORD-000635,2025-01-10,2025-01-11,Route-West-Jimma,1.0,2025-01-10,2025-01-11
DEL-000636,ORD-000636,2025-04-03,2025-04-04,Route-South-Hawassa,2.0,2025-04-03,2025-04-04
DEL-000637,ORD-000637,2025-08-30,2025-09-01,Route-North-Corridor,1.0,2025-08-30,2025-09-01
DEL-000638,ORD-000638,2025-11-13,2025-11-14,Route-East-Awash,1.0,2025-11-13,2025-11-14
DEL-000639,ORD-000639,2025-11-08,2025-11-09,Route-Addis-Central,1.0,2025-11-08,2025-11-09
DEL-000640,ORD-000640,2025-03-04,2025-03-05,Route-Addis-Central,4.0,2025-03-04,2025-03-05
DEL-000641,ORD-000641,2025-06-28,2025-06-29,Route-East-Awash,2.0,2025-06-28,2025-06-29
DEL-000642,ORD-000642,2025-12-01,2025-12-03,Route-South-Hawassa,3.0,2025-12-01,2025-12-03
DEL-000643,ORD-000643,2025-05-08,2025-05-10,Route-South-Hawassa,2.0,2025-05-08,2025-05-10
DEL-000644,ORD-000644,2025-09-27,2025-09-30,Route-East-Awash,4.0,2025-09-27,2025-09-30
DEL-000645,ORD-000645,2025-12-19,2025-12-21,Route-East-Awash,1.0,2025-12-19,2025-12-21
DEL-000646,ORD-000646,2025-09-14,2025-09-16,Route-East-Awash,1.0,2025-09-14,2025-09-16
DEL-000647,ORD-000647,2025-08-27,2025-08-28,Route-South-Hawassa,1.0,2025-08-27,2025-08-28
DEL-000648,ORD-000648,2025-03-23,2025-03-25,,3.0,2025-03-23,2025-03-25
DEL-000649,ORD-000649,2025-10-15,2025-10-17,Route-West-Jimma,0.0,2025-10-15,2025-10-17
DEL-000650,ORD-000650,2025-02-16,2025-02-17,Route-East-Awash,,2025-02-16,2025-02-17
DEL-000651,ORD-000651,2025-03-15,2025-03-16,Route-East-Awash,4.0,2025-03-15,2025-03-16
DEL-000652,ORD-000652,2025-05-10,2025-05-11,Route-West-Jimma,4.0,2025-05-10,2025-05-11
DEL-000653,ORD-000653,2025-03-12,2025-03-14,Route-East-Awash,2.0,2025-03-12,2025-03-14
DEL-000654,ORD-000654,2025-11-20,2025-11-22,Route-Addis-Central,4.0,2025-11-20,2025-11-22
DEL-000655,ORD-000655,2025-04-07,2025-04-11,Route-West-Jimma,,2025-04-07,2025-04-11
DEL-000656,ORD-000656,2025-01-21,2025-01-22,Route-North-Corridor,1.0,2025-01-21,2025-01-22
DEL-000657,ORD-000657,2025-10-03,2025-10-04,Route-Addis-Central,19.0,2025-10-03,2025-10-04
DEL-000658,ORD-000658,2025-05-15,2025-05-18,route-addis-central,3.0,2025-05-15,2025-05-18
DEL-000659,ORD-000659,2025-08-03,2025-08-04,Route-Addis-Central,5.0,2025-08-03,2025-08-04
DEL-000660,ORD-000660,2025-08-21,2025-08-22,Route-South-Hawassa,1.0,2025-08-21,2025-08-22
DEL-000661,ORD-000661,2025-06-12,2025-06-13,Route-Addis-Central,2.0,2025-06-12,2025-06-13
DEL-000662,ORD-000662,2025-03-20,2025-03-22,Route-West-Jimma,3.0,2025-03-20,2025-03-22
DEL-000663,ORD-000663,2025-12-08,2025-12-09,Route-South-Hawassa,3.0,2025-12-08,2025-12-09
DEL-000664,ORD-000664,2025-10-22,2025-10-23,Route-West-Jimma,1.0,2025-10-22,2025-10-23
DEL-000665,ORD-000665,2025-07-09,2025-07-10,Route-Addis-Central,1.0,2025-07-09,2025-07-10
DEL-000666,ORD-000666,2025-12-05,2025-12-07,Route-East-Awash,3.0,2025-12-05,2025-12-07
DEL-000667,ORD-000667,2025-09-18,2025-09-21,Route-West-Jimma,3.0,2025-09-18,2025-09-21
DEL-000668,ORD-000668,2025-07-08,2025-07-10,Route-South-Hawassa,6.0,2025-07-08,2025-07-10
DEL-000669,ORD-000669,2025-05-23,2025-05-24,Route-East-Awash,4.0,2025-05-23,2025-05-24
DEL-000670,ORD-000670,2025-02-05,2025-02-07,Route-East-Awash,3.0,2025-02-05,2025-02-07
DEL-000671,ORD-000671,2025-05-09,2025-05-10,ROUTE-NORTH-CORRIDOR,8.0,2025-05-09,2025-05-10
DEL-000672,ORD-000672,2025-11-06,2025-11-07,Route-West-Jimma,1.0,2025-11-06,2025-11-07
DEL-000673,ORD-000673,2025-05-03,2025-05-04,Route-West-Jimma,1.0,2025-05-03,2025-05-04
DEL-000674,ORD-000674,2025-12-15,2025-12-16,Route-North-Corridor,2.0,2025-12-15,2025-12-16
DEL-000675,ORD-000675,2025-05-08,2025-05-10,Route-South-Hawassa,0.0,2025-05-08,2025-05-10
DEL-000676,ORD-000676,2025-09-05,2025-09-06,Route-North-Corridor,1.0,2025-09-05,2025-09-06
DEL-000677,ORD-000677,2025-11-05,2025-11-07,Route-Addis-Central,1.0,2025-11-05,2025-11-07
DEL-000678,ORD-000678,2025-04-06,2025-04-07,Route-South-Hawassa,3.0,2025-04-06,2025-04-07
DEL-000679,ORD-000679,2025-09-29,2025-09-30,Route-West-Jimma,2.0,2025-09-29,2025-09-30
DEL-000680,ORD-000680,2025-07-31,2025-08-02,Route-Addis-Central,3.0,2025-07-31,2025-08-02
DEL-000681,ORD-000681,2025-03-09,2025-03-10,Route-East-Awash,0.0,2025-03-09,2025-03-10
DEL-000682,ORD-000682,2025-09-24,2025-09-25,Route-South-Hawassa,1.0,2025-09-24,2025-09-25
DEL-000683,ORD-000683,2025-05-13,2025-05-14,Route-South-Hawassa,1.0,2025-05-13,2025-05-14
DEL-000684,ORD-000684,2025-05-16,2025-05-17,Route-Addis-Central,2.0,2025-05-16,2025-05-17
DEL-000685,ORD-000685,2025-12-09,2025-12-11,Route-West-Jimma,1.0,2025-12-09,2025-12-11
DEL-000686,ORD-000686,2025-05-01,2025-05-02,Route-North-Corridor,4.0,2025-05-01,2025-05-02
DEL-000687,ORD-000687,2025-01-19,2025-01-21,Route-South-Hawassa,5.0,2025-01-19,2025-01-21
DEL-000688,ORD-000688,2025-01-06,2025-01-07,Route-Addis-Central,1.0,2025-01-06,2025-01-07
DEL-000689,ORD-000689,2025-06-03,2025-06-04,Route-Addis-Central,4.0,2025-06-03,2025-06-04
DEL-000690,ORD-000690,2025-08-07,2025-08-09,Route-Addis-Central,2.0,2025-08-07,2025-08-09
DEL-000691,ORD-000691,2025-07-27,2025-07-28,Route-Addis-Central,2.0,2025-07-27,2025-07-28
DEL-000692,ORD-000692,2025-01-24,2025-01-25,Route-Addis-Central,5.0,2025-01-24,2025-01-25
DEL-000693,ORD-000693,2025-04-21,2025-04-22,Route-East-Awash,5.0,2025-04-21,2025-04-22
DEL-000694,ORD-000694,2025-02-01,2025-02-03,Route-Addis-Central,2.0,2025-02-01,2025-02-03
DEL-000695,ORD-000695,2025-10-17,2025-10-20,Route-East-Awash,3.0,2025-10-17,2025-10-20
DEL-000696,ORD-000696,2025-12-23,2025-12-24,Route-South-Hawassa,3.0,2025-12-23,2025-12-24
DEL-000697,ORD-000697,2025-03-18,2025-03-19,Route-North-Corridor,5.0,2025-03-18,2025-03-19
DEL-000698,ORD-000698,2025-07-11,2025-07-13,Route-South-Hawassa,3.0,2025-07-11,2025-07-13
DEL-000699,ORD-000699,2025-04-24,2025-04-28,Route-Addis-Central,3.0,2025-04-24,2025-04-28
DEL-000700,ORD-000700,2025-04-16,2025-04-18,Route-South-Hawassa,2.0,2025-04-16,2025-04-18
DEL-000701,ORD-000701,2025-08-31,2025-09-01,Route-East-Awash,1.0,2025-08-31,2025-09-01
DEL-000702,ORD-000702,2025-04-13,2025-04-16,Route-Addis-Central,0.0,2025-04-13,2025-04-16
DEL-000703,ORD-000703,2025-11-29,2025-12-01,Route-East-Awash,3.0,2025-11-29,2025-12-01
DEL-000704,ORD-000704,2025-12-01,2025-12-02,Route-Addis-Central,4.0,2025-12-01,2025-12-02
DEL-000705,ORD-000705,2025-06-08,2025-06-09,Route-East-Awash,4.0,2025-06-08,2025-06-09
DEL-000706,ORD-000706,2025-07-18,2025-07-19,Route-Addis-Central,3.0,2025-07-18,2025-07-19
DEL-000707,ORD-000707,2025-10-14,2025-10-15,Route-Addis-Central,1.0,2025-10-14,2025-10-15
DEL-000708,ORD-000708,2025-01-17,2025-01-19,Route-Addis-Central,1.0,2025-01-17,2025-01-19
DEL-000709,ORD-000709,2025-06-26,2025-06-27,Route-East-Awash,1.0,2025-06-26,2025-06-27
DEL-000710,ORD-000710,2025-06-06,2025-06-07,,5.0,2025-06-06,2025-06-07
DEL-000711,ORD-000711,2025-04-02,2025-04-05,Route-Addis-Central,3.0,2025-04-02,2025-04-05
DEL-000712,ORD-000712,2025-05-09,2025-05-11,Route-South-Hawassa,4.0,2025-05-09,2025-05-11
DEL-000713,ORD-000713,2025-02-08,2025-02-09,Route-East-Awash,3.0,2025-02-08,2025-02-09
DEL-000714,ORD-000714,2025-07-29,2025-07-30,ROUTE-NORTH-CORRIDOR,17.0,2025-07-29,2025-07-30
DEL-000715,ORD-000715,2025-01-31,2025-02-01,Route-South-Hawassa,1.0,2025-01-31,2025-02-01
DEL-000716,ORD-000716,2025-04-12,2025-04-15,Route-Addis-Central,2.0,2025-04-12,2025-04-15
DEL-000717,ORD-000717,2025-02-15,2025-02-16,Route-Addis-Central,2.0,2025-02-15,2025-02-16
DEL-000718,ORD-000718,2025-10-22,2025-10-24,,2.0,2025-10-22,2025-10-24
DEL-000719,ORD-000719,2025-08-02,2025-08-04,Route-East-Awash,8.0,2025-08-02,2025-08-04
DEL-000720,ORD-000720,2025-02-24,2025-02-25,Route-West-Jimma,1.0,2025-02-24,2025-02-25
DEL-000721,ORD-000721,2025-03-31,2025-04-02,Route-South-Hawassa,4.0,2025-03-31,2025-04-02
DEL-000722,ORD-000722,2025-04-17,2025-04-18,Route-North-Corridor,4.0,2025-04-17,2025-04-18
DEL-000723,ORD-000723,2025-11-19,2025-11-20,Route-Addis-Central,1.0,2025-11-19,2025-11-20
DEL-000724,ORD-000724,2025-03-20,2025-03-21,Route-North-Corridor,2.0,2025-03-20,2025-03-21
DEL-000725,ORD-000725,2025-06-28,2025-06-29,Route-Addis-Central,4.0,2025-06-28,2025-06-29
DEL-000726,ORD-000726,2025-01-17,2025-01-19,Route-Addis-Central,8.0,2025-01-17,2025-01-19
DEL-000727,ORD-000727,2025-06-15,2025-06-16,Route-West-Jimma,3.0,2025-06-15,2025-06-16
DEL-000728,ORD-000728,2025-04-14,2025-04-17,Route-North-Corridor,3.0,2025-04-14,2025-04-17
DEL-000729,ORD-000729,2025-02-08,2025-02-09,Route-South-Hawassa,3.0,2025-02-08,2025-02-09
DEL-000730,ORD-000730,2025-10-21,2025-10-24,Route-West-Jimma,2.0,2025-10-21,2025-10-24
DEL-000731,ORD-000731,2025-07-14,2025-07-16,Route-South-Hawassa,5.0,2025-07-14,2025-07-16
DEL-000732,ORD-000732,2025-09-12,2025-09-13,Route-North-Corridor,2.0,2025-09-12,2025-09-13
DEL-000733,ORD-000733,2025-09-02,2025-09-05,Route-West-Jimma,1.0,2025-09-02,2025-09-05
DEL-000734,ORD-000734,2025-01-19,2025-01-21,Route-East-Awash,2.0,2025-01-19,2025-01-21
DEL-000735,ORD-000735,2025-01-11,2025-01-14,Route-Addis-Central,1.0,2025-01-11,2025-01-14
DEL-000736,ORD-000736,2025-11-26,2025-11-27,Route-Addis-Central,4.0,2025-11-26,2025-11-27
DEL-000737,ORD-000737,2025-10-13,2025-10-14,Route-West-Jimma,0.0,2025-10-13,2025-10-14
DEL-000738,ORD-000738,2025-08-26,2025-08-28,Route-North-Corridor,3.0,2025-08-26,2025-08-28
DEL-000739,ORD-000739,2025-03-06,2025-03-07,Route-South-Hawassa,3.0,2025-03-06,2025-03-07
DEL-000740,ORD-000740,2025-07-19,2025-07-22,Route-Addis-Central,1.0,2025-07-19,2025-07-22
DEL-000741,ORD-000741,2025-08-21,2025-08-22,Route-East-Awash,3.0,2025-08-21,2025-08-22
DEL-000742,ORD-000742,2025-07-12,2025-07-13,Route-South-Hawassa,4.0,2025-07-12,2025-07-13
DEL-000743,ORD-000743,2025-05-15,2025-05-16,Route-Addis-Central,1.0,2025-05-15,2025-05-16
DEL-000744,ORD-000744,2025-03-13,2025-03-14,Route-North-Corridor,1.0,2025-03-13,2025-03-14
DEL-000745,ORD-000745,2025-12-18,2025-12-21,Route-South-Hawassa,1.0,2025-12-18,2025-12-21
DEL-000746,ORD-000746,2025-06-01,2025-06-02,Route-West-Jimma,1.0,2025-06-01,2025-06-02
DEL-000747,ORD-000747,2025-03-20,2025-03-21,Route-East-Awash,18.0,2025-03-20,2025-03-21
DEL-000748,ORD-000748,2025-06-24,2025-06-25,Route-East-Awash,2.0,2025-06-24,2025-06-25
DEL-000749,ORD-000749,2025-09-02,2025-09-04,Route-South-Hawassa,4.0,2025-09-02,2025-09-04
DEL-000750,ORD-000750,2025-10-29,2025-10-30,Route-South-Hawassa,2.0,2025-10-29,2025-10-30
DEL-000751,ORD-000751,2025-01-16,2025-01-18,Route-East-Awash,0.0,2025-01-16,2025-01-18
DEL-000752,ORD-000752,2025-09-04,2025-09-06,Route-West-Jimma,1.0,2025-09-04,2025-09-06
DEL-000753,ORD-000753,2025-07-06,2025-07-07,Route-North-Corridor,1.0,2025-07-06,2025-07-07
DEL-000754,ORD-000754,2025-04-14,2025-04-15,Route-North-Corridor,2.0,2025-04-14,2025-04-15
DEL-000755,ORD-000755,2025-04-28,2025-05-01,Route-West-Jimma,1.0,2025-04-28,2025-05-01
DEL-000756,ORD-000756,2025-09-18,2025-09-20,,2.0,2025-09-18,2025-09-20
DEL-000757,ORD-000757,2025-07-19,2025-07-20,Route-South-Hawassa,2.0,2025-07-19,2025-07-20
DEL-000758,ORD-000758,2025-01-15,2025-01-16,Route-South-Hawassa,1.0,2025-01-15,2025-01-16
DEL-000759,ORD-000759,2025-02-22,2025-02-24,Route-Addis-Central,1.0,2025-02-22,2025-02-24
DEL-000760,ORD-000760,2025-03-11,2025-03-14,Route-Addis-Central,3.0,2025-03-11,2025-03-14
DEL-000761,ORD-000761,2025-04-22,2025-04-23,Route-East-Awash,2.0,2025-04-22,2025-04-23
DEL-000762,ORD-000762,2025-10-15,2025-10-16,Route-East-Awash,1.0,2025-10-15,2025-10-16
DEL-000763,ORD-000763,2025-03-28,2025-03-29,Route-East-Awash,0.0,2025-03-28,2025-03-29
DEL-000764,ORD-000764,2025-01-26,2025-01-27,Route-North-Corridor,1.0,2025-01-26,2025-01-27
DEL-000765,ORD-000765,2025-01-17,2025-01-18,Route-East-Awash,3.0,2025-01-17,2025-01-18
DEL-000766,ORD-000766,2025-10-22,2025-10-23,Route-West-Jimma,1.0,2025-10-22,2025-10-23
DEL-000767,ORD-000767,2025-04-22,2025-04-24,Route-South-Hawassa,4.0,2025-04-22,2025-04-24
DEL-000768,ORD-000768,2025-03-21,2025-03-23,Route-South-Hawassa,2.0,2025-03-21,2025-03-23
DEL-000769,ORD-000769,2025-11-13,2025-11-14,Route-East-Awash,5.0,2025-11-13,2025-11-14
DEL-000770,ORD-000770,2025-07-29,2025-07-30,Route-South-Hawassa,7.0,2025-07-29,2025-07-30
DEL-000771,ORD-000771,2025-01-15,2025-01-17,Route-West-Jimma,2.0,2025-01-15,2025-01-17
DEL-000772,ORD-000772,2025-12-17,2025-12-18,Route-West-Jimma,2.0,2025-12-17,2025-12-18
DEL-000773,ORD-000773,2025-11-10,2025-11-11,Route-South-Hawassa,1.0,2025-11-10,2025-11-11
DEL-000774,ORD-000774,2025-10-11,2025-10-13,Route-East-Awash,10.0,2025-10-11,2025-10-13
DEL-000775,ORD-000775,2025-05-13,2025-05-16,Route-South-Hawassa,3.0,2025-05-13,2025-05-16
DEL-000776,ORD-000776,2025-11-28,2025-11-30,Route-East-Awash,1.0,2025-11-28,2025-11-30
DEL-000777,ORD-000777,2025-07-09,2025-07-12,Route-North-Corridor,7.0,2025-07-09,2025-07-12
DEL-000778,ORD-000778,2025-09-20,2025-09-22,Route-East-Awash,1.0,2025-09-20,2025-09-22
DEL-000779,ORD-000779,2025-04-27,2025-04-28,Route-Addis-Central,1.0,2025-04-27,2025-04-28
DEL-000780,ORD-000780,2025-06-18,2025-06-19,Route-Addis-Central,1.0,2025-06-18,2025-06-19
DEL-000781,ORD-000781,2025-09-03,2025-09-04,,1.0,2025-09-03,2025-09-04
DEL-000782,ORD-000782,2025-10-07,2025-10-08,Route-South-Hawassa,1.0,2025-10-07,2025-10-08
DEL-000783,ORD-000783,2025-12-04,2025-12-05,Route-South-Hawassa,8.0,2025-12-04,2025-12-05
DEL-000784,ORD-000784,2025-01-06,2025-01-07,Route-Addis-Central,3.0,2025-01-06,2025-01-07
DEL-000785,ORD-000785,2025-04-03,2025-04-05,route-addis-central,5.0,2025-04-03,2025-04-05
DEL-000786,ORD-000786,2025-05-26,2025-05-29,Route-South-Hawassa,4.0,2025-05-26,2025-05-29
DEL-000787,ORD-000787,2025-07-16,2025-07-18,Route-West-Jimma,3.0,2025-07-16,2025-07-18
DEL-000788,ORD-000788,2025-10-03,2025-10-06,Route-East-Awash,2.0,2025-10-03,2025-10-06
DEL-000789,ORD-000789,2025-06-30,2025-07-01,Route-West-Jimma,2.0,2025-06-30,2025-07-01
DEL-000790,ORD-000790,2025-11-05,2025-11-08,Route-West-Jimma,4.0,2025-11-05,2025-11-08
DEL-000791,ORD-000791,2025-01-23,2025-01-25,Route-West-Jimma,3.0,2025-01-23,2025-01-25
DEL-000792,ORD-000792,2025-11-24,2025-11-26,,1.0,2025-11-24,2025-11-26
DEL-000793,ORD-000793,2025-12-02,2025-12-03,Route-South-Hawassa,0.0,2025-12-02,2025-12-03
DEL-000794,ORD-000794,2025-05-09,2025-05-10,ROUTE-NORTH-CORRIDOR,3.0,2025-05-09,2025-05-10
DEL-000795,ORD-000795,2025-03-12,2025-03-14,Route-East-Awash,2.0,2025-03-12,2025-03-14
DEL-000796,ORD-000796,2025-06-02,2025-06-03,Route-Addis-Central,2.0,2025-06-02,2025-06-03
DEL-000797,ORD-000797,2025-02-28,2025-03-03,Route-North-Corridor,5.0,2025-02-28,2025-03-03
DEL-000798,ORD-000798,2025-07-06,2025-07-08,Route-South-Hawassa,1.0,2025-07-06,2025-07-08
DEL-000799,ORD-000799,2025-04-17,2025-04-19,Route-East-Awash,2.0,2025-04-17,2025-04-19
DEL-000800,ORD-000800,2025-05-22,2025-05-24,Route-South-Hawassa,2.0,2025-05-22,2025-05-24
DEL-000801,ORD-000801,2025-05-06,2025-05-10,Route-North-Corridor,1.0,2025-05-06,2025-05-10
DEL-000802,ORD-000802,2025-07-24,2025-07-25,Route-North-Corridor,1.0,2025-07-24,2025-07-25
DEL-000803,ORD-000803,2025-02-18,2025-02-19,Route-East-Awash,5.0,2025-02-18,2025-02-19
DEL-000804,ORD-000804,2025-02-19,2025-02-20,Route-South-Hawassa,1.0,2025-02-19,2025-02-20
DEL-000805,ORD-000805,2025-01-08,2025-01-09,Route-South-Hawassa,2.0,2025-01-08,2025-01-09
DEL-000806,ORD-000806,2025-11-29,2025-11-30,Route-Addis-Central,10.0,2025-11-29,2025-11-30
DEL-000807,ORD-000807,2025-01-15,2025-01-18,Route-North-Corridor,6.0,2025-01-15,2025-01-18
DEL-000808,ORD-000808,2025-01-04,2025-01-05,Route-Addis-Central,6.0,2025-01-04,2025-01-05
DEL-000809,ORD-000809,2025-06-05,2025-06-06,Route-South-Hawassa,3.0,2025-06-05,2025-06-06
DEL-000810,ORD-000810,2025-02-23,2025-02-24,Route-Addis-Central,8.0,2025-02-23,2025-02-24
DEL-000811,ORD-000811,2025-07-18,2025-07-20,Route-North-Corridor,1.0,2025-07-18,2025-07-20
DEL-000812,ORD-000812,2025-09-22,2025-09-23,Route Addis Central,3.0,2025-09-22,2025-09-23
DEL-000813,ORD-000813,2025-05-06,2025-05-09,Route-South-Hawassa,1.0,2025-05-06,2025-05-09
DEL-000814,ORD-000814,2025-01-31,2025-02-01,,8.0,2025-01-31,2025-02-01
DEL-000815,ORD-000815,2025-08-28,2025-08-29,Route-North-Corridor,4.0,2025-08-28,2025-08-29
DEL-000816,ORD-000816,2025-10-02,2025-10-03,Route-Addis-Central,2.0,2025-10-02,2025-10-03
DEL-000817,ORD-000817,2025-02-10,2025-02-13,Route-West-Jimma,5.0,2025-02-10,2025-02-13
DEL-000818,ORD-000818,2025-12-18,2025-12-19,Route-South-Hawassa,1.0,2025-12-18,2025-12-19
DEL-000819,ORD-000819,2025-01-28,2025-01-30,Route-South-Hawassa,1.0,2025-01-28,2025-01-30
DEL-000820,ORD-000820,2025-07-26,2025-07-28,Route-West-Jimma,7.0,2025-07-26,2025-07-28
DEL-000821,ORD-000821,2025-11-20,2025-11-21,Route-East-Awash,5.0,2025-11-20,2025-11-21
DEL-000822,ORD-000822,2025-06-16,2025-06-17,Route Addis Central,4.0,2025-06-16,2025-06-17
DEL-000823,ORD-000823,2025-07-30,2025-07-31,Route-West-Jimma,2.0,2025-07-30,2025-07-31
DEL-000824,ORD-000824,2025-08-16,2025-08-17,Route-North-Corridor,5.0,2025-08-16,2025-08-17
DEL-000825,ORD-000825,2025-10-01,2025-10-02,Route-West-Jimma,1.0,2025-10-01,2025-10-02
DEL-000826,ORD-000826,2025-02-23,2025-02-24,Route-South-Hawassa,3.0,2025-02-23,2025-02-24
DEL-000827,ORD-000827,2025-01-26,2025-01-30,Route-West-Jimma,1.0,2025-01-26,2025-01-30
DEL-000828,ORD-000828,2025-05-17,2025-05-21,Route-North-Corridor,4.0,2025-05-17,2025-05-21
DEL-000829,ORD-000829,2025-08-01,2025-08-02,Route-East-Awash,3.0,2025-08-01,2025-08-02
DEL-000830,ORD-000830,2025-08-08,2025-08-09,Route-Addis-Central,10.0,2025-08-08,2025-08-09
DEL-000831,ORD-000831,2025-04-10,2025-04-12,Route-East-Awash,4.0,2025-04-10,2025-04-12
DEL-000832,ORD-000832,2025-01-11,2025-01-12,Route-Addis-Central,6.0,2025-01-11,2025-01-12
DEL-000833,ORD-000833,2025-03-09,2025-03-11,Route-East-Awash,1.0,2025-03-09,2025-03-11
DEL-000834,ORD-000834,2025-09-08,2025-09-09,Route-North-Corridor,3.0,2025-09-08,2025-09-09
DEL-000835,ORD-000835,2025-09-04,2025-09-05,Route-Addis-Central,2.0,2025-09-04,2025-09-05
DEL-000836,ORD-000836,2025-10-17,2025-10-19,Route-West-Jimma,5.0,2025-10-17,2025-10-19
DEL-000837,ORD-000837,2025-10-22,2025-10-23,Route-Addis-Central,7.0,2025-10-22,2025-10-23
DEL-000838,ORD-000838,2025-08-07,2025-08-08,Route-South-Hawassa,,2025-08-07,2025-08-08
DEL-000839,ORD-000839,2025-10-21,2025-10-22,route-addis-central,4.0,2025-10-21,2025-10-22
DEL-000840,ORD-000840,2025-07-05,2025-07-06,Route-North-Corridor,3.0,2025-07-05,2025-07-06
DEL-000841,ORD-000841,2025-05-09,2025-05-12,Route-South-Hawassa,1.0,2025-05-09,2025-05-12
DEL-000842,ORD-000842,2025-09-05,2025-09-09,Route-West-Jimma,10.0,2025-09-05,2025-09-09
DEL-000843,ORD-000843,2025-01-04,2025-01-05,Route-Addis-Central,3.0,2025-01-04,2025-01-05
DEL-000844,ORD-000844,2025-02-08,2025-02-09,Route-Addis-Central,2.0,2025-02-08,2025-02-09
DEL-000845,ORD-000845,2025-10-24,2025-10-25,Route-South-Hawassa,6.0,2025-10-24,2025-10-25
DEL-000846,ORD-000846,2025-05-20,2025-05-22,Route-West-Jimma,4.0,2025-05-20,2025-05-22
DEL-000847,ORD-000847,2025-12-03,2025-12-05,Route-South-Hawassa,1.0,2025-12-03,2025-12-05
DEL-000848,ORD-000848,2025-11-10,2025-11-11,Route-North-Corridor,3.0,2025-11-10,2025-11-11
DEL-000849,ORD-000849,2025-01-05,2025-01-08,Route-Addis-Central,8.0,2025-01-05,2025-01-08
DEL-000850,ORD-000850,2025-04-04,2025-04-05,Route-South-Hawassa,5.0,2025-04-04,2025-04-05
DEL-000851,ORD-000851,2025-04-06,2025-04-09,Route-East-Awash,1.0,2025-04-06,2025-04-09
DEL-000852,ORD-000852,2025-02-21,2025-02-22,Route-South-Hawassa,3.0,2025-02-21,2025-02-22
DEL-000853,ORD-000853,2025-06-08,2025-06-09,Route-West-Jimma,2.0,2025-06-08,2025-06-09
DEL-000854,ORD-000854,2025-08-07,2025-08-11,Route-West-Jimma,2.0,2025-08-07,2025-08-11
DEL-000855,ORD-000855,2025-01-16,2025-01-17,Route-West-Jimma,10.0,2025-01-16,2025-01-17
DEL-000856,ORD-000856,2025-05-17,2025-05-19,Route-South-Hawassa,3.0,2025-05-17,2025-05-19
DEL-000857,ORD-000857,2025-07-09,2025-07-10,Route-West-Jimma,9.0,2025-07-09,2025-07-10
DEL-000858,ORD-000858,2025-11-17,2025-11-18,Route-Addis-Central,5.0,2025-11-17,2025-11-18
DEL-000859,ORD-000859,2025-12-20,2025-12-22,Route-West-Jimma,2.0,2025-12-20,2025-12-22
DEL-000860,ORD-000860,2025-11-22,2025-11-23,Route-East-Awash,3.0,2025-11-22,2025-11-23
DEL-000861,ORD-000861,2025-06-19,2025-06-21,Route-South-Hawassa,7.0,2025-06-19,2025-06-21
DEL-000862,ORD-000862,2025-06-30,2025-07-01,Route-Addis-Central,1.0,2025-06-30,2025-07-01
DEL-000863,ORD-000863,2025-05-08,2025-05-09,Route-North-Corridor,1.0,2025-05-08,2025-05-09
DEL-000864,ORD-000864,2025-10-05,2025-10-06,Route-North-Corridor,2.0,2025-10-05,2025-10-06
DEL-000865,ORD-000865,2025-07-18,2025-07-19,Route-North-Corridor,1.0,2025-07-18,2025-07-19
DEL-000866,ORD-000866,2025-02-19,2025-02-21,Route-West-Jimma,5.0,2025-02-19,2025-02-21
DEL-000867,ORD-000867,2025-03-16,2025-03-17,Route-South-Hawassa,3.0,2025-03-16,2025-03-17
DEL-000868,ORD-000868,2025-02-18,2025-02-20,Route-East-Awash,3.0,2025-02-18,2025-02-20
DEL-000869,ORD-000869,2025-02-12,2025-02-13,Route-South-Hawassa,7.0,2025-02-12,2025-02-13
DEL-000870,ORD-000870,2025-11-29,2025-12-03,Route-Addis-Central,10.0,2025-11-29,2025-12-03
DEL-000871,ORD-000871,2025-04-20,2025-04-23,Route-Addis-Central,3.0,2025-04-20,2025-04-23
DEL-000872,ORD-000872,2025-05-07,2025-05-09,Route-East-Awash,2.0,2025-05-07,2025-05-09
DEL-000873,ORD-000873,2025-08-21,2025-08-22,Route-East-Awash,2.0,2025-08-21,2025-08-22
DEL-000874,ORD-000874,2025-10-25,2025-10-26,Route-East-Awash,7.0,2025-10-25,2025-10-26
DEL-000875,ORD-000875,2025-04-19,2025-04-20,Route-West-Jimma,2.0,2025-04-19,2025-04-20
DEL-000876,ORD-000876,2025-04-04,2025-04-06,Route-West-Jimma,3.0,2025-04-04,2025-04-06
DEL-000877,ORD-000877,2025-01-02,2025-01-03,Route-West-Jimma,3.0,2025-01-02,2025-01-03
DEL-000878,ORD-000878,2025-02-11,2025-02-12,Route-West-Jimma,2.0,2025-02-11,2025-02-12
DEL-000879,ORD-000879,2025-08-20,2025-08-21,Route-Addis-Central,1.0,2025-08-20,2025-08-21
DEL-000880,ORD-000880,2025-09-11,2025-09-13,Route-North-Corridor,2.0,2025-09-11,2025-09-13
DEL-000881,ORD-000881,2025-12-07,2025-12-10,Route-East-Awash,3.0,2025-12-07,2025-12-10
DEL-000882,ORD-000882,2025-09-16,2025-09-17,Route-North-Corridor,4.0,2025-09-16,2025-09-17
DEL-000883,ORD-000883,2025-06-08,2025-06-11,Route-East-Awash,2.0,2025-06-08,2025-06-11
DEL-000884,ORD-000884,2025-07-03,2025-07-04,Route-West-Jimma,4.0,2025-07-03,2025-07-04
DEL-000885,ORD-000885,2025-06-22,2025-06-23,,3.0,2025-06-22,2025-06-23
DEL-000886,ORD-000886,2025-07-28,2025-07-30,Route-North-Corridor,1.0,2025-07-28,2025-07-30
DEL-000887,ORD-000887,2025-07-03,2025-07-05,Route-North-Corridor,2.0,2025-07-03,2025-07-05
DEL-000888,ORD-000888,2025-01-26,2025-01-27,Route-East-Awash,4.0,2025-01-26,2025-01-27
DEL-000889,ORD-000889,2025-01-27,2025-01-28,Route-East-Awash,3.0,2025-01-27,2025-01-28
DEL-000890,ORD-000890,2025-03-29,2025-03-31,Route-West-Jimma,2.0,2025-03-29,2025-03-31
DEL-000891,ORD-000891,2025-07-26,2025-07-29,Route-East-Awash,2.0,2025-07-26,2025-07-29
DEL-000892,ORD-000892,2025-09-27,2025-09-28,,1.0,2025-09-27,2025-09-28
DEL-000893,ORD-000893,2025-09-17,2025-09-18,Route-West-Jimma,4.0,2025-09-17,2025-09-18
DEL-000894,ORD-000894,2025-06-20,2025-06-22,Route-Addis-Central,1.0,2025-06-20,2025-06-22
DEL-000895,ORD-000895,2025-11-13,2025-11-16,Route-Addis-Central,2.0,2025-11-13,2025-11-16
DEL-000896,ORD-000896,2025-05-26,2025-05-27,Route-North-Corridor,1.0,2025-05-26,2025-05-27
DEL-000897,ORD-000897,2025-12-12,2025-12-13,Route-East-Awash,2.0,2025-12-12,2025-12-13
DEL-000898,ORD-000898,2025-09-23,2025-09-25,Route-East-Awash,2.0,2025-09-23,2025-09-25
DEL-000899,ORD-000899,2025-10-21,2025-10-22,Route-West-Jimma,1.0,2025-10-21,2025-10-22
DEL-000900,ORD-000900,2025-08-12,2025-08-14,Route-North-Corridor,3.0,2025-08-12,2025-08-14
DEL-000901,ORD-000901,2025-11-14,2025-11-16,Route-South-Hawassa,450.0,2025-11-14,2025-11-16
DEL-000902,ORD-000902,2025-11-10,2025-11-11,route-addis-central,3.0,2025-11-10,2025-11-11
DEL-000903,ORD-000903,2025-11-05,2025-11-07,Route-South-Hawassa,2.0,2025-11-05,2025-11-07
DEL-000904,ORD-000904,2025-07-09,2025-07-10,Route-South-Hawassa,3.0,2025-07-09,2025-07-10
DEL-000905,ORD-000905,2025-12-24,2025-12-25,Route-West-Jimma,4.0,2025-12-24,2025-12-25
DEL-000906,ORD-000906,2025-11-14,2025-11-17,Route-South-Hawassa,9.0,2025-11-14,2025-11-17
DEL-000907,ORD-000907,2025-01-23,2025-01-25,Route-East-Awash,6.0,2025-01-23,2025-01-25
DEL-000908,ORD-000908,2025-08-17,2025-08-20,Route-East-Awash,3.0,2025-08-17,2025-08-20
DEL-000909,ORD-000909,2025-04-17,2025-04-18,Route-West-Jimma,2.0,2025-04-17,2025-04-18
DEL-000910,ORD-000910,2025-10-30,2025-10-31,Route-North-Corridor,1.0,2025-10-30,2025-10-31
DEL-000911,ORD-000911,2025-10-13,2025-10-16,Route-West-Jimma,1.0,2025-10-13,2025-10-16
DEL-000912,ORD-000912,2025-12-28,2025-12-29,Route-East-Awash,2.0,2025-12-28,2025-12-29
DEL-000913,ORD-000913,2025-01-25,2025-01-26,Route-West-Jimma,2.0,2025-01-25,2025-01-26
DEL-000914,ORD-000914,2025-03-27,2025-03-30,Route-South-Hawassa,3.0,2025-03-27,2025-03-30
DEL-000915,ORD-000915,2025-02-12,2025-02-15,Route-West-Jimma,2.0,2025-02-12,2025-02-15
DEL-000916,ORD-000916,2025-06-13,2025-06-14,Route-East-Awash,2.0,2025-06-13,2025-06-14
DEL-000917,ORD-000917,2025-09-15,2025-09-16,Route-West-Jimma,1.0,2025-09-15,2025-09-16
DEL-000918,ORD-000918,2025-02-22,2025-02-23,Route-West-Jimma,1.0,2025-02-22,2025-02-23
DEL-000919,ORD-000919,2025-12-30,2026-01-02,Route-West-Jimma,5.0,2025-12-30,2026-01-02
DEL-000920,ORD-000920,2025-10-31,2025-11-03,Route-South-Hawassa,2.0,2025-10-31,2025-11-03
DEL-000921,ORD-000921,2025-11-03,2025-11-06,Route-West-Jimma,1.0,2025-11-03,2025-11-06
DEL-000922,ORD-000922,2025-05-10,2025-05-12,Route-West-Jimma,1.0,2025-05-10,2025-05-12
DEL-000923,ORD-000923,2025-04-12,2025-04-13,Route-North-Corridor,2.0,2025-04-12,2025-04-13
DEL-000924,ORD-000924,2025-04-15,2025-04-16,Route-West-Jimma,2.0,2025-04-15,2025-04-16
DEL-000925,ORD-000925,2025-02-19,2025-02-20,Route-West-Jimma,4.0,2025-02-19,2025-02-20
DEL-000926,ORD-000926,2025-07-06,2025-07-07,Route-Addis-Central,5.0,2025-07-06,2025-07-07
DEL-000927,ORD-000927,2025-09-14,2025-09-15,Route-East-Awash,6.0,2025-09-14,2025-09-15
DEL-000928,ORD-000928,2025-02-19,2025-02-21,Route-Addis-Central,0.0,2025-02-19,2025-02-21
DEL-000929,ORD-000929,2025-06-09,2025-06-10,Route-South-Hawassa,4.0,2025-06-09,2025-06-10
DEL-000930,ORD-000930,2025-12-25,2025-12-28,Route-North-Corridor,1.0,2025-12-25,2025-12-28
DEL-000932,ORD-000932,2025-01-28,2025-01-29,Route-South-Hawassa,2.0,2025-01-28,2025-01-29
DEL-000933,ORD-000933,2025-05-24,2025-05-26,Route-East-Awash,3.0,2025-05-24,2025-05-26
DEL-000934,ORD-000934,2025-11-11,2025-11-12,Route-Addis-Central,8.0,2025-11-11,2025-11-12
DEL-000935,ORD-000935,2025-08-19,2025-08-20,Route-North-Corridor,1.0,2025-08-19,2025-08-20
DEL-000936,ORD-000936,2025-10-21,2025-10-23,Route-Addis-Central,2.0,2025-10-21,2025-10-23
DEL-000937,ORD-000937,2025-05-02,2025-05-03,Route-North-Corridor,3.0,2025-05-02,2025-05-03
DEL-000938,ORD-000938,2025-11-15,2025-11-16,Route-East-Awash,2.0,2025-11-15,2025-11-16
DEL-000939,ORD-000939,2025-05-14,2025-05-15,Route-South-Hawassa,1.0,2025-05-14,2025-05-15
DEL-000940,ORD-000940,2025-11-05,2025-11-07,Route-Addis-Central,3.0,2025-11-05,2025-11-07
DEL-000941,ORD-000941,2025-02-26,2025-02-28,Route-South-Hawassa,,2025-02-26,2025-02-28
DEL-000942,ORD-000942,2025-02-14,2025-02-16,Route-North-Corridor,3.0,2025-02-14,2025-02-16
DEL-000943,ORD-000943,2025-03-12,2025-03-13,Route-West-Jimma,1.0,2025-03-12,2025-03-13
DEL-000944,ORD-000944,2025-11-05,2025-11-06,Route-East-Awash,8.0,2025-11-05,2025-11-06
DEL-000945,ORD-000945,2025-04-30,2025-05-01,Route-North-Corridor,16.0,2025-04-30,2025-05-01
DEL-000946,ORD-000946,2025-08-09,2025-08-11,Route-Addis-Central,1.0,2025-08-09,2025-08-11
DEL-000947,ORD-000947,2025-07-31,2025-08-01,Route-West-Jimma,1.0,2025-07-31,2025-08-01
DEL-000948,ORD-000948,2025-06-13,2025-06-15,Route-South-Hawassa,0.0,2025-06-13,2025-06-15
DEL-000949,ORD-000949,2025-09-18,2025-09-19,Route-North-Corridor,1.0,2025-09-18,2025-09-19
DEL-000950,ORD-000950,2025-09-08,2025-09-09,Route-East-Awash,2.0,2025-09-08,2025-09-09
DEL-000951,ORD-000951,2025-07-01,2025-07-02,Route-West-Jimma,0.0,2025-07-01,2025-07-02
DEL-000952,ORD-000952,2025-03-05,2025-03-08,Route-West-Jimma,4.0,2025-03-05,2025-03-08
DEL-000953,ORD-000953,2025-02-14,2025-02-16,Route-South-Hawassa,1.0,2025-02-14,2025-02-16
DEL-000954,ORD-000954,2025-05-18,2025-05-19,Route-Addis-Central,1.0,2025-05-18,2025-05-19
DEL-000955,ORD-000955,2025-11-28,2025-11-30,Route-South-Hawassa,5.0,2025-11-28,2025-11-30
DEL-000956,ORD-000956,2025-06-20,2025-06-22,Route-North-Corridor,2.0,2025-06-20,2025-06-22
DEL-000957,ORD-000957,2025-12-31,2026-01-02,Route-South-Hawassa,1.0,2025-12-31,2026-01-02
DEL-000958,ORD-000958,2025-08-22,2025-08-24,Route-North-Corridor,5.0,2025-08-22,2025-08-24
DEL-000959,ORD-000959,2025-08-30,2025-09-03,Route-Addis-Central,16.0,2025-08-30,2025-09-03
DEL-000960,ORD-000960,2025-11-25,2025-11-26,,1.0,2025-11-25,2025-11-26
DEL-000961,ORD-000961,2025-05-12,2025-05-14,Route-South-Hawassa,1.0,2025-05-12,2025-05-14
DEL-000962,ORD-000962,2025-12-22,2025-12-24,Route-South-Hawassa,1.0,2025-12-22,2025-12-24
DEL-000963,ORD-000963,2025-07-14,2025-07-15,Route-East-Awash,1.0,2025-07-14,2025-07-15
DEL-000964,ORD-000964,2025-10-29,2025-10-31,Route-South-Hawassa,2.0,2025-10-29,2025-10-31
DEL-000965,ORD-000965,2025-08-17,2025-08-19,Route-South-Hawassa,11.0,2025-08-17,2025-08-19
DEL-000966,ORD-000966,2025-12-02,2025-12-03,Route-North-Corridor,1.0,2025-12-02,2025-12-03
DEL-000967,ORD-000967,2025-09-12,2025-09-13,Route-Addis-Central,1.0,2025-09-12,2025-09-13
DEL-000968,ORD-000968,2025-04-18,2025-04-20,Route-Addis-Central,3.0,2025-04-18,2025-04-20
DEL-000969,ORD-000969,2025-09-08,2025-09-09,Route-North-Corridor,2.0,2025-09-08,2025-09-09
DEL-000970,ORD-000970,2025-11-07,2025-11-08,Route-East-Awash,2.0,2025-11-07,2025-11-08
DEL-000971,ORD-000971,2025-12-27,2025-12-31,Route-North-Corridor,5.0,2025-12-27,2025-12-31
DEL-000972,ORD-000972,2025-01-14,2025-01-15,Route-Addis-Central,6.0,2025-01-14,2025-01-15
DEL-000973,ORD-000973,2025-05-14,2025-05-15,,18.0,2025-05-14,2025-05-15
DEL-000974,ORD-000974,2025-06-04,2025-06-06,Route-Addis-Central,1.0,2025-06-04,2025-06-06
DEL-000975,ORD-000975,2025-08-24,2025-08-26,Route-South-Hawassa,1.0,2025-08-24,2025-08-26
DEL-000976,ORD-000976,2025-05-12,2025-05-13,Route-East-Awash,3.0,2025-05-12,2025-05-13
DEL-000977,ORD-000977,2025-12-26,2025-12-27,Route-East-Awash,2.0,2025-12-26,2025-12-27
DEL-000978,ORD-000978,2025-02-11,2025-02-13,Route-South-Hawassa,1.0,2025-02-11,2025-02-13
DEL-000979,ORD-000979,2025-09-30,2025-10-01,Route-West-Jimma,3.0,2025-09-30,2025-10-01
DEL-000980,ORD-000980,2025-07-15,2025-07-18,Route-South-Hawassa,8.0,2025-07-15,2025-07-18
DEL-000981,ORD-000981,2025-06-20,2025-06-22,Route-West-Jimma,3.0,2025-06-20,2025-06-22
DEL-000982,ORD-000982,2025-10-30,2025-11-02,Route-North-Corridor,4.0,2025-10-30,2025-11-02
DEL-000983,ORD-000983,2025-12-14,2025-12-15,Route-West-Jimma,2.0,2025-12-14,2025-12-15
DEL-000984,ORD-000984,2025-08-09,2025-08-12,Route-North-Corridor,1.0,2025-08-09,2025-08-12
DEL-000985,ORD-000985,2025-07-05,2025-07-06,Route-West-Jimma,1.0,2025-07-05,2025-07-06
DEL-000986,ORD-000986,2025-08-05,2025-08-07,Route-Addis-Central,1.0,2025-08-05,2025-08-07
DEL-000987,ORD-000987,2025-10-13,2025-10-14,Route-West-Jimma,4.0,2025-10-13,2025-10-14
DEL-000988,ORD-000988,2025-11-01,2025-11-02,Route-West-Jimma,5.0,2025-11-01,2025-11-02
DEL-000989,ORD-000989,2025-08-07,2025-08-08,Route-West-Jimma,1.0,2025-08-07,2025-08-08
DEL-000990,ORD-000990,2025-11-10,2025-11-11,Route-North-Corridor,3.0,2025-11-10,2025-11-11
DEL-000991,ORD-000991,2025-08-10,2025-08-11,Route-East-Awash,2.0,2025-08-10,2025-08-11
DEL-000992,ORD-000992,2025-12-13,2025-12-14,Route-East-Awash,2.0,2025-12-13,2025-12-14
DEL-000993,ORD-000993,2025-03-31,2025-04-01,Route-Addis-Central,1.0,2025-03-31,2025-04-01
DEL-000994,ORD-000994,2025-03-21,2025-03-24,Route-North-Corridor,1.0,2025-03-21,2025-03-24
DEL-000995,ORD-000995,2025-12-16,2025-12-18,Route-East-Awash,2.0,2025-12-16,2025-12-18
DEL-000996,ORD-000996,2025-12-27,2025-12-31,Route-West-Jimma,1.0,2025-12-27,2025-12-31
DEL-000997,ORD-000997,2025-12-14,2025-12-17,Route-West-Jimma,2.0,2025-12-14,2025-12-17
DEL-000998,ORD-000998,2025-11-28,2025-12-01,Route-West-Jimma,2.0,2025-11-28,2025-12-01
DEL-000999,ORD-000999,2025-01-25,2025-01-27,Route-Addis-Central,3.0,2025-01-25,2025-01-27
DEL-001000,ORD-001000,2025-12-28,2025-12-29,Route-South-Hawassa,3.0,2025-12-28,2025-12-29
DEL-001001,ORD-001001,2025-03-06,2025-03-07,Route-West-Jimma,1.0,2025-03-06,2025-03-07
DEL-001002,ORD-001002,2025-11-17,2025-11-18,Route-South-Hawassa,3.0,2025-11-17,2025-11-18
DEL-001003,ORD-001003,2025-02-20,2025-02-22,Route-South-Hawassa,1.0,2025-02-20,2025-02-22
DEL-001004,ORD-001004,2025-04-09,2025-04-10,Route-South-Hawassa,1.0,2025-04-09,2025-04-10
DEL-001005,ORD-001005,2025-09-15,2025-09-16,Route-North-Corridor,1.0,2025-09-15,2025-09-16
DEL-001006,ORD-001006,2025-09-27,2025-09-29,,4.0,2025-09-27,2025-09-29
DEL-001007,ORD-001007,2025-08-07,2025-08-08,Route-East-Awash,2.0,2025-08-07,2025-08-08
DEL-001008,ORD-001008,2025-04-21,2025-04-24,Route-East-Awash,5.0,2025-04-21,2025-04-24
DEL-001009,ORD-001009,2025-05-14,2025-05-15,Route-South-Hawassa,4.0,2025-05-14,2025-05-15
DEL-001010,ORD-001010,2025-02-14,2025-02-15,Route-North-Corridor,7.0,2025-02-14,2025-02-15
DEL-001011,ORD-001011,2025-06-10,2025-06-11,Route-West-Jimma,2.0,2025-06-10,2025-06-11
DEL-001012,ORD-001012,2025-04-22,2025-04-23,Route-South-Hawassa,2.0,2025-04-22,2025-04-23
DEL-001013,ORD-001013,2025-07-25,2025-07-27,Route-Addis-Central,3.0,2025-07-25,2025-07-27
DEL-001014,ORD-001014,2025-01-07,2025-01-09,Route-East-Awash,2.0,2025-01-07,2025-01-09
DEL-001015,ORD-001015,2025-09-13,2025-09-14,Route-South-Hawassa,4.0,2025-09-13,2025-09-14
DEL-001016,ORD-001016,2025-09-03,2025-09-05,Route-South-Hawassa,4.0,2025-09-03,2025-09-05
DEL-001017,ORD-001017,2025-07-04,2025-07-07,Route-South-Hawassa,1.0,2025-07-04,2025-07-07
DEL-001018,ORD-001018,2025-03-02,2025-03-03,Route-South-Hawassa,1.0,2025-03-02,2025-03-03
DEL-001019,ORD-001019,2025-08-12,2025-08-14,Route-South-Hawassa,15.0,2025-08-12,2025-08-14
DEL-001020,ORD-001020,2025-04-13,2025-04-15,Route-West-Jimma,1.0,2025-04-13,2025-04-15
DEL-001021,ORD-001021,2025-11-15,2025-11-16,Route-South-Hawassa,2.0,2025-11-15,2025-11-16
DEL-001022,ORD-001022,2025-04-18,2025-04-20,Route-South-Hawassa,1.0,2025-04-18,2025-04-20
DEL-001023,ORD-001023,2025-07-05,2025-07-08,Route-North-Corridor,1.0,2025-07-05,2025-07-08
DEL-001024,ORD-001024,2025-08-18,2025-08-19,Route-Addis-Central,3.0,2025-08-18,2025-08-19
DEL-001025,ORD-001025,2025-06-06,2025-06-08,Route-South-Hawassa,3.0,2025-06-06,2025-06-08
DEL-001026,ORD-001026,2025-07-19,2025-07-23,Route-Addis-Central,3.0,2025-07-19,2025-07-23
DEL-001027,ORD-001027,2025-10-11,2025-10-12,Route-South-Hawassa,2.0,2025-10-11,2025-10-12
DEL-001028,ORD-001028,2025-06-30,2025-07-01,Route-Addis-Central,2.0,2025-06-30,2025-07-01
DEL-001029,ORD-001029,2025-06-19,2025-06-21,Route-East-Awash,0.0,2025-06-19,2025-06-21
DEL-001030,ORD-001030,2025-04-29,2025-05-01,Route-Addis-Central,3.0,2025-04-29,2025-05-01
DEL-001031,ORD-001031,2025-09-07,2025-09-08,Route-North-Corridor,1.0,2025-09-07,2025-09-08
DEL-001032,ORD-001032,2025-06-19,2025-06-20,Route-North-Corridor,5.0,2025-06-19,2025-06-20
DEL-001033,ORD-001033,2025-01-22,2025-01-23,Route-South-Hawassa,2.0,2025-01-22,2025-01-23
DEL-001034,ORD-001034,2025-11-15,2025-11-16,Route-East-Awash,3.0,2025-11-15,2025-11-16
DEL-001035,ORD-001035,2025-07-16,2025-07-18,Route-East-Awash,1.0,2025-07-16,2025-07-18
DEL-001036,ORD-001036,2025-03-12,2025-03-13,Route-West-Jimma,3.0,2025-03-12,2025-03-13
DEL-001037,ORD-001037,2025-02-19,2025-02-21,Route-North-Corridor,1.0,2025-02-19,2025-02-21
DEL-001038,ORD-001038,2025-01-30,2025-02-01,ROUTE-NORTH-CORRIDOR,3.0,2025-01-30,2025-02-01
DEL-001039,ORD-001039,2025-08-23,2025-08-26,Route-East-Awash,3.0,2025-08-23,2025-08-26
DEL-001040,ORD-001040,2025-07-19,2025-07-20,Route-Addis-Central,3.0,2025-07-19,2025-07-20
DEL-001041,ORD-001041,2025-01-10,2025-07-09,Route-Addis-Central,1.0,2025-01-10,2025-07-09
DEL-001042,ORD-001042,2025-01-24,2025-01-26,Route-Addis-Central,4.0,2025-01-24,2025-01-26
DEL-001043,ORD-001043,2025-08-27,2025-08-30,Route-Addis-Central,3.0,2025-08-27,2025-08-30
DEL-001044,ORD-001044,2025-11-05,2025-11-06,Route-South-Hawassa,3.0,2025-11-05,2025-11-06
DEL-001045,ORD-001045,2025-12-10,2025-12-11,Route-Addis-Central,3.0,2025-12-10,2025-12-11
DEL-001046,ORD-001046,2025-11-18,2025-11-20,Route-South-Hawassa,3.0,2025-11-18,2025-11-20
DEL-001047,ORD-001047,2025-10-16,2025-10-19,Route-East-Awash,1.0,2025-10-16,2025-10-19
DEL-001048,ORD-001048,2025-05-07,2025-05-09,Route Addis Central,3.0,2025-05-07,2025-05-09
DEL-001049,ORD-001049,2025-07-16,2025-07-18,Route-South-Hawassa,2.0,2025-07-16,2025-07-18
DEL-001050,ORD-001050,2025-07-19,2025-07-22,Route-North-Corridor,13.0,2025-07-19,2025-07-22
DEL-001051,ORD-001051,2025-04-09,2025-04-11,Route-Addis-Central,3.0,2025-04-09,2025-04-11
DEL-001052,ORD-001052,2025-11-04,2025-11-05,Route-South-Hawassa,1.0,2025-11-04,2025-11-05
DEL-001053,ORD-001053,2025-12-29,2026-01-01,Route-West-Jimma,5.0,2025-12-29,2026-01-01
DEL-001054,ORD-001054,2025-09-17,2025-09-18,Route-North-Corridor,6.0,2025-09-17,2025-09-18
DEL-001055,ORD-001055,2025-10-19,2025-10-21,Route-South-Hawassa,1.0,2025-10-19,2025-10-21
DEL-001056,ORD-001056,2025-12-08,2025-12-12,Route-East-Awash,2.0,2025-12-08,2025-12-12
DEL-001057,ORD-001057,2025-09-27,2025-09-28,Route-East-Awash,4.0,2025-09-27,2025-09-28
DEL-001058,ORD-001058,2025-09-13,2025-09-14,Route-North-Corridor,1.0,2025-09-13,2025-09-14
DEL-001059,ORD-001059,2025-06-26,2025-06-27,Route-North-Corridor,1.0,2025-06-26,2025-06-27
DEL-001060,ORD-001060,2025-06-29,2025-06-30,Route-West-Jimma,4.0,2025-06-29,2025-06-30
DEL-001061,ORD-001061,2025-07-07,2025-07-10,Route-East-Awash,1.0,2025-07-07,2025-07-10
DEL-001062,ORD-001062,2025-02-19,2025-02-20,Route-Addis-Central,5.0,2025-02-19,2025-02-20
DEL-001063,ORD-001063,2025-05-26,2025-05-27,Route-East-Awash,1.0,2025-05-26,2025-05-27
DEL-001064,ORD-001064,2025-11-24,2025-11-26,Route-South-Hawassa,2.0,2025-11-24,2025-11-26
DEL-001065,ORD-001065,2025-02-04,2025-02-05,Route-East-Awash,2.0,2025-02-04,2025-02-05
DEL-001066,ORD-001066,2025-08-10,2025-08-12,Route-East-Awash,1.0,2025-08-10,2025-08-12
DEL-001067,ORD-001067,2025-09-04,2025-09-05,Route-North-Corridor,0.0,2025-09-04,2025-09-05
DEL-001068,ORD-001068,2025-09-01,2025-09-04,Route-South-Hawassa,0.0,2025-09-01,2025-09-04
DEL-001069,ORD-001069,2025-09-23,2025-09-25,Route-Addis-Central,2.0,2025-09-23,2025-09-25
DEL-001070,ORD-001070,2025-07-28,2025-07-29,Route-Addis-Central,1.0,2025-07-28,2025-07-29
DEL-001071,ORD-001071,2025-02-20,2025-02-23,Route-Addis-Central,1.0,2025-02-20,2025-02-23
DEL-001072,ORD-001072,2025-09-16,2025-09-17,Route-Addis-Central,1.0,2025-09-16,2025-09-17
DEL-001073,ORD-001073,2025-05-07,2025-05-08,Route-East-Awash,3.0,2025-05-07,2025-05-08
DEL-001074,ORD-001074,2025-05-19,2025-05-20,Route-East-Awash,5.0,2025-05-19,2025-05-20
DEL-001075,ORD-001075,2025-09-30,2025-10-01,Route-West-Jimma,1.0,2025-09-30,2025-10-01
DEL-001076,ORD-001076,2025-03-24,2025-03-25,Route-East-Awash,9.0,2025-03-24,2025-03-25
DEL-001077,ORD-001077,2025-10-16,2025-10-18,Route-Addis-Central,0.0,2025-10-16,2025-10-18
DEL-001078,ORD-001078,2025-05-08,2025-05-09,Route-Addis-Central,1.0,2025-05-08,2025-05-09
DEL-001079,ORD-001079,2025-02-03,2025-02-05,Route-West-Jimma,3.0,2025-02-03,2025-02-05
DEL-001080,ORD-001080,2025-04-02,2025-04-06,Route-Addis-Central,1.0,2025-04-02,2025-04-06
DEL-001081,ORD-001081,2025-08-03,2025-08-05,Route-South-Hawassa,1.0,2025-08-03,2025-08-05
DEL-001082,ORD-001082,2025-10-18,2025-10-19,ROUTE-NORTH-CORRIDOR,5.0,2025-10-18,2025-10-19
DEL-001083,ORD-001083,2025-04-03,2025-04-07,Route-North-Corridor,1.0,2025-04-03,2025-04-07
DEL-001084,ORD-001084,2025-01-11,2025-01-13,Route-North-Corridor,2.0,2025-01-11,2025-01-13
DEL-001085,ORD-001085,2025-05-08,2025-05-09,Route-East-Awash,2.0,2025-05-08,2025-05-09
DEL-001086,ORD-001086,2025-09-11,2025-09-14,Route-West-Jimma,,2025-09-11,2025-09-14
DEL-001087,ORD-001087,2025-06-12,2025-06-14,Route-East-Awash,3.0,2025-06-12,2025-06-14
DEL-001088,ORD-001088,2025-04-24,2025-04-26,Route-West-Jimma,4.0,2025-04-24,2025-04-26
DEL-001089,ORD-001089,2025-08-29,2025-08-30,Route-North-Corridor,1.0,2025-08-29,2025-08-30
DEL-001090,ORD-001090,2025-01-30,2025-02-02,Route-East-Awash,3.0,2025-01-30,2025-02-02
DEL-001091,ORD-001091,2025-05-17,2025-05-21,Route-East-Awash,4.0,2025-05-17,2025-05-21
DEL-001092,ORD-001092,2025-05-07,2025-05-08,Route-Addis-Central,4.0,2025-05-07,2025-05-08
DEL-001093,ORD-001093,2025-06-23,2025-06-25,Route-Addis-Central,4.0,2025-06-23,2025-06-25
DEL-001094,ORD-001094,2025-05-11,2025-05-12,Route-North-Corridor,1.0,2025-05-11,2025-05-12
DEL-001095,ORD-001095,2025-01-31,2025-02-01,Route-East-Awash,13.0,2025-01-31,2025-02-01
DEL-001096,ORD-001096,2025-03-19,2025-03-20,Route-West-Jimma,0.0,2025-03-19,2025-03-20
DEL-001097,ORD-001097,2025-02-16,2025-02-17,Route-South-Hawassa,,2025-02-16,2025-02-17
DEL-001098,ORD-001098,2025-09-16,2025-09-18,Route-East-Awash,3.0,2025-09-16,2025-09-18
DEL-001099,ORD-001099,2025-05-28,2025-05-29,Route-South-Hawassa,5.0,2025-05-28,2025-05-29
DEL-001100,ORD-001100,2025-02-15,2025-02-16,Route-East-Awash,1.0,2025-02-15,2025-02-16
DEL-001101,ORD-001101,2025-04-11,2025-04-12,Route-Addis-Central,5.0,2025-04-11,2025-04-12
DEL-001102,ORD-001102,2025-10-06,2025-10-07,Route-Addis-Central,2.0,2025-10-06,2025-10-07
DEL-001103,ORD-001103,2025-02-08,2025-02-09,Route-South-Hawassa,4.0,2025-02-08,2025-02-09
DEL-001104,ORD-001104,2025-07-28,2025-07-29,Route-East-Awash,3.0,2025-07-28,2025-07-29
DEL-001105,ORD-001105,2025-02-28,2025-03-02,Route-Addis-Central,2.0,2025-02-28,2025-03-02
DEL-001106,ORD-001106,2025-03-05,2025-03-07,Route-South-Hawassa,3.0,2025-03-05,2025-03-07
DEL-001107,ORD-001107,2025-10-21,2025-10-23,Route-West-Jimma,4.0,2025-10-21,2025-10-23
DEL-001108,ORD-001108,2025-01-16,2025-01-17,Route-South-Hawassa,1.0,2025-01-16,2025-01-17
DEL-001109,ORD-001109,2025-08-19,2025-08-21,Route-East-Awash,4.0,2025-08-19,2025-08-21
DEL-001110,ORD-001110,2025-02-19,2025-02-20,Route-North-Corridor,3.0,2025-02-19,2025-02-20
DEL-001111,ORD-001111,2025-12-23,2025-12-24,Route-West-Jimma,3.0,2025-12-23,2025-12-24
DEL-001112,ORD-001112,2025-12-01,2025-12-04,Route-South-Hawassa,4.0,2025-12-01,2025-12-04
DEL-001113,ORD-001113,2025-12-25,2025-12-26,Route-Addis-Central,3.0,2025-12-25,2025-12-26
DEL-001114,ORD-001114,2025-07-04,2025-07-08,Route-East-Awash,3.0,2025-07-04,2025-07-08
DEL-001115,ORD-001115,2025-02-04,2025-02-05,Route-South-Hawassa,3.0,2025-02-04,2025-02-05
DEL-001116,ORD-001116,2025-12-06,2025-12-08,Route-East-Awash,3.0,2025-12-06,2025-12-08
DEL-001117,ORD-001117,2025-09-20,2025-09-21,Route-Addis-Central,1.0,2025-09-20,2025-09-21
DEL-001118,ORD-001118,2025-09-08,2025-09-09,Route-North-Corridor,3.0,2025-09-08,2025-09-09
DEL-001119,ORD-001119,2025-11-19,2025-11-20,Route-East-Awash,6.0,2025-11-19,2025-11-20
DEL-001120,ORD-001120,2025-01-08,2025-01-11,Route-East-Awash,2.0,2025-01-08,2025-01-11
DEL-001121,ORD-001121,2025-01-02,2025-01-04,Route-Addis-Central,1.0,2025-01-02,2025-01-04
DEL-001122,ORD-001122,2025-04-26,2025-04-27,Route-South-Hawassa,6.0,2025-04-26,2025-04-27
DEL-001123,ORD-001123,2025-04-10,2025-04-14,Route-East-Awash,2.0,2025-04-10,2025-04-14
DEL-001124,ORD-001124,2025-03-11,2025-03-12,Route-North-Corridor,1.0,2025-03-11,2025-03-12
DEL-001125,ORD-001125,2025-09-27,2025-09-28,Route-Addis-Central,2.0,2025-09-27,2025-09-28
DEL-001126,ORD-001126,2025-01-19,2025-01-20,Route-Addis-Central,1.0,2025-01-19,2025-01-20
DEL-001127,ORD-001127,2025-09-27,2025-10-01,Route-Addis-Central,2.0,2025-09-27,2025-10-01
DEL-001128,ORD-001128,2025-12-14,2025-12-15,Route-Addis-Central,4.0,2025-12-14,2025-12-15
DEL-001129,ORD-001129,2025-04-27,2025-04-29,Route-South-Hawassa,2.0,2025-04-27,2025-04-29
DEL-001130,ORD-001130,2025-08-17,2025-08-18,Route-East-Awash,3.0,2025-08-17,2025-08-18
DEL-001131,ORD-001131,2025-06-25,2025-06-26,Route-South-Hawassa,0.0,2025-06-25,2025-06-26
DEL-001132,ORD-001132,2025-05-04,2025-05-05,Route-East-Awash,1.0,2025-05-04,2025-05-05
DEL-001133,ORD-001133,2025-04-26,2025-04-27,Route-West-Jimma,4.0,2025-04-26,2025-04-27
DEL-001134,ORD-001134,2025-04-12,2025-04-15,Route-East-Awash,5.0,2025-04-12,2025-04-15
DEL-001135,ORD-001135,2025-12-25,2025-12-29,Route-Addis-Central,2.0,2025-12-25,2025-12-29
DEL-001136,ORD-001136,2025-10-25,2025-10-27,Route-Addis-Central,1.0,2025-10-25,2025-10-27
DEL-001137,ORD-001137,2025-10-19,2025-10-20,Route-West-Jimma,7.0,2025-10-19,2025-10-20
DEL-001138,ORD-001138,2025-09-16,2025-09-17,Route-West-Jimma,0.0,2025-09-16,2025-09-17
DEL-001139,ORD-001139,2025-09-13,2025-09-15,Route-North-Corridor,2.0,2025-09-13,2025-09-15
DEL-001140,ORD-001140,2025-08-18,2025-08-21,Route-West-Jimma,11.0,2025-08-18,2025-08-21
DEL-001141,ORD-001141,2025-12-10,2025-12-11,Route-West-Jimma,1.0,2025-12-10,2025-12-11
DEL-001142,ORD-001142,2025-07-24,2025-07-25,Route-West-Jimma,1.0,2025-07-24,2025-07-25
DEL-001143,ORD-001143,2025-06-03,2025-06-04,Route-East-Awash,3.0,2025-06-03,2025-06-04
DEL-001144,ORD-001144,2025-12-03,2025-12-05,Route-West-Jimma,1.0,2025-12-03,2025-12-05
DEL-001145,ORD-001145,2025-10-31,2025-11-03,Route-South-Hawassa,2.0,2025-10-31,2025-11-03
DEL-001146,ORD-001146,2025-03-15,2025-03-17,Route-East-Awash,4.0,2025-03-15,2025-03-17
DEL-001147,ORD-001147,2025-01-23,2025-01-25,Route-South-Hawassa,2.0,2025-01-23,2025-01-25
DEL-001148,ORD-001148,2025-11-03,2025-11-04,Route-East-Awash,1.0,2025-11-03,2025-11-04
DEL-001149,ORD-001149,2025-04-18,2025-04-20,Route-South-Hawassa,0.0,2025-04-18,2025-04-20
DEL-001150,ORD-001150,2025-12-21,2025-12-22,Route-East-Awash,3.0,2025-12-21,2025-12-22
DEL-001151,ORD-001151,2025-01-19,2025-01-20,Route-North-Corridor,1.0,2025-01-19,2025-01-20
DEL-001152,ORD-001152,2025-01-20,2025-01-22,Route-East-Awash,5.0,2025-01-20,2025-01-22
DEL-001153,ORD-001153,2025-12-15,2025-12-16,Route-North-Corridor,3.0,2025-12-15,2025-12-16
DEL-001154,ORD-001154,2025-02-14,2025-02-16,Route-West-Jimma,0.0,2025-02-14,2025-02-16
DEL-001155,ORD-001155,2025-09-02,2025-09-03,Route-West-Jimma,1.0,2025-09-02,2025-09-03
DEL-001156,ORD-001156,2025-02-07,2025-02-09,Route-East-Awash,2.0,2025-02-07,2025-02-09
DEL-001157,ORD-001157,2025-07-28,2025-07-29,Route-West-Jimma,4.0,2025-07-28,2025-07-29
DEL-001158,ORD-001158,2025-04-20,2025-04-21,Route-South-Hawassa,1.0,2025-04-20,2025-04-21
DEL-001159,ORD-001159,2025-05-02,2025-05-03,Route-Addis-Central,1.0,2025-05-02,2025-05-03
DEL-001160,ORD-001160,2025-03-13,2025-03-14,Route-East-Awash,0.0,2025-03-13,2025-03-14
DEL-001161,ORD-001161,2025-09-14,2025-09-15,Route-Addis-Central,1.0,2025-09-14,2025-09-15
DEL-001162,ORD-001162,2025-05-20,2025-05-21,Route-North-Corridor,6.0,2025-05-20,2025-05-21
DEL-001163,ORD-001163,2025-05-13,2025-05-15,Route-South-Hawassa,3.0,2025-05-13,2025-05-15
DEL-001164,ORD-001164,2025-11-18,2025-11-20,,1.0,2025-11-18,2025-11-20
DEL-001165,ORD-001165,2025-10-15,2025-10-16,Route-South-Hawassa,1.0,2025-10-15,2025-10-16
DEL-001166,ORD-001166,2025-04-09,2025-04-10,Route-West-Jimma,2.0,2025-04-09,2025-04-10
DEL-001167,ORD-001167,2025-05-06,2025-05-07,Route-East-Awash,3.0,2025-05-06,2025-05-07
DEL-001168,ORD-001168,2025-11-12,2025-11-15,Route-North-Corridor,3.0,2025-11-12,2025-11-15
DEL-001169,ORD-001169,2025-09-27,2025-09-28,Route-North-Corridor,1.0,2025-09-27,2025-09-28
DEL-001170,ORD-001170,2025-04-23,2025-04-24,Route-South-Hawassa,2.0,2025-04-23,2025-04-24
DEL-001171,ORD-001171,2025-09-30,2025-10-01,Route-East-Awash,1.0,2025-09-30,2025-10-01
DEL-001172,ORD-001172,2025-11-16,2025-11-18,Route-Addis-Central,3.0,2025-11-16,2025-11-18
DEL-001173,ORD-001173,2025-08-23,2025-08-25,Route-South-Hawassa,3.0,2025-08-23,2025-08-25
DEL-001174,ORD-001174,2025-08-28,2025-08-30,Route-West-Jimma,1.0,2025-08-28,2025-08-30
DEL-001175,ORD-001175,2025-09-08,2025-09-11,Route-East-Awash,3.0,2025-09-08,2025-09-11
DEL-001176,ORD-001176,2025-06-29,2025-06-30,Route-Addis-Central,6.0,2025-06-29,2025-06-30
DEL-001177,ORD-001177,2025-09-21,2025-09-23,Route-West-Jimma,16.0,2025-09-21,2025-09-23
DEL-001178,ORD-001178,2025-07-13,2025-07-16,Route-East-Awash,2.0,2025-07-13,2025-07-16
DEL-001179,ORD-001179,2025-09-25,2025-09-27,Route-East-Awash,14.0,2025-09-25,2025-09-27
DEL-001180,ORD-001180,2025-09-19,2025-09-22,Route-South-Hawassa,3.0,2025-09-19,2025-09-22
DEL-001181,ORD-001181,2025-08-23,2025-08-24,Route-South-Hawassa,1.0,2025-08-23,2025-08-24
DEL-001182,ORD-001182,2025-10-23,2025-10-25,Route-West-Jimma,1.0,2025-10-23,2025-10-25
DEL-001183,ORD-001183,2025-08-26,2025-08-29,Route-East-Awash,2.0,2025-08-26,2025-08-29
DEL-001184,ORD-001184,2025-03-06,2025-03-08,Route-South-Hawassa,0.0,2025-03-06,2025-03-08
DEL-001185,ORD-001185,2025-05-09,2025-05-10,Route-West-Jimma,3.0,2025-05-09,2025-05-10
DEL-001186,ORD-001186,2025-10-06,2025-10-07,Route-North-Corridor,2.0,2025-10-06,2025-10-07
DEL-001187,ORD-001187,2025-05-23,2025-05-24,Route-North-Corridor,3.0,2025-05-23,2025-05-24
DEL-001188,ORD-001188,2025-11-12,2025-11-14,Route-Addis-Central,11.0,2025-11-12,2025-11-14
DEL-001189,ORD-001189,2025-10-17,2025-10-18,Route-North-Corridor,1.0,2025-10-17,2025-10-18
DEL-001190,ORD-001190,2025-03-05,2025-03-09,Route-North-Corridor,3.0,2025-03-05,2025-03-09
DEL-001191,ORD-001191,2025-03-29,2025-03-31,Route-South-Hawassa,3.0,2025-03-29,2025-03-31
DEL-001192,ORD-001192,2025-09-21,2025-09-22,Route-West-Jimma,15.0,2025-09-21,2025-09-22
DEL-001193,ORD-001193,2025-07-08,2025-07-09,Route-West-Jimma,4.0,2025-07-08,2025-07-09
DEL-001194,ORD-001194,2025-05-02,2025-05-03,Route-Addis-Central,4.0,2025-05-02,2025-05-03
DEL-001195,ORD-001195,2025-05-31,2025-06-02,Route-East-Awash,4.0,2025-05-31,2025-06-02
DEL-001196,ORD-001196,2025-03-17,2025-03-20,Route-East-Awash,4.0,2025-03-17,2025-03-20
DEL-001197,ORD-001197,2025-05-14,2025-05-16,Route-Addis-Central,2.0,2025-05-14,2025-05-16
DEL-001198,ORD-001198,2025-05-02,2025-05-05,Route-West-Jimma,1.0,2025-05-02,2025-05-05
DEL-001199,ORD-001199,2025-08-20,2025-08-22,Route-East-Awash,1.0,2025-08-20,2025-08-22
DEL-001200,ORD-001200,2025-08-16,2025-08-17,Route-Addis-Central,1.0,2025-08-16,2025-08-17
DEL-001202,ORD-001202,2025-05-01,2025-05-04,Route-West-Jimma,2.0,2025-05-01,2025-05-04
DEL-001203,ORD-001203,2025-08-09,2025-08-10,Route-East-Awash,3.0,2025-08-09,2025-08-10
DEL-001204,ORD-001204,2025-12-19,2025-12-20,Route-North-Corridor,2.0,2025-12-19,2025-12-20
DEL-001205,ORD-001205,2025-04-11,2025-04-12,Route-Addis-Central,1.0,2025-04-11,2025-04-12
DEL-001206,ORD-001206,2025-12-07,2025-12-10,Route-Addis-Central,10.0,2025-12-07,2025-12-10
DEL-001207,ORD-001207,2025-08-01,2025-08-04,route-addis-central,4.0,2025-08-01,2025-08-04
DEL-001208,ORD-001208,2025-11-21,2025-11-22,Route-West-Jimma,2.0,2025-11-21,2025-11-22
DEL-001209,ORD-001209,2025-05-23,2025-05-25,Route-Addis-Central,4.0,2025-05-23,2025-05-25
DEL-001210,ORD-001210,2025-06-06,2025-06-08,Route-East-Awash,5.0,2025-06-06,2025-06-08
DEL-001211,ORD-001211,2025-03-23,2025-03-25,Route-West-Jimma,3.0,2025-03-23,2025-03-25
DEL-001212,ORD-001212,2025-11-16,2025-11-18,Route-South-Hawassa,3.0,2025-11-16,2025-11-18
DEL-001213,ORD-001213,2025-05-21,2025-05-22,Route-North-Corridor,1.0,2025-05-21,2025-05-22
DEL-001214,ORD-001214,2025-06-11,2025-06-13,Route-North-Corridor,7.0,2025-06-11,2025-06-13
DEL-001215,ORD-001215,2025-10-12,2025-10-14,ROUTE-NORTH-CORRIDOR,3.0,2025-10-12,2025-10-14
DEL-001216,ORD-001216,2025-06-08,2025-06-10,Route-East-Awash,2.0,2025-06-08,2025-06-10
DEL-001217,ORD-001217,2025-05-12,2025-05-15,Route-East-Awash,1.0,2025-05-12,2025-05-15
DEL-001218,ORD-001218,2025-07-22,2025-07-23,route-addis-central,1.0,2025-07-22,2025-07-23
DEL-001219,ORD-001219,2025-03-20,2025-03-22,Route-South-Hawassa,1.0,2025-03-20,2025-03-22
DEL-001220,ORD-001220,2025-07-18,2025-07-20,Route-South-Hawassa,3.0,2025-07-18,2025-07-20
DEL-001221,ORD-001221,2025-08-27,2025-08-31,Route-Addis-Central,1.0,2025-08-27,2025-08-31
DEL-001222,ORD-001222,2025-02-12,2025-02-14,Route-East-Awash,2.0,2025-02-12,2025-02-14
DEL-001223,ORD-001223,2025-03-16,2025-03-17,Route-Addis-Central,1.0,2025-03-16,2025-03-17
DEL-001224,ORD-001224,2025-08-16,2025-08-18,Route-South-Hawassa,1.0,2025-08-16,2025-08-18
DEL-001225,ORD-001225,2025-02-25,2025-02-26,Route-West-Jimma,1.0,2025-02-25,2025-02-26
DEL-001226,ORD-001226,2025-03-09,2025-03-12,Route-West-Jimma,1.0,2025-03-09,2025-03-12
DEL-001227,ORD-001227,2025-10-02,2025-10-03,Route-West-Jimma,2.0,2025-10-02,2025-10-03
DEL-001228,ORD-001228,2025-11-06,2025-11-07,Route-East-Awash,0.0,2025-11-06,2025-11-07
DEL-001229,ORD-001229,2025-02-11,2025-02-13,Route-East-Awash,3.0,2025-02-11,2025-02-13
DEL-001230,ORD-001230,2025-08-17,2025-08-20,Route-East-Awash,2.0,2025-08-17,2025-08-20
DEL-001231,ORD-001231,2025-08-02,2025-08-03,Route-Addis-Central,2.0,2025-08-02,2025-08-03
DEL-001232,ORD-001232,2025-08-20,2025-08-21,Route-West-Jimma,2.0,2025-08-20,2025-08-21
DEL-001233,ORD-001233,2025-04-24,2025-04-27,Route-East-Awash,4.0,2025-04-24,2025-04-27
DEL-001234,ORD-001234,2025-02-24,2025-02-25,Route-East-Awash,2.0,2025-02-24,2025-02-25
DEL-001235,ORD-001235,2025-02-28,2025-03-02,Route-East-Awash,1.0,2025-02-28,2025-03-02
DEL-001236,ORD-001236,2025-06-10,2025-06-11,Route-Addis-Central,9.0,2025-06-10,2025-06-11
DEL-001237,ORD-001237,2025-04-22,2025-04-24,Route-East-Awash,4.0,2025-04-22,2025-04-24
DEL-001238,ORD-001238,2025-11-01,2025-11-02,Route-East-Awash,6.0,2025-11-01,2025-11-02
DEL-001239,ORD-001239,2025-06-19,2025-06-21,Route-East-Awash,3.0,2025-06-19,2025-06-21
DEL-001240,ORD-001240,2025-08-10,2025-08-11,Route Addis Central,1.0,2025-08-10,2025-08-11
DEL-001242,ORD-001242,2025-11-16,2025-11-18,Route-North-Corridor,1.0,2025-11-16,2025-11-18
DEL-001243,ORD-001243,2025-03-30,2025-04-01,Route-East-Awash,3.0,2025-03-30,2025-04-01
DEL-001244,ORD-001244,2025-05-27,2025-05-28,Route-East-Awash,9.0,2025-05-27,2025-05-28
DEL-001245,ORD-001245,2025-11-10,2025-11-11,Route-West-Jimma,1.0,2025-11-10,2025-11-11
DEL-001246,ORD-001246,2025-12-26,2025-12-28,Route-West-Jimma,0.0,2025-12-26,2025-12-28
DEL-001247,ORD-001247,2025-12-12,2025-12-13,Route-South-Hawassa,1.0,2025-12-12,2025-12-13
DEL-001248,ORD-001248,2025-02-01,2025-02-03,Route-Addis-Central,3.0,2025-02-01,2025-02-03
DEL-001249,ORD-001249,2025-01-25,2025-01-28,Route-South-Hawassa,1.0,2025-01-25,2025-01-28
DEL-001250,ORD-001250,2025-12-19,2025-12-20,Route-South-Hawassa,2.0,2025-12-19,2025-12-20
DEL-001251,ORD-001251,2025-01-17,2025-01-18,Route-Addis-Central,3.0,2025-01-17,2025-01-18
DEL-001252,ORD-001252,2025-05-02,2025-05-05,Route-West-Jimma,1.0,2025-05-02,2025-05-05
DEL-001253,ORD-001253,2025-04-04,2025-04-06,Route-North-Corridor,5.0,2025-04-04,2025-04-06
DEL-001254,ORD-001254,2025-01-06,2025-01-08,Route-North-Corridor,0.0,2025-01-06,2025-01-08
DEL-001255,ORD-001255,2025-06-21,2025-06-22,Route-South-Hawassa,2.0,2025-06-21,2025-06-22
DEL-001256,ORD-001256,2025-07-18,2025-07-19,Route-Addis-Central,3.0,2025-07-18,2025-07-19
DEL-001257,ORD-001257,2025-04-18,2025-04-19,Route-South-Hawassa,2.0,2025-04-18,2025-04-19
DEL-001258,ORD-001258,2025-11-26,2025-11-29,Route Addis Central,3.0,2025-11-26,2025-11-29
DEL-001259,ORD-001259,2025-10-13,2025-10-15,Route-North-Corridor,1.0,2025-10-13,2025-10-15
DEL-001260,ORD-001260,2025-08-29,2025-08-30,Route-South-Hawassa,1.0,2025-08-29,2025-08-30
DEL-001261,ORD-001261,2025-12-29,2025-12-30,Route-Addis-Central,1.0,2025-12-29,2025-12-30
DEL-001262,ORD-001262,2025-02-06,2025-02-07,Route-North-Corridor,8.0,2025-02-06,2025-02-07
DEL-001263,ORD-001263,2025-06-19,2025-06-20,Route-East-Awash,4.0,2025-06-19,2025-06-20
DEL-001264,ORD-001264,2025-05-18,2025-05-19,Route-South-Hawassa,4.0,2025-05-18,2025-05-19
DEL-001265,ORD-001265,2025-05-23,2025-05-24,Route-Addis-Central,4.0,2025-05-23,2025-05-24
DEL-001266,ORD-001266,2025-05-22,2025-05-23,Route-Addis-Central,15.0,2025-05-22,2025-05-23
DEL-001267,ORD-001267,2025-12-02,2025-12-04,Route-Addis-Central,3.0,2025-12-02,2025-12-04
DEL-001268,ORD-001268,2025-11-22,2025-11-24,Route-West-Jimma,0.0,2025-11-22,2025-11-24
DEL-001269,ORD-001269,2025-07-05,2025-07-06,Route-South-Hawassa,9.0,2025-07-05,2025-07-06
DEL-001270,ORD-001270,2025-09-13,2025-09-15,Route-East-Awash,1.0,2025-09-13,2025-09-15
DEL-001271,ORD-001271,2025-02-03,2025-02-04,Route-West-Jimma,2.0,2025-02-03,2025-02-04
DEL-001272,ORD-001272,2025-04-07,2025-04-09,Route-South-Hawassa,1.0,2025-04-07,2025-04-09
DEL-001273,ORD-001273,2025-09-05,2025-09-06,Route-South-Hawassa,7.0,2025-09-05,2025-09-06
DEL-001274,ORD-001274,2025-07-22,2025-07-24,Route-South-Hawassa,4.0,2025-07-22,2025-07-24
DEL-001275,ORD-001275,2025-02-12,2025-02-14,Route-South-Hawassa,3.0,2025-02-12,2025-02-14
DEL-001276,ORD-001276,2025-03-01,2025-03-03,Route-Addis-Central,3.0,2025-03-01,2025-03-03
DEL-001277,ORD-001277,2025-10-05,2025-10-06,Route-South-Hawassa,2.0,2025-10-05,2025-10-06
DEL-001278,ORD-001278,2025-06-16,2025-06-17,Route-East-Awash,1.0,2025-06-16,2025-06-17
DEL-001279,ORD-001279,2025-06-10,2025-06-12,Route-West-Jimma,3.0,2025-06-10,2025-06-12
DEL-001280,ORD-001280,2025-12-12,2025-12-13,Route-North-Corridor,3.0,2025-12-12,2025-12-13
DEL-001281,ORD-001281,2025-01-14,2025-01-15,Route-Addis-Central,6.0,2025-01-14,2025-01-15
DEL-001282,ORD-001282,2025-02-08,2025-02-11,Route-East-Awash,1.0,2025-02-08,2025-02-11
DEL-001283,ORD-001283,2025-01-13,2025-01-16,Route-Addis-Central,1.0,2025-01-13,2025-01-16
DEL-001284,ORD-001284,2025-07-08,2025-07-10,Route-West-Jimma,1.0,2025-07-08,2025-07-10
DEL-001285,ORD-001285,2025-03-04,2025-03-05,Route-Addis-Central,1.0,2025-03-04,2025-03-05
DEL-001286,ORD-001286,2025-02-27,2025-03-02,Route-South-Hawassa,4.0,2025-02-27,2025-03-02
DEL-001287,ORD-001287,2025-09-25,2025-09-26,Route Addis Central,6.0,2025-09-25,2025-09-26
DEL-001288,ORD-001288,2025-06-06,2025-06-07,Route-Addis-Central,1.0,2025-06-06,2025-06-07
DEL-001289,ORD-001289,2025-11-06,2025-11-07,Route-South-Hawassa,1.0,2025-11-06,2025-11-07
DEL-001290,ORD-001290,2025-03-12,2025-03-13,Route-West-Jimma,4.0,2025-03-12,2025-03-13
DEL-001291,ORD-001291,2025-03-06,2025-03-07,Route-West-Jimma,2.0,2025-03-06,2025-03-07
DEL-001292,ORD-001292,2025-10-19,2025-10-20,Route-East-Awash,,2025-10-19,2025-10-20
DEL-001293,ORD-001293,2025-07-22,2025-07-23,Route-North-Corridor,3.0,2025-07-22,2025-07-23
DEL-001294,ORD-001294,2025-07-08,2025-07-10,Route-West-Jimma,2.0,2025-07-08,2025-07-10
DEL-001295,ORD-001295,2025-12-14,2025-12-15,Route-Addis-Central,2.0,2025-12-14,2025-12-15
DEL-001296,ORD-001296,2025-11-29,2025-11-30,Route-South-Hawassa,1.0,2025-11-29,2025-11-30
DEL-001297,ORD-001297,2025-08-23,2025-08-25,Route-West-Jimma,3.0,2025-08-23,2025-08-25
DEL-001298,ORD-001298,2025-08-16,2025-08-17,Route-South-Hawassa,0.0,2025-08-16,2025-08-17
DEL-001299,ORD-001299,2025-01-28,2025-01-29,Route-North-Corridor,11.0,2025-01-28,2025-01-29
DEL-001300,ORD-001300,2025-04-06,2025-04-07,Route-East-Awash,11.0,2025-04-06,2025-04-07
DEL-001301,ORD-001301,2025-03-12,2025-03-13,Route-East-Awash,1.0,2025-03-12,2025-03-13
DEL-001302,ORD-001302,2025-10-20,2025-10-21,Route-West-Jimma,6.0,2025-10-20,2025-10-21
DEL-001303,ORD-001303,2025-12-15,2025-12-16,Route-East-Awash,4.0,2025-12-15,2025-12-16
DEL-001304,ORD-001304,2025-08-09,2025-08-11,Route-North-Corridor,2.0,2025-08-09,2025-08-11
DEL-001305,ORD-001305,2025-07-08,2025-07-10,Route-East-Awash,8.0,2025-07-08,2025-07-10
DEL-001306,ORD-001306,2025-10-09,2025-10-13,Route-North-Corridor,1.0,2025-10-09,2025-10-13
DEL-001307,ORD-001307,2025-09-05,2025-09-06,Route-Addis-Central,4.0,2025-09-05,2025-09-06
DEL-001308,ORD-001308,2025-06-26,2025-06-28,Route-Addis-Central,1.0,2025-06-26,2025-06-28
DEL-001309,ORD-001309,2025-02-24,2025-02-28,Route-North-Corridor,1.0,2025-02-24,2025-02-28
DEL-001310,ORD-001310,2025-06-02,2025-06-03,Route-Addis-Central,2.0,2025-06-02,2025-06-03
DEL-001311,ORD-001311,2025-07-04,2025-07-05,Route-Addis-Central,,2025-07-04,2025-07-05
DEL-001312,ORD-001312,2025-11-01,2025-11-05,Route-North-Corridor,4.0,2025-11-01,2025-11-05
DEL-001313,ORD-001313,2025-02-28,2025-03-01,Route-East-Awash,3.0,2025-02-28,2025-03-01
DEL-001314,ORD-001314,2025-07-17,2025-07-19,Route-West-Jimma,3.0,2025-07-17,2025-07-19
DEL-001315,ORD-001315,2025-07-28,2025-07-31,Route-West-Jimma,5.0,2025-07-28,2025-07-31
DEL-001316,ORD-001316,2025-04-16,2025-04-19,Route-North-Corridor,1.0,2025-04-16,2025-04-19
DEL-001317,ORD-001317,2025-12-14,2025-12-15,Route-Addis-Central,2.0,2025-12-14,2025-12-15
DEL-001318,ORD-001318,2025-03-04,2025-03-06,Route-Addis-Central,2.0,2025-03-04,2025-03-06
DEL-001319,ORD-001319,2025-10-04,2025-10-05,Route-East-Awash,1.0,2025-10-04,2025-10-05
DEL-001320,ORD-001320,2025-04-16,2025-04-17,ROUTE-NORTH-CORRIDOR,4.0,2025-04-16,2025-04-17
DEL-001321,ORD-001321,2025-06-20,2025-06-23,Route-North-Corridor,8.0,2025-06-20,2025-06-23
DEL-001322,ORD-001322,2025-02-24,2025-02-25,Route-East-Awash,3.0,2025-02-24,2025-02-25
DEL-001323,ORD-001323,2025-11-24,2025-11-25,Route-South-Hawassa,1.0,2025-11-24,2025-11-25
DEL-001324,ORD-001324,2025-12-19,2025-12-22,Route-South-Hawassa,4.0,2025-12-19,2025-12-22
DEL-001325,ORD-001325,2025-07-05,2025-07-06,Route-Addis-Central,2.0,2025-07-05,2025-07-06
DEL-001326,ORD-001326,2025-11-02,2025-11-04,Route-East-Awash,1.0,2025-11-02,2025-11-04
DEL-001327,ORD-001327,2025-09-26,2025-09-29,Route-South-Hawassa,2.0,2025-09-26,2025-09-29
DEL-001328,ORD-001328,2025-11-21,2025-11-22,Route-East-Awash,3.0,2025-11-21,2025-11-22
DEL-001329,ORD-001329,2025-12-11,2025-12-12,Route-West-Jimma,1.0,2025-12-11,2025-12-12
DEL-001330,ORD-001330,2025-08-17,2025-08-21,Route-West-Jimma,1.0,2025-08-17,2025-08-21
DEL-001331,ORD-001331,2025-07-29,2025-07-30,Route-West-Jimma,4.0,2025-07-29,2025-07-30
DEL-001332,ORD-001332,2025-09-09,2025-09-10,Route-West-Jimma,1.0,2025-09-09,2025-09-10
DEL-001333,ORD-001333,2025-04-16,2025-04-19,Route-North-Corridor,1.0,2025-04-16,2025-04-19
DEL-001334,ORD-001334,2025-10-25,2025-10-26,Route-Addis-Central,2.0,2025-10-25,2025-10-26
DEL-001335,ORD-001335,2025-04-25,2025-04-26,Route-North-Corridor,4.0,2025-04-25,2025-04-26
DEL-001336,ORD-001336,2025-02-24,2025-02-25,Route-Addis-Central,,2025-02-24,2025-02-25
DEL-001337,ORD-001337,2025-12-26,2025-12-28,Route-North-Corridor,2.0,2025-12-26,2025-12-28
DEL-001338,ORD-001338,2025-02-03,2025-02-04,Route-Addis-Central,2.0,2025-02-03,2025-02-04
DEL-001339,ORD-001339,2025-04-06,2025-04-10,Route-South-Hawassa,1.0,2025-04-06,2025-04-10
DEL-001340,ORD-001340,2025-09-11,2025-09-12,Route-South-Hawassa,1.0,2025-09-11,2025-09-12
DEL-001341,ORD-001341,2025-06-14,2025-06-17,Route-North-Corridor,2.0,2025-06-14,2025-06-17
DEL-001342,ORD-001342,2025-05-15,2025-05-17,Route-East-Awash,3.0,2025-05-15,2025-05-17
DEL-001343,ORD-001343,2025-09-24,2025-09-26,Route-South-Hawassa,0.0,2025-09-24,2025-09-26
DEL-001344,ORD-001344,2025-03-07,2025-03-10,Route-South-Hawassa,2.0,2025-03-07,2025-03-10
DEL-001345,ORD-001345,2025-11-30,2025-12-01,Route-Addis-Central,2.0,2025-11-30,2025-12-01
DEL-001346,ORD-001346,2025-09-03,2025-09-05,Route-South-Hawassa,3.0,2025-09-03,2025-09-05
DEL-001347,ORD-001347,2025-04-25,2025-04-26,Route-West-Jimma,3.0,2025-04-25,2025-04-26
DEL-001348,ORD-001348,2025-12-24,2025-12-25,Route-East-Awash,4.0,2025-12-24,2025-12-25
DEL-001349,ORD-001349,2025-01-17,2025-01-18,Route-Addis-Central,8.0,2025-01-17,2025-01-18
DEL-001350,ORD-001350,2025-02-02,2025-02-03,Route-West-Jimma,2.0,2025-02-02,2025-02-03
DEL-001351,ORD-001351,2025-01-08,2025-01-09,Route-West-Jimma,300.0,2025-01-08,2025-01-09
DEL-001352,ORD-001352,2025-08-13,2025-08-14,Route-South-Hawassa,3.0,2025-08-13,2025-08-14
DEL-001353,ORD-001353,2025-02-01,2025-02-03,Route-West-Jimma,3.0,2025-02-01,2025-02-03
DEL-001354,ORD-001354,2025-12-17,2025-12-19,Route-North-Corridor,2.0,2025-12-17,2025-12-19
DEL-001355,ORD-001355,2025-04-16,2025-04-17,Route-East-Awash,7.0,2025-04-16,2025-04-17
DEL-001356,ORD-001356,2025-08-06,2025-08-07,Route-South-Hawassa,1.0,2025-08-06,2025-08-07
DEL-001357,ORD-001357,2025-08-28,2025-08-29,Route-South-Hawassa,1.0,2025-08-28,2025-08-29
DEL-001358,ORD-001358,2025-03-12,2025-03-15,Route-South-Hawassa,6.0,2025-03-12,2025-03-15
DEL-001359,ORD-001359,2025-05-24,2025-05-25,Route-East-Awash,2.0,2025-05-24,2025-05-25
DEL-001360,ORD-001360,2025-07-30,2025-07-31,Route-North-Corridor,3.0,2025-07-30,2025-07-31
DEL-001361,ORD-001361,2025-12-15,2025-12-18,Route-South-Hawassa,4.0,2025-12-15,2025-12-18
DEL-001362,ORD-001362,2025-07-18,2025-07-19,Route-South-Hawassa,1.0,2025-07-18,2025-07-19
DEL-001363,ORD-001363,2025-06-22,2025-06-25,Route-Addis-Central,4.0,2025-06-22,2025-06-25
DEL-001364,ORD-001364,2025-07-07,2025-07-08,Route-North-Corridor,5.0,2025-07-07,2025-07-08
DEL-001365,ORD-001365,2025-06-10,2025-06-11,Route-West-Jimma,9.0,2025-06-10,2025-06-11
DEL-001366,ORD-001366,2025-10-11,2025-10-13,Route-South-Hawassa,6.0,2025-10-11,2025-10-13
DEL-001367,ORD-001367,2025-01-30,2025-02-01,Route-South-Hawassa,5.0,2025-01-30,2025-02-01
DEL-001368,ORD-001368,2025-02-25,2025-02-26,Route-North-Corridor,4.0,2025-02-25,2025-02-26
DEL-001369,ORD-001369,2025-03-29,2025-03-30,Route-South-Hawassa,5.0,2025-03-29,2025-03-30
DEL-001370,ORD-001370,2025-08-21,2025-08-23,Route-Addis-Central,6.0,2025-08-21,2025-08-23
DEL-001371,ORD-001371,2025-09-27,2025-09-29,Route-South-Hawassa,1.0,2025-09-27,2025-09-29
DEL-001372,ORD-001372,2025-04-20,2025-04-21,Route-East-Awash,0.0,2025-04-20,2025-04-21
DEL-001373,ORD-001373,2025-10-16,2025-10-17,Route-East-Awash,2.0,2025-10-16,2025-10-17
DEL-001374,ORD-001374,2025-02-13,2025-02-14,Route-South-Hawassa,2.0,2025-02-13,2025-02-14
DEL-001375,ORD-001375,2025-02-14,2025-02-15,Route-South-Hawassa,6.0,2025-02-14,2025-02-15
DEL-001376,ORD-001376,2025-09-11,2025-09-13,,1.0,2025-09-11,2025-09-13
DEL-001377,ORD-001377,2025-08-17,2025-08-20,Route-North-Corridor,0.0,2025-08-17,2025-08-20
DEL-001378,ORD-001378,2025-07-21,2025-07-23,Route-Addis-Central,1.0,2025-07-21,2025-07-23
DEL-001379,ORD-001379,2025-12-14,2025-12-15,Route-South-Hawassa,2.0,2025-12-14,2025-12-15
DEL-001380,ORD-001380,2025-05-06,2025-05-07,Route-West-Jimma,1.0,2025-05-06,2025-05-07
DEL-001381,ORD-001381,2025-02-05,2025-02-09,Route-East-Awash,6.0,2025-02-05,2025-02-09
DEL-001382,ORD-001382,2025-11-16,2025-11-17,Route-East-Awash,9.0,2025-11-16,2025-11-17
DEL-001383,ORD-001383,2025-08-06,2025-08-07,Route-Addis-Central,19.0,2025-08-06,2025-08-07
DEL-001384,ORD-001384,2025-01-03,2025-01-04,Route-South-Hawassa,1.0,2025-01-03,2025-01-04
DEL-001385,ORD-001385,2025-10-20,2025-10-21,Route-North-Corridor,3.0,2025-10-20,2025-10-21
DEL-001386,ORD-001386,2025-03-28,2025-03-29,Route-Addis-Central,3.0,2025-03-28,2025-03-29
DEL-001387,ORD-001387,2025-05-30,2025-05-31,Route-East-Awash,1.0,2025-05-30,2025-05-31
DEL-001388,ORD-001388,2025-11-26,2025-11-30,Route-West-Jimma,6.0,2025-11-26,2025-11-30
DEL-001389,ORD-001389,2025-02-05,2025-02-09,Route-North-Corridor,2.0,2025-02-05,2025-02-09
DEL-001390,ORD-001390,2025-01-14,2025-01-15,Route-South-Hawassa,0.0,2025-01-14,2025-01-15
DEL-001391,ORD-001391,2025-04-22,2025-04-24,Route-North-Corridor,1.0,2025-04-22,2025-04-24
DEL-001392,ORD-001392,2025-11-28,2025-11-29,Route-North-Corridor,1.0,2025-11-28,2025-11-29
DEL-001393,ORD-001393,2025-04-17,2025-04-19,Route-South-Hawassa,3.0,2025-04-17,2025-04-19
DEL-001394,ORD-001394,2025-06-01,2025-06-02,Route-South-Hawassa,,2025-06-01,2025-06-02
DEL-001395,ORD-001395,2025-08-04,2025-08-05,Route-South-Hawassa,3.0,2025-08-04,2025-08-05
DEL-001396,ORD-001396,2025-05-02,2025-05-03,Route-Addis-Central,5.0,2025-05-02,2025-05-03
DEL-001397,ORD-001397,2025-08-10,2025-08-11,ROUTE-NORTH-CORRIDOR,0.0,2025-08-10,2025-08-11
DEL-001398,ORD-001398,2025-05-10,2025-05-13,Route-Addis-Central,17.0,2025-05-10,2025-05-13
DEL-001399,ORD-001399,2025-11-18,2025-11-19,Route-West-Jimma,0.0,2025-11-18,2025-11-19
DEL-001400,ORD-001400,2025-03-07,2025-03-08,Route-South-Hawassa,1.0,2025-03-07,2025-03-08
DEL-001401,ORD-001401,2025-11-24,2025-11-25,Route-South-Hawassa,1.0,2025-11-24,2025-11-25
DEL-001402,ORD-001402,2025-06-21,2025-06-24,Route-West-Jimma,3.0,2025-06-21,2025-06-24
DEL-001403,ORD-001403,2025-01-27,2025-01-28,Route-Addis-Central,3.0,2025-01-27,2025-01-28
DEL-001404,ORD-001404,2025-07-30,2025-07-31,Route-South-Hawassa,1.0,2025-07-30,2025-07-31
DEL-001405,ORD-001405,2025-11-26,2025-11-28,Route-East-Awash,2.0,2025-11-26,2025-11-28
DEL-001406,ORD-001406,2025-07-04,2025-07-06,Route-North-Corridor,2.0,2025-07-04,2025-07-06
DEL-001407,ORD-001407,2025-09-02,2025-09-03,Route-East-Awash,3.0,2025-09-02,2025-09-03
DEL-001408,ORD-001408,2025-10-09,2025-10-11,Route-North-Corridor,2.0,2025-10-09,2025-10-11
DEL-001409,ORD-001409,2025-10-23,2025-10-25,Route-Addis-Central,4.0,2025-10-23,2025-10-25
DEL-001410,ORD-001410,2025-05-31,2025-06-01,Route-West-Jimma,4.0,2025-05-31,2025-06-01
DEL-001411,ORD-001411,2025-01-06,2025-01-07,Route-South-Hawassa,,2025-01-06,2025-01-07
DEL-001412,ORD-001412,2025-03-02,2025-03-03,Route-Addis-Central,3.0,2025-03-02,2025-03-03
DEL-001413,ORD-001413,2025-06-06,2025-06-07,Route-South-Hawassa,8.0,2025-06-06,2025-06-07
DEL-001414,ORD-001414,2025-09-29,2025-10-03,Route-South-Hawassa,,2025-09-29,2025-10-03
DEL-001415,ORD-001415,2025-11-20,2025-11-21,Route-East-Awash,3.0,2025-11-20,2025-11-21
DEL-001416,ORD-001416,2025-12-24,2025-12-28,Route-North-Corridor,6.0,2025-12-24,2025-12-28
DEL-001417,ORD-001417,2025-03-30,2025-04-01,Route-North-Corridor,0.0,2025-03-30,2025-04-01
DEL-001418,ORD-001418,2025-04-19,2025-04-21,Route-Addis-Central,2.0,2025-04-19,2025-04-21
DEL-001419,ORD-001419,2025-01-13,2025-01-14,Route-South-Hawassa,14.0,2025-01-13,2025-01-14
DEL-001420,ORD-001420,2025-12-08,2025-12-09,Route-South-Hawassa,6.0,2025-12-08,2025-12-09
DEL-001421,ORD-001421,2025-06-23,2025-06-25,Route-Addis-Central,8.0,2025-06-23,2025-06-25
DEL-001422,ORD-001422,2025-04-11,2025-04-14,Route-South-Hawassa,2.0,2025-04-11,2025-04-14
DEL-001423,ORD-001423,2025-07-13,2025-07-14,Route-Addis-Central,2.0,2025-07-13,2025-07-14
DEL-001424,ORD-001424,2025-02-14,2025-02-15,Route-East-Awash,3.0,2025-02-14,2025-02-15
DEL-001425,ORD-001425,2025-09-04,2025-09-05,Route-Addis-Central,0.0,2025-09-04,2025-09-05
DEL-001426,ORD-001426,2025-06-17,2025-06-20,Route-Addis-Central,14.0,2025-06-17,2025-06-20
DEL-001427,ORD-001427,2025-09-19,2025-09-22,Route-West-Jimma,1.0,2025-09-19,2025-09-22
DEL-001428,ORD-001428,2025-02-21,2025-02-23,Route Addis Central,1.0,2025-02-21,2025-02-23
DEL-001429,ORD-001429,2025-04-07,2025-04-08,Route-Addis-Central,2.0,2025-04-07,2025-04-08
DEL-001430,ORD-001430,2025-03-03,2025-03-06,Route-North-Corridor,3.0,2025-03-03,2025-03-06
DEL-001431,ORD-001431,2025-10-25,2025-10-27,Route-East-Awash,2.0,2025-10-25,2025-10-27
DEL-001432,ORD-001432,2025-08-15,2025-08-19,Route-East-Awash,1.0,2025-08-15,2025-08-19
DEL-001433,ORD-001433,2025-02-06,2025-02-07,Route-Addis-Central,,2025-02-06,2025-02-07
DEL-001434,ORD-001434,2025-05-03,2025-05-04,Route-West-Jimma,5.0,2025-05-03,2025-05-04
DEL-001435,ORD-001435,2025-02-09,2025-02-10,Route-Addis-Central,3.0,2025-02-09,2025-02-10
DEL-001436,ORD-001436,2025-03-12,2025-03-14,Route-East-Awash,1.0,2025-03-12,2025-03-14
DEL-001437,ORD-001437,2025-02-15,2025-02-16,Route-South-Hawassa,1.0,2025-02-15,2025-02-16
DEL-001438,ORD-001438,2025-12-23,2025-12-24,Route-West-Jimma,1.0,2025-12-23,2025-12-24
DEL-001439,ORD-001439,2025-10-20,2025-10-21,Route-South-Hawassa,3.0,2025-10-20,2025-10-21
DEL-001440,ORD-001440,2025-08-23,2025-08-24,Route-Addis-Central,6.0,2025-08-23,2025-08-24
DEL-001441,ORD-001441,2025-02-25,2025-02-27,Route-West-Jimma,4.0,2025-02-25,2025-02-27
DEL-001442,ORD-001442,2025-02-13,2025-02-14,Route-East-Awash,1.0,2025-02-13,2025-02-14
DEL-001443,ORD-001443,2025-02-04,2025-02-05,Route-South-Hawassa,4.0,2025-02-04,2025-02-05
DEL-001444,ORD-001444,2025-07-27,2025-07-30,Route-South-Hawassa,0.0,2025-07-27,2025-07-30
DEL-001445,ORD-001445,2025-11-21,2025-11-23,Route-North-Corridor,2.0,2025-11-21,2025-11-23
DEL-001446,ORD-001446,2025-07-12,2025-07-15,Route-North-Corridor,1.0,2025-07-12,2025-07-15
DEL-001447,ORD-001447,2025-06-02,2025-06-03,Route-West-Jimma,0.0,2025-06-02,2025-06-03
DEL-001448,ORD-001448,2025-11-18,2025-11-21,Route-South-Hawassa,3.0,2025-11-18,2025-11-21
DEL-001449,ORD-001449,2025-02-18,2025-02-22,Route-South-Hawassa,2.0,2025-02-18,2025-02-22
DEL-001450,ORD-001450,2025-12-19,2025-12-22,Route-North-Corridor,4.0,2025-12-19,2025-12-22
DEL-001451,ORD-001451,2025-06-16,2025-06-18,Route-Addis-Central,4.0,2025-06-16,2025-06-18
DEL-001452,ORD-001452,2025-01-28,2025-01-30,Route-North-Corridor,1.0,2025-01-28,2025-01-30
DEL-001453,ORD-001453,2025-09-16,2025-09-17,Route-Addis-Central,2.0,2025-09-16,2025-09-17
DEL-001454,ORD-001454,2025-09-26,2025-09-27,ROUTE-NORTH-CORRIDOR,5.0,2025-09-26,2025-09-27
DEL-001455,ORD-001455,2025-03-21,2025-03-23,Route-Addis-Central,5.0,2025-03-21,2025-03-23
DEL-001456,ORD-001456,2025-07-17,2025-07-18,Route-East-Awash,1.0,2025-07-17,2025-07-18
DEL-001457,ORD-001457,2025-03-01,2025-03-02,Route-West-Jimma,2.0,2025-03-01,2025-03-02
DEL-001458,ORD-001458,2025-06-30,2025-07-01,Route-East-Awash,3.0,2025-06-30,2025-07-01
DEL-001459,ORD-001459,2025-10-30,2025-11-01,Route-South-Hawassa,3.0,2025-10-30,2025-11-01
DEL-001460,ORD-001460,2025-03-16,2025-03-19,Route-South-Hawassa,4.0,2025-03-16,2025-03-19
DEL-001461,ORD-001461,2025-07-29,2025-07-30,Route-South-Hawassa,5.0,2025-07-29,2025-07-30
DEL-001462,ORD-001462,2025-09-17,2025-09-19,Route-North-Corridor,1.0,2025-09-17,2025-09-19
DEL-001463,ORD-001463,2025-11-02,2025-11-03,Route-East-Awash,3.0,2025-11-02,2025-11-03
DEL-001464,ORD-001464,2025-09-10,2025-09-12,Route-North-Corridor,4.0,2025-09-10,2025-09-12
DEL-001465,ORD-001465,2025-05-13,2025-05-15,Route-Addis-Central,6.0,2025-05-13,2025-05-15
DEL-001466,ORD-001466,2025-11-08,2025-11-10,Route-Addis-Central,3.0,2025-11-08,2025-11-10
DEL-001467,ORD-001467,2025-12-02,2025-12-04,Route-West-Jimma,6.0,2025-12-02,2025-12-04
DEL-001468,ORD-001468,2025-08-30,2025-08-31,Route-East-Awash,4.0,2025-08-30,2025-08-31
DEL-001469,ORD-001469,2025-11-23,2025-11-24,Route-North-Corridor,0.0,2025-11-23,2025-11-24
DEL-001470,ORD-001470,2025-02-28,2025-03-01,Route-West-Jimma,,2025-02-28,2025-03-01
DEL-001471,ORD-001471,2025-12-07,2025-12-09,Route-East-Awash,2.0,2025-12-07,2025-12-09
DEL-001472,ORD-001472,2025-12-07,2025-12-08,Route-West-Jimma,3.0,2025-12-07,2025-12-08
DEL-001473,ORD-001473,2025-09-10,2025-09-12,Route Addis Central,10.0,2025-09-10,2025-09-12
DEL-001474,ORD-001474,2025-12-21,2025-12-24,Route-West-Jimma,3.0,2025-12-21,2025-12-24
DEL-001475,ORD-001475,2025-12-12,2025-12-13,Route-East-Awash,7.0,2025-12-12,2025-12-13
DEL-001476,ORD-001476,2025-04-07,2025-04-09,Route-East-Awash,1.0,2025-04-07,2025-04-09
DEL-001477,ORD-001477,2025-07-23,2025-07-25,Route-South-Hawassa,4.0,2025-07-23,2025-07-25
DEL-001478,ORD-001478,2025-03-01,2025-03-02,Route-Addis-Central,4.0,2025-03-01,2025-03-02
DEL-001479,ORD-001479,2025-08-05,2025-08-08,Route-West-Jimma,2.0,2025-08-05,2025-08-08
DEL-001480,ORD-001480,2025-01-15,2025-01-17,Route-East-Awash,1.0,2025-01-15,2025-01-17
DEL-001481,ORD-001481,2025-03-03,2025-03-04,Route-East-Awash,0.0,2025-03-03,2025-03-04
DEL-001482,ORD-001482,2025-10-18,2025-10-19,Route-West-Jimma,9.0,2025-10-18,2025-10-19
DEL-001483,ORD-001483,2025-03-16,2025-03-17,Route-East-Awash,3.0,2025-03-16,2025-03-17
DEL-001484,ORD-001484,2025-03-12,2025-03-16,Route-West-Jimma,0.0,2025-03-12,2025-03-16
DEL-001485,ORD-001485,2025-05-20,2025-05-24,Route-South-Hawassa,2.0,2025-05-20,2025-05-24
DEL-001486,ORD-001486,2025-10-02,2025-10-03,Route-West-Jimma,4.0,2025-10-02,2025-10-03
DEL-001487,ORD-001487,2025-10-05,2025-10-07,ROUTE-NORTH-CORRIDOR,2.0,2025-10-05,2025-10-07
DEL-001488,ORD-001488,2025-11-08,2025-11-09,Route-Addis-Central,1.0,2025-11-08,2025-11-09
DEL-001489,ORD-001489,2025-10-18,2025-10-19,Route-Addis-Central,8.0,2025-10-18,2025-10-19
DEL-001490,ORD-001490,2025-09-12,2025-09-13,Route-North-Corridor,2.0,2025-09-12,2025-09-13
DEL-001491,ORD-001491,2025-08-15,2025-08-16,Route-Addis-Central,0.0,2025-08-15,2025-08-16
DEL-001492,ORD-001492,2025-02-10,2025-02-13,,3.0,2025-02-10,2025-02-13
DEL-001493,ORD-001493,2025-01-28,2025-01-31,Route-Addis-Central,4.0,2025-01-28,2025-01-31
DEL-001494,ORD-001494,2025-07-16,2025-07-18,Route-North-Corridor,0.0,2025-07-16,2025-07-18
DEL-001495,ORD-001495,2025-01-31,2025-02-01,Route-South-Hawassa,1.0,2025-01-31,2025-02-01
DEL-001496,ORD-001496,2025-03-03,2025-03-05,Route-Addis-Central,1.0,2025-03-03,2025-03-05
DEL-001497,ORD-001497,2025-10-09,2025-10-11,Route-East-Awash,2.0,2025-10-09,2025-10-11
DEL-001498,ORD-001498,2025-08-16,2025-08-17,Route-East-Awash,0.0,2025-08-16,2025-08-17
DEL-001499,ORD-001499,2025-10-26,2025-10-29,Route-North-Corridor,3.0,2025-10-26,2025-10-29
DEL-001500,ORD-001500,2025-03-19,2025-03-21,Route-South-Hawassa,2.0,2025-03-19,2025-03-21
DEL-001501,ORD-001501,2025-06-28,2025-06-30,Route-South-Hawassa,3.0,2025-06-28,2025-06-30
DEL-001502,ORD-001502,2025-11-05,2025-11-07,Route-North-Corridor,1.0,2025-11-05,2025-11-07
DEL-001503,ORD-001503,2025-11-04,2025-11-05,Route-East-Awash,4.0,2025-11-04,2025-11-05
DEL-001504,ORD-001504,2025-09-13,2025-09-14,Route-West-Jimma,3.0,2025-09-13,2025-09-14
DEL-001505,ORD-001505,2025-11-28,2025-11-29,,2.0,2025-11-28,2025-11-29
DEL-001506,ORD-001506,2025-08-18,2025-08-19,Route-Addis-Central,1.0,2025-08-18,2025-08-19
DEL-001507,ORD-001507,2025-10-22,2025-10-25,Route-Addis-Central,1.0,2025-10-22,2025-10-25
DEL-001508,ORD-001508,2025-04-13,2025-04-16,Route-Addis-Central,3.0,2025-04-13,2025-04-16
DEL-001509,ORD-001509,2025-10-11,2025-10-12,Route-South-Hawassa,,2025-10-11,2025-10-12
DEL-001510,ORD-001510,2025-06-03,2025-06-06,Route-Addis-Central,2.0,2025-06-03,2025-06-06
DEL-001511,ORD-001511,2025-12-20,2025-12-22,Route-South-Hawassa,4.0,2025-12-20,2025-12-22
DEL-001512,ORD-001512,2025-05-09,2025-05-12,Route-East-Awash,2.0,2025-05-09,2025-05-12
DEL-001513,ORD-001513,2025-05-17,2025-05-19,Route-East-Awash,4.0,2025-05-17,2025-05-19
DEL-001514,ORD-001514,2025-03-11,2025-03-12,Route-North-Corridor,0.0,2025-03-11,2025-03-12
DEL-001515,ORD-001515,2025-05-27,2025-05-28,Route-North-Corridor,0.0,2025-05-27,2025-05-28
DEL-001516,ORD-001516,2025-02-28,2025-03-01,Route-North-Corridor,1.0,2025-02-28,2025-03-01
DEL-001517,ORD-001517,2025-12-23,2025-12-24,Route-West-Jimma,3.0,2025-12-23,2025-12-24
DEL-001518,ORD-001518,2025-01-15,2025-01-17,Route-Addis-Central,4.0,2025-01-15,2025-01-17
DEL-001519,ORD-001519,2025-04-18,2025-04-20,Route-East-Awash,2.0,2025-04-18,2025-04-20
DEL-001520,ORD-001520,2025-03-23,2025-03-24,Route-West-Jimma,1.0,2025-03-23,2025-03-24
DEL-001521,ORD-001521,2025-02-07,2025-02-09,Route-Addis-Central,1.0,2025-02-07,2025-02-09
DEL-001522,ORD-001522,2025-08-13,2025-08-16,Route-North-Corridor,6.0,2025-08-13,2025-08-16
DEL-001523,ORD-001523,2025-11-28,2025-12-02,Route-South-Hawassa,3.0,2025-11-28,2025-12-02
DEL-001524,ORD-001524,2025-04-15,2025-04-16,Route-Addis-Central,3.0,2025-04-15,2025-04-16
DEL-001525,ORD-001525,2025-09-21,2025-09-22,Route-Addis-Central,4.0,2025-09-21,2025-09-22
DEL-001526,ORD-001526,2025-03-26,2025-03-27,Route-North-Corridor,1.0,2025-03-26,2025-03-27
DEL-001527,ORD-001527,2025-05-27,2025-05-28,Route-Addis-Central,1.0,2025-05-27,2025-05-28
DEL-001528,ORD-001528,2025-04-24,2025-04-27,Route-Addis-Central,1.0,2025-04-24,2025-04-27
DEL-001529,ORD-001529,2025-05-09,2025-05-11,,2.0,2025-05-09,2025-05-11
DEL-001530,ORD-001530,2025-11-13,2025-11-14,Route-South-Hawassa,1.0,2025-11-13,2025-11-14
DEL-001531,ORD-001531,2025-03-01,2025-03-02,route-addis-central,4.0,2025-03-01,2025-03-02
DEL-001532,ORD-001532,2025-04-25,2025-04-27,Route-South-Hawassa,3.0,2025-04-25,2025-04-27
DEL-001533,ORD-001533,2025-11-04,2025-11-06,Route-Addis-Central,4.0,2025-11-04,2025-11-06
DEL-001534,ORD-001534,2025-03-15,2025-03-17,,4.0,2025-03-15,2025-03-17
DEL-001535,ORD-001535,2025-02-22,2025-02-23,Route-Addis-Central,2.0,2025-02-22,2025-02-23
DEL-001536,ORD-001536,2025-01-07,2025-01-08,Route-North-Corridor,2.0,2025-01-07,2025-01-08
DEL-001537,ORD-001537,2025-02-19,2025-02-20,Route-East-Awash,1.0,2025-02-19,2025-02-20
DEL-001538,ORD-001538,2025-05-27,2025-05-28,Route-West-Jimma,4.0,2025-05-27,2025-05-28
DEL-001539,ORD-001539,2025-08-06,2025-08-08,Route-South-Hawassa,2.0,2025-08-06,2025-08-08
DEL-001540,ORD-001540,2025-09-23,2025-09-24,Route-South-Hawassa,3.0,2025-09-23,2025-09-24
DEL-001541,ORD-001541,2025-01-21,2025-01-22,Route-East-Awash,4.0,2025-01-21,2025-01-22
DEL-001542,ORD-001542,2025-03-31,2025-04-02,,1.0,2025-03-31,2025-04-02
DEL-001543,ORD-001543,2025-04-30,2025-05-01,Route-Addis-Central,2.0,2025-04-30,2025-05-01
DEL-001544,ORD-001544,2025-03-16,2025-03-18,Route-West-Jimma,5.0,2025-03-16,2025-03-18
DEL-001545,ORD-001545,2025-04-19,2025-04-20,Route-East-Awash,2.0,2025-04-19,2025-04-20
DEL-001546,ORD-001546,2025-04-07,2025-04-09,Route-East-Awash,2.0,2025-04-07,2025-04-09
DEL-001547,ORD-001547,2025-03-24,2025-03-26,Route Addis Central,1.0,2025-03-24,2025-03-26
DEL-001548,ORD-001548,2025-08-14,2025-08-15,Route-Addis-Central,1.0,2025-08-14,2025-08-15
DEL-001549,ORD-001549,2025-11-13,2025-11-17,Route-Addis-Central,1.0,2025-11-13,2025-11-17
DEL-001550,ORD-001550,2025-08-19,2025-08-20,Route-Addis-Central,1.0,2025-08-19,2025-08-20
DEL-001552,ORD-001552,2025-03-26,2025-03-27,Route Addis Central,18.0,2025-03-26,2025-03-27
DEL-001553,ORD-001553,2025-02-10,2025-02-12,Route-East-Awash,0.0,2025-02-10,2025-02-12
DEL-001554,ORD-001554,2025-07-30,2025-08-01,Route-West-Jimma,4.0,2025-07-30,2025-08-01
DEL-001555,ORD-001555,2025-12-01,2025-12-05,Route-South-Hawassa,1.0,2025-12-01,2025-12-05
DEL-001556,ORD-001556,2025-09-30,2025-10-02,Route-South-Hawassa,1.0,2025-09-30,2025-10-02
DEL-001557,ORD-001557,2025-09-28,2025-09-30,Route-South-Hawassa,2.0,2025-09-28,2025-09-30
DEL-001558,ORD-001558,2025-12-21,2025-12-22,Route Addis Central,1.0,2025-12-21,2025-12-22
DEL-001559,ORD-001559,2025-12-07,2025-12-10,Route Addis Central,14.0,2025-12-07,2025-12-10
DEL-001560,ORD-001560,2025-06-10,2025-06-11,Route-South-Hawassa,2.0,2025-06-10,2025-06-11
DEL-001561,ORD-001561,2025-10-02,2026-03-31,Route-West-Jimma,3.0,2025-10-02,2026-03-31
DEL-001562,ORD-001562,2025-11-09,2025-11-10,Route-East-Awash,5.0,2025-11-09,2025-11-10
DEL-001563,ORD-001563,2025-08-05,2025-08-06,Route-East-Awash,4.0,2025-08-05,2025-08-06
DEL-001564,ORD-001564,2025-04-27,2025-04-29,Route-West-Jimma,2.0,2025-04-27,2025-04-29
DEL-001565,ORD-001565,2025-09-08,2025-09-09,Route-South-Hawassa,5.0,2025-09-08,2025-09-09
DEL-001566,ORD-001566,2025-04-23,2025-04-24,Route-West-Jimma,1.0,2025-04-23,2025-04-24
DEL-001567,ORD-001567,2025-03-10,2025-03-12,Route-Addis-Central,3.0,2025-03-10,2025-03-12
DEL-001568,ORD-001568,2025-11-29,2025-12-01,Route-North-Corridor,6.0,2025-11-29,2025-12-01
DEL-001569,ORD-001569,2025-08-30,2025-09-03,Route-East-Awash,1.0,2025-08-30,2025-09-03
DEL-001570,ORD-001570,2025-03-19,2025-03-20,Route-North-Corridor,7.0,2025-03-19,2025-03-20
DEL-001571,ORD-001571,2025-03-26,2025-03-28,Route-Addis-Central,2.0,2025-03-26,2025-03-28
DEL-001572,ORD-001572,2025-10-02,2025-10-03,Route-South-Hawassa,3.0,2025-10-02,2025-10-03
DEL-001573,ORD-001573,2025-10-29,2025-10-31,Route-East-Awash,0.0,2025-10-29,2025-10-31
DEL-001574,ORD-001574,2025-07-19,2025-07-21,Route-Addis-Central,6.0,2025-07-19,2025-07-21
DEL-001575,ORD-001575,2025-09-18,2025-09-19,Route-East-Awash,3.0,2025-09-18,2025-09-19
DEL-001576,ORD-001576,2025-06-03,2025-06-05,Route-South-Hawassa,1.0,2025-06-03,2025-06-05
DEL-001577,ORD-001577,2025-08-30,2025-08-31,Route-North-Corridor,5.0,2025-08-30,2025-08-31
DEL-001578,ORD-001578,2025-03-17,2025-03-18,Route-East-Awash,9.0,2025-03-17,2025-03-18
DEL-001579,ORD-001579,2025-09-11,2025-09-13,Route-Addis-Central,1.0,2025-09-11,2025-09-13
DEL-001580,ORD-001580,2025-08-20,2025-08-21,Route-South-Hawassa,1.0,2025-08-20,2025-08-21
DEL-001581,ORD-001581,2025-05-16,2025-05-19,Route-East-Awash,1.0,2025-05-16,2025-05-19
DEL-001582,ORD-001582,2025-07-27,2025-07-31,Route-West-Jimma,2.0,2025-07-27,2025-07-31
DEL-001583,ORD-001583,2025-01-12,2025-01-13,Route-East-Awash,4.0,2025-01-12,2025-01-13
DEL-001584,ORD-001584,2025-04-03,2025-04-04,Route-East-Awash,,2025-04-03,2025-04-04
DEL-001585,ORD-001585,2025-12-28,2025-12-30,Route-East-Awash,3.0,2025-12-28,2025-12-30
DEL-001586,ORD-001586,2025-12-20,2025-12-22,Route-East-Awash,2.0,2025-12-20,2025-12-22
DEL-001587,ORD-001587,2025-08-25,2025-08-27,Route-West-Jimma,4.0,2025-08-25,2025-08-27
DEL-001588,ORD-001588,2025-12-03,2025-12-04,Route-Addis-Central,2.0,2025-12-03,2025-12-04
DEL-001589,ORD-001589,2025-04-14,2025-04-15,Route-Addis-Central,5.0,2025-04-14,2025-04-15
DEL-001590,ORD-001590,2025-11-08,2025-11-09,Route-South-Hawassa,,2025-11-08,2025-11-09
DEL-001591,ORD-001591,2025-05-03,2025-05-05,Route-North-Corridor,,2025-05-03,2025-05-05
DEL-001592,ORD-001592,2025-04-04,2025-04-06,Route-West-Jimma,0.0,2025-04-04,2025-04-06
DEL-001593,ORD-001593,2025-04-20,2025-04-21,Route Addis Central,5.0,2025-04-20,2025-04-21
DEL-001594,ORD-001594,2025-07-14,2025-07-16,Route-South-Hawassa,1.0,2025-07-14,2025-07-16
DEL-001595,ORD-001595,2025-05-07,2025-05-09,ROUTE-NORTH-CORRIDOR,2.0,2025-05-07,2025-05-09
DEL-001596,ORD-001596,2025-09-07,2025-09-08,Route-East-Awash,1.0,2025-09-07,2025-09-08
DEL-001597,ORD-001597,2025-11-04,2025-11-06,Route-East-Awash,4.0,2025-11-04,2025-11-06
DEL-001598,ORD-001598,2025-05-23,2025-05-25,Route-East-Awash,2.0,2025-05-23,2025-05-25
DEL-001599,ORD-001599,2025-10-13,2025-10-16,Route-North-Corridor,3.0,2025-10-13,2025-10-16
DEL-001600,ORD-001600,2025-03-30,2025-03-31,Route-North-Corridor,3.0,2025-03-30,2025-03-31
DEL-001601,ORD-001601,2025-03-06,2025-03-07,Route-West-Jimma,1.0,2025-03-06,2025-03-07
DEL-001602,ORD-001602,2025-08-26,2025-08-27,Route-Addis-Central,10.0,2025-08-26,2025-08-27
DEL-001603,ORD-001603,2025-09-11,2025-09-14,Route-South-Hawassa,1.0,2025-09-11,2025-09-14
DEL-001604,ORD-001604,2025-07-21,2025-07-23,Route-East-Awash,4.0,2025-07-21,2025-07-23
DEL-001605,ORD-001605,2025-09-08,2025-09-09,Route-North-Corridor,2.0,2025-09-08,2025-09-09
DEL-001606,ORD-001606,2025-08-05,2025-08-06,Route-West-Jimma,2.0,2025-08-05,2025-08-06
DEL-001607,ORD-001607,2025-11-27,2025-11-29,Route-Addis-Central,4.0,2025-11-27,2025-11-29
DEL-001608,ORD-001608,2025-07-02,2025-07-03,Route-South-Hawassa,4.0,2025-07-02,2025-07-03
DEL-001609,ORD-001609,2025-10-07,2025-10-09,Route-West-Jimma,3.0,2025-10-07,2025-10-09
DEL-001610,ORD-001610,2025-02-26,2025-02-27,Route-West-Jimma,3.0,2025-02-26,2025-02-27
DEL-001611,ORD-001611,2025-03-29,2025-04-01,Route-North-Corridor,2.0,2025-03-29,2025-04-01
DEL-001612,ORD-001612,2025-11-25,2025-11-28,Route-North-Corridor,2.0,2025-11-25,2025-11-28
DEL-001613,ORD-001613,2025-04-17,2025-04-20,Route-West-Jimma,4.0,2025-04-17,2025-04-20
DEL-001614,ORD-001614,2025-09-15,2025-09-17,Route-East-Awash,3.0,2025-09-15,2025-09-17
DEL-001615,ORD-001615,2025-08-02,2025-08-03,Route-South-Hawassa,1.0,2025-08-02,2025-08-03
DEL-001616,ORD-001616,2025-04-24,2025-04-25,,0.0,2025-04-24,2025-04-25
DEL-001617,ORD-001617,2025-06-05,2025-06-06,Route-West-Jimma,4.0,2025-06-05,2025-06-06
DEL-001618,ORD-001618,2025-09-07,2025-09-08,Route-West-Jimma,1.0,2025-09-07,2025-09-08
DEL-001619,ORD-001619,2025-06-03,2025-06-05,Route-East-Awash,5.0,2025-06-03,2025-06-05
DEL-001620,ORD-001620,2025-07-22,2025-07-23,Route-South-Hawassa,4.0,2025-07-22,2025-07-23
DEL-001621,ORD-001621,2025-01-22,2025-01-24,Route-South-Hawassa,10.0,2025-01-22,2025-01-24
DEL-001622,ORD-001622,2025-11-27,2025-11-28,Route-South-Hawassa,3.0,2025-11-27,2025-11-28
DEL-001623,ORD-001623,2025-08-18,2025-08-19,Route-East-Awash,3.0,2025-08-18,2025-08-19
DEL-001624,ORD-001624,2025-12-16,2025-12-18,Route-North-Corridor,5.0,2025-12-16,2025-12-18
DEL-001625,ORD-001625,2025-06-14,2025-06-15,Route-Addis-Central,4.0,2025-06-14,2025-06-15
DEL-001626,ORD-001626,2025-08-10,2025-08-11,Route-South-Hawassa,3.0,2025-08-10,2025-08-11
DEL-001627,ORD-001627,2025-12-27,2025-12-30,Route Addis Central,4.0,2025-12-27,2025-12-30
DEL-001628,ORD-001628,2025-10-08,2025-10-09,Route-North-Corridor,1.0,2025-10-08,2025-10-09
DEL-001629,ORD-001629,2025-11-28,2025-11-30,Route-South-Hawassa,2.0,2025-11-28,2025-11-30
DEL-001630,ORD-001630,2025-11-01,2025-11-03,Route-West-Jimma,8.0,2025-11-01,2025-11-03
DEL-001631,ORD-001631,2025-01-20,2025-01-22,Route-Addis-Central,9.0,2025-01-20,2025-01-22
DEL-001632,ORD-001632,2025-04-06,2025-04-07,Route-North-Corridor,4.0,2025-04-06,2025-04-07
DEL-001633,ORD-001633,2025-11-17,2025-11-19,Route-East-Awash,2.0,2025-11-17,2025-11-19
DEL-001634,ORD-001634,2025-11-06,2025-11-07,Route-East-Awash,,2025-11-06,2025-11-07
DEL-001635,ORD-001635,2025-04-20,2025-04-24,Route-West-Jimma,1.0,2025-04-20,2025-04-24
DEL-001636,ORD-001636,2025-11-16,2025-11-17,Route-Addis-Central,4.0,2025-11-16,2025-11-17
DEL-001637,ORD-001637,2025-09-20,2025-09-23,Route-North-Corridor,5.0,2025-09-20,2025-09-23
DEL-001638,ORD-001638,2025-10-09,2025-10-10,Route-North-Corridor,1.0,2025-10-09,2025-10-10
DEL-001639,ORD-001639,2025-11-18,2025-11-19,Route-South-Hawassa,7.0,2025-11-18,2025-11-19
DEL-001640,ORD-001640,2025-06-24,2025-06-25,Route-East-Awash,2.0,2025-06-24,2025-06-25
DEL-001641,ORD-001641,2025-05-21,2025-05-22,Route-Addis-Central,2.0,2025-05-21,2025-05-22
DEL-001642,ORD-001642,2025-05-26,2025-05-27,Route-East-Awash,5.0,2025-05-26,2025-05-27
DEL-001643,ORD-001643,2025-07-17,2025-07-21,Route-South-Hawassa,4.0,2025-07-17,2025-07-21
DEL-001644,ORD-001644,2025-02-06,2025-02-07,Route-West-Jimma,1.0,2025-02-06,2025-02-07
DEL-001645,ORD-001645,2025-10-22,2025-10-23,Route-South-Hawassa,1.0,2025-10-22,2025-10-23
DEL-001646,ORD-001646,2025-04-04,2025-04-06,Route-Addis-Central,8.0,2025-04-04,2025-04-06
DEL-001647,ORD-001647,2025-08-28,2025-09-01,Route-East-Awash,6.0,2025-08-28,2025-09-01
DEL-001648,ORD-001648,2025-10-12,2025-10-13,Route-North-Corridor,1.0,2025-10-12,2025-10-13
DEL-001649,ORD-001649,2025-08-16,2025-08-17,Route-South-Hawassa,2.0,2025-08-16,2025-08-17
DEL-001650,ORD-001650,2025-03-19,2025-03-22,Route-East-Awash,1.0,2025-03-19,2025-03-22
DEL-001651,ORD-001651,2025-09-07,2025-09-10,ROUTE-NORTH-CORRIDOR,1.0,2025-09-07,2025-09-10
DEL-001652,ORD-001652,2025-06-15,2025-06-16,Route-Addis-Central,13.0,2025-06-15,2025-06-16
DEL-001653,ORD-001653,2025-12-19,2025-12-21,Route-Addis-Central,2.0,2025-12-19,2025-12-21
DEL-001654,ORD-001654,2025-01-03,2025-01-04,Route-West-Jimma,1.0,2025-01-03,2025-01-04
DEL-001655,ORD-001655,2025-11-21,2025-11-23,Route-Addis-Central,3.0,2025-11-21,2025-11-23
DEL-001656,ORD-001656,2025-09-23,2025-09-24,Route-East-Awash,4.0,2025-09-23,2025-09-24
DEL-001657,ORD-001657,2025-06-10,2025-06-11,Route-East-Awash,2.0,2025-06-10,2025-06-11
DEL-001658,ORD-001658,2025-11-20,2025-11-22,Route-West-Jimma,1.0,2025-11-20,2025-11-22
DEL-001659,ORD-001659,2025-09-15,2025-09-17,Route-West-Jimma,7.0,2025-09-15,2025-09-17
DEL-001660,ORD-001660,2025-03-10,2025-03-11,Route-South-Hawassa,2.0,2025-03-10,2025-03-11
DEL-001661,ORD-001661,2025-01-08,2025-01-11,Route-East-Awash,4.0,2025-01-08,2025-01-11
DEL-001662,ORD-001662,2025-04-20,2025-04-22,Route-North-Corridor,10.0,2025-04-20,2025-04-22
DEL-001663,ORD-001663,2025-01-12,2025-01-14,Route-West-Jimma,4.0,2025-01-12,2025-01-14
DEL-001664,ORD-001664,2025-12-13,2025-12-16,Route-West-Jimma,1.0,2025-12-13,2025-12-16
DEL-001665,ORD-001665,2025-11-23,2025-11-26,Route-West-Jimma,1.0,2025-11-23,2025-11-26
DEL-001666,ORD-001666,2025-01-28,2025-01-31,Route-South-Hawassa,18.0,2025-01-28,2025-01-31
DEL-001667,ORD-001667,2025-03-30,2025-04-01,route-addis-central,2.0,2025-03-30,2025-04-01
DEL-001668,ORD-001668,2025-04-19,2025-04-20,ROUTE-NORTH-CORRIDOR,1.0,2025-04-19,2025-04-20
DEL-001669,ORD-001669,2025-10-12,2025-10-13,Route-North-Corridor,1.0,2025-10-12,2025-10-13
DEL-001670,ORD-001670,2025-01-18,2025-01-20,Route-Addis-Central,2.0,2025-01-18,2025-01-20
DEL-001671,ORD-001671,2025-11-24,2025-11-25,Route-West-Jimma,5.0,2025-11-24,2025-11-25
DEL-001672,ORD-001672,2025-04-22,2025-04-24,Route-East-Awash,5.0,2025-04-22,2025-04-24
DEL-001673,ORD-001673,2025-05-03,2025-05-04,Route-North-Corridor,1.0,2025-05-03,2025-05-04
DEL-001674,ORD-001674,2025-09-15,2025-09-19,Route-West-Jimma,2.0,2025-09-15,2025-09-19
DEL-001675,ORD-001675,2025-09-02,2025-09-03,Route-North-Corridor,5.0,2025-09-02,2025-09-03
DEL-001676,ORD-001676,2025-04-10,2025-04-13,Route-West-Jimma,1.0,2025-04-10,2025-04-13
DEL-001677,ORD-001677,2025-04-07,2025-04-08,Route-South-Hawassa,5.0,2025-04-07,2025-04-08
DEL-001678,ORD-001678,2025-02-10,2025-02-11,,8.0,2025-02-10,2025-02-11
DEL-001679,ORD-001679,2025-11-26,2025-11-30,Route-East-Awash,1.0,2025-11-26,2025-11-30
DEL-001680,ORD-001680,2025-02-27,2025-02-28,Route-East-Awash,5.0,2025-02-27,2025-02-28
DEL-001681,ORD-001681,2025-06-26,2025-06-27,Route Addis Central,3.0,2025-06-26,2025-06-27
DEL-001682,ORD-001682,2025-12-31,2026-01-01,Route-South-Hawassa,1.0,2025-12-31,2026-01-01
DEL-001683,ORD-001683,2025-02-20,2025-02-23,Route-South-Hawassa,1.0,2025-02-20,2025-02-23
DEL-001684,ORD-001684,2025-06-19,2025-06-23,Route-East-Awash,2.0,2025-06-19,2025-06-23
DEL-001685,ORD-001685,2025-09-29,2025-09-30,Route-West-Jimma,5.0,2025-09-29,2025-09-30
DEL-001686,ORD-001686,2025-11-12,2025-11-16,Route-North-Corridor,2.0,2025-11-12,2025-11-16
DEL-001687,ORD-001687,2025-02-16,2025-02-18,Route-Addis-Central,4.0,2025-02-16,2025-02-18
DEL-001688,ORD-001688,2025-09-28,2025-10-02,Route-Addis-Central,2.0,2025-09-28,2025-10-02
DEL-001689,ORD-001689,2025-04-30,2025-05-01,Route-North-Corridor,1.0,2025-04-30,2025-05-01
DEL-001690,ORD-001690,2025-10-31,2025-11-01,Route-Addis-Central,2.0,2025-10-31,2025-11-01
DEL-001691,ORD-001691,2025-04-05,2025-04-07,Route-Addis-Central,3.0,2025-04-05,2025-04-07
DEL-001692,ORD-001692,2025-04-17,2025-04-19,Route-West-Jimma,2.0,2025-04-17,2025-04-19
DEL-001693,ORD-001693,2025-11-29,2025-11-30,Route-Addis-Central,2.0,2025-11-29,2025-11-30
DEL-001694,ORD-001694,2025-12-31,2026-01-01,Route-Addis-Central,,2025-12-31,2026-01-01
DEL-001695,ORD-001695,2025-05-12,2025-05-14,Route-Addis-Central,2.0,2025-05-12,2025-05-14
DEL-001696,ORD-001696,2025-02-27,2025-02-28,Route-West-Jimma,1.0,2025-02-27,2025-02-28
DEL-001697,ORD-001697,2025-04-02,2025-04-05,Route-North-Corridor,3.0,2025-04-02,2025-04-05
DEL-001698,ORD-001698,2025-05-07,2025-05-08,Route-East-Awash,5.0,2025-05-07,2025-05-08
DEL-001699,ORD-001699,2025-01-19,2025-01-21,Route-East-Awash,1.0,2025-01-19,2025-01-21
DEL-001700,ORD-001700,2025-01-20,2025-01-21,Route-North-Corridor,1.0,2025-01-20,2025-01-21
DEL-001701,ORD-001701,2025-10-15,2025-10-16,Route-South-Hawassa,2.0,2025-10-15,2025-10-16
DEL-001702,ORD-001702,2025-09-18,2025-09-22,Route-South-Hawassa,3.0,2025-09-18,2025-09-22
DEL-001703,ORD-001703,2025-04-26,2025-04-27,Route-East-Awash,1.0,2025-04-26,2025-04-27
DEL-001704,ORD-001704,2025-12-14,2025-12-15,Route-Addis-Central,3.0,2025-12-14,2025-12-15
DEL-001705,ORD-001705,2025-09-07,2025-09-11,ROUTE-NORTH-CORRIDOR,1.0,2025-09-07,2025-09-11
DEL-001706,ORD-001706,2025-10-22,2025-10-24,Route-East-Awash,,2025-10-22,2025-10-24
DEL-001707,ORD-001707,2025-10-24,2025-10-25,Route-West-Jimma,1.0,2025-10-24,2025-10-25
DEL-001708,ORD-001708,2025-03-24,2025-03-25,Route-Addis-Central,4.0,2025-03-24,2025-03-25
DEL-001709,ORD-001709,2025-01-22,2025-01-25,Route-South-Hawassa,2.0,2025-01-22,2025-01-25
DEL-001710,ORD-001710,2025-01-26,2025-01-28,Route-North-Corridor,5.0,2025-01-26,2025-01-28
DEL-001711,ORD-001711,2025-02-04,2025-02-05,Route-South-Hawassa,2.0,2025-02-04,2025-02-05
DEL-001712,ORD-001712,2025-05-16,2025-05-20,Route-East-Awash,5.0,2025-05-16,2025-05-20
DEL-001713,ORD-001713,2025-12-23,2025-12-24,Route-East-Awash,1.0,2025-12-23,2025-12-24
DEL-001714,ORD-001714,2025-01-23,2025-01-25,Route-South-Hawassa,5.0,2025-01-23,2025-01-25
DEL-001715,ORD-001715,2025-07-06,2025-07-07,Route-South-Hawassa,3.0,2025-07-06,2025-07-07
DEL-001716,ORD-001716,2025-12-28,2025-12-30,Route-South-Hawassa,1.0,2025-12-28,2025-12-30
DEL-001717,ORD-001717,2025-05-05,2025-05-06,route-addis-central,2.0,2025-05-05,2025-05-06
DEL-001718,ORD-001718,2025-10-03,2025-10-04,Route-East-Awash,0.0,2025-10-03,2025-10-04
DEL-001719,ORD-001719,2025-07-10,2025-07-11,ROUTE-NORTH-CORRIDOR,6.0,2025-07-10,2025-07-11
DEL-001720,ORD-001720,2025-02-24,2025-02-28,Route-Addis-Central,0.0,2025-02-24,2025-02-28
DEL-001721,ORD-001721,2025-03-25,2025-03-26,Route-North-Corridor,2.0,2025-03-25,2025-03-26
DEL-001722,ORD-001722,2025-06-30,2025-07-01,Route-West-Jimma,1.0,2025-06-30,2025-07-01
DEL-001723,ORD-001723,2025-08-26,2025-08-27,Route-West-Jimma,3.0,2025-08-26,2025-08-27
DEL-001724,ORD-001724,2025-12-04,2025-12-05,Route-North-Corridor,2.0,2025-12-04,2025-12-05
DEL-001725,ORD-001725,2025-03-19,2025-03-21,Route-West-Jimma,,2025-03-19,2025-03-21
DEL-001726,ORD-001726,2025-04-16,2025-04-17,Route-Addis-Central,1.0,2025-04-16,2025-04-17
DEL-001727,ORD-001727,2025-10-20,2025-10-22,,,2025-10-20,2025-10-22
DEL-001728,ORD-001728,2025-01-19,2025-01-20,Route-North-Corridor,15.0,2025-01-19,2025-01-20
DEL-001729,ORD-001729,2025-01-31,2025-02-03,Route-Addis-Central,19.0,2025-01-31,2025-02-03
DEL-001730,ORD-001730,2025-01-22,2025-01-24,Route-Addis-Central,5.0,2025-01-22,2025-01-24
DEL-001731,ORD-001731,2025-08-29,2025-08-30,Route-North-Corridor,2.0,2025-08-29,2025-08-30
DEL-001732,ORD-001732,2025-01-27,2025-01-30,Route-West-Jimma,9.0,2025-01-27,2025-01-30
DEL-001733,ORD-001733,2025-01-02,2025-01-05,Route-East-Awash,1.0,2025-01-02,2025-01-05
DEL-001734,ORD-001734,2025-02-15,2025-02-16,Route-East-Awash,1.0,2025-02-15,2025-02-16
DEL-001735,ORD-001735,2025-10-04,2025-10-08,Route-North-Corridor,2.0,2025-10-04,2025-10-08
DEL-001736,ORD-001736,2025-02-07,2025-02-08,Route-East-Awash,9.0,2025-02-07,2025-02-08
DEL-001737,ORD-001737,2025-12-28,2025-12-29,ROUTE-NORTH-CORRIDOR,4.0,2025-12-28,2025-12-29
DEL-001738,ORD-001738,2025-07-03,2025-07-05,Route-South-Hawassa,1.0,2025-07-03,2025-07-05
DEL-001739,ORD-001739,2025-10-22,2025-10-24,Route-Addis-Central,6.0,2025-10-22,2025-10-24
DEL-001740,ORD-001740,2025-09-19,2025-09-22,Route-South-Hawassa,1.0,2025-09-19,2025-09-22
DEL-001741,ORD-001741,2025-05-10,2025-05-11,Route-Addis-Central,2.0,2025-05-10,2025-05-11
DEL-001742,ORD-001742,2025-05-06,2025-05-09,Route-North-Corridor,0.0,2025-05-06,2025-05-09
DEL-001743,ORD-001743,2025-02-12,2025-02-14,Route-West-Jimma,6.0,2025-02-12,2025-02-14
DEL-001744,ORD-001744,2025-04-01,2025-04-04,Route-Addis-Central,3.0,2025-04-01,2025-04-04
DEL-001745,ORD-001745,2025-01-10,2025-01-11,Route-East-Awash,2.0,2025-01-10,2025-01-11
DEL-001746,ORD-001746,2025-07-04,2025-07-08,Route-North-Corridor,3.0,2025-07-04,2025-07-08
DEL-001747,ORD-001747,2025-09-02,2025-09-03,Route-Addis-Central,1.0,2025-09-02,2025-09-03
DEL-001748,ORD-001748,2025-09-01,2025-09-04,Route-East-Awash,3.0,2025-09-01,2025-09-04
DEL-001749,ORD-001749,2025-04-04,2025-04-05,Route-East-Awash,1.0,2025-04-04,2025-04-05
DEL-001750,ORD-001750,2025-02-07,2025-02-08,Route-West-Jimma,0.0,2025-02-07,2025-02-08
DEL-001751,ORD-001751,2025-02-13,2025-02-14,Route-West-Jimma,17.0,2025-02-13,2025-02-14
DEL-001752,ORD-001752,2025-04-07,2025-04-08,Route-West-Jimma,1.0,2025-04-07,2025-04-08
DEL-001753,ORD-001753,2025-09-05,2025-09-06,Route-South-Hawassa,2.0,2025-09-05,2025-09-06
DEL-001754,ORD-001754,2025-01-24,2025-01-25,Route-North-Corridor,6.0,2025-01-24,2025-01-25
DEL-001755,ORD-001755,2025-02-14,2025-02-16,Route-West-Jimma,2.0,2025-02-14,2025-02-16
DEL-001756,ORD-001756,2025-04-17,2025-04-18,Route-North-Corridor,1.0,2025-04-17,2025-04-18
DEL-001757,ORD-001757,2025-12-04,2025-12-06,Route-South-Hawassa,5.0,2025-12-04,2025-12-06
DEL-001758,ORD-001758,2025-05-27,2025-05-28,Route-Addis-Central,9.0,2025-05-27,2025-05-28
DEL-001759,ORD-001759,2025-05-06,2025-05-07,Route-Addis-Central,4.0,2025-05-06,2025-05-07
DEL-001760,ORD-001760,2025-04-06,2025-04-08,Route-South-Hawassa,2.0,2025-04-06,2025-04-08
DEL-001761,ORD-001761,2025-10-13,2025-10-15,Route-North-Corridor,0.0,2025-10-13,2025-10-15
DEL-001762,ORD-001762,2025-10-05,2025-10-06,Route-West-Jimma,1.0,2025-10-05,2025-10-06
DEL-001763,ORD-001763,2025-09-11,2025-09-13,Route Addis Central,0.0,2025-09-11,2025-09-13
DEL-001764,ORD-001764,2025-03-14,2025-03-16,Route-North-Corridor,1.0,2025-03-14,2025-03-16
DEL-001765,ORD-001765,2025-03-22,2025-03-24,Route-East-Awash,1.0,2025-03-22,2025-03-24
DEL-001766,ORD-001766,2025-08-26,2025-08-27,Route-West-Jimma,1.0,2025-08-26,2025-08-27
DEL-001767,ORD-001767,2025-11-14,2025-11-15,Route-West-Jimma,4.0,2025-11-14,2025-11-15
DEL-001768,ORD-001768,2025-08-23,2025-08-24,Route-East-Awash,2.0,2025-08-23,2025-08-24
DEL-001769,ORD-001769,2025-10-04,2025-10-06,Route-North-Corridor,7.0,2025-10-04,2025-10-06
DEL-001770,ORD-001770,2025-06-16,2025-06-17,Route-North-Corridor,3.0,2025-06-16,2025-06-17
DEL-001771,ORD-001771,2025-12-05,2025-12-08,Route-North-Corridor,1.0,2025-12-05,2025-12-08
DEL-001772,ORD-001772,2025-07-29,2025-07-31,Route-North-Corridor,7.0,2025-07-29,2025-07-31
DEL-001773,ORD-001773,2025-12-27,2025-12-29,Route-South-Hawassa,2.0,2025-12-27,2025-12-29
DEL-001774,ORD-001774,2025-02-28,2025-03-02,Route-East-Awash,6.0,2025-02-28,2025-03-02
DEL-001775,ORD-001775,2025-07-03,2025-07-05,Route-West-Jimma,5.0,2025-07-03,2025-07-05
DEL-001776,ORD-001776,2025-12-10,2025-12-12,Route-South-Hawassa,2.0,2025-12-10,2025-12-12
DEL-001777,ORD-001777,2025-03-15,2025-03-18,Route-West-Jimma,2.0,2025-03-15,2025-03-18
DEL-001778,ORD-001778,2025-10-08,2025-10-10,Route-East-Awash,5.0,2025-10-08,2025-10-10
DEL-001779,ORD-001779,2025-06-26,2025-06-28,Route-East-Awash,1.0,2025-06-26,2025-06-28
DEL-001780,ORD-001780,2025-12-09,2025-12-11,Route-West-Jimma,5.0,2025-12-09,2025-12-11
DEL-001781,ORD-001781,2025-05-28,2025-05-31,Route-South-Hawassa,2.0,2025-05-28,2025-05-31
DEL-001782,ORD-001782,2025-06-21,2025-06-24,Route-South-Hawassa,1.0,2025-06-21,2025-06-24
DEL-001783,ORD-001783,2025-10-14,2025-10-15,Route-East-Awash,1.0,2025-10-14,2025-10-15
DEL-001784,ORD-001784,2025-10-13,2025-10-14,Route-North-Corridor,1.0,2025-10-13,2025-10-14
DEL-001785,ORD-001785,2025-07-25,2025-07-26,Route-Addis-Central,6.0,2025-07-25,2025-07-26
DEL-001786,ORD-001786,2025-05-13,2025-05-15,Route-South-Hawassa,1.0,2025-05-13,2025-05-15
DEL-001787,ORD-001787,2025-06-01,2025-06-02,Route-West-Jimma,2.0,2025-06-01,2025-06-02
DEL-001788,ORD-001788,2025-12-11,2025-12-12,Route-West-Jimma,10.0,2025-12-11,2025-12-12
DEL-001789,ORD-001789,2025-01-24,2025-01-25,Route-North-Corridor,1.0,2025-01-24,2025-01-25
DEL-001790,ORD-001790,2025-01-10,2025-01-13,Route-South-Hawassa,1.0,2025-01-10,2025-01-13
DEL-001791,ORD-001791,2025-03-13,2025-03-17,Route-Addis-Central,2.0,2025-03-13,2025-03-17
DEL-001792,ORD-001792,2025-12-15,2025-12-17,Route-East-Awash,5.0,2025-12-15,2025-12-17
DEL-001793,ORD-001793,2025-08-29,2025-08-30,Route-North-Corridor,3.0,2025-08-29,2025-08-30
DEL-001794,ORD-001794,2025-10-31,2025-11-01,Route-North-Corridor,7.0,2025-10-31,2025-11-01
DEL-001795,ORD-001795,2025-05-24,2025-05-25,Route-East-Awash,0.0,2025-05-24,2025-05-25
DEL-001796,ORD-001796,2025-06-15,2025-06-17,Route-North-Corridor,4.0,2025-06-15,2025-06-17
DEL-001797,ORD-001797,2025-05-27,2025-05-29,Route-North-Corridor,2.0,2025-05-27,2025-05-29
DEL-001798,ORD-001798,2025-12-14,2025-12-15,Route-North-Corridor,16.0,2025-12-14,2025-12-15
DEL-001799,ORD-001799,2025-10-13,2025-10-14,Route-West-Jimma,1.0,2025-10-13,2025-10-14
DEL-001800,ORD-001800,2025-11-26,2025-11-27,Route-East-Awash,2.0,2025-11-26,2025-11-27
DEL-001801,ORD-001801,2025-07-28,2025-07-29,Route-South-Hawassa,450.0,2025-07-28,2025-07-29
DEL-001802,ORD-001802,2025-09-06,2025-09-08,Route-East-Awash,5.0,2025-09-06,2025-09-08
DEL-001803,ORD-001803,2025-12-04,2025-12-06,Route-East-Awash,4.0,2025-12-04,2025-12-06
DEL-001804,ORD-001804,2025-06-12,2025-06-14,Route-South-Hawassa,4.0,2025-06-12,2025-06-14
DEL-001805,ORD-001805,2025-10-28,2025-10-29,Route-Addis-Central,1.0,2025-10-28,2025-10-29
DEL-001806,ORD-001806,2025-06-28,2025-07-01,Route-North-Corridor,2.0,2025-06-28,2025-07-01
DEL-001807,ORD-001807,2025-07-16,2025-07-18,Route-South-Hawassa,4.0,2025-07-16,2025-07-18
DEL-001808,ORD-001808,2025-03-15,2025-03-17,Route-East-Awash,5.0,2025-03-15,2025-03-17
DEL-001809,ORD-001809,2025-07-14,2025-07-16,Route-South-Hawassa,2.0,2025-07-14,2025-07-16
DEL-001810,ORD-001810,2025-04-05,2025-04-06,ROUTE-NORTH-CORRIDOR,0.0,2025-04-05,2025-04-06
DEL-001811,ORD-001811,2025-07-23,2025-07-24,Route-East-Awash,4.0,2025-07-23,2025-07-24
DEL-001812,ORD-001812,2025-01-13,2025-01-16,Route-South-Hawassa,1.0,2025-01-13,2025-01-16
DEL-001813,ORD-001813,2025-10-19,2025-10-20,Route-South-Hawassa,,2025-10-19,2025-10-20
DEL-001814,ORD-001814,2025-09-21,2025-09-22,Route-Addis-Central,2.0,2025-09-21,2025-09-22
DEL-001815,ORD-001815,2025-02-06,2025-02-10,Route-South-Hawassa,3.0,2025-02-06,2025-02-10
DEL-001816,ORD-001816,2025-11-18,2025-11-19,Route-Addis-Central,4.0,2025-11-18,2025-11-19
DEL-001817,ORD-001817,2025-11-24,2025-11-26,Route-East-Awash,1.0,2025-11-24,2025-11-26
DEL-001818,ORD-001818,2025-03-27,2025-03-29,Route-North-Corridor,3.0,2025-03-27,2025-03-29
DEL-001819,ORD-001819,2025-06-09,2025-06-10,Route-East-Awash,1.0,2025-06-09,2025-06-10
DEL-001820,ORD-001820,2025-08-13,2025-08-14,,0.0,2025-08-13,2025-08-14
DEL-001821,ORD-001821,2025-11-16,2025-11-19,Route-West-Jimma,8.0,2025-11-16,2025-11-19
DEL-001822,ORD-001822,2025-09-17,2025-09-19,Route-North-Corridor,1.0,2025-09-17,2025-09-19
DEL-001823,ORD-001823,2025-10-30,2025-11-01,Route-West-Jimma,1.0,2025-10-30,2025-11-01
DEL-001824,ORD-001824,2025-10-15,2025-10-16,Route-North-Corridor,2.0,2025-10-15,2025-10-16
DEL-001825,ORD-001825,2025-08-03,2025-08-04,Route-West-Jimma,1.0,2025-08-03,2025-08-04
DEL-001826,ORD-001826,2025-09-06,2025-09-10,Route-West-Jimma,12.0,2025-09-06,2025-09-10
DEL-001827,ORD-001827,2025-11-15,2025-11-18,Route-West-Jimma,1.0,2025-11-15,2025-11-18
DEL-001828,ORD-001828,2025-05-17,2025-05-18,Route-Addis-Central,,2025-05-17,2025-05-18
DEL-001829,ORD-001829,2025-03-13,2025-03-15,route-addis-central,2.0,2025-03-13,2025-03-15
DEL-001830,ORD-001830,2025-08-17,2025-08-18,Route-North-Corridor,1.0,2025-08-17,2025-08-18
DEL-001831,ORD-001831,2025-04-09,2025-04-10,Route-West-Jimma,2.0,2025-04-09,2025-04-10
DEL-001832,ORD-001832,2025-10-11,2025-10-12,Route Addis Central,2.0,2025-10-11,2025-10-12
DEL-001833,ORD-001833,2025-02-25,2025-02-26,Route-Addis-Central,1.0,2025-02-25,2025-02-26
DEL-001834,ORD-001834,2025-11-25,2025-11-27,Route-North-Corridor,1.0,2025-11-25,2025-11-27
DEL-001835,ORD-001835,2025-07-14,2025-07-15,Route-North-Corridor,4.0,2025-07-14,2025-07-15
DEL-001836,ORD-001836,2025-09-15,2025-09-17,Route-North-Corridor,6.0,2025-09-15,2025-09-17
DEL-001837,ORD-001837,2025-09-20,2025-09-21,Route-North-Corridor,1.0,2025-09-20,2025-09-21
DEL-001838,ORD-001838,2025-05-29,2025-06-01,Route-West-Jimma,2.0,2025-05-29,2025-06-01
DEL-001839,ORD-001839,2025-05-14,2025-05-15,Route-South-Hawassa,2.0,2025-05-14,2025-05-15
DEL-001840,ORD-001840,2025-04-28,2025-04-29,Route-Addis-Central,3.0,2025-04-28,2025-04-29
DEL-001841,ORD-001841,2025-01-14,2025-01-15,Route-North-Corridor,2.0,2025-01-14,2025-01-15
DEL-001842,ORD-001842,2025-08-15,2025-08-16,Route-West-Jimma,2.0,2025-08-15,2025-08-16
DEL-001843,ORD-001843,2025-06-02,2025-06-04,Route-South-Hawassa,2.0,2025-06-02,2025-06-04
DEL-001844,ORD-001844,2025-11-05,2025-11-06,Route-South-Hawassa,1.0,2025-11-05,2025-11-06
DEL-001845,ORD-001845,2025-08-17,2025-08-19,Route-North-Corridor,0.0,2025-08-17,2025-08-19
DEL-001846,ORD-001846,2025-02-22,2025-02-26,Route-Addis-Central,2.0,2025-02-22,2025-02-26
DEL-001847,ORD-001847,2025-04-10,2025-04-12,Route-South-Hawassa,1.0,2025-04-10,2025-04-12
DEL-001848,ORD-001848,2025-09-07,2025-09-09,Route-South-Hawassa,1.0,2025-09-07,2025-09-09
DEL-001849,ORD-001849,2025-07-19,2025-07-22,Route-Addis-Central,4.0,2025-07-19,2025-07-22
DEL-001850,ORD-001850,2025-07-17,2025-07-21,Route-East-Awash,1.0,2025-07-17,2025-07-21
DEL-001851,ORD-001851,2025-01-08,2025-01-11,Route-South-Hawassa,2.0,2025-01-08,2025-01-11
DEL-001852,ORD-001852,2025-11-06,2025-11-07,,0.0,2025-11-06,2025-11-07
DEL-001853,ORD-001853,2025-12-09,2025-12-10,Route-East-Awash,1.0,2025-12-09,2025-12-10
DEL-001854,ORD-001854,2025-01-14,2025-01-16,Route-South-Hawassa,,2025-01-14,2025-01-16
DEL-001855,ORD-001855,2025-10-17,2025-10-18,Route-West-Jimma,1.0,2025-10-17,2025-10-18
DEL-001856,ORD-001856,2025-11-29,2025-11-30,Route-South-Hawassa,1.0,2025-11-29,2025-11-30
DEL-001857,ORD-001857,2025-07-23,2025-07-26,Route-East-Awash,1.0,2025-07-23,2025-07-26
DEL-001858,ORD-001858,2025-06-17,2025-06-18,Route-East-Awash,0.0,2025-06-17,2025-06-18
DEL-001859,ORD-001859,2025-10-13,2025-10-15,Route-West-Jimma,3.0,2025-10-13,2025-10-15
DEL-001860,ORD-001860,2025-09-02,2025-09-03,Route-Addis-Central,3.0,2025-09-02,2025-09-03
DEL-001862,ORD-001862,2025-10-09,2025-10-10,Route-Addis-Central,3.0,2025-10-09,2025-10-10
DEL-001863,ORD-001863,2025-12-12,2025-12-15,Route-East-Awash,1.0,2025-12-12,2025-12-15
DEL-001864,ORD-001864,2025-07-31,2025-08-03,Route-West-Jimma,3.0,2025-07-31,2025-08-03
DEL-001865,ORD-001865,2025-01-29,2025-02-01,Route-Addis-Central,2.0,2025-01-29,2025-02-01
DEL-001866,ORD-001866,2025-09-21,2025-09-22,Route-South-Hawassa,3.0,2025-09-21,2025-09-22
DEL-001867,ORD-001867,2025-05-16,2025-05-17,Route-West-Jimma,8.0,2025-05-16,2025-05-17
DEL-001868,ORD-001868,2025-06-14,2025-06-16,Route-North-Corridor,4.0,2025-06-14,2025-06-16
DEL-001869,ORD-001869,2025-09-11,2025-09-12,Route-East-Awash,3.0,2025-09-11,2025-09-12
DEL-001870,ORD-001870,2025-09-26,2025-09-27,Route-West-Jimma,2.0,2025-09-26,2025-09-27
DEL-001871,ORD-001871,2025-05-17,2025-05-18,Route-North-Corridor,3.0,2025-05-17,2025-05-18
DEL-001872,ORD-001872,2025-01-12,2025-01-13,Route-East-Awash,1.0,2025-01-12,2025-01-13
DEL-001873,ORD-001873,2025-05-08,2025-05-09,Route-South-Hawassa,2.0,2025-05-08,2025-05-09
DEL-001874,ORD-001874,2025-12-30,2026-01-01,Route-South-Hawassa,1.0,2025-12-30,2026-01-01
DEL-001875,ORD-001875,2025-10-23,2025-10-24,Route-South-Hawassa,5.0,2025-10-23,2025-10-24
DEL-001876,ORD-001876,2025-07-19,2025-07-21,,1.0,2025-07-19,2025-07-21
DEL-001877,ORD-001877,2025-08-21,2025-08-24,Route-North-Corridor,3.0,2025-08-21,2025-08-24
DEL-001878,ORD-001878,2025-07-16,2025-07-19,Route-East-Awash,1.0,2025-07-16,2025-07-19
DEL-001879,ORD-001879,2025-03-22,2025-03-25,Route-West-Jimma,1.0,2025-03-22,2025-03-25
DEL-001880,ORD-001880,2025-10-28,2025-10-29,Route-North-Corridor,0.0,2025-10-28,2025-10-29
DEL-001881,ORD-001881,2025-06-13,2025-06-14,ROUTE-NORTH-CORRIDOR,2.0,2025-06-13,2025-06-14
DEL-001882,ORD-001882,2025-03-25,2025-03-26,Route-South-Hawassa,1.0,2025-03-25,2025-03-26
DEL-001883,ORD-001883,2025-06-09,2025-06-11,Route-Addis-Central,2.0,2025-06-09,2025-06-11
DEL-001884,ORD-001884,2025-02-07,2025-02-09,Route Addis Central,1.0,2025-02-07,2025-02-09
DEL-001885,ORD-001885,2025-08-08,2025-08-10,Route-North-Corridor,6.0,2025-08-08,2025-08-10
DEL-001886,ORD-001886,2025-01-27,2025-01-28,Route-West-Jimma,3.0,2025-01-27,2025-01-28
DEL-001887,ORD-001887,2025-05-05,2025-05-07,Route-Addis-Central,1.0,2025-05-05,2025-05-07
DEL-001888,ORD-001888,2025-08-08,2025-08-09,Route-East-Awash,1.0,2025-08-08,2025-08-09
DEL-001889,ORD-001889,2025-10-06,2025-10-08,,6.0,2025-10-06,2025-10-08
DEL-001890,ORD-001890,2025-10-03,2025-10-06,Route-South-Hawassa,4.0,2025-10-03,2025-10-06
DEL-001891,ORD-001891,2025-12-22,2025-12-23,Route-North-Corridor,16.0,2025-12-22,2025-12-23
DEL-001892,ORD-001892,2025-12-15,2025-12-17,Route-West-Jimma,1.0,2025-12-15,2025-12-17
DEL-001893,ORD-001893,2025-10-03,2025-10-05,Route-Addis-Central,2.0,2025-10-03,2025-10-05
DEL-001894,ORD-001894,2025-11-07,2025-11-08,Route-North-Corridor,1.0,2025-11-07,2025-11-08
DEL-001895,ORD-001895,2025-03-10,2025-03-13,Route-North-Corridor,4.0,2025-03-10,2025-03-13
DEL-001896,ORD-001896,2025-02-01,2025-02-02,Route-Addis-Central,5.0,2025-02-01,2025-02-02
DEL-001897,ORD-001897,2025-12-05,2025-12-07,Route-Addis-Central,4.0,2025-12-05,2025-12-07
DEL-001898,ORD-001898,2025-11-19,2025-11-20,Route-East-Awash,3.0,2025-11-19,2025-11-20
DEL-001899,ORD-001899,2025-11-12,2025-11-16,Route-Addis-Central,19.0,2025-11-12,2025-11-16
DEL-001900,ORD-001900,2025-01-15,2025-01-17,Route-South-Hawassa,1.0,2025-01-15,2025-01-17
DEL-001901,ORD-001901,2025-12-15,2025-12-17,Route-East-Awash,2.0,2025-12-15,2025-12-17
DEL-001902,ORD-001902,2025-09-04,2025-09-05,Route-Addis-Central,1.0,2025-09-04,2025-09-05
DEL-001903,ORD-001903,2025-10-09,2025-10-10,Route-Addis-Central,3.0,2025-10-09,2025-10-10
DEL-001904,ORD-001904,2025-09-29,2025-09-30,Route-Addis-Central,6.0,2025-09-29,2025-09-30
DEL-001905,ORD-001905,2025-05-31,2025-06-01,Route-East-Awash,2.0,2025-05-31,2025-06-01
DEL-001906,ORD-001906,2025-01-20,2025-01-22,Route-North-Corridor,2.0,2025-01-20,2025-01-22
DEL-001907,ORD-001907,2025-03-29,2025-03-31,Route-East-Awash,5.0,2025-03-29,2025-03-31
DEL-001908,ORD-001908,2025-03-24,2025-03-28,Route-North-Corridor,1.0,2025-03-24,2025-03-28
DEL-001909,ORD-001909,2025-07-31,2025-08-03,,1.0,2025-07-31,2025-08-03
DEL-001910,ORD-001910,2025-06-26,2025-06-27,Route-North-Corridor,4.0,2025-06-26,2025-06-27
DEL-001911,ORD-001911,2025-02-27,2025-02-28,Route-West-Jimma,7.0,2025-02-27,2025-02-28
DEL-001912,ORD-001912,2025-01-12,2025-01-14,Route-North-Corridor,1.0,2025-01-12,2025-01-14
DEL-001913,ORD-001913,2025-05-16,2025-05-18,Route-West-Jimma,7.0,2025-05-16,2025-05-18
DEL-001914,ORD-001914,2025-06-23,2025-06-24,,1.0,2025-06-23,2025-06-24
DEL-001915,ORD-001915,2025-09-12,2025-09-14,Route-East-Awash,5.0,2025-09-12,2025-09-14
DEL-001916,ORD-001916,2025-07-19,2025-07-21,Route-East-Awash,4.0,2025-07-19,2025-07-21
DEL-001917,ORD-001917,2025-04-27,2025-04-28,Route-Addis-Central,3.0,2025-04-27,2025-04-28
DEL-001918,ORD-001918,2025-11-11,2025-11-13,Route-West-Jimma,10.0,2025-11-11,2025-11-13
DEL-001919,ORD-001919,2025-05-21,2025-05-22,Route-West-Jimma,1.0,2025-05-21,2025-05-22
DEL-001920,ORD-001920,2025-07-11,2025-07-15,Route-North-Corridor,6.0,2025-07-11,2025-07-15
DEL-001921,ORD-001921,2025-12-12,2025-12-15,Route-West-Jimma,3.0,2025-12-12,2025-12-15
DEL-001922,ORD-001922,2025-09-01,2025-09-03,Route-North-Corridor,4.0,2025-09-01,2025-09-03
DEL-001923,ORD-001923,2025-02-11,2025-02-12,Route-South-Hawassa,2.0,2025-02-11,2025-02-12
DEL-001924,ORD-001924,2025-05-20,2025-05-22,Route-North-Corridor,2.0,2025-05-20,2025-05-22
DEL-001925,ORD-001925,2025-01-08,2025-01-11,Route-Addis-Central,5.0,2025-01-08,2025-01-11
DEL-001926,ORD-001926,2025-05-01,2025-05-03,Route-South-Hawassa,4.0,2025-05-01,2025-05-03
DEL-001927,ORD-001927,2025-03-06,2025-03-07,Route-West-Jimma,2.0,2025-03-06,2025-03-07
DEL-001928,ORD-001928,2025-12-07,2025-12-08,Route-Addis-Central,4.0,2025-12-07,2025-12-08
DEL-001929,ORD-001929,2025-02-01,2025-02-04,Route-East-Awash,1.0,2025-02-01,2025-02-04
DEL-001930,ORD-001930,2025-05-26,2025-05-28,Route-Addis-Central,3.0,2025-05-26,2025-05-28
DEL-001931,ORD-001931,2025-01-23,2025-01-25,Route-West-Jimma,1.0,2025-01-23,2025-01-25
DEL-001932,ORD-001932,2025-02-28,2025-03-01,Route-East-Awash,1.0,2025-02-28,2025-03-01
DEL-001933,ORD-001933,2025-10-15,2025-10-17,Route-East-Awash,1.0,2025-10-15,2025-10-17
DEL-001934,ORD-001934,2025-05-12,2025-05-16,Route-North-Corridor,2.0,2025-05-12,2025-05-16
DEL-001935,ORD-001935,2025-10-15,2025-10-19,Route-Addis-Central,0.0,2025-10-15,2025-10-19
DEL-001936,ORD-001936,2025-03-06,2025-03-07,,5.0,2025-03-06,2025-03-07
DEL-001937,ORD-001937,2025-01-07,2025-01-08,Route-East-Awash,3.0,2025-01-07,2025-01-08
DEL-001938,ORD-001938,2025-02-28,2025-03-02,Route-Addis-Central,2.0,2025-02-28,2025-03-02
DEL-001939,ORD-001939,2025-04-28,2025-04-30,Route-Addis-Central,0.0,2025-04-28,2025-04-30
DEL-001940,ORD-001940,2025-06-12,2025-06-16,Route-West-Jimma,1.0,2025-06-12,2025-06-16
DEL-001941,ORD-001941,2025-05-20,2025-05-23,Route-Addis-Central,1.0,2025-05-20,2025-05-23
DEL-001942,ORD-001942,2025-03-06,2025-03-08,Route-South-Hawassa,2.0,2025-03-06,2025-03-08
DEL-001943,ORD-001943,2025-12-27,2025-12-29,Route-West-Jimma,2.0,2025-12-27,2025-12-29
DEL-001944,ORD-001944,2025-06-06,2025-06-08,Route-East-Awash,2.0,2025-06-06,2025-06-08
DEL-001945,ORD-001945,2025-09-03,2025-09-05,Route-North-Corridor,4.0,2025-09-03,2025-09-05
DEL-001946,ORD-001946,2025-02-03,2025-02-04,Route-East-Awash,9.0,2025-02-03,2025-02-04
DEL-001947,ORD-001947,2025-02-28,2025-03-02,Route-North-Corridor,,2025-02-28,2025-03-02
DEL-001948,ORD-001948,2025-12-30,2026-01-01,Route-West-Jimma,3.0,2025-12-30,2026-01-01
DEL-001949,ORD-001949,2025-10-08,2025-10-09,Route-South-Hawassa,4.0,2025-10-08,2025-10-09
DEL-001950,ORD-001950,2025-09-28,2025-09-29,Route-West-Jimma,0.0,2025-09-28,2025-09-29
DEL-001951,ORD-001951,2025-03-14,2025-03-16,Route-Addis-Central,3.0,2025-03-14,2025-03-16
DEL-001952,ORD-001952,2025-12-11,2025-12-14,Route-South-Hawassa,3.0,2025-12-11,2025-12-14
DEL-001953,ORD-001953,2025-07-20,2025-07-22,Route-East-Awash,2.0,2025-07-20,2025-07-22
DEL-001954,ORD-001954,2025-03-18,2025-03-19,Route-North-Corridor,5.0,2025-03-18,2025-03-19
DEL-001955,ORD-001955,2025-02-24,2025-02-25,Route-West-Jimma,3.0,2025-02-24,2025-02-25
DEL-001956,ORD-001956,2025-02-02,2025-02-03,Route-West-Jimma,0.0,2025-02-02,2025-02-03
DEL-001957,ORD-001957,2025-08-22,2025-08-23,Route-North-Corridor,4.0,2025-08-22,2025-08-23
DEL-001958,ORD-001958,2025-05-11,2025-05-12,Route-West-Jimma,8.0,2025-05-11,2025-05-12
DEL-001959,ORD-001959,2025-12-17,2025-12-19,Route-East-Awash,19.0,2025-12-17,2025-12-19
DEL-001960,ORD-001960,2025-09-14,2025-09-15,Route-East-Awash,4.0,2025-09-14,2025-09-15
DEL-001961,ORD-001961,2025-02-07,2025-02-09,Route-East-Awash,2.0,2025-02-07,2025-02-09
DEL-001962,ORD-001962,2025-04-18,2025-04-19,Route-North-Corridor,1.0,2025-04-18,2025-04-19
DEL-001963,ORD-001963,2025-01-08,2025-01-10,Route-East-Awash,1.0,2025-01-08,2025-01-10
DEL-001964,ORD-001964,2025-11-05,2025-11-06,Route-Addis-Central,4.0,2025-11-05,2025-11-06
DEL-001965,ORD-001965,2025-01-05,2025-01-08,Route-South-Hawassa,1.0,2025-01-05,2025-01-08
DEL-001966,ORD-001966,2025-01-03,2025-01-04,Route-North-Corridor,3.0,2025-01-03,2025-01-04
DEL-001967,ORD-001967,2025-04-29,2025-04-30,Route-West-Jimma,3.0,2025-04-29,2025-04-30
DEL-001968,ORD-001968,2025-03-25,2025-03-26,ROUTE-NORTH-CORRIDOR,2.0,2025-03-25,2025-03-26
DEL-001969,ORD-001969,2025-06-26,2025-06-27,Route-North-Corridor,0.0,2025-06-26,2025-06-27
DEL-001970,ORD-001970,2025-08-05,2025-08-06,Route-North-Corridor,2.0,2025-08-05,2025-08-06
DEL-001971,ORD-001971,2025-04-07,2025-04-10,Route-North-Corridor,2.0,2025-04-07,2025-04-10
DEL-001972,ORD-001972,2025-03-01,2025-03-03,Route-West-Jimma,3.0,2025-03-01,2025-03-03
DEL-001973,ORD-001973,2025-01-10,2025-01-12,Route-Addis-Central,1.0,2025-01-10,2025-01-12
DEL-001974,ORD-001974,2025-08-23,2025-08-26,Route-Addis-Central,3.0,2025-08-23,2025-08-26
DEL-001975,ORD-001975,2025-04-17,2025-04-18,Route-East-Awash,1.0,2025-04-17,2025-04-18
DEL-001976,ORD-001976,2025-07-09,2025-07-10,Route-Addis-Central,3.0,2025-07-09,2025-07-10
DEL-001977,ORD-001977,2025-10-03,2025-10-05,Route-East-Awash,1.0,2025-10-03,2025-10-05
DEL-001978,ORD-001978,2025-12-12,2025-12-15,Route-Addis-Central,3.0,2025-12-12,2025-12-15
DEL-001979,ORD-001979,2025-07-23,2025-07-26,Route-South-Hawassa,1.0,2025-07-23,2025-07-26
DEL-001980,ORD-001980,2025-12-28,2025-12-29,Route-South-Hawassa,3.0,2025-12-28,2025-12-29
DEL-001981,ORD-001981,2025-11-03,2025-11-04,ROUTE-NORTH-CORRIDOR,3.0,2025-11-03,2025-11-04
DEL-001982,ORD-001982,2025-01-05,2025-01-08,Route-West-Jimma,3.0,2025-01-05,2025-01-08
DEL-001983,ORD-001983,2025-12-09,2025-12-10,Route-North-Corridor,4.0,2025-12-09,2025-12-10
DEL-001984,ORD-001984,2025-09-11,2025-09-13,Route-Addis-Central,13.0,2025-09-11,2025-09-13
DEL-001985,ORD-001985,2025-06-01,2025-06-02,Route-East-Awash,19.0,2025-06-01,2025-06-02
DEL-001986,ORD-001986,2025-06-06,2025-06-07,Route-West-Jimma,2.0,2025-06-06,2025-06-07
DEL-001987,ORD-001987,2025-07-07,2025-07-08,Route-North-Corridor,4.0,2025-07-07,2025-07-08
DEL-001988,ORD-001988,2025-08-03,2025-08-06,Route-Addis-Central,5.0,2025-08-03,2025-08-06
DEL-001989,ORD-001989,2025-08-10,2025-08-12,Route-West-Jimma,2.0,2025-08-10,2025-08-12
DEL-001990,ORD-001990,2025-01-19,2025-01-22,Route-West-Jimma,8.0,2025-01-19,2025-01-22
DEL-001991,ORD-001991,2025-04-01,2025-04-02,Route-East-Awash,2.0,2025-04-01,2025-04-02
DEL-001992,ORD-001992,2025-01-13,2025-01-14,Route-East-Awash,2.0,2025-01-13,2025-01-14
DEL-001993,ORD-001993,2025-12-15,2025-12-17,Route-South-Hawassa,10.0,2025-12-15,2025-12-17
DEL-001994,ORD-001994,2025-08-18,2025-08-19,Route-West-Jimma,3.0,2025-08-18,2025-08-19
DEL-001995,ORD-001995,2025-07-05,2025-07-06,Route-North-Corridor,1.0,2025-07-05,2025-07-06
DEL-001996,ORD-001996,2025-08-18,2025-08-21,Route-South-Hawassa,1.0,2025-08-18,2025-08-21
DEL-001997,ORD-001997,2025-10-20,2025-10-22,Route-South-Hawassa,,2025-10-20,2025-10-22
DEL-001998,ORD-001998,2025-09-22,2025-09-23,Route-East-Awash,1.0,2025-09-22,2025-09-23
DEL-001999,ORD-001999,2025-05-24,2025-05-25,Route-West-Jimma,6.0,2025-05-24,2025-05-25
DEL-002000,ORD-002000,2025-11-26,2025-11-27,Route-West-Jimma,1.0,2025-11-26,2025-11-27
DEL-002001,ORD-002001,2025-09-13,2025-09-16,Route-South-Hawassa,1.0,2025-09-13,2025-09-16
DEL-002002,ORD-002002,2025-05-15,2025-05-16,Route-North-Corridor,4.0,2025-05-15,2025-05-16
DEL-002003,ORD-002003,2025-10-31,2025-11-03,Route-North-Corridor,6.0,2025-10-31,2025-11-03
DEL-002004,ORD-002004,2025-02-03,2025-02-05,Route-Addis-Central,4.0,2025-02-03,2025-02-05
DEL-002005,ORD-002005,2025-05-06,2025-05-08,Route-West-Jimma,7.0,2025-05-06,2025-05-08
DEL-002006,ORD-002006,2025-08-02,2025-08-04,Route-Addis-Central,2.0,2025-08-02,2025-08-04
DEL-002007,ORD-002007,2025-06-19,2025-06-22,Route-Addis-Central,6.0,2025-06-19,2025-06-22
DEL-002008,ORD-002008,2025-03-15,2025-03-16,Route-South-Hawassa,1.0,2025-03-15,2025-03-16
DEL-002009,ORD-002009,2025-03-23,2025-03-24,Route-East-Awash,2.0,2025-03-23,2025-03-24
DEL-002010,ORD-002010,2025-04-06,2025-04-07,Route-South-Hawassa,6.0,2025-04-06,2025-04-07
DEL-002011,ORD-002011,2025-02-16,2025-02-18,Route-West-Jimma,1.0,2025-02-16,2025-02-18
DEL-002012,ORD-002012,2025-11-15,2025-11-18,Route-North-Corridor,4.0,2025-11-15,2025-11-18
DEL-002013,ORD-002013,2025-06-12,2025-06-14,Route-South-Hawassa,2.0,2025-06-12,2025-06-14
DEL-002014,ORD-002014,2025-12-22,2025-12-25,Route-East-Awash,2.0,2025-12-22,2025-12-25
DEL-002015,ORD-002015,2025-02-05,2025-02-06,Route-West-Jimma,2.0,2025-02-05,2025-02-06
DEL-002016,ORD-002016,2025-01-06,2025-01-08,Route-North-Corridor,1.0,2025-01-06,2025-01-08
DEL-002017,ORD-002017,2025-09-16,2025-09-18,,3.0,2025-09-16,2025-09-18
DEL-002018,ORD-002018,2025-08-12,2025-08-13,Route-West-Jimma,8.0,2025-08-12,2025-08-13
DEL-002019,ORD-002019,2025-12-06,2025-12-09,Route-South-Hawassa,3.0,2025-12-06,2025-12-09
DEL-002020,ORD-002020,2025-10-26,2025-10-28,Route-North-Corridor,0.0,2025-10-26,2025-10-28
DEL-002021,ORD-002021,2025-11-15,2025-11-18,Route-East-Awash,1.0,2025-11-15,2025-11-18
DEL-002022,ORD-002022,2025-04-11,2025-04-13,Route-North-Corridor,1.0,2025-04-11,2025-04-13
DEL-002023,ORD-002023,2025-01-11,2025-01-12,Route-North-Corridor,1.0,2025-01-11,2025-01-12
DEL-002024,ORD-002024,2025-11-24,2025-11-26,Route-Addis-Central,2.0,2025-11-24,2025-11-26
DEL-002025,ORD-002025,2025-03-02,2025-03-04,Route-North-Corridor,2.0,2025-03-02,2025-03-04
DEL-002026,ORD-002026,2025-04-13,2025-04-14,Route-South-Hawassa,5.0,2025-04-13,2025-04-14
DEL-002027,ORD-002027,2025-05-14,2025-05-16,Route-Addis-Central,3.0,2025-05-14,2025-05-16
DEL-002028,ORD-002028,2025-07-05,2025-07-06,Route-North-Corridor,2.0,2025-07-05,2025-07-06
DEL-002029,ORD-002029,2025-12-06,2025-12-07,Route-East-Awash,1.0,2025-12-06,2025-12-07
DEL-002030,ORD-002030,2025-04-16,2025-04-17,Route-East-Awash,2.0,2025-04-16,2025-04-17
DEL-002031,ORD-002031,2025-08-01,2025-08-03,Route-East-Awash,2.0,2025-08-01,2025-08-03
DEL-002032,ORD-002032,2025-06-03,2025-06-04,Route-East-Awash,3.0,2025-06-03,2025-06-04
DEL-002033,ORD-002033,2025-04-07,2025-04-08,Route-Addis-Central,3.0,2025-04-07,2025-04-08
DEL-002034,ORD-002034,2025-12-26,2025-12-28,Route-North-Corridor,1.0,2025-12-26,2025-12-28
DEL-002035,ORD-002035,2025-07-27,2025-07-29,Route-South-Hawassa,2.0,2025-07-27,2025-07-29
DEL-002036,ORD-002036,2025-02-25,2025-02-26,Route-Addis-Central,1.0,2025-02-25,2025-02-26
DEL-002037,ORD-002037,2025-03-25,2025-03-26,Route-North-Corridor,4.0,2025-03-25,2025-03-26
DEL-002038,ORD-002038,2025-03-15,2025-03-17,Route-West-Jimma,1.0,2025-03-15,2025-03-17
DEL-002039,ORD-002039,2025-03-28,2025-03-29,Route-North-Corridor,3.0,2025-03-28,2025-03-29
DEL-002040,ORD-002040,2025-10-11,2025-10-12,Route-East-Awash,4.0,2025-10-11,2025-10-12
DEL-002041,ORD-002041,2025-08-16,2025-08-18,Route-North-Corridor,0.0,2025-08-16,2025-08-18
DEL-002042,ORD-002042,2025-06-29,2025-07-01,Route-South-Hawassa,1.0,2025-06-29,2025-07-01
DEL-002043,ORD-002043,2025-07-07,2025-07-08,Route-North-Corridor,4.0,2025-07-07,2025-07-08
DEL-002044,ORD-002044,2025-01-20,2025-01-21,Route-West-Jimma,7.0,2025-01-20,2025-01-21
DEL-002045,ORD-002045,2025-09-29,2025-10-01,Route-West-Jimma,0.0,2025-09-29,2025-10-01
DEL-002046,ORD-002046,2025-03-14,2025-03-16,Route-West-Jimma,5.0,2025-03-14,2025-03-16
DEL-002047,ORD-002047,2025-05-13,2025-05-16,Route-West-Jimma,5.0,2025-05-13,2025-05-16
DEL-002048,ORD-002048,2025-01-12,2025-01-13,Route-North-Corridor,1.0,2025-01-12,2025-01-13
DEL-002049,ORD-002049,2025-10-06,2025-10-07,Route-West-Jimma,1.0,2025-10-06,2025-10-07
DEL-002050,ORD-002050,2025-05-27,2025-05-28,Route-South-Hawassa,4.0,2025-05-27,2025-05-28
DEL-002051,ORD-002051,2025-05-04,2025-05-05,Route-North-Corridor,2.0,2025-05-04,2025-05-05
DEL-002052,ORD-002052,2025-02-11,2025-02-15,Route-South-Hawassa,4.0,2025-02-11,2025-02-15
DEL-002053,ORD-002053,2025-11-29,2025-12-01,Route-West-Jimma,1.0,2025-11-29,2025-12-01
DEL-002054,ORD-002054,2025-04-26,2025-04-27,Route-West-Jimma,5.0,2025-04-26,2025-04-27
DEL-002055,ORD-002055,2025-11-21,2025-11-22,Route-North-Corridor,1.0,2025-11-21,2025-11-22
DEL-002056,ORD-002056,2025-01-23,2025-01-25,Route-South-Hawassa,0.0,2025-01-23,2025-01-25
DEL-002057,ORD-002057,2025-08-22,2025-08-23,Route-West-Jimma,1.0,2025-08-22,2025-08-23
DEL-002058,ORD-002058,2025-05-06,2025-05-08,Route-South-Hawassa,1.0,2025-05-06,2025-05-08
DEL-002059,ORD-002059,2025-03-19,2025-03-20,Route-West-Jimma,3.0,2025-03-19,2025-03-20
DEL-002060,ORD-002060,2025-04-12,2025-04-15,Route-East-Awash,1.0,2025-04-12,2025-04-15
DEL-002061,ORD-002061,2025-10-05,2025-10-06,Route-West-Jimma,1.0,2025-10-05,2025-10-06
DEL-002062,ORD-002062,2025-05-22,2025-05-24,Route-West-Jimma,5.0,2025-05-22,2025-05-24
DEL-002063,ORD-002063,2025-12-22,2025-12-23,Route-Addis-Central,2.0,2025-12-22,2025-12-23
DEL-002064,ORD-002064,2025-07-08,2025-07-09,Route-East-Awash,4.0,2025-07-08,2025-07-09
DEL-002065,ORD-002065,2025-12-22,2025-12-25,Route-Addis-Central,1.0,2025-12-22,2025-12-25
DEL-002066,ORD-002066,2025-02-23,2025-02-24,Route-West-Jimma,3.0,2025-02-23,2025-02-24
DEL-002067,ORD-002067,2025-07-25,2025-07-27,Route-South-Hawassa,0.0,2025-07-25,2025-07-27
DEL-002068,ORD-002068,2025-06-24,2025-06-26,Route-West-Jimma,1.0,2025-06-24,2025-06-26
DEL-002069,ORD-002069,2025-01-31,2025-02-02,Route-West-Jimma,3.0,2025-01-31,2025-02-02
DEL-002070,ORD-002070,2025-01-11,2025-01-12,Route-West-Jimma,4.0,2025-01-11,2025-01-12
DEL-002071,ORD-002071,2025-03-03,2025-03-04,Route-West-Jimma,10.0,2025-03-03,2025-03-04
DEL-002072,ORD-002072,2025-10-26,2025-10-28,Route-East-Awash,7.0,2025-10-26,2025-10-28
DEL-002073,ORD-002073,2025-01-04,2025-01-05,Route-East-Awash,2.0,2025-01-04,2025-01-05
DEL-002074,ORD-002074,2025-04-05,2025-04-06,Route-East-Awash,,2025-04-05,2025-04-06
DEL-002075,ORD-002075,2025-06-09,2025-06-10,Route-South-Hawassa,1.0,2025-06-09,2025-06-10
DEL-002076,ORD-002076,2025-01-08,2025-01-10,Route-North-Corridor,4.0,2025-01-08,2025-01-10
DEL-002077,ORD-002077,2025-03-14,2025-03-15,Route-South-Hawassa,1.0,2025-03-14,2025-03-15
DEL-002078,ORD-002078,2025-09-28,2025-09-30,Route-South-Hawassa,1.0,2025-09-28,2025-09-30
DEL-002079,ORD-002079,2025-02-11,2025-02-12,Route-West-Jimma,3.0,2025-02-11,2025-02-12
DEL-002080,ORD-002080,2025-07-06,2025-07-07,Route-South-Hawassa,1.0,2025-07-06,2025-07-07
DEL-002081,ORD-002081,2025-04-29,2025-10-26,Route-South-Hawassa,9.0,2025-04-29,2025-10-26
DEL-002082,ORD-002082,2025-09-08,2025-09-09,Route-South-Hawassa,8.0,2025-09-08,2025-09-09
DEL-002083,ORD-002083,2025-01-30,2025-01-31,Route-South-Hawassa,3.0,2025-01-30,2025-01-31
DEL-002084,ORD-002084,2025-02-02,2025-02-04,Route-Addis-Central,2.0,2025-02-02,2025-02-04
DEL-002085,ORD-002085,2025-07-03,2025-07-06,ROUTE-NORTH-CORRIDOR,2.0,2025-07-03,2025-07-06
DEL-002086,ORD-002086,2025-03-18,2025-03-19,Route-East-Awash,4.0,2025-03-18,2025-03-19
DEL-002087,ORD-002087,2025-01-06,2025-01-08,Route-East-Awash,1.0,2025-01-06,2025-01-08
DEL-002088,ORD-002088,2025-06-27,2025-06-28,Route-South-Hawassa,5.0,2025-06-27,2025-06-28
DEL-002089,ORD-002089,2025-09-04,2025-09-06,Route-North-Corridor,2.0,2025-09-04,2025-09-06
DEL-002090,ORD-002090,2025-03-27,2025-03-29,Route-East-Awash,1.0,2025-03-27,2025-03-29
DEL-002091,ORD-002091,2025-05-03,2025-05-04,Route-South-Hawassa,1.0,2025-05-03,2025-05-04
DEL-002092,ORD-002092,2025-06-19,2025-06-20,Route-South-Hawassa,1.0,2025-06-19,2025-06-20
DEL-002093,ORD-002093,2025-12-04,2025-12-07,Route-East-Awash,1.0,2025-12-04,2025-12-07
DEL-002094,ORD-002094,2025-12-04,2025-12-05,Route-East-Awash,1.0,2025-12-04,2025-12-05
DEL-002095,ORD-002095,2025-06-11,2025-06-13,Route-West-Jimma,2.0,2025-06-11,2025-06-13
DEL-002096,ORD-002096,2025-07-11,2025-07-13,Route-South-Hawassa,3.0,2025-07-11,2025-07-13
DEL-002097,ORD-002097,2025-01-26,2025-01-27,,2.0,2025-01-26,2025-01-27
DEL-002098,ORD-002098,2025-04-22,2025-04-23,Route-West-Jimma,10.0,2025-04-22,2025-04-23
DEL-002099,ORD-002099,2025-10-07,2025-10-08,Route-North-Corridor,5.0,2025-10-07,2025-10-08
DEL-002100,ORD-002100,2025-10-03,2025-10-05,Route-East-Awash,3.0,2025-10-03,2025-10-05
DEL-002101,ORD-002101,2025-01-17,2025-01-18,Route-North-Corridor,9.0,2025-01-17,2025-01-18
DEL-002102,ORD-002102,2025-09-20,2025-09-22,Route-South-Hawassa,1.0,2025-09-20,2025-09-22
DEL-002103,ORD-002103,2025-09-17,2025-09-21,Route-East-Awash,15.0,2025-09-17,2025-09-21
DEL-002104,ORD-002104,2025-04-01,2025-04-05,Route-West-Jimma,1.0,2025-04-01,2025-04-05
DEL-002105,ORD-002105,2025-10-05,2025-10-06,Route-East-Awash,2.0,2025-10-05,2025-10-06
DEL-002106,ORD-002106,2025-07-15,2025-07-16,Route-South-Hawassa,3.0,2025-07-15,2025-07-16
DEL-002107,ORD-002107,2025-01-26,2025-01-28,Route-South-Hawassa,5.0,2025-01-26,2025-01-28
DEL-002108,ORD-002108,2025-06-24,2025-06-25,Route-North-Corridor,1.0,2025-06-24,2025-06-25
DEL-002109,ORD-002109,2025-09-13,2025-09-14,Route-East-Awash,2.0,2025-09-13,2025-09-14
DEL-002110,ORD-002110,2025-09-25,2025-09-26,Route-West-Jimma,5.0,2025-09-25,2025-09-26
DEL-002111,ORD-002111,2025-04-15,2025-04-17,Route-South-Hawassa,4.0,2025-04-15,2025-04-17
DEL-002112,ORD-002112,2025-03-16,2025-03-17,Route-South-Hawassa,6.0,2025-03-16,2025-03-17
DEL-002113,ORD-002113,2025-04-25,2025-04-26,Route-East-Awash,6.0,2025-04-25,2025-04-26
DEL-002114,ORD-002114,2025-07-16,2025-07-17,Route-East-Awash,1.0,2025-07-16,2025-07-17
DEL-002115,ORD-002115,2025-10-08,2025-10-09,Route-North-Corridor,1.0,2025-10-08,2025-10-09
DEL-002116,ORD-002116,2025-09-30,2025-10-01,Route Addis Central,9.0,2025-09-30,2025-10-01
DEL-002117,ORD-002117,2025-02-24,2025-02-27,Route-North-Corridor,,2025-02-24,2025-02-27
DEL-002118,ORD-002118,2025-10-24,2025-10-25,Route-South-Hawassa,5.0,2025-10-24,2025-10-25
DEL-002119,ORD-002119,2025-05-06,2025-05-08,Route-East-Awash,2.0,2025-05-06,2025-05-08
DEL-002120,ORD-002120,2025-12-08,2025-12-11,Route-Addis-Central,2.0,2025-12-08,2025-12-11
DEL-002121,ORD-002121,2025-11-13,2025-11-14,Route-Addis-Central,5.0,2025-11-13,2025-11-14
DEL-002122,ORD-002122,2025-05-08,2025-05-09,Route-South-Hawassa,3.0,2025-05-08,2025-05-09
DEL-002123,ORD-002123,2025-03-28,2025-03-29,Route-Addis-Central,15.0,2025-03-28,2025-03-29
DEL-002124,ORD-002124,2025-07-12,2025-07-13,Route-Addis-Central,1.0,2025-07-12,2025-07-13
DEL-002125,ORD-002125,2025-07-17,2025-07-18,Route-South-Hawassa,15.0,2025-07-17,2025-07-18
DEL-002126,ORD-002126,2025-03-18,2025-03-20,Route-Addis-Central,1.0,2025-03-18,2025-03-20
DEL-002127,ORD-002127,2025-01-02,2025-01-04,Route-South-Hawassa,2.0,2025-01-02,2025-01-04
DEL-002128,ORD-002128,2025-10-09,2025-10-10,Route-East-Awash,14.0,2025-10-09,2025-10-10
DEL-002129,ORD-002129,2025-04-05,2025-04-08,Route-East-Awash,2.0,2025-04-05,2025-04-08
DEL-002130,ORD-002130,2025-11-01,2025-11-02,Route-South-Hawassa,1.0,2025-11-01,2025-11-02
DEL-002131,ORD-002131,2025-11-16,2025-11-20,Route-South-Hawassa,3.0,2025-11-16,2025-11-20
DEL-002132,ORD-002132,2025-06-01,2025-06-04,,1.0,2025-06-01,2025-06-04
DEL-002133,ORD-002133,2025-03-17,2025-03-18,Route-North-Corridor,1.0,2025-03-17,2025-03-18
DEL-002134,ORD-002134,2025-01-30,2025-02-02,Route-East-Awash,3.0,2025-01-30,2025-02-02
DEL-002135,ORD-002135,2025-04-11,2025-04-13,Route-South-Hawassa,2.0,2025-04-11,2025-04-13
DEL-002136,ORD-002136,2025-04-25,2025-04-27,Route-North-Corridor,1.0,2025-04-25,2025-04-27
DEL-002137,ORD-002137,2025-01-25,2025-01-27,Route-East-Awash,4.0,2025-01-25,2025-01-27
DEL-002138,ORD-002138,2025-05-13,2025-05-16,Route-Addis-Central,2.0,2025-05-13,2025-05-16
DEL-002139,ORD-002139,2025-08-26,2025-08-29,Route-East-Awash,4.0,2025-08-26,2025-08-29
DEL-002140,ORD-002140,2025-06-30,2025-07-02,Route-West-Jimma,3.0,2025-06-30,2025-07-02
DEL-002141,ORD-002141,2025-06-05,2025-06-09,Route-West-Jimma,5.0,2025-06-05,2025-06-09
DEL-002142,ORD-002142,2025-02-02,2025-02-03,Route-North-Corridor,1.0,2025-02-02,2025-02-03
DEL-002143,ORD-002143,2025-09-13,2025-09-15,Route-North-Corridor,6.0,2025-09-13,2025-09-15
DEL-002144,ORD-002144,2025-08-04,2025-08-05,Route-South-Hawassa,3.0,2025-08-04,2025-08-05
DEL-002145,ORD-002145,2025-09-07,2025-09-09,Route-East-Awash,9.0,2025-09-07,2025-09-09
DEL-002146,ORD-002146,2025-06-10,2025-06-13,Route-North-Corridor,1.0,2025-06-10,2025-06-13
DEL-002147,ORD-002147,2025-04-20,2025-04-22,Route-South-Hawassa,1.0,2025-04-20,2025-04-22
DEL-002148,ORD-002148,2025-03-31,2025-04-02,Route-South-Hawassa,1.0,2025-03-31,2025-04-02
DEL-002149,ORD-002149,2025-07-21,2025-07-23,Route Addis Central,4.0,2025-07-21,2025-07-23
DEL-002150,ORD-002150,2025-06-07,2025-06-08,Route-South-Hawassa,4.0,2025-06-07,2025-06-08
DEL-002151,ORD-002151,2025-11-23,2025-11-24,Route-South-Hawassa,3.0,2025-11-23,2025-11-24
DEL-002152,ORD-002152,2025-07-26,2025-07-28,Route-Addis-Central,3.0,2025-07-26,2025-07-28
DEL-002153,ORD-002153,2025-10-04,2025-10-05,Route-West-Jimma,5.0,2025-10-04,2025-10-05
DEL-002154,ORD-002154,2025-11-15,2025-11-16,Route-South-Hawassa,4.0,2025-11-15,2025-11-16
DEL-002155,ORD-002155,2025-01-15,2025-01-16,Route-East-Awash,8.0,2025-01-15,2025-01-16
DEL-002156,ORD-002156,2025-06-13,2025-06-14,Route-South-Hawassa,1.0,2025-06-13,2025-06-14
DEL-002157,ORD-002157,2025-04-28,2025-04-30,Route-South-Hawassa,3.0,2025-04-28,2025-04-30
DEL-002158,ORD-002158,2025-11-13,2025-11-14,Route-South-Hawassa,3.0,2025-11-13,2025-11-14
DEL-002159,ORD-002159,2025-04-22,2025-04-23,Route-North-Corridor,3.0,2025-04-22,2025-04-23
DEL-002160,ORD-002160,2025-03-31,2025-04-01,Route-Addis-Central,3.0,2025-03-31,2025-04-01
DEL-002161,ORD-002161,2025-05-29,2025-06-01,Route-South-Hawassa,2.0,2025-05-29,2025-06-01
DEL-002162,ORD-002162,2025-03-12,2025-03-13,Route-Addis-Central,3.0,2025-03-12,2025-03-13
DEL-002163,ORD-002163,2025-03-08,2025-03-11,Route-East-Awash,5.0,2025-03-08,2025-03-11
DEL-002164,ORD-002164,2025-10-12,2025-10-14,Route-North-Corridor,1.0,2025-10-12,2025-10-14
DEL-002165,ORD-002165,2025-07-17,2025-07-19,Route-East-Awash,2.0,2025-07-17,2025-07-19
DEL-002166,ORD-002166,2025-05-30,2025-05-31,Route-South-Hawassa,7.0,2025-05-30,2025-05-31
DEL-002167,ORD-002167,2025-09-16,2025-09-18,Route-West-Jimma,3.0,2025-09-16,2025-09-18
DEL-002168,ORD-002168,2025-04-27,2025-04-28,Route-North-Corridor,1.0,2025-04-27,2025-04-28
DEL-002169,ORD-002169,2025-12-18,2025-12-19,Route-South-Hawassa,2.0,2025-12-18,2025-12-19
DEL-002170,ORD-002170,2025-01-11,2025-01-14,Route-Addis-Central,2.0,2025-01-11,2025-01-14
DEL-002172,ORD-002172,2025-08-13,2025-08-14,Route-Addis-Central,1.0,2025-08-13,2025-08-14
DEL-002173,ORD-002173,2025-10-28,2025-10-30,Route-Addis-Central,5.0,2025-10-28,2025-10-30
DEL-002174,ORD-002174,2025-01-28,2025-01-29,Route-West-Jimma,1.0,2025-01-28,2025-01-29
DEL-002175,ORD-002175,2025-10-14,2025-10-15,Route-West-Jimma,3.0,2025-10-14,2025-10-15
DEL-002176,ORD-002176,2025-04-22,2025-04-23,Route-North-Corridor,1.0,2025-04-22,2025-04-23
DEL-002177,ORD-002177,2025-10-22,2025-10-23,Route-South-Hawassa,5.0,2025-10-22,2025-10-23
DEL-002178,ORD-002178,2025-10-08,2025-10-09,Route-North-Corridor,1.0,2025-10-08,2025-10-09
DEL-002179,ORD-002179,2025-07-21,2025-07-22,Route-North-Corridor,3.0,2025-07-21,2025-07-22
DEL-002180,ORD-002180,2025-01-22,2025-01-25,Route-North-Corridor,2.0,2025-01-22,2025-01-25
DEL-002181,ORD-002181,2025-05-09,2025-05-11,Route-West-Jimma,1.0,2025-05-09,2025-05-11
DEL-002182,ORD-002182,2025-01-22,2025-01-23,Route-North-Corridor,8.0,2025-01-22,2025-01-23
DEL-002183,ORD-002183,2025-06-02,2025-06-04,Route-Addis-Central,1.0,2025-06-02,2025-06-04
DEL-002184,ORD-002184,2025-06-08,2025-06-09,Route-Addis-Central,2.0,2025-06-08,2025-06-09
DEL-002185,ORD-002185,2025-10-03,2025-10-06,Route-East-Awash,2.0,2025-10-03,2025-10-06
DEL-002186,ORD-002186,2025-09-01,2025-09-03,Route-South-Hawassa,8.0,2025-09-01,2025-09-03
DEL-002187,ORD-002187,2025-07-25,2025-07-27,Route-East-Awash,4.0,2025-07-25,2025-07-27
DEL-002188,ORD-002188,2025-10-04,2025-10-05,Route-Addis-Central,3.0,2025-10-04,2025-10-05
DEL-002189,ORD-002189,2025-05-24,2025-05-26,ROUTE-NORTH-CORRIDOR,1.0,2025-05-24,2025-05-26
DEL-002190,ORD-002190,2025-08-30,2025-08-31,Route-Addis-Central,3.0,2025-08-30,2025-08-31
DEL-002191,ORD-002191,2025-04-07,2025-04-11,Route-East-Awash,3.0,2025-04-07,2025-04-11
DEL-002192,ORD-002192,2025-06-12,2025-06-14,Route-East-Awash,1.0,2025-06-12,2025-06-14
DEL-002193,ORD-002193,2025-06-04,2025-06-07,Route-South-Hawassa,5.0,2025-06-04,2025-06-07
DEL-002194,ORD-002194,2025-04-18,2025-04-19,Route-North-Corridor,2.0,2025-04-18,2025-04-19
DEL-002195,ORD-002195,2025-12-15,2025-12-18,Route-South-Hawassa,3.0,2025-12-15,2025-12-18
DEL-002196,ORD-002196,2025-10-19,2025-10-21,Route-Addis-Central,,2025-10-19,2025-10-21
DEL-002197,ORD-002197,2025-10-06,2025-10-07,Route-South-Hawassa,3.0,2025-10-06,2025-10-07
DEL-002198,ORD-002198,2025-09-19,2025-09-20,Route-East-Awash,2.0,2025-09-19,2025-09-20
DEL-002199,ORD-002199,2025-11-18,2025-11-20,Route-West-Jimma,3.0,2025-11-18,2025-11-20
DEL-002200,ORD-002200,2025-04-18,2025-04-20,Route-North-Corridor,0.0,2025-04-18,2025-04-20
DEL-002201,ORD-002201,2025-08-14,2025-08-15,Route-Addis-Central,4.0,2025-08-14,2025-08-15
DEL-002202,ORD-002202,2025-07-07,2025-07-09,Route-Addis-Central,3.0,2025-07-07,2025-07-09
DEL-002203,ORD-002203,2025-08-25,2025-08-26,Route-East-Awash,3.0,2025-08-25,2025-08-26
DEL-002204,ORD-002204,2025-08-03,2025-08-05,Route-South-Hawassa,1.0,2025-08-03,2025-08-05
DEL-002205,ORD-002205,2025-12-08,2025-12-09,Route-Addis-Central,4.0,2025-12-08,2025-12-09
DEL-002206,ORD-002206,2025-09-27,2025-09-29,Route-South-Hawassa,5.0,2025-09-27,2025-09-29
DEL-002207,ORD-002207,2025-12-09,2025-12-12,Route-Addis-Central,2.0,2025-12-09,2025-12-12
DEL-002208,ORD-002208,2025-06-14,2025-06-16,Route-East-Awash,1.0,2025-06-14,2025-06-16
DEL-002209,ORD-002209,2025-06-01,2025-06-02,Route-North-Corridor,2.0,2025-06-01,2025-06-02
DEL-002210,ORD-002210,2025-04-24,2025-04-27,Route-East-Awash,2.0,2025-04-24,2025-04-27
DEL-002211,ORD-002211,2025-12-22,2025-12-23,Route-West-Jimma,1.0,2025-12-22,2025-12-23
DEL-002212,ORD-002212,2025-12-24,2025-12-25,Route-North-Corridor,1.0,2025-12-24,2025-12-25
DEL-002213,ORD-002213,2025-09-20,2025-09-21,Route-Addis-Central,0.0,2025-09-20,2025-09-21
DEL-002214,ORD-002214,2025-06-10,2025-06-11,Route-South-Hawassa,2.0,2025-06-10,2025-06-11
DEL-002215,ORD-002215,2025-11-17,2025-11-19,Route-West-Jimma,3.0,2025-11-17,2025-11-19
DEL-002216,ORD-002216,2025-06-18,2025-06-20,Route-West-Jimma,10.0,2025-06-18,2025-06-20
DEL-002217,ORD-002217,2025-11-16,2025-11-19,Route-North-Corridor,1.0,2025-11-16,2025-11-19
DEL-002218,ORD-002218,2025-04-10,2025-04-13,Route-West-Jimma,1.0,2025-04-10,2025-04-13
DEL-002219,ORD-002219,2025-03-17,2025-03-18,Route-West-Jimma,9.0,2025-03-17,2025-03-18
DEL-002220,ORD-002220,2025-05-14,2025-05-16,Route-West-Jimma,7.0,2025-05-14,2025-05-16
DEL-002221,ORD-002221,2025-07-07,2025-07-08,Route-North-Corridor,1.0,2025-07-07,2025-07-08
DEL-002222,ORD-002222,2025-12-18,2025-12-20,Route-Addis-Central,4.0,2025-12-18,2025-12-20
DEL-002223,ORD-002223,2025-10-12,2025-10-13,Route-North-Corridor,1.0,2025-10-12,2025-10-13
DEL-002224,ORD-002224,2025-11-16,2025-11-17,Route-East-Awash,16.0,2025-11-16,2025-11-17
DEL-002225,ORD-002225,2025-12-20,2025-12-22,Route-South-Hawassa,3.0,2025-12-20,2025-12-22
DEL-002226,ORD-002226,2025-04-01,2025-04-02,Route-South-Hawassa,17.0,2025-04-01,2025-04-02
DEL-002227,ORD-002227,2025-10-10,2025-10-12,Route-North-Corridor,3.0,2025-10-10,2025-10-12
DEL-002228,ORD-002228,2025-02-03,2025-02-05,Route-West-Jimma,1.0,2025-02-03,2025-02-05
DEL-002229,ORD-002229,2025-01-31,2025-02-01,Route-East-Awash,1.0,2025-01-31,2025-02-01
DEL-002230,ORD-002230,2025-01-31,2025-02-01,Route-North-Corridor,2.0,2025-01-31,2025-02-01
DEL-002231,ORD-002231,2025-09-02,2025-09-05,Route-North-Corridor,2.0,2025-09-02,2025-09-05
DEL-002232,ORD-002232,2025-05-02,2025-05-04,Route-Addis-Central,0.0,2025-05-02,2025-05-04
DEL-002233,ORD-002233,2025-10-20,2025-10-21,Route-West-Jimma,2.0,2025-10-20,2025-10-21
DEL-002234,ORD-002234,2025-07-25,2025-07-26,Route-North-Corridor,1.0,2025-07-25,2025-07-26
DEL-002235,ORD-002235,2025-12-02,2025-12-03,Route-South-Hawassa,2.0,2025-12-02,2025-12-03
DEL-002236,ORD-002236,2025-07-26,2025-07-27,Route-East-Awash,0.0,2025-07-26,2025-07-27
DEL-002237,ORD-002237,2025-11-03,2025-11-05,Route-East-Awash,5.0,2025-11-03,2025-11-05
DEL-002238,ORD-002238,2025-06-07,2025-06-08,Route-East-Awash,2.0,2025-06-07,2025-06-08
DEL-002239,ORD-002239,2025-07-29,2025-07-31,Route-North-Corridor,4.0,2025-07-29,2025-07-31
DEL-002240,ORD-002240,2025-11-13,2025-11-15,Route-South-Hawassa,2.0,2025-11-13,2025-11-15
DEL-002241,ORD-002241,2025-02-10,2025-02-11,Route-North-Corridor,1.0,2025-02-10,2025-02-11
DEL-002242,ORD-002242,2025-08-05,2025-08-08,Route-West-Jimma,2.0,2025-08-05,2025-08-08
DEL-002243,ORD-002243,2025-08-20,2025-08-21,Route-North-Corridor,2.0,2025-08-20,2025-08-21
DEL-002244,ORD-002244,2025-09-19,2025-09-21,Route-West-Jimma,1.0,2025-09-19,2025-09-21
DEL-002245,ORD-002245,2025-05-12,2025-05-13,Route-West-Jimma,2.0,2025-05-12,2025-05-13
DEL-002246,ORD-002246,2025-09-17,2025-09-19,Route-Addis-Central,3.0,2025-09-17,2025-09-19
DEL-002247,ORD-002247,2025-12-14,2025-12-15,Route-South-Hawassa,4.0,2025-12-14,2025-12-15
DEL-002248,ORD-002248,2025-05-14,2025-05-15,Route-South-Hawassa,1.0,2025-05-14,2025-05-15
DEL-002249,ORD-002249,2025-12-11,2025-12-14,Route-East-Awash,,2025-12-11,2025-12-14
DEL-002250,ORD-002250,2025-01-02,2025-01-03,Route-Addis-Central,3.0,2025-01-02,2025-01-03
DEL-002251,ORD-002251,2025-04-22,2025-04-25,Route-Addis-Central,450.0,2025-04-22,2025-04-25
DEL-002252,ORD-002252,2025-07-30,2025-07-31,Route-Addis-Central,1.0,2025-07-30,2025-07-31
DEL-002253,ORD-002253,2025-08-03,2025-08-05,Route-Addis-Central,9.0,2025-08-03,2025-08-05
DEL-002254,ORD-002254,2025-01-23,2025-01-25,Route-Addis-Central,3.0,2025-01-23,2025-01-25
DEL-002255,ORD-002255,2025-03-09,2025-03-10,Route-East-Awash,5.0,2025-03-09,2025-03-10
DEL-002256,ORD-002256,2025-12-27,2025-12-28,Route-West-Jimma,8.0,2025-12-27,2025-12-28
DEL-002257,ORD-002257,2025-11-16,2025-11-17,Route-East-Awash,3.0,2025-11-16,2025-11-17
DEL-002258,ORD-002258,2025-06-17,2025-06-19,route-addis-central,3.0,2025-06-17,2025-06-19
DEL-002259,ORD-002259,2025-10-07,2025-10-10,Route-Addis-Central,3.0,2025-10-07,2025-10-10
DEL-002260,ORD-002260,2025-02-02,2025-02-03,Route-North-Corridor,4.0,2025-02-02,2025-02-03
DEL-002261,ORD-002261,2025-03-12,2025-03-13,Route-Addis-Central,6.0,2025-03-12,2025-03-13
DEL-002262,ORD-002262,2025-01-11,2025-01-14,Route-North-Corridor,2.0,2025-01-11,2025-01-14
DEL-002263,ORD-002263,2025-06-27,2025-06-29,Route-West-Jimma,1.0,2025-06-27,2025-06-29
DEL-002264,ORD-002264,2025-05-12,2025-05-14,Route-West-Jimma,3.0,2025-05-12,2025-05-14
DEL-002265,ORD-002265,2025-05-18,2025-05-20,Route-North-Corridor,3.0,2025-05-18,2025-05-20
DEL-002266,ORD-002266,2025-05-13,2025-05-14,Route-North-Corridor,3.0,2025-05-13,2025-05-14
DEL-002267,ORD-002267,2025-03-17,2025-03-18,Route-West-Jimma,2.0,2025-03-17,2025-03-18
DEL-002268,ORD-002268,2025-12-20,2025-12-21,Route-West-Jimma,1.0,2025-12-20,2025-12-21
DEL-002269,ORD-002269,2025-12-08,2025-12-10,Route-East-Awash,1.0,2025-12-08,2025-12-10
DEL-002270,ORD-002270,2025-02-24,2025-02-25,Route-East-Awash,2.0,2025-02-24,2025-02-25
DEL-002271,ORD-002271,2025-12-21,2025-12-22,ROUTE-NORTH-CORRIDOR,4.0,2025-12-21,2025-12-22
DEL-002272,ORD-002272,2025-01-25,2025-01-26,Route-West-Jimma,3.0,2025-01-25,2025-01-26
DEL-002273,ORD-002273,2025-06-14,2025-06-16,Route-South-Hawassa,2.0,2025-06-14,2025-06-16
DEL-002274,ORD-002274,2025-02-14,2025-02-16,Route-Addis-Central,4.0,2025-02-14,2025-02-16
DEL-002275,ORD-002275,2025-01-17,2025-01-18,Route-South-Hawassa,2.0,2025-01-17,2025-01-18
DEL-002276,ORD-002276,2025-11-01,2025-11-02,Route-South-Hawassa,5.0,2025-11-01,2025-11-02
DEL-002277,ORD-002277,2025-09-27,2025-09-28,Route-West-Jimma,3.0,2025-09-27,2025-09-28
DEL-002278,ORD-002278,2025-04-08,2025-04-10,Route-Addis-Central,2.0,2025-04-08,2025-04-10
DEL-002279,ORD-002279,2025-06-25,2025-06-26,Route-South-Hawassa,1.0,2025-06-25,2025-06-26
DEL-002280,ORD-002280,2025-05-18,2025-05-19,Route-North-Corridor,3.0,2025-05-18,2025-05-19
DEL-002281,ORD-002281,2025-11-21,2025-11-22,Route-East-Awash,2.0,2025-11-21,2025-11-22
DEL-002282,ORD-002282,2025-05-21,2025-05-23,Route-Addis-Central,3.0,2025-05-21,2025-05-23
DEL-002283,ORD-002283,2025-08-13,2025-08-16,Route-Addis-Central,3.0,2025-08-13,2025-08-16
DEL-002284,ORD-002284,2025-10-18,2025-10-19,Route-South-Hawassa,1.0,2025-10-18,2025-10-19
DEL-002285,ORD-002285,2025-09-23,2025-09-25,Route-East-Awash,3.0,2025-09-23,2025-09-25
DEL-002286,ORD-002286,2025-07-30,2025-08-01,Route-North-Corridor,5.0,2025-07-30,2025-08-01
DEL-002287,ORD-002287,2025-05-30,2025-05-31,Route-North-Corridor,2.0,2025-05-30,2025-05-31
DEL-002288,ORD-002288,2025-09-23,2025-09-27,,3.0,2025-09-23,2025-09-27
DEL-002289,ORD-002289,2025-12-22,2025-12-23,Route-South-Hawassa,1.0,2025-12-22,2025-12-23
DEL-002290,ORD-002290,2025-01-06,2025-01-09,,2.0,2025-01-06,2025-01-09
DEL-002291,ORD-002291,2025-11-01,2025-11-03,Route-North-Corridor,2.0,2025-11-01,2025-11-03
DEL-002292,ORD-002292,2025-07-24,2025-07-25,Route-North-Corridor,3.0,2025-07-24,2025-07-25
DEL-002293,ORD-002293,2025-06-11,2025-06-15,Route-West-Jimma,1.0,2025-06-11,2025-06-15
DEL-002294,ORD-002294,2025-10-11,2025-10-12,Route-North-Corridor,2.0,2025-10-11,2025-10-12
DEL-002295,ORD-002295,2025-05-24,2025-05-26,Route-South-Hawassa,1.0,2025-05-24,2025-05-26
DEL-002296,ORD-002296,2025-04-28,2025-04-29,Route-North-Corridor,4.0,2025-04-28,2025-04-29
DEL-002297,ORD-002297,2025-03-31,2025-04-03,Route-South-Hawassa,1.0,2025-03-31,2025-04-03
DEL-002298,ORD-002298,2025-08-11,2025-08-13,Route-Addis-Central,1.0,2025-08-11,2025-08-13
DEL-002299,ORD-002299,2025-12-31,2026-01-03,Route-Addis-Central,1.0,2025-12-31,2026-01-03
DEL-002300,ORD-002300,2025-01-31,2025-02-01,Route-North-Corridor,1.0,2025-01-31,2025-02-01
DEL-002301,ORD-002301,2025-08-08,2025-08-09,Route-South-Hawassa,2.0,2025-08-08,2025-08-09
DEL-002302,ORD-002302,2025-08-09,2025-08-11,Route-East-Awash,1.0,2025-08-09,2025-08-11
DEL-002303,ORD-002303,2025-10-24,2025-10-27,Route-North-Corridor,1.0,2025-10-24,2025-10-27
DEL-002304,ORD-002304,2025-07-30,2025-08-02,Route-Addis-Central,1.0,2025-07-30,2025-08-02
DEL-002305,ORD-002305,2025-10-08,2025-10-10,Route-South-Hawassa,4.0,2025-10-08,2025-10-10
DEL-002306,ORD-002306,2025-10-15,2025-10-16,Route-North-Corridor,4.0,2025-10-15,2025-10-16
DEL-002307,ORD-002307,2025-04-28,2025-05-01,,1.0,2025-04-28,2025-05-01
DEL-002308,ORD-002308,2025-02-25,2025-02-27,Route-Addis-Central,1.0,2025-02-25,2025-02-27
DEL-002309,ORD-002309,2025-01-29,2025-01-31,,7.0,2025-01-29,2025-01-31
DEL-002310,ORD-002310,2025-08-01,2025-08-04,Route-West-Jimma,2.0,2025-08-01,2025-08-04
DEL-002311,ORD-002311,2025-11-06,2025-11-08,Route-West-Jimma,1.0,2025-11-06,2025-11-08
DEL-002312,ORD-002312,2025-12-29,2025-12-30,Route-Addis-Central,3.0,2025-12-29,2025-12-30
DEL-002313,ORD-002313,2025-08-07,2025-08-08,Route-North-Corridor,1.0,2025-08-07,2025-08-08
DEL-002314,ORD-002314,2025-07-11,2025-07-12,Route-North-Corridor,3.0,2025-07-11,2025-07-12
DEL-002315,ORD-002315,2025-01-30,2025-02-02,Route-West-Jimma,0.0,2025-01-30,2025-02-02
DEL-002316,ORD-002316,2025-02-13,2025-02-14,Route-North-Corridor,1.0,2025-02-13,2025-02-14
DEL-002317,ORD-002317,2025-01-11,2025-01-13,Route-South-Hawassa,5.0,2025-01-11,2025-01-13
DEL-002318,ORD-002318,2025-10-10,2025-10-11,Route-South-Hawassa,3.0,2025-10-10,2025-10-11
DEL-002319,ORD-002319,2025-11-28,2025-11-30,Route-North-Corridor,0.0,2025-11-28,2025-11-30
DEL-002320,ORD-002320,2025-02-24,2025-02-26,Route-West-Jimma,2.0,2025-02-24,2025-02-26
DEL-002321,ORD-002321,2025-07-28,2025-07-31,Route-South-Hawassa,2.0,2025-07-28,2025-07-31
DEL-002322,ORD-002322,2025-10-17,2025-10-19,Route-North-Corridor,7.0,2025-10-17,2025-10-19
DEL-002323,ORD-002323,2025-11-29,2025-11-30,Route-East-Awash,3.0,2025-11-29,2025-11-30
DEL-002324,ORD-002324,2025-05-12,2025-05-13,Route-North-Corridor,2.0,2025-05-12,2025-05-13
DEL-002325,ORD-002325,2025-06-01,2025-06-03,Route-Addis-Central,4.0,2025-06-01,2025-06-03
DEL-002326,ORD-002326,2025-02-11,2025-02-13,Route-Addis-Central,1.0,2025-02-11,2025-02-13
DEL-002327,ORD-002327,2025-10-31,2025-11-03,Route-South-Hawassa,1.0,2025-10-31,2025-11-03
DEL-002328,ORD-002328,2025-05-24,2025-05-25,Route-Addis-Central,2.0,2025-05-24,2025-05-25
DEL-002329,ORD-002329,2025-12-01,2025-12-04,Route-South-Hawassa,1.0,2025-12-01,2025-12-04
DEL-002330,ORD-002330,2025-03-18,2025-03-20,Route-South-Hawassa,,2025-03-18,2025-03-20
DEL-002331,ORD-002331,2025-06-08,2025-06-11,Route-East-Awash,1.0,2025-06-08,2025-06-11
DEL-002332,ORD-002332,2025-11-03,2025-11-04,Route-East-Awash,4.0,2025-11-03,2025-11-04
DEL-002333,ORD-002333,2025-06-03,2025-06-06,Route-South-Hawassa,2.0,2025-06-03,2025-06-06
DEL-002334,ORD-002334,2025-06-14,2025-06-17,route-addis-central,2.0,2025-06-14,2025-06-17
DEL-002335,ORD-002335,2025-10-12,2025-10-15,Route-South-Hawassa,4.0,2025-10-12,2025-10-15
DEL-002336,ORD-002336,2025-06-03,2025-06-06,Route-North-Corridor,2.0,2025-06-03,2025-06-06
DEL-002337,ORD-002337,2025-10-08,2025-10-09,Route-East-Awash,4.0,2025-10-08,2025-10-09
DEL-002338,ORD-002338,2025-07-03,2025-07-06,Route-South-Hawassa,1.0,2025-07-03,2025-07-06
DEL-002339,ORD-002339,2025-01-14,2025-01-16,Route-West-Jimma,13.0,2025-01-14,2025-01-16
DEL-002340,ORD-002340,2025-11-06,2025-11-09,Route-North-Corridor,4.0,2025-11-06,2025-11-09
DEL-002341,ORD-002341,2025-07-19,2025-07-20,Route-East-Awash,0.0,2025-07-19,2025-07-20
DEL-002342,ORD-002342,2025-11-12,2025-11-13,Route-West-Jimma,2.0,2025-11-12,2025-11-13
DEL-002343,ORD-002343,2025-04-08,2025-04-11,Route-East-Awash,1.0,2025-04-08,2025-04-11
DEL-002344,ORD-002344,2025-03-16,2025-03-17,Route-Addis-Central,0.0,2025-03-16,2025-03-17
DEL-002345,ORD-002345,2025-10-08,2025-10-09,Route-East-Awash,1.0,2025-10-08,2025-10-09
DEL-002346,ORD-002346,2025-12-30,2026-01-02,Route-East-Awash,11.0,2025-12-30,2026-01-02
DEL-002347,ORD-002347,2025-02-05,2025-02-06,Route-North-Corridor,6.0,2025-02-05,2025-02-06
DEL-002348,ORD-002348,2025-11-12,2025-11-13,Route-West-Jimma,6.0,2025-11-12,2025-11-13
DEL-002349,ORD-002349,2025-08-11,2025-08-13,Route-West-Jimma,2.0,2025-08-11,2025-08-13
DEL-002350,ORD-002350,2025-12-27,2025-12-28,Route-West-Jimma,,2025-12-27,2025-12-28
DEL-002351,ORD-002351,2025-07-23,2025-07-26,Route-West-Jimma,4.0,2025-07-23,2025-07-26
DEL-002352,ORD-002352,2025-12-22,2025-12-23,Route-East-Awash,3.0,2025-12-22,2025-12-23
DEL-002353,ORD-002353,2025-12-25,2025-12-28,Route-Addis-Central,,2025-12-25,2025-12-28
DEL-002354,ORD-002354,2025-07-04,2025-07-05,Route-Addis-Central,3.0,2025-07-04,2025-07-05
DEL-002355,ORD-002355,2025-11-18,2025-11-20,Route-Addis-Central,2.0,2025-11-18,2025-11-20
DEL-002356,ORD-002356,2025-08-25,2025-08-26,Route-Addis-Central,3.0,2025-08-25,2025-08-26
DEL-002357,ORD-002357,2025-12-04,2025-12-06,Route-East-Awash,5.0,2025-12-04,2025-12-06
DEL-002358,ORD-002358,2025-04-22,2025-04-23,Route-North-Corridor,4.0,2025-04-22,2025-04-23
DEL-002359,ORD-002359,2025-01-29,2025-01-31,Route-Addis-Central,5.0,2025-01-29,2025-01-31
DEL-002360,ORD-002360,2025-01-03,2025-01-05,Route-North-Corridor,2.0,2025-01-03,2025-01-05
DEL-002361,ORD-002361,2025-01-19,2025-01-20,Route-South-Hawassa,1.0,2025-01-19,2025-01-20
DEL-002362,ORD-002362,2025-01-17,2025-01-20,Route-West-Jimma,1.0,2025-01-17,2025-01-20
DEL-002363,ORD-002363,2025-08-22,2025-08-24,Route-East-Awash,1.0,2025-08-22,2025-08-24
DEL-002364,ORD-002364,2025-08-28,2025-08-29,Route-North-Corridor,20.0,2025-08-28,2025-08-29
DEL-002365,ORD-002365,2025-12-23,2025-12-25,Route-East-Awash,1.0,2025-12-23,2025-12-25
DEL-002366,ORD-002366,2025-01-27,2025-01-31,Route-West-Jimma,2.0,2025-01-27,2025-01-31
DEL-002367,ORD-002367,2025-06-21,2025-06-22,Route-Addis-Central,2.0,2025-06-21,2025-06-22
DEL-002368,ORD-002368,2025-01-13,2025-01-17,Route-North-Corridor,9.0,2025-01-13,2025-01-17
DEL-002369,ORD-002369,2025-11-25,2025-11-27,Route-South-Hawassa,2.0,2025-11-25,2025-11-27
DEL-002370,ORD-002370,2025-09-20,2025-09-23,Route-North-Corridor,2.0,2025-09-20,2025-09-23
DEL-002371,ORD-002371,2025-12-07,2025-12-10,Route-North-Corridor,1.0,2025-12-07,2025-12-10
DEL-002372,ORD-002372,2025-06-19,2025-06-20,Route-Addis-Central,7.0,2025-06-19,2025-06-20
DEL-002373,ORD-002373,2025-12-16,2025-12-20,Route-West-Jimma,1.0,2025-12-16,2025-12-20
DEL-002374,ORD-002374,2025-04-12,2025-04-13,Route-West-Jimma,3.0,2025-04-12,2025-04-13
DEL-002375,ORD-002375,2025-10-07,2025-10-08,Route-North-Corridor,2.0,2025-10-07,2025-10-08
DEL-002376,ORD-002376,2025-01-08,2025-01-10,Route-West-Jimma,1.0,2025-01-08,2025-01-10
DEL-002377,ORD-002377,2025-07-23,2025-07-26,Route-West-Jimma,1.0,2025-07-23,2025-07-26
DEL-002378,ORD-002378,2025-04-29,2025-05-01,Route-Addis-Central,2.0,2025-04-29,2025-05-01
DEL-002379,ORD-002379,2025-01-09,2025-01-11,Route-Addis-Central,2.0,2025-01-09,2025-01-11
DEL-002380,ORD-002380,2025-02-03,2025-02-04,Route-West-Jimma,2.0,2025-02-03,2025-02-04
DEL-002381,ORD-002381,2025-08-10,2025-08-12,Route-East-Awash,6.0,2025-08-10,2025-08-12
DEL-002382,ORD-002382,2025-05-06,2025-05-07,Route-South-Hawassa,6.0,2025-05-06,2025-05-07
DEL-002383,ORD-002383,2025-12-19,2025-12-20,Route-Addis-Central,5.0,2025-12-19,2025-12-20
DEL-002384,ORD-002384,2025-10-02,2025-10-03,Route-South-Hawassa,4.0,2025-10-02,2025-10-03
DEL-002385,ORD-002385,2025-04-17,2025-04-18,Route-Addis-Central,3.0,2025-04-17,2025-04-18
DEL-002386,ORD-002386,2025-03-05,2025-03-09,Route-West-Jimma,4.0,2025-03-05,2025-03-09
DEL-002387,ORD-002387,2025-01-06,2025-01-08,Route-North-Corridor,5.0,2025-01-06,2025-01-08
DEL-002388,ORD-002388,2025-01-06,2025-01-09,Route-East-Awash,4.0,2025-01-06,2025-01-09
DEL-002389,ORD-002389,2025-07-12,2025-07-16,Route-North-Corridor,0.0,2025-07-12,2025-07-16
DEL-002390,ORD-002390,2025-01-24,2025-01-27,Route-West-Jimma,1.0,2025-01-24,2025-01-27
DEL-002391,ORD-002391,2025-04-20,2025-04-21,Route-South-Hawassa,0.0,2025-04-20,2025-04-21
DEL-002392,ORD-002392,2025-05-26,2025-05-28,Route-North-Corridor,1.0,2025-05-26,2025-05-28
DEL-002393,ORD-002393,2025-07-19,2025-07-20,Route-North-Corridor,2.0,2025-07-19,2025-07-20
DEL-002394,ORD-002394,2025-07-10,2025-07-11,Route-South-Hawassa,2.0,2025-07-10,2025-07-11
DEL-002395,ORD-002395,2025-01-31,2025-02-01,,1.0,2025-01-31,2025-02-01
DEL-002396,ORD-002396,2025-06-21,2025-06-22,Route-North-Corridor,1.0,2025-06-21,2025-06-22
DEL-002397,ORD-002397,2025-06-29,2025-06-30,Route-Addis-Central,1.0,2025-06-29,2025-06-30
DEL-002398,ORD-002398,2025-07-09,2025-07-12,Route-South-Hawassa,1.0,2025-07-09,2025-07-12
DEL-002399,ORD-002399,2025-07-20,2025-07-21,Route-West-Jimma,2.0,2025-07-20,2025-07-21
DEL-002400,ORD-002400,2025-05-23,2025-05-24,Route-South-Hawassa,2.0,2025-05-23,2025-05-24
DEL-002402,ORD-002402,2025-06-17,2025-06-18,Route-Addis-Central,3.0,2025-06-17,2025-06-18
DEL-002403,ORD-002403,2025-10-16,2025-10-17,Route-Addis-Central,0.0,2025-10-16,2025-10-17
DEL-002404,ORD-002404,2025-02-05,2025-02-06,Route-East-Awash,5.0,2025-02-05,2025-02-06
DEL-002405,ORD-002405,2025-11-04,2025-11-06,Route-North-Corridor,2.0,2025-11-04,2025-11-06
DEL-002406,ORD-002406,2025-02-17,2025-02-20,Route-Addis-Central,4.0,2025-02-17,2025-02-20
DEL-002407,ORD-002407,2025-09-29,2025-09-30,Route-North-Corridor,5.0,2025-09-29,2025-09-30
DEL-002408,ORD-002408,2025-03-18,2025-03-19,Route-West-Jimma,3.0,2025-03-18,2025-03-19
DEL-002409,ORD-002409,2025-02-14,2025-02-16,Route-Addis-Central,2.0,2025-02-14,2025-02-16
DEL-002410,ORD-002410,2025-11-13,2025-11-15,Route-West-Jimma,4.0,2025-11-13,2025-11-15
DEL-002411,ORD-002411,2025-09-24,2025-09-25,Route-North-Corridor,2.0,2025-09-24,2025-09-25
DEL-002412,ORD-002412,2025-12-19,2025-12-20,Route-Addis-Central,1.0,2025-12-19,2025-12-20
DEL-002413,ORD-002413,2025-07-08,2025-07-09,Route-Addis-Central,2.0,2025-07-08,2025-07-09
DEL-002414,ORD-002414,2025-06-25,2025-06-26,Route-Addis-Central,0.0,2025-06-25,2025-06-26
DEL-002415,ORD-002415,2025-09-04,2025-09-05,Route-South-Hawassa,2.0,2025-09-04,2025-09-05
DEL-002416,ORD-002416,2025-11-28,2025-11-30,Route-West-Jimma,1.0,2025-11-28,2025-11-30
DEL-002417,ORD-002417,2025-07-19,2025-07-20,Route-South-Hawassa,3.0,2025-07-19,2025-07-20
DEL-002418,ORD-002418,2025-08-14,2025-08-15,Route-West-Jimma,5.0,2025-08-14,2025-08-15
DEL-002419,ORD-002419,2025-03-11,2025-03-12,Route-South-Hawassa,6.0,2025-03-11,2025-03-12
DEL-002420,ORD-002420,2025-06-25,2025-06-27,Route-North-Corridor,1.0,2025-06-25,2025-06-27
DEL-002421,ORD-002421,2025-11-16,2025-11-17,Route-North-Corridor,2.0,2025-11-16,2025-11-17
DEL-002422,ORD-002422,2025-02-20,2025-02-21,Route-North-Corridor,7.0,2025-02-20,2025-02-21
DEL-002423,ORD-002423,2025-12-11,2025-12-12,Route-South-Hawassa,2.0,2025-12-11,2025-12-12
DEL-002424,ORD-002424,2025-08-14,2025-08-17,Route-East-Awash,1.0,2025-08-14,2025-08-17
DEL-002425,ORD-002425,2025-08-03,2025-08-05,Route-Addis-Central,1.0,2025-08-03,2025-08-05
DEL-002426,ORD-002426,2025-09-24,2025-09-27,Route-North-Corridor,3.0,2025-09-24,2025-09-27
DEL-002427,ORD-002427,2025-10-31,2025-11-02,Route-East-Awash,4.0,2025-10-31,2025-11-02
DEL-002428,ORD-002428,2025-11-21,2025-11-22,Route-East-Awash,3.0,2025-11-21,2025-11-22
DEL-002429,ORD-002429,2025-05-25,2025-05-27,Route-Addis-Central,4.0,2025-05-25,2025-05-27
DEL-002430,ORD-002430,2025-02-10,2025-02-12,Route-Addis-Central,2.0,2025-02-10,2025-02-12
DEL-002431,ORD-002431,2025-09-23,2025-09-24,Route-South-Hawassa,,2025-09-23,2025-09-24
DEL-002432,ORD-002432,2025-04-25,2025-04-28,Route-Addis-Central,2.0,2025-04-25,2025-04-28
DEL-002433,ORD-002433,2025-04-29,2025-05-01,Route-East-Awash,2.0,2025-04-29,2025-05-01
DEL-002434,ORD-002434,2025-09-22,2025-09-24,Route-Addis-Central,1.0,2025-09-22,2025-09-24
DEL-002435,ORD-002435,2025-03-16,2025-03-18,Route-East-Awash,2.0,2025-03-16,2025-03-18
DEL-002436,ORD-002436,2025-02-22,2025-02-25,Route-West-Jimma,1.0,2025-02-22,2025-02-25
DEL-002437,ORD-002437,2025-12-17,2025-12-21,Route-Addis-Central,1.0,2025-12-17,2025-12-21
DEL-002438,ORD-002438,2025-07-02,2025-07-04,Route-Addis-Central,2.0,2025-07-02,2025-07-04
DEL-002439,ORD-002439,2025-10-21,2025-10-24,,3.0,2025-10-21,2025-10-24
DEL-002440,ORD-002440,2025-04-14,2025-04-15,Route-South-Hawassa,,2025-04-14,2025-04-15
DEL-002441,ORD-002441,2025-01-10,2025-01-11,Route Addis Central,2.0,2025-01-10,2025-01-11
DEL-002442,ORD-002442,2025-08-27,2025-08-30,Route-South-Hawassa,5.0,2025-08-27,2025-08-30
DEL-002443,ORD-002443,2025-02-07,2025-02-09,Route-Addis-Central,1.0,2025-02-07,2025-02-09
DEL-002444,ORD-002444,2025-05-12,2025-05-16,Route-East-Awash,2.0,2025-05-12,2025-05-16
DEL-002445,ORD-002445,2025-05-02,2025-05-04,Route-North-Corridor,0.0,2025-05-02,2025-05-04
DEL-002446,ORD-002446,2025-01-20,2025-01-22,Route-Addis-Central,6.0,2025-01-20,2025-01-22
DEL-002447,ORD-002447,2025-07-29,2025-08-01,Route-South-Hawassa,5.0,2025-07-29,2025-08-01
DEL-002448,ORD-002448,2025-10-25,2025-10-26,Route-West-Jimma,1.0,2025-10-25,2025-10-26
DEL-002449,ORD-002449,2025-04-07,2025-04-10,Route-West-Jimma,3.0,2025-04-07,2025-04-10
DEL-002450,ORD-002450,2025-11-21,2025-11-24,Route-East-Awash,5.0,2025-11-21,2025-11-24
DEL-002451,ORD-002451,2025-08-20,2025-08-21,Route-Addis-Central,9.0,2025-08-20,2025-08-21
DEL-002452,ORD-002452,2025-06-20,2025-06-21,Route-North-Corridor,3.0,2025-06-20,2025-06-21
DEL-002453,ORD-002453,2025-02-21,2025-02-24,Route-South-Hawassa,3.0,2025-02-21,2025-02-24
DEL-002454,ORD-002454,2025-12-30,2025-12-31,Route-North-Corridor,3.0,2025-12-30,2025-12-31
DEL-002455,ORD-002455,2025-02-01,2025-02-04,Route-South-Hawassa,3.0,2025-02-01,2025-02-04
DEL-002456,ORD-002456,2025-07-15,2025-07-17,Route-East-Awash,8.0,2025-07-15,2025-07-17
DEL-002457,ORD-002457,2025-10-10,2025-10-12,Route-West-Jimma,2.0,2025-10-10,2025-10-12
DEL-002458,ORD-002458,2025-11-04,2025-11-06,Route-South-Hawassa,1.0,2025-11-04,2025-11-06
DEL-002459,ORD-002459,2025-08-17,2025-08-20,Route-South-Hawassa,1.0,2025-08-17,2025-08-20
DEL-002460,ORD-002460,2025-12-07,2025-12-08,Route-South-Hawassa,3.0,2025-12-07,2025-12-08
DEL-002461,ORD-002461,2025-08-15,2025-08-18,Route-Addis-Central,6.0,2025-08-15,2025-08-18
DEL-002462,ORD-002462,2025-01-24,2025-01-25,Route-West-Jimma,7.0,2025-01-24,2025-01-25
DEL-002463,ORD-002463,2025-05-20,2025-05-22,Route-East-Awash,4.0,2025-05-20,2025-05-22
DEL-002464,ORD-002464,2025-07-12,2025-07-13,Route-North-Corridor,3.0,2025-07-12,2025-07-13
DEL-002465,ORD-002465,2025-05-06,2025-05-08,Route-West-Jimma,2.0,2025-05-06,2025-05-08
DEL-002466,ORD-002466,2025-02-24,2025-02-26,Route-East-Awash,0.0,2025-02-24,2025-02-26
DEL-002467,ORD-002467,2025-10-16,2025-10-17,Route-West-Jimma,1.0,2025-10-16,2025-10-17
DEL-002468,ORD-002468,2025-12-31,2026-01-03,Route-Addis-Central,3.0,2025-12-31,2026-01-03
DEL-002469,ORD-002469,2025-04-26,2025-04-27,Route-West-Jimma,3.0,2025-04-26,2025-04-27
DEL-002470,ORD-002470,2025-11-08,2025-11-10,Route-West-Jimma,1.0,2025-11-08,2025-11-10
DEL-002471,ORD-002471,2025-12-22,2025-12-24,Route-East-Awash,2.0,2025-12-22,2025-12-24
DEL-002472,ORD-002472,2025-12-08,2025-12-09,ROUTE-NORTH-CORRIDOR,3.0,2025-12-08,2025-12-09
DEL-002473,ORD-002473,2025-05-01,2025-05-02,Route-East-Awash,1.0,2025-05-01,2025-05-02
DEL-002474,ORD-002474,2025-10-10,2025-10-13,Route-South-Hawassa,3.0,2025-10-10,2025-10-13
DEL-002475,ORD-002475,2025-07-18,2025-07-19,ROUTE-NORTH-CORRIDOR,4.0,2025-07-18,2025-07-19
DEL-002476,ORD-002476,2025-05-09,2025-05-10,,5.0,2025-05-09,2025-05-10
DEL-002477,ORD-002477,2025-05-18,2025-05-19,Route-South-Hawassa,4.0,2025-05-18,2025-05-19
DEL-002478,ORD-002478,2025-10-01,2025-10-03,Route-North-Corridor,1.0,2025-10-01,2025-10-03
DEL-002479,ORD-002479,2025-12-27,2025-12-28,Route-Addis-Central,0.0,2025-12-27,2025-12-28
DEL-002480,ORD-002480,2025-06-02,2025-06-03,Route Addis Central,6.0,2025-06-02,2025-06-03
DEL-002482,ORD-002482,2025-05-04,2025-05-05,Route-West-Jimma,10.0,2025-05-04,2025-05-05
DEL-002483,ORD-002483,2025-10-14,2025-10-16,Route-North-Corridor,1.0,2025-10-14,2025-10-16
DEL-002484,ORD-002484,2025-01-08,2025-01-09,Route-East-Awash,16.0,2025-01-08,2025-01-09
DEL-002485,ORD-002485,2025-12-25,2025-12-26,Route-South-Hawassa,10.0,2025-12-25,2025-12-26
DEL-002486,ORD-002486,2025-06-18,2025-06-21,Route-North-Corridor,1.0,2025-06-18,2025-06-21
DEL-002487,ORD-002487,2025-01-05,2025-01-06,Route-South-Hawassa,9.0,2025-01-05,2025-01-06
DEL-002488,ORD-002488,2025-10-14,2025-10-15,Route-Addis-Central,1.0,2025-10-14,2025-10-15
DEL-002489,ORD-002489,2025-05-14,2025-05-16,Route-South-Hawassa,1.0,2025-05-14,2025-05-16
DEL-002490,ORD-002490,2025-12-08,2025-12-12,Route-North-Corridor,4.0,2025-12-08,2025-12-12
DEL-002491,ORD-002491,2025-05-01,2025-05-02,Route-North-Corridor,10.0,2025-05-01,2025-05-02
DEL-002492,ORD-002492,2025-08-13,2025-08-14,Route-West-Jimma,2.0,2025-08-13,2025-08-14
DEL-002493,ORD-002493,2025-06-24,2025-06-27,Route-North-Corridor,7.0,2025-06-24,2025-06-27
DEL-002494,ORD-002494,2025-09-13,2025-09-14,ROUTE-NORTH-CORRIDOR,1.0,2025-09-13,2025-09-14
DEL-002495,ORD-002495,2025-09-17,2025-09-18,Route-West-Jimma,5.0,2025-09-17,2025-09-18
DEL-002496,ORD-002496,2025-08-11,2025-08-12,Route-West-Jimma,3.0,2025-08-11,2025-08-12
DEL-002497,ORD-002497,2025-02-21,2025-02-22,Route-Addis-Central,5.0,2025-02-21,2025-02-22
DEL-002498,ORD-002498,2025-12-02,2025-12-03,Route-South-Hawassa,4.0,2025-12-02,2025-12-03
DEL-002499,ORD-002499,2025-07-26,2025-07-27,Route-East-Awash,7.0,2025-07-26,2025-07-27
DEL-002500,ORD-002500,2025-12-31,2026-01-02,Route-North-Corridor,2.0,2025-12-31,2026-01-02
DEL-002501,ORD-002501,2025-12-02,2025-12-03,Route-East-Awash,1.0,2025-12-02,2025-12-03
DEL-002502,ORD-002502,2025-08-05,2025-08-08,Route-West-Jimma,17.0,2025-08-05,2025-08-08
DEL-002503,ORD-002503,2025-01-20,2025-01-23,Route Addis Central,4.0,2025-01-20,2025-01-23
DEL-002504,ORD-002504,2025-08-31,2025-09-03,Route-West-Jimma,1.0,2025-08-31,2025-09-03
DEL-002505,ORD-002505,2025-02-22,2025-02-25,Route-West-Jimma,2.0,2025-02-22,2025-02-25
DEL-002506,ORD-002506,2025-04-06,2025-04-07,Route-Addis-Central,1.0,2025-04-06,2025-04-07
DEL-002507,ORD-002507,2025-07-11,2025-07-14,Route-East-Awash,3.0,2025-07-11,2025-07-14
DEL-002508,ORD-002508,2025-10-25,2025-10-27,Route-Addis-Central,4.0,2025-10-25,2025-10-27
DEL-002509,ORD-002509,2025-04-17,2025-04-20,Route-East-Awash,2.0,2025-04-17,2025-04-20
DEL-002510,ORD-002510,2025-03-02,2025-03-04,Route-West-Jimma,1.0,2025-03-02,2025-03-04
DEL-002511,ORD-002511,2025-10-01,2025-10-02,Route-North-Corridor,2.0,2025-10-01,2025-10-02
DEL-002512,ORD-002512,2025-10-01,2025-10-02,Route-Addis-Central,3.0,2025-10-01,2025-10-02
DEL-002513,ORD-002513,2025-07-23,2025-07-24,Route-West-Jimma,2.0,2025-07-23,2025-07-24
DEL-002514,ORD-002514,2025-09-23,2025-09-26,Route-Addis-Central,2.0,2025-09-23,2025-09-26
DEL-002515,ORD-002515,2025-04-29,2025-04-30,Route-North-Corridor,2.0,2025-04-29,2025-04-30
DEL-002516,ORD-002516,2025-08-21,2025-08-24,Route-South-Hawassa,1.0,2025-08-21,2025-08-24
DEL-002517,ORD-002517,2025-06-09,2025-06-10,Route-Addis-Central,4.0,2025-06-09,2025-06-10
DEL-002518,ORD-002518,2025-12-13,2025-12-15,Route-South-Hawassa,8.0,2025-12-13,2025-12-15
DEL-002519,ORD-002519,2025-12-18,2025-12-19,Route-Addis-Central,3.0,2025-12-18,2025-12-19
DEL-002520,ORD-002520,2025-06-24,2025-06-25,Route-Addis-Central,1.0,2025-06-24,2025-06-25
DEL-002521,ORD-002521,2025-03-12,2025-03-13,Route-East-Awash,1.0,2025-03-12,2025-03-13
DEL-002522,ORD-002522,2025-03-14,2025-03-15,Route-South-Hawassa,2.0,2025-03-14,2025-03-15
DEL-002523,ORD-002523,2025-07-01,2025-07-05,Route-West-Jimma,1.0,2025-07-01,2025-07-05
DEL-002524,ORD-002524,2025-05-21,2025-05-22,,3.0,2025-05-21,2025-05-22
DEL-002525,ORD-002525,2025-05-13,2025-05-15,Route-North-Corridor,1.0,2025-05-13,2025-05-15
DEL-002526,ORD-002526,2025-08-30,2025-08-31,Route-Addis-Central,1.0,2025-08-30,2025-08-31
DEL-002527,ORD-002527,2025-12-21,2025-12-23,Route-Addis-Central,,2025-12-21,2025-12-23
DEL-002528,ORD-002528,2025-02-18,2025-02-20,Route-Addis-Central,3.0,2025-02-18,2025-02-20
DEL-002529,ORD-002529,2025-01-22,2025-01-24,Route-Addis-Central,0.0,2025-01-22,2025-01-24
DEL-002530,ORD-002530,2025-02-28,2025-03-03,Route-West-Jimma,1.0,2025-02-28,2025-03-03
DEL-002531,ORD-002531,2025-04-16,2025-04-17,Route-South-Hawassa,4.0,2025-04-16,2025-04-17
DEL-002532,ORD-002532,2025-08-24,2025-08-25,Route-North-Corridor,3.0,2025-08-24,2025-08-25
DEL-002533,ORD-002533,2025-05-06,2025-05-07,Route-East-Awash,1.0,2025-05-06,2025-05-07
DEL-002534,ORD-002534,2025-06-17,2025-06-18,ROUTE-NORTH-CORRIDOR,3.0,2025-06-17,2025-06-18
DEL-002535,ORD-002535,2025-02-13,2025-02-14,Route-West-Jimma,2.0,2025-02-13,2025-02-14
DEL-002536,ORD-002536,2025-01-09,2025-01-10,Route-Addis-Central,7.0,2025-01-09,2025-01-10
DEL-002537,ORD-002537,2025-11-25,2025-11-26,Route-West-Jimma,4.0,2025-11-25,2025-11-26
DEL-002538,ORD-002538,2025-07-18,2025-07-20,Route-South-Hawassa,4.0,2025-07-18,2025-07-20
DEL-002539,ORD-002539,2025-07-21,2025-07-22,route-addis-central,2.0,2025-07-21,2025-07-22
DEL-002540,ORD-002540,2025-08-29,2025-08-30,Route-North-Corridor,9.0,2025-08-29,2025-08-30
DEL-002541,ORD-002541,2025-05-18,2025-05-19,Route-Addis-Central,4.0,2025-05-18,2025-05-19
DEL-002542,ORD-002542,2025-08-19,2025-08-20,Route-North-Corridor,1.0,2025-08-19,2025-08-20
DEL-002543,ORD-002543,2025-10-24,2025-10-25,Route-East-Awash,1.0,2025-10-24,2025-10-25
DEL-002544,ORD-002544,2025-02-24,2025-02-25,Route-Addis-Central,2.0,2025-02-24,2025-02-25
DEL-002545,ORD-002545,2025-05-02,2025-05-03,Route-North-Corridor,3.0,2025-05-02,2025-05-03
DEL-002546,ORD-002546,2025-07-31,2025-08-03,Route-East-Awash,2.0,2025-07-31,2025-08-03
DEL-002547,ORD-002547,2025-02-28,2025-03-02,Route-North-Corridor,2.0,2025-02-28,2025-03-02
DEL-002548,ORD-002548,2025-11-27,2025-11-29,Route-North-Corridor,3.0,2025-11-27,2025-11-29
DEL-002549,ORD-002549,2025-01-07,2025-01-08,Route-West-Jimma,18.0,2025-01-07,2025-01-08
DEL-002550,ORD-002550,2025-02-26,2025-02-28,Route-North-Corridor,3.0,2025-02-26,2025-02-28
DEL-002551,ORD-002551,2025-07-26,2025-07-27,Route-East-Awash,6.0,2025-07-26,2025-07-27
DEL-002552,ORD-002552,2025-08-23,2025-08-25,Route-Addis-Central,11.0,2025-08-23,2025-08-25
DEL-002553,ORD-002553,2025-09-25,2025-09-27,Route-South-Hawassa,1.0,2025-09-25,2025-09-27
DEL-002554,ORD-002554,2025-10-31,2025-11-02,Route-Addis-Central,5.0,2025-10-31,2025-11-02
DEL-002555,ORD-002555,2025-09-07,2025-09-08,Route-North-Corridor,1.0,2025-09-07,2025-09-08
DEL-002556,ORD-002556,2025-05-10,2025-05-11,Route-South-Hawassa,3.0,2025-05-10,2025-05-11
DEL-002557,ORD-002557,2025-04-26,2025-04-28,Route-South-Hawassa,3.0,2025-04-26,2025-04-28
DEL-002558,ORD-002558,2025-02-08,2025-02-09,Route-Addis-Central,3.0,2025-02-08,2025-02-09
DEL-002559,ORD-002559,2025-07-28,2025-07-29,Route-South-Hawassa,2.0,2025-07-28,2025-07-29
DEL-002560,ORD-002560,2025-01-27,2025-01-28,ROUTE-NORTH-CORRIDOR,5.0,2025-01-27,2025-01-28
DEL-002561,ORD-002561,2025-12-21,2025-12-22,Route-Addis-Central,2.0,2025-12-21,2025-12-22
DEL-002562,ORD-002562,2025-08-11,2025-08-13,route-addis-central,2.0,2025-08-11,2025-08-13
DEL-002563,ORD-002563,2025-05-01,2025-05-02,Route-Addis-Central,1.0,2025-05-01,2025-05-02
DEL-002564,ORD-002564,2025-09-26,2025-09-27,Route-South-Hawassa,2.0,2025-09-26,2025-09-27
DEL-002565,ORD-002565,2025-09-28,2025-09-30,Route-North-Corridor,1.0,2025-09-28,2025-09-30
DEL-002566,ORD-002566,2025-12-09,2025-12-10,Route-West-Jimma,0.0,2025-12-09,2025-12-10
DEL-002567,ORD-002567,2025-01-14,2025-01-16,Route-East-Awash,2.0,2025-01-14,2025-01-16
DEL-002568,ORD-002568,2025-04-08,2025-04-10,Route-North-Corridor,4.0,2025-04-08,2025-04-10
DEL-002569,ORD-002569,2025-03-31,2025-04-02,Route-Addis-Central,2.0,2025-03-31,2025-04-02
DEL-002570,ORD-002570,2025-09-10,2025-09-13,Route-South-Hawassa,1.0,2025-09-10,2025-09-13
DEL-002571,ORD-002571,2025-03-13,2025-03-16,Route-North-Corridor,1.0,2025-03-13,2025-03-16
DEL-002572,ORD-002572,2025-02-17,2025-02-19,Route-East-Awash,3.0,2025-02-17,2025-02-19
DEL-002573,ORD-002573,2025-10-08,2025-10-09,Route-North-Corridor,10.0,2025-10-08,2025-10-09
DEL-002574,ORD-002574,2025-11-29,2025-12-01,Route-East-Awash,1.0,2025-11-29,2025-12-01
DEL-002575,ORD-002575,2025-11-22,2025-11-24,Route-South-Hawassa,6.0,2025-11-22,2025-11-24
DEL-002576,ORD-002576,2025-09-02,2025-09-04,Route-West-Jimma,2.0,2025-09-02,2025-09-04
DEL-002577,ORD-002577,2025-12-15,2025-12-16,Route-Addis-Central,1.0,2025-12-15,2025-12-16
DEL-002578,ORD-002578,2025-02-13,2025-02-15,Route-West-Jimma,10.0,2025-02-13,2025-02-15
DEL-002579,ORD-002579,2025-08-17,2025-08-18,Route-West-Jimma,1.0,2025-08-17,2025-08-18
DEL-002580,ORD-002580,2025-01-25,2025-01-27,Route-North-Corridor,3.0,2025-01-25,2025-01-27
DEL-002581,ORD-002581,2025-09-07,2025-09-09,Route-East-Awash,6.0,2025-09-07,2025-09-09
DEL-002582,ORD-002582,2025-03-23,2025-03-24,Route-South-Hawassa,2.0,2025-03-23,2025-03-24
DEL-002583,ORD-002583,2025-10-09,2025-10-10,Route-West-Jimma,7.0,2025-10-09,2025-10-10
DEL-002584,ORD-002584,2025-08-16,2025-08-18,Route-East-Awash,1.0,2025-08-16,2025-08-18
DEL-002585,ORD-002585,2025-09-04,2025-09-06,Route-East-Awash,3.0,2025-09-04,2025-09-06
DEL-002586,ORD-002586,2025-09-23,2025-09-24,Route-East-Awash,3.0,2025-09-23,2025-09-24
DEL-002587,ORD-002587,2025-01-18,2025-01-20,Route-North-Corridor,2.0,2025-01-18,2025-01-20
DEL-002588,ORD-002588,2025-11-05,2025-11-07,Route-Addis-Central,2.0,2025-11-05,2025-11-07
DEL-002589,ORD-002589,2025-07-30,2025-08-01,Route-West-Jimma,1.0,2025-07-30,2025-08-01
DEL-002590,ORD-002590,2025-09-13,2025-09-14,Route-West-Jimma,15.0,2025-09-13,2025-09-14
DEL-002591,ORD-002591,2025-03-29,2025-03-31,Route-West-Jimma,3.0,2025-03-29,2025-03-31
DEL-002592,ORD-002592,2025-05-16,2025-05-19,Route-West-Jimma,3.0,2025-05-16,2025-05-19
DEL-002593,ORD-002593,2025-02-14,2025-02-16,Route-West-Jimma,3.0,2025-02-14,2025-02-16
DEL-002594,ORD-002594,2025-03-13,2025-03-15,Route-South-Hawassa,3.0,2025-03-13,2025-03-15
DEL-002595,ORD-002595,2025-05-21,2025-05-25,Route-Addis-Central,2.0,2025-05-21,2025-05-25
DEL-002596,ORD-002596,2025-02-03,2025-02-05,Route-East-Awash,3.0,2025-02-03,2025-02-05
DEL-002597,ORD-002597,2025-04-29,2025-04-30,Route-North-Corridor,3.0,2025-04-29,2025-04-30
DEL-002598,ORD-002598,2025-05-31,2025-06-01,Route-East-Awash,3.0,2025-05-31,2025-06-01
DEL-002599,ORD-002599,2025-09-08,2025-09-10,Route-North-Corridor,5.0,2025-09-08,2025-09-10
DEL-002600,ORD-002600,2025-04-07,2025-04-08,Route-North-Corridor,,2025-04-07,2025-04-08
DEL-002601,ORD-002601,2025-04-30,2025-10-27,Route-Addis-Central,5.0,2025-04-30,2025-10-27
DEL-002602,ORD-002602,2025-03-22,2025-03-23,route-addis-central,4.0,2025-03-22,2025-03-23
DEL-002603,ORD-002603,2025-11-09,2025-11-11,Route-South-Hawassa,2.0,2025-11-09,2025-11-11
DEL-002604,ORD-002604,2025-10-29,2025-10-30,Route-North-Corridor,1.0,2025-10-29,2025-10-30
DEL-002605,ORD-002605,2025-05-22,2025-05-24,Route-West-Jimma,3.0,2025-05-22,2025-05-24
DEL-002606,ORD-002606,2025-02-19,2025-02-21,Route-West-Jimma,1.0,2025-02-19,2025-02-21
DEL-002607,ORD-002607,2025-08-14,2025-08-15,Route-East-Awash,1.0,2025-08-14,2025-08-15
DEL-002608,ORD-002608,2025-06-16,2025-06-17,Route-Addis-Central,4.0,2025-06-16,2025-06-17
DEL-002609,ORD-002609,2025-04-24,2025-04-25,Route-West-Jimma,9.0,2025-04-24,2025-04-25
DEL-002610,ORD-002610,2025-06-09,2025-06-11,Route-Addis-Central,2.0,2025-06-09,2025-06-11
DEL-002611,ORD-002611,2025-10-07,2025-10-10,Route-East-Awash,1.0,2025-10-07,2025-10-10
DEL-002612,ORD-002612,2025-12-25,2025-12-28,Route-West-Jimma,1.0,2025-12-25,2025-12-28
DEL-002613,ORD-002613,2025-12-29,2025-12-31,Route-Addis-Central,4.0,2025-12-29,2025-12-31
DEL-002614,ORD-002614,2025-12-07,2025-12-08,Route-East-Awash,1.0,2025-12-07,2025-12-08
DEL-002615,ORD-002615,2025-11-16,2025-11-17,Route-North-Corridor,3.0,2025-11-16,2025-11-17
DEL-002616,ORD-002616,2025-10-03,2025-10-05,Route-Addis-Central,3.0,2025-10-03,2025-10-05
DEL-002617,ORD-002617,2025-12-15,2025-12-19,Route-South-Hawassa,1.0,2025-12-15,2025-12-19
DEL-002618,ORD-002618,2025-04-10,2025-04-11,Route-West-Jimma,3.0,2025-04-10,2025-04-11
DEL-002619,ORD-002619,2025-06-10,2025-06-12,Route-West-Jimma,1.0,2025-06-10,2025-06-12
DEL-002620,ORD-002620,2025-12-03,2025-12-05,Route-Addis-Central,9.0,2025-12-03,2025-12-05
DEL-002621,ORD-002621,2025-03-28,2025-03-29,Route-North-Corridor,2.0,2025-03-28,2025-03-29
DEL-002622,ORD-002622,2025-07-06,2025-07-08,ROUTE-NORTH-CORRIDOR,2.0,2025-07-06,2025-07-08
DEL-002623,ORD-002623,2025-09-02,2025-09-04,Route-West-Jimma,5.0,2025-09-02,2025-09-04
DEL-002624,ORD-002624,2025-05-22,2025-05-23,Route-East-Awash,3.0,2025-05-22,2025-05-23
DEL-002625,ORD-002625,2025-04-18,2025-04-19,Route-North-Corridor,3.0,2025-04-18,2025-04-19
DEL-002626,ORD-002626,2025-05-04,2025-05-06,Route-North-Corridor,4.0,2025-05-04,2025-05-06
DEL-002627,ORD-002627,2025-09-19,2025-09-20,Route-West-Jimma,1.0,2025-09-19,2025-09-20
DEL-002628,ORD-002628,2025-05-27,2025-05-29,Route-South-Hawassa,1.0,2025-05-27,2025-05-29
DEL-002629,ORD-002629,2025-02-08,2025-02-11,Route-East-Awash,4.0,2025-02-08,2025-02-11
DEL-002630,ORD-002630,2025-01-10,2025-01-14,Route-South-Hawassa,2.0,2025-01-10,2025-01-14
DEL-002631,ORD-002631,2025-09-22,2025-09-23,Route-South-Hawassa,6.0,2025-09-22,2025-09-23
DEL-002632,ORD-002632,2025-07-07,2025-07-08,Route-Addis-Central,0.0,2025-07-07,2025-07-08
DEL-002633,ORD-002633,2025-09-16,2025-09-19,Route-East-Awash,1.0,2025-09-16,2025-09-19
DEL-002634,ORD-002634,2025-06-25,2025-06-26,Route-South-Hawassa,,2025-06-25,2025-06-26
DEL-002635,ORD-002635,2025-08-20,2025-08-22,Route-North-Corridor,2.0,2025-08-20,2025-08-22
DEL-002636,ORD-002636,2025-11-16,2025-11-17,Route-West-Jimma,2.0,2025-11-16,2025-11-17
DEL-002637,ORD-002637,2025-09-05,2025-09-06,Route-East-Awash,2.0,2025-09-05,2025-09-06
DEL-002638,ORD-002638,2025-01-07,2025-01-10,Route-South-Hawassa,3.0,2025-01-07,2025-01-10
DEL-002639,ORD-002639,2025-11-04,2025-11-06,Route-West-Jimma,1.0,2025-11-04,2025-11-06
DEL-002640,ORD-002640,2025-04-06,2025-04-08,Route-West-Jimma,5.0,2025-04-06,2025-04-08
DEL-002641,ORD-002641,2025-11-03,2025-11-04,Route-West-Jimma,5.0,2025-11-03,2025-11-04
DEL-002642,ORD-002642,2025-12-08,2025-12-10,Route-West-Jimma,1.0,2025-12-08,2025-12-10
DEL-002643,ORD-002643,2025-09-19,2025-09-21,Route-East-Awash,3.0,2025-09-19,2025-09-21
DEL-002644,ORD-002644,2025-12-20,2025-12-21,Route-East-Awash,1.0,2025-12-20,2025-12-21
DEL-002645,ORD-002645,2025-02-22,2025-02-24,Route-South-Hawassa,1.0,2025-02-22,2025-02-24
DEL-002646,ORD-002646,2025-01-08,2025-01-11,Route-East-Awash,1.0,2025-01-08,2025-01-11
DEL-002647,ORD-002647,2025-04-25,2025-04-27,Route-East-Awash,4.0,2025-04-25,2025-04-27
DEL-002648,ORD-002648,2025-05-15,2025-05-17,Route-Addis-Central,1.0,2025-05-15,2025-05-17
DEL-002649,ORD-002649,2025-11-27,2025-11-28,Route-South-Hawassa,4.0,2025-11-27,2025-11-28
DEL-002650,ORD-002650,2025-12-24,2025-12-25,Route-North-Corridor,6.0,2025-12-24,2025-12-25
DEL-002651,ORD-002651,2025-12-24,2025-12-26,Route-East-Awash,3.0,2025-12-24,2025-12-26
DEL-002652,ORD-002652,2025-07-23,2025-07-26,Route-Addis-Central,4.0,2025-07-23,2025-07-26
DEL-002653,ORD-002653,2025-11-14,2025-11-18,Route-Addis-Central,2.0,2025-11-14,2025-11-18
DEL-002654,ORD-002654,2025-11-12,2025-11-14,Route-West-Jimma,2.0,2025-11-12,2025-11-14
DEL-002655,ORD-002655,2025-10-30,2025-10-31,Route-West-Jimma,2.0,2025-10-30,2025-10-31
DEL-002656,ORD-002656,2025-03-04,2025-03-05,Route-Addis-Central,3.0,2025-03-04,2025-03-05
DEL-002657,ORD-002657,2025-04-12,2025-04-13,Route-South-Hawassa,,2025-04-12,2025-04-13
DEL-002658,ORD-002658,2025-08-05,2025-08-07,Route-East-Awash,,2025-08-05,2025-08-07
DEL-002659,ORD-002659,2025-04-14,2025-04-15,Route-North-Corridor,6.0,2025-04-14,2025-04-15
DEL-002660,ORD-002660,2025-03-18,2025-03-19,Route-West-Jimma,2.0,2025-03-18,2025-03-19
DEL-002661,ORD-002661,2025-10-06,2025-10-08,Route-South-Hawassa,3.0,2025-10-06,2025-10-08
DEL-002662,ORD-002662,2025-10-03,2025-10-04,Route-West-Jimma,1.0,2025-10-03,2025-10-04
DEL-002663,ORD-002663,2025-07-26,2025-07-27,,3.0,2025-07-26,2025-07-27
DEL-002664,ORD-002664,2025-04-18,2025-04-19,Route-West-Jimma,3.0,2025-04-18,2025-04-19
DEL-002665,ORD-002665,2025-07-05,2025-07-07,Route-South-Hawassa,,2025-07-05,2025-07-07
DEL-002666,ORD-002666,2025-03-19,2025-03-21,Route-West-Jimma,3.0,2025-03-19,2025-03-21
DEL-002667,ORD-002667,2025-04-29,2025-05-01,Route-South-Hawassa,1.0,2025-04-29,2025-05-01
DEL-002668,ORD-002668,2025-08-29,2025-08-31,Route-Addis-Central,14.0,2025-08-29,2025-08-31
DEL-002669,ORD-002669,2025-04-10,2025-04-11,Route-South-Hawassa,3.0,2025-04-10,2025-04-11
DEL-002670,ORD-002670,2025-08-11,2025-08-12,Route-North-Corridor,1.0,2025-08-11,2025-08-12
DEL-002671,ORD-002671,2025-06-05,2025-06-06,Route-West-Jimma,3.0,2025-06-05,2025-06-06
DEL-002672,ORD-002672,2025-09-24,2025-09-25,Route-West-Jimma,7.0,2025-09-24,2025-09-25
DEL-002673,ORD-002673,2025-03-03,2025-03-04,Route-North-Corridor,5.0,2025-03-03,2025-03-04
DEL-002674,ORD-002674,2025-01-26,2025-01-28,Route-West-Jimma,1.0,2025-01-26,2025-01-28
DEL-002675,ORD-002675,2025-03-16,2025-03-18,Route-Addis-Central,3.0,2025-03-16,2025-03-18
DEL-002676,ORD-002676,2025-07-09,2025-07-13,Route-East-Awash,2.0,2025-07-09,2025-07-13
DEL-002677,ORD-002677,2025-10-06,2025-10-08,Route-South-Hawassa,1.0,2025-10-06,2025-10-08
DEL-002678,ORD-002678,2025-06-09,2025-06-10,Route-East-Awash,1.0,2025-06-09,2025-06-10
DEL-002679,ORD-002679,2025-07-24,2025-07-28,Route-North-Corridor,3.0,2025-07-24,2025-07-28
DEL-002680,ORD-002680,2025-06-30,2025-07-02,Route-Addis-Central,2.0,2025-06-30,2025-07-02
DEL-002681,ORD-002681,2025-07-27,2025-07-29,Route-Addis-Central,4.0,2025-07-27,2025-07-29
DEL-002682,ORD-002682,2025-07-19,2025-07-21,Route-West-Jimma,3.0,2025-07-19,2025-07-21
DEL-002683,ORD-002683,2025-09-06,2025-09-07,Route-Addis-Central,1.0,2025-09-06,2025-09-07
DEL-002684,ORD-002684,2025-05-12,2025-05-14,Route-Addis-Central,2.0,2025-05-12,2025-05-14
DEL-002685,ORD-002685,2025-04-28,2025-05-01,Route-West-Jimma,2.0,2025-04-28,2025-05-01
DEL-002686,ORD-002686,2025-03-18,2025-03-20,Route-East-Awash,3.0,2025-03-18,2025-03-20
DEL-002687,ORD-002687,2025-07-29,2025-07-31,Route-North-Corridor,6.0,2025-07-29,2025-07-31
DEL-002688,ORD-002688,2025-09-13,2025-09-15,Route-Addis-Central,3.0,2025-09-13,2025-09-15
DEL-002689,ORD-002689,2025-03-17,2025-03-19,Route-East-Awash,6.0,2025-03-17,2025-03-19
DEL-002690,ORD-002690,2025-09-24,2025-09-25,Route-West-Jimma,3.0,2025-09-24,2025-09-25
DEL-002691,ORD-002691,2025-01-17,2025-01-18,Route-West-Jimma,5.0,2025-01-17,2025-01-18
DEL-002692,ORD-002692,2025-08-11,2025-08-12,Route-East-Awash,13.0,2025-08-11,2025-08-12
DEL-002693,ORD-002693,2025-10-11,2025-10-13,Route-West-Jimma,3.0,2025-10-11,2025-10-13
DEL-002694,ORD-002694,2025-09-10,2025-09-13,Route-West-Jimma,4.0,2025-09-10,2025-09-13
DEL-002695,ORD-002695,2025-06-11,2025-06-13,route-addis-central,2.0,2025-06-11,2025-06-13
DEL-002696,ORD-002696,2025-08-28,2025-08-29,Route-Addis-Central,1.0,2025-08-28,2025-08-29
DEL-002697,ORD-002697,2025-05-14,2025-05-16,Route-Addis-Central,2.0,2025-05-14,2025-05-16
DEL-002698,ORD-002698,2025-12-16,2025-12-20,Route-Addis-Central,6.0,2025-12-16,2025-12-20
DEL-002699,ORD-002699,2025-06-07,2025-06-09,Route-Addis-Central,6.0,2025-06-07,2025-06-09
DEL-002700,ORD-002700,2025-09-09,2025-09-10,Route-East-Awash,9.0,2025-09-09,2025-09-10
DEL-002701,ORD-002701,2025-08-19,2025-08-20,Route-North-Corridor,150.0,2025-08-19,2025-08-20
DEL-002702,ORD-002702,2025-04-17,2025-04-19,Route-West-Jimma,3.0,2025-04-17,2025-04-19
DEL-002703,ORD-002703,2025-08-05,2025-08-07,Route-Addis-Central,1.0,2025-08-05,2025-08-07
DEL-002704,ORD-002704,2025-05-08,2025-05-12,Route-East-Awash,,2025-05-08,2025-05-12
DEL-002705,ORD-002705,2025-03-25,2025-03-26,Route-East-Awash,2.0,2025-03-25,2025-03-26
DEL-002706,ORD-002706,2025-06-05,2025-06-07,Route-West-Jimma,4.0,2025-06-05,2025-06-07
DEL-002707,ORD-002707,2025-08-10,2025-08-12,Route-South-Hawassa,2.0,2025-08-10,2025-08-12
DEL-002708,ORD-002708,2025-07-18,2025-07-20,Route-East-Awash,1.0,2025-07-18,2025-07-20
DEL-002709,ORD-002709,2025-01-10,2025-01-12,Route-West-Jimma,9.0,2025-01-10,2025-01-12
DEL-002710,ORD-002710,2025-08-10,2025-08-12,Route-Addis-Central,5.0,2025-08-10,2025-08-12
DEL-002711,ORD-002711,2025-08-26,2025-08-28,Route-West-Jimma,6.0,2025-08-26,2025-08-28
DEL-002712,ORD-002712,2025-03-25,2025-03-26,Route-East-Awash,0.0,2025-03-25,2025-03-26
DEL-002713,ORD-002713,2025-05-29,2025-05-31,Route-North-Corridor,3.0,2025-05-29,2025-05-31
DEL-002714,ORD-002714,2025-07-27,2025-07-28,Route-Addis-Central,4.0,2025-07-27,2025-07-28
DEL-002715,ORD-002715,2025-08-04,2025-08-06,Route-North-Corridor,2.0,2025-08-04,2025-08-06
DEL-002716,ORD-002716,2025-10-19,2025-10-20,Route-Addis-Central,1.0,2025-10-19,2025-10-20
DEL-002717,ORD-002717,2025-05-14,2025-05-17,,1.0,2025-05-14,2025-05-17
DEL-002718,ORD-002718,2025-07-02,2025-07-03,Route-South-Hawassa,2.0,2025-07-02,2025-07-03
DEL-002719,ORD-002719,2025-04-22,2025-04-23,Route-South-Hawassa,1.0,2025-04-22,2025-04-23
DEL-002720,ORD-002720,2025-12-28,2025-12-30,Route-West-Jimma,1.0,2025-12-28,2025-12-30
DEL-002721,ORD-002721,2025-01-07,2025-01-09,Route-South-Hawassa,2.0,2025-01-07,2025-01-09
DEL-002722,ORD-002722,2025-02-03,2025-02-04,Route-East-Awash,4.0,2025-02-03,2025-02-04
DEL-002723,ORD-002723,2025-11-11,2025-11-14,Route-South-Hawassa,1.0,2025-11-11,2025-11-14
DEL-002724,ORD-002724,2025-01-13,2025-01-15,Route-West-Jimma,1.0,2025-01-13,2025-01-15
DEL-002725,ORD-002725,2025-02-27,2025-02-28,Route-West-Jimma,3.0,2025-02-27,2025-02-28
DEL-002726,ORD-002726,2025-04-13,2025-04-15,Route-West-Jimma,3.0,2025-04-13,2025-04-15
DEL-002727,ORD-002727,2025-08-04,2025-08-05,Route-North-Corridor,5.0,2025-08-04,2025-08-05
DEL-002728,ORD-002728,2025-01-14,2025-01-16,Route-West-Jimma,10.0,2025-01-14,2025-01-16
DEL-002729,ORD-002729,2025-07-22,2025-07-23,Route-South-Hawassa,1.0,2025-07-22,2025-07-23
DEL-002730,ORD-002730,2025-08-01,2025-08-04,Route-East-Awash,5.0,2025-08-01,2025-08-04
DEL-002731,ORD-002731,2025-07-17,2025-07-18,Route-South-Hawassa,1.0,2025-07-17,2025-07-18
DEL-002732,ORD-002732,2025-09-24,2025-09-26,Route-East-Awash,3.0,2025-09-24,2025-09-26
DEL-002733,ORD-002733,2025-10-01,2025-10-03,Route-North-Corridor,1.0,2025-10-01,2025-10-03
DEL-002734,ORD-002734,2025-04-18,2025-04-19,Route-East-Awash,1.0,2025-04-18,2025-04-19
DEL-002735,ORD-002735,2025-03-10,2025-03-11,,3.0,2025-03-10,2025-03-11
DEL-002736,ORD-002736,2025-06-03,2025-06-04,Route-North-Corridor,14.0,2025-06-03,2025-06-04
DEL-002737,ORD-002737,2025-01-08,2025-01-09,Route-South-Hawassa,2.0,2025-01-08,2025-01-09
DEL-002738,ORD-002738,2025-07-01,2025-07-02,Route-East-Awash,7.0,2025-07-01,2025-07-02
DEL-002739,ORD-002739,2025-10-02,2025-10-04,Route-West-Jimma,0.0,2025-10-02,2025-10-04
DEL-002740,ORD-002740,2025-05-24,2025-05-25,Route-East-Awash,2.0,2025-05-24,2025-05-25
DEL-002741,ORD-002741,2025-05-09,2025-05-10,Route-West-Jimma,2.0,2025-05-09,2025-05-10
DEL-002742,ORD-002742,2025-02-15,2025-02-16,Route-East-Awash,4.0,2025-02-15,2025-02-16
DEL-002743,ORD-002743,2025-08-21,2025-08-22,Route-South-Hawassa,5.0,2025-08-21,2025-08-22
DEL-002744,ORD-002744,2025-06-04,2025-06-05,Route-South-Hawassa,5.0,2025-06-04,2025-06-05
DEL-002745,ORD-002745,2025-11-01,2025-11-02,Route-East-Awash,2.0,2025-11-01,2025-11-02
DEL-002746,ORD-002746,2025-12-14,2025-12-16,,2.0,2025-12-14,2025-12-16
DEL-002747,ORD-002747,2025-07-27,2025-07-30,Route-Addis-Central,3.0,2025-07-27,2025-07-30
DEL-002748,ORD-002748,2025-04-26,2025-04-28,Route-West-Jimma,2.0,2025-04-26,2025-04-28
DEL-002749,ORD-002749,2025-08-20,2025-08-24,Route-South-Hawassa,2.0,2025-08-20,2025-08-24
DEL-002750,ORD-002750,2025-08-12,2025-08-13,ROUTE-NORTH-CORRIDOR,4.0,2025-08-12,2025-08-13
DEL-002751,ORD-002751,2025-12-17,2025-12-18,Route-Addis-Central,2.0,2025-12-17,2025-12-18
DEL-002752,ORD-002752,2025-11-18,2025-11-20,Route-North-Corridor,2.0,2025-11-18,2025-11-20
DEL-002753,ORD-002753,2025-01-22,2025-01-25,Route-East-Awash,9.0,2025-01-22,2025-01-25
DEL-002754,ORD-002754,2025-08-02,2025-08-03,Route-West-Jimma,1.0,2025-08-02,2025-08-03
DEL-002755,ORD-002755,2025-04-13,2025-04-15,Route-West-Jimma,2.0,2025-04-13,2025-04-15
DEL-002756,ORD-002756,2025-12-24,2025-12-25,Route-South-Hawassa,14.0,2025-12-24,2025-12-25
DEL-002757,ORD-002757,2025-05-17,2025-05-18,Route-West-Jimma,4.0,2025-05-17,2025-05-18
DEL-002758,ORD-002758,2025-08-22,2025-08-25,Route-South-Hawassa,1.0,2025-08-22,2025-08-25
DEL-002759,ORD-002759,2025-11-03,2025-11-04,Route-South-Hawassa,4.0,2025-11-03,2025-11-04
DEL-002760,ORD-002760,2025-01-31,2025-02-01,Route-South-Hawassa,1.0,2025-01-31,2025-02-01
DEL-002761,ORD-002761,2025-11-29,2025-11-30,Route-South-Hawassa,6.0,2025-11-29,2025-11-30
DEL-002762,ORD-002762,2025-08-22,2025-08-23,Route-West-Jimma,3.0,2025-08-22,2025-08-23
DEL-002763,ORD-002763,2025-03-08,2025-03-11,Route-South-Hawassa,5.0,2025-03-08,2025-03-11
DEL-002764,ORD-002764,2025-05-10,2025-05-11,Route-West-Jimma,3.0,2025-05-10,2025-05-11
DEL-002765,ORD-002765,2025-07-18,2025-07-20,Route-East-Awash,2.0,2025-07-18,2025-07-20
DEL-002766,ORD-002766,2025-07-03,2025-07-04,Route-West-Jimma,1.0,2025-07-03,2025-07-04
DEL-002767,ORD-002767,2025-07-27,2025-07-28,ROUTE-NORTH-CORRIDOR,1.0,2025-07-27,2025-07-28
DEL-002768,ORD-002768,2025-08-26,2025-08-28,Route-Addis-Central,2.0,2025-08-26,2025-08-28
DEL-002769,ORD-002769,2025-09-30,2025-10-02,Route-North-Corridor,2.0,2025-09-30,2025-10-02
DEL-002770,ORD-002770,2025-12-28,2025-12-29,Route-West-Jimma,1.0,2025-12-28,2025-12-29
DEL-002771,ORD-002771,2025-03-10,2025-03-11,Route-Addis-Central,5.0,2025-03-10,2025-03-11
DEL-002772,ORD-002772,2025-11-22,2025-11-23,Route-North-Corridor,2.0,2025-11-22,2025-11-23
DEL-002773,ORD-002773,2025-07-14,2025-07-16,Route-Addis-Central,4.0,2025-07-14,2025-07-16
DEL-002774,ORD-002774,2025-02-05,2025-02-08,Route-West-Jimma,1.0,2025-02-05,2025-02-08
DEL-002775,ORD-002775,2025-04-03,2025-04-04,Route-South-Hawassa,2.0,2025-04-03,2025-04-04
DEL-002776,ORD-002776,2025-02-07,2025-02-08,Route-Addis-Central,2.0,2025-02-07,2025-02-08
DEL-002777,ORD-002777,2025-03-17,2025-03-18,Route-South-Hawassa,3.0,2025-03-17,2025-03-18
DEL-002778,ORD-002778,2025-08-19,2025-08-22,Route-West-Jimma,3.0,2025-08-19,2025-08-22
DEL-002779,ORD-002779,2025-01-08,2025-01-11,Route-Addis-Central,3.0,2025-01-08,2025-01-11
DEL-002780,ORD-002780,2025-12-31,2026-01-02,Route-East-Awash,1.0,2025-12-31,2026-01-02
DEL-002781,ORD-002781,2025-03-26,2025-03-27,Route-Addis-Central,4.0,2025-03-26,2025-03-27
DEL-002782,ORD-002782,2025-03-17,2025-03-19,Route-South-Hawassa,1.0,2025-03-17,2025-03-19
DEL-002783,ORD-002783,2025-01-21,2025-01-22,Route-West-Jimma,1.0,2025-01-21,2025-01-22
DEL-002784,ORD-002784,2025-10-20,2025-10-21,Route-West-Jimma,4.0,2025-10-20,2025-10-21
DEL-002785,ORD-002785,2025-12-29,2026-01-01,Route-East-Awash,2.0,2025-12-29,2026-01-01
DEL-002786,ORD-002786,2025-10-04,2025-10-07,Route-North-Corridor,1.0,2025-10-04,2025-10-07
DEL-002787,ORD-002787,2025-03-17,2025-03-21,Route-East-Awash,0.0,2025-03-17,2025-03-21
DEL-002788,ORD-002788,2025-07-02,2025-07-04,Route-West-Jimma,3.0,2025-07-02,2025-07-04
DEL-002789,ORD-002789,2025-01-03,2025-01-06,Route-East-Awash,5.0,2025-01-03,2025-01-06
DEL-002790,ORD-002790,2025-04-27,2025-04-29,Route-South-Hawassa,5.0,2025-04-27,2025-04-29
DEL-002792,ORD-002792,2025-09-21,2025-09-22,Route-South-Hawassa,3.0,2025-09-21,2025-09-22
DEL-002793,ORD-002793,2025-11-03,2025-11-04,Route-North-Corridor,20.0,2025-11-03,2025-11-04
DEL-002794,ORD-002794,2025-08-01,2025-08-05,Route-West-Jimma,2.0,2025-08-01,2025-08-05
DEL-002795,ORD-002795,2025-12-28,2025-12-30,Route-North-Corridor,13.0,2025-12-28,2025-12-30
DEL-002796,ORD-002796,2025-12-01,2025-12-04,Route-North-Corridor,6.0,2025-12-01,2025-12-04
DEL-002797,ORD-002797,2025-04-30,2025-05-03,Route-Addis-Central,2.0,2025-04-30,2025-05-03
DEL-002798,ORD-002798,2025-10-19,2025-10-20,Route-East-Awash,4.0,2025-10-19,2025-10-20
DEL-002799,ORD-002799,2025-07-07,2025-07-09,Route-Addis-Central,2.0,2025-07-07,2025-07-09
DEL-002800,ORD-002800,2025-11-26,2025-11-27,Route-West-Jimma,1.0,2025-11-26,2025-11-27
DEL-002801,ORD-002801,2025-12-07,2025-12-09,Route-Addis-Central,4.0,2025-12-07,2025-12-09
DEL-002802,ORD-002802,2025-02-13,2025-02-16,Route-Addis-Central,1.0,2025-02-13,2025-02-16
DEL-002803,ORD-002803,2025-04-18,2025-04-19,Route-West-Jimma,2.0,2025-04-18,2025-04-19
DEL-002804,ORD-002804,2025-03-08,2025-03-09,Route-North-Corridor,3.0,2025-03-08,2025-03-09
DEL-002805,ORD-002805,2025-10-24,2025-10-25,Route-Addis-Central,1.0,2025-10-24,2025-10-25
DEL-002806,ORD-002806,2025-03-18,2025-03-19,Route-Addis-Central,1.0,2025-03-18,2025-03-19
DEL-002807,ORD-002807,2025-10-06,2025-10-07,Route-East-Awash,3.0,2025-10-06,2025-10-07
DEL-002808,ORD-002808,2025-01-21,2025-01-22,Route-East-Awash,3.0,2025-01-21,2025-01-22
DEL-002809,ORD-002809,2025-06-04,2025-06-05,Route-Addis-Central,1.0,2025-06-04,2025-06-05
DEL-002810,ORD-002810,2025-12-02,2025-12-03,Route-West-Jimma,1.0,2025-12-02,2025-12-03
DEL-002811,ORD-002811,2025-10-07,2025-10-09,Route-West-Jimma,5.0,2025-10-07,2025-10-09
DEL-002812,ORD-002812,2025-05-23,2025-05-27,Route-South-Hawassa,1.0,2025-05-23,2025-05-27
DEL-002813,ORD-002813,2025-03-08,2025-03-09,Route-South-Hawassa,2.0,2025-03-08,2025-03-09
DEL-002814,ORD-002814,2025-08-27,2025-08-29,Route-Addis-Central,9.0,2025-08-27,2025-08-29
DEL-002815,ORD-002815,2025-04-23,2025-04-24,Route-West-Jimma,,2025-04-23,2025-04-24
DEL-002816,ORD-002816,2025-08-27,2025-08-28,Route-North-Corridor,8.0,2025-08-27,2025-08-28
DEL-002817,ORD-002817,2025-06-03,2025-06-04,Route-North-Corridor,1.0,2025-06-03,2025-06-04
DEL-002818,ORD-002818,2025-02-18,2025-02-19,Route-North-Corridor,1.0,2025-02-18,2025-02-19
DEL-002819,ORD-002819,2025-10-18,2025-10-21,Route-East-Awash,3.0,2025-10-18,2025-10-21
DEL-002820,ORD-002820,2025-11-04,2025-11-06,Route-South-Hawassa,3.0,2025-11-04,2025-11-06
DEL-002821,ORD-002821,2025-08-01,2025-08-03,Route-West-Jimma,2.0,2025-08-01,2025-08-03
DEL-002822,ORD-002822,2025-07-17,2025-07-18,Route-Addis-Central,4.0,2025-07-17,2025-07-18
DEL-002823,ORD-002823,2025-11-03,2025-11-04,Route-North-Corridor,6.0,2025-11-03,2025-11-04
DEL-002824,ORD-002824,2025-08-28,2025-08-30,Route-North-Corridor,8.0,2025-08-28,2025-08-30
DEL-002825,ORD-002825,2025-10-20,2025-10-22,Route-East-Awash,6.0,2025-10-20,2025-10-22
DEL-002826,ORD-002826,2025-11-07,2025-11-08,Route-South-Hawassa,3.0,2025-11-07,2025-11-08
DEL-002827,ORD-002827,2025-04-06,2025-04-07,Route-North-Corridor,2.0,2025-04-06,2025-04-07
DEL-002828,ORD-002828,2025-12-05,2025-12-08,Route-North-Corridor,5.0,2025-12-05,2025-12-08
DEL-002829,ORD-002829,2025-04-02,2025-04-04,Route-West-Jimma,1.0,2025-04-02,2025-04-04
DEL-002830,ORD-002830,2025-11-06,2025-11-08,Route-South-Hawassa,2.0,2025-11-06,2025-11-08
DEL-002831,ORD-002831,2025-10-09,2025-10-11,Route Addis Central,9.0,2025-10-09,2025-10-11
DEL-002832,ORD-002832,2025-12-18,2025-12-19,,0.0,2025-12-18,2025-12-19
DEL-002833,ORD-002833,2025-05-12,2025-05-13,Route-North-Corridor,8.0,2025-05-12,2025-05-13
DEL-002834,ORD-002834,2025-10-27,2025-10-31,Route-West-Jimma,3.0,2025-10-27,2025-10-31
DEL-002835,ORD-002835,2025-11-25,2025-11-26,Route-East-Awash,1.0,2025-11-25,2025-11-26
DEL-002836,ORD-002836,2025-11-18,2025-11-19,Route-West-Jimma,4.0,2025-11-18,2025-11-19
DEL-002837,ORD-002837,2025-08-11,2025-08-14,Route-North-Corridor,1.0,2025-08-11,2025-08-14
DEL-002838,ORD-002838,2025-02-24,2025-02-27,Route-South-Hawassa,1.0,2025-02-24,2025-02-27
DEL-002839,ORD-002839,2025-05-05,2025-05-07,Route-West-Jimma,10.0,2025-05-05,2025-05-07
DEL-002840,ORD-002840,2025-08-10,2025-08-13,Route-North-Corridor,1.0,2025-08-10,2025-08-13
DEL-002841,ORD-002841,2025-03-13,2025-03-15,Route-West-Jimma,4.0,2025-03-13,2025-03-15
DEL-002842,ORD-002842,2025-08-22,2025-08-25,Route-West-Jimma,1.0,2025-08-22,2025-08-25
DEL-002843,ORD-002843,2025-01-12,2025-01-14,Route-Addis-Central,4.0,2025-01-12,2025-01-14
DEL-002844,ORD-002844,2025-04-07,2025-04-09,Route-South-Hawassa,6.0,2025-04-07,2025-04-09
DEL-002845,ORD-002845,2025-01-19,2025-01-20,Route-West-Jimma,5.0,2025-01-19,2025-01-20
DEL-002846,ORD-002846,2025-09-27,2025-09-28,Route-West-Jimma,0.0,2025-09-27,2025-09-28
DEL-002847,ORD-002847,2025-11-10,2025-11-12,Route-North-Corridor,1.0,2025-11-10,2025-11-12
DEL-002848,ORD-002848,2025-10-14,2025-10-16,Route-West-Jimma,,2025-10-14,2025-10-16
DEL-002849,ORD-002849,2025-01-26,2025-01-29,Route-North-Corridor,1.0,2025-01-26,2025-01-29
DEL-002850,ORD-002850,2025-05-09,2025-05-10,Route-South-Hawassa,3.0,2025-05-09,2025-05-10
DEL-002851,ORD-002851,2025-07-20,2025-07-21,Route-West-Jimma,4.0,2025-07-20,2025-07-21
DEL-002852,ORD-002852,2025-12-10,2025-12-11,Route-Addis-Central,0.0,2025-12-10,2025-12-11
DEL-002853,ORD-002853,2025-06-26,2025-06-27,Route-North-Corridor,4.0,2025-06-26,2025-06-27
DEL-002854,ORD-002854,2025-10-23,2025-10-24,Route-West-Jimma,1.0,2025-10-23,2025-10-24
DEL-002855,ORD-002855,2025-02-13,2025-02-14,,0.0,2025-02-13,2025-02-14
DEL-002856,ORD-002856,2025-05-30,2025-05-31,Route-East-Awash,1.0,2025-05-30,2025-05-31
DEL-002857,ORD-002857,2025-09-25,2025-09-27,,3.0,2025-09-25,2025-09-27
DEL-002858,ORD-002858,2025-03-03,2025-03-05,Route-East-Awash,1.0,2025-03-03,2025-03-05
DEL-002859,ORD-002859,2025-02-09,2025-02-10,Route-North-Corridor,1.0,2025-02-09,2025-02-10
DEL-002860,ORD-002860,2025-10-20,2025-10-21,Route-West-Jimma,3.0,2025-10-20,2025-10-21
DEL-002861,ORD-002861,2025-03-04,2025-03-05,ROUTE-NORTH-CORRIDOR,1.0,2025-03-04,2025-03-05
DEL-002862,ORD-002862,2025-04-14,2025-04-15,Route-East-Awash,5.0,2025-04-14,2025-04-15
DEL-002863,ORD-002863,2025-06-08,2025-06-12,Route-Addis-Central,4.0,2025-06-08,2025-06-12
DEL-002864,ORD-002864,2025-08-04,2025-08-06,,4.0,2025-08-04,2025-08-06
DEL-002865,ORD-002865,2025-10-07,2025-10-08,Route-West-Jimma,1.0,2025-10-07,2025-10-08
DEL-002866,ORD-002866,2025-09-25,2025-09-26,Route-East-Awash,2.0,2025-09-25,2025-09-26
DEL-002867,ORD-002867,2025-12-17,2025-12-19,Route-East-Awash,5.0,2025-12-17,2025-12-19
DEL-002868,ORD-002868,2025-11-28,2025-11-30,Route-East-Awash,0.0,2025-11-28,2025-11-30
DEL-002869,ORD-002869,2025-11-14,2025-11-16,Route-North-Corridor,3.0,2025-11-14,2025-11-16
DEL-002870,ORD-002870,2025-04-20,2025-04-21,Route-Addis-Central,,2025-04-20,2025-04-21
DEL-002871,ORD-002871,2025-01-10,2025-01-12,Route-North-Corridor,2.0,2025-01-10,2025-01-12
DEL-002872,ORD-002872,2025-04-13,2025-04-14,Route-Addis-Central,1.0,2025-04-13,2025-04-14
DEL-002873,ORD-002873,2025-09-28,2025-09-29,Route-East-Awash,9.0,2025-09-28,2025-09-29
DEL-002874,ORD-002874,2025-09-13,2025-09-14,Route-Addis-Central,1.0,2025-09-13,2025-09-14
DEL-002875,ORD-002875,2025-09-24,2025-09-26,Route-North-Corridor,3.0,2025-09-24,2025-09-26
DEL-002876,ORD-002876,2025-08-11,2025-08-12,Route-Addis-Central,5.0,2025-08-11,2025-08-12
DEL-002877,ORD-002877,2025-03-23,2025-03-24,Route-East-Awash,,2025-03-23,2025-03-24
DEL-002878,ORD-002878,2025-01-06,2025-01-10,Route-East-Awash,9.0,2025-01-06,2025-01-10
DEL-002879,ORD-002879,2025-11-17,2025-11-20,Route-Addis-Central,1.0,2025-11-17,2025-11-20
DEL-002880,ORD-002880,2025-09-17,2025-09-18,Route-East-Awash,5.0,2025-09-17,2025-09-18
DEL-002881,ORD-002881,2025-08-31,2025-09-03,Route-North-Corridor,3.0,2025-08-31,2025-09-03
DEL-002882,ORD-002882,2025-08-21,2025-08-22,Route-South-Hawassa,2.0,2025-08-21,2025-08-22
DEL-002883,ORD-002883,2025-01-26,2025-01-29,Route-Addis-Central,0.0,2025-01-26,2025-01-29
DEL-002884,ORD-002884,2025-08-13,2025-08-17,Route-West-Jimma,0.0,2025-08-13,2025-08-17
DEL-002885,ORD-002885,2025-05-05,2025-05-06,Route-East-Awash,1.0,2025-05-05,2025-05-06
DEL-002886,ORD-002886,2025-10-10,2025-10-12,Route-East-Awash,1.0,2025-10-10,2025-10-12
DEL-002887,ORD-002887,2025-09-19,2025-09-22,Route-Addis-Central,5.0,2025-09-19,2025-09-22
DEL-002888,ORD-002888,2025-10-10,2025-10-11,Route-South-Hawassa,2.0,2025-10-10,2025-10-11
DEL-002889,ORD-002889,2025-09-13,2025-09-14,Route-North-Corridor,3.0,2025-09-13,2025-09-14
DEL-002890,ORD-002890,2025-09-01,2025-09-02,Route-West-Jimma,5.0,2025-09-01,2025-09-02
DEL-002891,ORD-002891,2025-06-28,2025-06-29,Route-South-Hawassa,3.0,2025-06-28,2025-06-29
DEL-002892,ORD-002892,2025-09-19,2025-09-20,Route-West-Jimma,2.0,2025-09-19,2025-09-20
DEL-002893,ORD-002893,2025-04-15,2025-04-16,Route-South-Hawassa,2.0,2025-04-15,2025-04-16
DEL-002894,ORD-002894,2025-06-20,2025-06-21,Route-West-Jimma,3.0,2025-06-20,2025-06-21
DEL-002895,ORD-002895,2025-03-29,2025-03-31,,1.0,2025-03-29,2025-03-31
DEL-002896,ORD-002896,2025-10-21,2025-10-22,Route-Addis-Central,1.0,2025-10-21,2025-10-22
DEL-002897,ORD-002897,2025-08-26,2025-08-29,Route-West-Jimma,0.0,2025-08-26,2025-08-29
DEL-002898,ORD-002898,2025-05-02,2025-05-04,Route-North-Corridor,2.0,2025-05-02,2025-05-04
DEL-002899,ORD-002899,2025-01-23,2025-01-26,Route-West-Jimma,2.0,2025-01-23,2025-01-26
DEL-002900,ORD-002900,2025-10-04,2025-10-06,Route-Addis-Central,2.0,2025-10-04,2025-10-06
DEL-002901,ORD-002901,2025-06-03,2025-06-04,Route-South-Hawassa,2.0,2025-06-03,2025-06-04
DEL-002902,ORD-002902,2025-08-19,2025-08-20,Route-South-Hawassa,4.0,2025-08-19,2025-08-20
DEL-002903,ORD-002903,2025-01-19,2025-01-20,Route-South-Hawassa,1.0,2025-01-19,2025-01-20
DEL-002904,ORD-002904,2025-11-06,2025-11-07,,4.0,2025-11-06,2025-11-07
DEL-002905,ORD-002905,2025-01-22,2025-01-24,Route-East-Awash,3.0,2025-01-22,2025-01-24
DEL-002906,ORD-002906,2025-11-29,2025-11-30,Route-West-Jimma,1.0,2025-11-29,2025-11-30
DEL-002907,ORD-002907,2025-01-22,2025-01-23,ROUTE-NORTH-CORRIDOR,10.0,2025-01-22,2025-01-23
DEL-002908,ORD-002908,2025-08-27,2025-08-28,Route-North-Corridor,0.0,2025-08-27,2025-08-28
DEL-002909,ORD-002909,2025-09-22,2025-09-23,Route-Addis-Central,2.0,2025-09-22,2025-09-23
DEL-002910,ORD-002910,2025-06-06,2025-06-07,ROUTE-NORTH-CORRIDOR,1.0,2025-06-06,2025-06-07
DEL-002911,ORD-002911,2025-09-08,2025-09-09,Route-North-Corridor,3.0,2025-09-08,2025-09-09
DEL-002912,ORD-002912,2025-11-02,2025-11-03,Route-North-Corridor,1.0,2025-11-02,2025-11-03
DEL-002913,ORD-002913,2025-08-05,2025-08-08,Route-North-Corridor,4.0,2025-08-05,2025-08-08
DEL-002914,ORD-002914,2025-02-20,2025-02-21,Route-North-Corridor,1.0,2025-02-20,2025-02-21
DEL-002915,ORD-002915,2025-07-23,2025-07-26,Route-West-Jimma,2.0,2025-07-23,2025-07-26
DEL-002916,ORD-002916,2025-11-11,2025-11-13,Route-South-Hawassa,1.0,2025-11-11,2025-11-13
DEL-002917,ORD-002917,2025-06-29,2025-07-02,Route-Addis-Central,2.0,2025-06-29,2025-07-02
DEL-002918,ORD-002918,2025-05-04,2025-05-05,Route-East-Awash,1.0,2025-05-04,2025-05-05
DEL-002919,ORD-002919,2025-01-28,2025-01-29,Route-Addis-Central,3.0,2025-01-28,2025-01-29
DEL-002920,ORD-002920,2025-01-05,2025-01-06,Route-Addis-Central,2.0,2025-01-05,2025-01-06
DEL-002921,ORD-002921,2025-12-31,2026-01-02,Route-West-Jimma,2.0,2025-12-31,2026-01-02
DEL-002922,ORD-002922,2025-10-16,2025-10-17,Route-Addis-Central,1.0,2025-10-16,2025-10-17
DEL-002923,ORD-002923,2025-09-24,2025-09-28,Route-North-Corridor,3.0,2025-09-24,2025-09-28
DEL-002924,ORD-002924,2025-03-12,2025-03-16,Route-West-Jimma,0.0,2025-03-12,2025-03-16
DEL-002925,ORD-002925,2025-04-09,2025-04-10,Route-East-Awash,3.0,2025-04-09,2025-04-10
DEL-002926,ORD-002926,2025-12-01,2025-12-04,Route-South-Hawassa,6.0,2025-12-01,2025-12-04
DEL-002927,ORD-002927,2025-01-26,2025-01-29,Route-South-Hawassa,2.0,2025-01-26,2025-01-29
DEL-002928,ORD-002928,2025-10-06,2025-10-08,Route-North-Corridor,1.0,2025-10-06,2025-10-08
DEL-002929,ORD-002929,2025-01-07,2025-01-08,Route-East-Awash,1.0,2025-01-07,2025-01-08
DEL-002930,ORD-002930,2025-10-27,2025-10-29,Route-South-Hawassa,3.0,2025-10-27,2025-10-29
DEL-002931,ORD-002931,2025-09-04,2025-09-05,Route-Addis-Central,0.0,2025-09-04,2025-09-05
DEL-002932,ORD-002932,2025-08-26,2025-08-27,Route-South-Hawassa,2.0,2025-08-26,2025-08-27
DEL-002933,ORD-002933,2025-02-05,2025-02-06,Route-West-Jimma,1.0,2025-02-05,2025-02-06
DEL-002934,ORD-002934,2025-12-19,2025-12-20,Route-North-Corridor,1.0,2025-12-19,2025-12-20
DEL-002935,ORD-002935,2025-03-14,2025-03-16,Route-Addis-Central,3.0,2025-03-14,2025-03-16
DEL-002936,ORD-002936,2025-07-28,2025-07-30,Route-East-Awash,2.0,2025-07-28,2025-07-30
DEL-002937,ORD-002937,2025-05-14,2025-05-15,Route-West-Jimma,1.0,2025-05-14,2025-05-15
DEL-002938,ORD-002938,2025-03-11,2025-03-12,Route-East-Awash,1.0,2025-03-11,2025-03-12
DEL-002939,ORD-002939,2025-03-14,2025-03-17,Route-East-Awash,5.0,2025-03-14,2025-03-17
DEL-002940,ORD-002940,2025-02-22,2025-02-23,Route-East-Awash,5.0,2025-02-22,2025-02-23
DEL-002941,ORD-002941,2025-12-18,2025-12-19,Route-East-Awash,4.0,2025-12-18,2025-12-19
DEL-002942,ORD-002942,2025-03-06,2025-03-08,Route-West-Jimma,2.0,2025-03-06,2025-03-08
DEL-002943,ORD-002943,2025-10-13,2025-10-14,Route-West-Jimma,3.0,2025-10-13,2025-10-14
DEL-002944,ORD-002944,2025-02-06,2025-02-08,Route-North-Corridor,1.0,2025-02-06,2025-02-08
DEL-002945,ORD-002945,2025-07-14,2025-07-17,Route-South-Hawassa,2.0,2025-07-14,2025-07-17
DEL-002946,ORD-002946,2025-03-04,2025-03-06,ROUTE-NORTH-CORRIDOR,3.0,2025-03-04,2025-03-06
DEL-002947,ORD-002947,2025-02-09,2025-02-10,Route-North-Corridor,1.0,2025-02-09,2025-02-10
DEL-002948,ORD-002948,2025-05-17,2025-05-20,Route-West-Jimma,2.0,2025-05-17,2025-05-20
DEL-002949,ORD-002949,2025-06-06,2025-06-09,Route-Addis-Central,2.0,2025-06-06,2025-06-09
DEL-002950,ORD-002950,2025-09-18,2025-09-21,Route-West-Jimma,1.0,2025-09-18,2025-09-21
DEL-002951,ORD-002951,2025-06-04,2025-06-05,Route-North-Corridor,5.0,2025-06-04,2025-06-05
DEL-002952,ORD-002952,2025-05-22,2025-05-25,Route-Addis-Central,2.0,2025-05-22,2025-05-25
DEL-002953,ORD-002953,2025-06-21,2025-06-25,Route-Addis-Central,3.0,2025-06-21,2025-06-25
DEL-002954,ORD-002954,2025-08-25,2025-08-27,Route-North-Corridor,6.0,2025-08-25,2025-08-27
DEL-002955,ORD-002955,2025-03-28,2025-03-30,ROUTE-NORTH-CORRIDOR,3.0,2025-03-28,2025-03-30
DEL-002956,ORD-002956,2025-06-07,2025-06-08,Route Addis Central,4.0,2025-06-07,2025-06-08
DEL-002957,ORD-002957,2025-11-07,2025-11-09,Route-West-Jimma,2.0,2025-11-07,2025-11-09
DEL-002958,ORD-002958,2025-10-17,2025-10-20,Route-Addis-Central,3.0,2025-10-17,2025-10-20
DEL-002959,ORD-002959,2025-09-10,2025-09-11,,4.0,2025-09-10,2025-09-11
DEL-002960,ORD-002960,2025-12-03,2025-12-05,Route-North-Corridor,4.0,2025-12-03,2025-12-05
DEL-002961,ORD-002961,2025-07-27,2025-07-28,Route-East-Awash,2.0,2025-07-27,2025-07-28
DEL-002962,ORD-002962,2025-01-06,2025-01-07,Route-Addis-Central,1.0,2025-01-06,2025-01-07
DEL-002963,ORD-002963,2025-11-03,2025-11-04,Route-North-Corridor,,2025-11-03,2025-11-04
DEL-002964,ORD-002964,2025-01-27,2025-01-28,Route-South-Hawassa,8.0,2025-01-27,2025-01-28
DEL-002965,ORD-002965,2025-07-09,2025-07-10,Route-West-Jimma,3.0,2025-07-09,2025-07-10
DEL-002966,ORD-002966,2025-02-14,2025-02-15,Route-Addis-Central,3.0,2025-02-14,2025-02-15
DEL-002967,ORD-002967,2025-03-07,2025-03-11,Route-East-Awash,7.0,2025-03-07,2025-03-11
DEL-002968,ORD-002968,2025-11-10,2025-11-11,Route-West-Jimma,5.0,2025-11-10,2025-11-11
DEL-002969,ORD-002969,2025-11-06,2025-11-08,Route-South-Hawassa,2.0,2025-11-06,2025-11-08
DEL-002970,ORD-002970,2025-04-13,2025-04-14,Route-South-Hawassa,2.0,2025-04-13,2025-04-14
DEL-002971,ORD-002971,2025-05-31,2025-06-04,Route-Addis-Central,6.0,2025-05-31,2025-06-04
DEL-002972,ORD-002972,2025-02-26,2025-02-28,Route-Addis-Central,3.0,2025-02-26,2025-02-28
DEL-002973,ORD-002973,2025-12-09,2025-12-12,Route-South-Hawassa,2.0,2025-12-09,2025-12-12
DEL-002974,ORD-002974,2025-12-30,2025-12-31,Route-North-Corridor,1.0,2025-12-30,2025-12-31
DEL-002975,ORD-002975,2025-01-10,2025-01-12,Route-East-Awash,1.0,2025-01-10,2025-01-12
DEL-002976,ORD-002976,2025-11-14,2025-11-15,Route-West-Jimma,2.0,2025-11-14,2025-11-15
DEL-002977,ORD-002977,2025-07-08,2025-07-11,Route-North-Corridor,4.0,2025-07-08,2025-07-11
DEL-002978,ORD-002978,2025-12-10,2025-12-12,Route-East-Awash,5.0,2025-12-10,2025-12-12
DEL-002979,ORD-002979,2025-04-29,2025-05-02,Route-West-Jimma,1.0,2025-04-29,2025-05-02
DEL-002980,ORD-002980,2025-08-28,2025-08-29,Route-North-Corridor,5.0,2025-08-28,2025-08-29
DEL-002981,ORD-002981,2025-01-18,2025-01-22,Route-North-Corridor,1.0,2025-01-18,2025-01-22
DEL-002982,ORD-002982,2025-12-17,2025-12-21,Route-South-Hawassa,3.0,2025-12-17,2025-12-21
DEL-002983,ORD-002983,2025-12-08,2025-12-10,Route-East-Awash,4.0,2025-12-08,2025-12-10
DEL-002984,ORD-002984,2025-01-28,2025-01-30,Route-West-Jimma,6.0,2025-01-28,2025-01-30
DEL-002985,ORD-002985,2025-01-15,2025-01-16,Route-East-Awash,2.0,2025-01-15,2025-01-16
DEL-002986,ORD-002986,2025-06-09,2025-06-10,Route-Addis-Central,,2025-06-09,2025-06-10
DEL-002987,ORD-002987,2025-09-19,2025-09-21,Route-Addis-Central,8.0,2025-09-19,2025-09-21
DEL-002988,ORD-002988,2025-04-18,2025-04-19,Route-South-Hawassa,3.0,2025-04-18,2025-04-19
DEL-002989,ORD-002989,2025-01-28,2025-01-30,Route-Addis-Central,3.0,2025-01-28,2025-01-30
DEL-002990,ORD-002990,2025-05-02,2025-05-05,Route-Addis-Central,2.0,2025-05-02,2025-05-05
DEL-002991,ORD-002991,2025-08-17,2025-08-18,Route-West-Jimma,14.0,2025-08-17,2025-08-18
DEL-002992,ORD-002992,2025-03-18,2025-03-21,Route-South-Hawassa,3.0,2025-03-18,2025-03-21
DEL-002993,ORD-002993,2025-09-02,2025-09-04,Route-Addis-Central,3.0,2025-09-02,2025-09-04
DEL-002994,ORD-002994,2025-03-25,2025-03-27,Route-Addis-Central,2.0,2025-03-25,2025-03-27
DEL-002995,ORD-002995,2025-04-25,2025-04-26,Route-South-Hawassa,8.0,2025-04-25,2025-04-26
DEL-002996,ORD-002996,2025-03-14,2025-03-15,Route-South-Hawassa,2.0,2025-03-14,2025-03-15
DEL-002997,ORD-002997,2025-07-22,2025-07-23,Route-Addis-Central,2.0,2025-07-22,2025-07-23
DEL-002998,ORD-002998,2025-03-27,2025-03-28,Route-West-Jimma,2.0,2025-03-27,2025-03-28
DEL-002999,ORD-002999,2025-10-07,2025-10-08,Route-Addis-Central,4.0,2025-10-07,2025-10-08
DEL-003000,ORD-003000,2025-01-26,2025-01-28,Route-South-Hawassa,1.0,2025-01-26,2025-01-28
DEL-003002,ORD-003002,2025-10-28,2025-10-29,Route-West-Jimma,1.0,2025-10-28,2025-10-29
DEL-003003,ORD-003003,2025-05-14,2025-05-18,Route-East-Awash,3.0,2025-05-14,2025-05-18
DEL-003004,ORD-003004,2025-09-08,2025-09-09,Route-Addis-Central,3.0,2025-09-08,2025-09-09
DEL-003005,ORD-003005,2025-08-10,2025-08-13,Route-Addis-Central,4.0,2025-08-10,2025-08-13
DEL-003006,ORD-003006,2025-11-15,2025-11-16,Route-East-Awash,1.0,2025-11-15,2025-11-16
DEL-003007,ORD-003007,2025-06-24,2025-06-25,Route-South-Hawassa,4.0,2025-06-24,2025-06-25
DEL-003008,ORD-003008,2025-08-06,2025-08-09,Route-North-Corridor,2.0,2025-08-06,2025-08-09
DEL-003009,ORD-003009,2025-05-18,2025-05-20,Route-South-Hawassa,1.0,2025-05-18,2025-05-20
DEL-003010,ORD-003010,2025-02-06,2025-02-08,Route-Addis-Central,1.0,2025-02-06,2025-02-08
DEL-003011,ORD-003011,2025-07-31,2025-08-01,Route-North-Corridor,1.0,2025-07-31,2025-08-01
DEL-003012,ORD-003012,2025-10-06,2025-10-08,Route-West-Jimma,3.0,2025-10-06,2025-10-08
DEL-003013,ORD-003013,2025-08-16,2025-08-17,Route-East-Awash,16.0,2025-08-16,2025-08-17
DEL-003014,ORD-003014,2025-09-12,2025-09-14,Route-West-Jimma,3.0,2025-09-12,2025-09-14
DEL-003015,ORD-003015,2025-09-04,2025-09-06,Route-South-Hawassa,2.0,2025-09-04,2025-09-06
DEL-003016,ORD-003016,2025-07-04,2025-07-06,Route-North-Corridor,4.0,2025-07-04,2025-07-06
DEL-003017,ORD-003017,2025-11-11,2025-11-14,Route-East-Awash,2.0,2025-11-11,2025-11-14
DEL-003018,ORD-003018,2025-06-11,2025-06-12,Route-Addis-Central,2.0,2025-06-11,2025-06-12
DEL-003019,ORD-003019,2025-06-14,2025-06-16,Route-South-Hawassa,5.0,2025-06-14,2025-06-16
DEL-003020,ORD-003020,2025-05-31,2025-06-02,Route-East-Awash,2.0,2025-05-31,2025-06-02
DEL-003021,ORD-003021,2025-01-12,2025-01-15,Route-East-Awash,1.0,2025-01-12,2025-01-15
DEL-003022,ORD-003022,2025-02-12,2025-02-13,Route-South-Hawassa,1.0,2025-02-12,2025-02-13
DEL-003023,ORD-003023,2025-12-23,2025-12-25,ROUTE-NORTH-CORRIDOR,2.0,2025-12-23,2025-12-25
DEL-003024,ORD-003024,2025-08-05,2025-08-09,Route-North-Corridor,1.0,2025-08-05,2025-08-09
DEL-003025,ORD-003025,2025-11-24,2025-11-26,Route-East-Awash,2.0,2025-11-24,2025-11-26
DEL-003026,ORD-003026,2025-01-29,2025-01-31,Route-South-Hawassa,5.0,2025-01-29,2025-01-31
DEL-003027,ORD-003027,2025-09-24,2025-09-25,Route-East-Awash,3.0,2025-09-24,2025-09-25
DEL-003028,ORD-003028,2025-06-02,2025-06-03,Route-South-Hawassa,3.0,2025-06-02,2025-06-03
DEL-003029,ORD-003029,2025-04-07,2025-04-08,Route-North-Corridor,,2025-04-07,2025-04-08
DEL-003030,ORD-003030,2025-04-11,2025-04-12,Route-South-Hawassa,2.0,2025-04-11,2025-04-12
DEL-003031,ORD-003031,2025-05-15,2025-05-16,Route-East-Awash,3.0,2025-05-15,2025-05-16
DEL-003032,ORD-003032,2025-08-28,2025-08-29,Route-West-Jimma,5.0,2025-08-28,2025-08-29
DEL-003033,ORD-003033,2025-03-04,2025-03-05,Route-South-Hawassa,1.0,2025-03-04,2025-03-05
DEL-003034,ORD-003034,2025-04-11,2025-04-12,Route-West-Jimma,3.0,2025-04-11,2025-04-12
DEL-003035,ORD-003035,2025-03-28,2025-03-29,Route-East-Awash,2.0,2025-03-28,2025-03-29
DEL-003036,ORD-003036,2025-06-24,2025-06-25,Route-West-Jimma,1.0,2025-06-24,2025-06-25
DEL-003037,ORD-003037,2025-04-11,2025-04-13,Route-North-Corridor,1.0,2025-04-11,2025-04-13
DEL-003038,ORD-003038,2025-08-17,2025-08-18,Route-East-Awash,3.0,2025-08-17,2025-08-18
DEL-003039,ORD-003039,2025-01-31,2025-02-01,Route-West-Jimma,2.0,2025-01-31,2025-02-01
DEL-003040,ORD-003040,2025-05-25,2025-05-29,Route-North-Corridor,3.0,2025-05-25,2025-05-29
DEL-003041,ORD-003041,2025-01-28,2025-01-29,Route-North-Corridor,5.0,2025-01-28,2025-01-29
DEL-003042,ORD-003042,2025-10-27,2025-10-28,Route-West-Jimma,5.0,2025-10-27,2025-10-28
DEL-003043,ORD-003043,2025-05-15,2025-05-17,Route-Addis-Central,2.0,2025-05-15,2025-05-17
DEL-003044,ORD-003044,2025-08-13,2025-08-16,Route-North-Corridor,3.0,2025-08-13,2025-08-16
DEL-003045,ORD-003045,2025-09-26,2025-09-27,Route-East-Awash,2.0,2025-09-26,2025-09-27
DEL-003046,ORD-003046,2025-02-20,2025-02-21,Route-West-Jimma,1.0,2025-02-20,2025-02-21
DEL-003047,ORD-003047,2025-03-11,2025-03-14,Route-North-Corridor,2.0,2025-03-11,2025-03-14
DEL-003048,ORD-003048,2025-11-14,2025-11-17,Route-East-Awash,0.0,2025-11-14,2025-11-17
DEL-003049,ORD-003049,2025-04-11,2025-04-15,Route-West-Jimma,2.0,2025-04-11,2025-04-15
DEL-003050,ORD-003050,2025-07-02,2025-07-03,Route-West-Jimma,2.0,2025-07-02,2025-07-03
DEL-003051,ORD-003051,2025-08-30,2025-08-31,Route-West-Jimma,2.0,2025-08-30,2025-08-31
DEL-003052,ORD-003052,2025-11-07,2025-11-08,Route-North-Corridor,5.0,2025-11-07,2025-11-08
DEL-003053,ORD-003053,2025-10-14,2025-10-17,Route-South-Hawassa,1.0,2025-10-14,2025-10-17
DEL-003054,ORD-003054,2025-01-13,2025-01-15,Route-East-Awash,2.0,2025-01-13,2025-01-15
DEL-003055,ORD-003055,2025-10-15,2025-10-16,Route-East-Awash,0.0,2025-10-15,2025-10-16
DEL-003056,ORD-003056,2025-09-13,2025-09-15,Route-South-Hawassa,2.0,2025-09-13,2025-09-15
DEL-003057,ORD-003057,2025-06-17,2025-06-19,Route-North-Corridor,5.0,2025-06-17,2025-06-19
DEL-003058,ORD-003058,2025-08-09,2025-08-10,Route-East-Awash,3.0,2025-08-09,2025-08-10
DEL-003059,ORD-003059,2025-10-13,2025-10-15,Route-Addis-Central,2.0,2025-10-13,2025-10-15
DEL-003060,ORD-003060,2025-04-22,2025-04-23,Route-South-Hawassa,8.0,2025-04-22,2025-04-23
DEL-003061,ORD-003061,2025-06-19,2025-06-22,Route-West-Jimma,1.0,2025-06-19,2025-06-22
DEL-003062,ORD-003062,2025-01-19,2025-01-21,Route-South-Hawassa,4.0,2025-01-19,2025-01-21
DEL-003063,ORD-003063,2025-06-13,2025-06-14,Route-South-Hawassa,1.0,2025-06-13,2025-06-14
DEL-003064,ORD-003064,2025-06-08,2025-06-11,Route-West-Jimma,4.0,2025-06-08,2025-06-11
DEL-003065,ORD-003065,2025-12-27,2025-12-28,Route-East-Awash,1.0,2025-12-27,2025-12-28
DEL-003066,ORD-003066,2025-05-05,2025-05-07,Route-North-Corridor,3.0,2025-05-05,2025-05-07
DEL-003067,ORD-003067,2025-01-22,2025-01-24,Route-Addis-Central,1.0,2025-01-22,2025-01-24
DEL-003068,ORD-003068,2025-03-31,2025-04-01,Route-West-Jimma,4.0,2025-03-31,2025-04-01
DEL-003069,ORD-003069,2025-03-30,2025-04-01,Route-East-Awash,0.0,2025-03-30,2025-04-01
DEL-003070,ORD-003070,2025-07-13,2025-07-15,Route-West-Jimma,1.0,2025-07-13,2025-07-15
DEL-003071,ORD-003071,2025-08-03,2025-08-04,Route-West-Jimma,10.0,2025-08-03,2025-08-04
DEL-003072,ORD-003072,2025-06-07,2025-06-09,Route-East-Awash,6.0,2025-06-07,2025-06-09
DEL-003073,ORD-003073,2025-05-11,2025-05-15,Route-South-Hawassa,5.0,2025-05-11,2025-05-15
DEL-003074,ORD-003074,2025-11-04,2025-11-08,Route-West-Jimma,4.0,2025-11-04,2025-11-08
DEL-003075,ORD-003075,2025-04-26,2025-04-27,Route-South-Hawassa,4.0,2025-04-26,2025-04-27
DEL-003076,ORD-003076,2025-10-07,2025-10-08,Route-South-Hawassa,3.0,2025-10-07,2025-10-08
DEL-003077,ORD-003077,2025-06-28,2025-06-29,Route-West-Jimma,2.0,2025-06-28,2025-06-29
DEL-003078,ORD-003078,2025-07-28,2025-07-29,Route-East-Awash,2.0,2025-07-28,2025-07-29
DEL-003079,ORD-003079,2025-04-07,2025-04-10,Route-North-Corridor,6.0,2025-04-07,2025-04-10
DEL-003080,ORD-003080,2025-07-06,2025-07-07,Route-East-Awash,1.0,2025-07-06,2025-07-07
DEL-003081,ORD-003081,2025-05-16,2025-05-17,Route-West-Jimma,1.0,2025-05-16,2025-05-17
DEL-003082,ORD-003082,2025-10-14,2025-10-15,Route-North-Corridor,3.0,2025-10-14,2025-10-15
DEL-003083,ORD-003083,2025-12-28,2026-01-01,Route-East-Awash,0.0,2025-12-28,2026-01-01
DEL-003084,ORD-003084,2025-05-21,2025-05-23,Route-West-Jimma,4.0,2025-05-21,2025-05-23
DEL-003085,ORD-003085,2025-05-25,2025-05-27,Route-South-Hawassa,2.0,2025-05-25,2025-05-27
DEL-003086,ORD-003086,2025-09-23,2025-09-26,Route-North-Corridor,0.0,2025-09-23,2025-09-26
DEL-003087,ORD-003087,2025-05-10,2025-05-11,Route-North-Corridor,4.0,2025-05-10,2025-05-11
DEL-003088,ORD-003088,2025-02-18,2025-02-20,Route-East-Awash,1.0,2025-02-18,2025-02-20
DEL-003089,ORD-003089,2025-06-11,2025-06-14,Route-Addis-Central,3.0,2025-06-11,2025-06-14
DEL-003090,ORD-003090,2025-02-01,2025-02-04,Route-Addis-Central,4.0,2025-02-01,2025-02-04
DEL-003091,ORD-003091,2025-07-24,2025-07-27,Route-West-Jimma,3.0,2025-07-24,2025-07-27
DEL-003092,ORD-003092,2025-06-25,2025-06-26,Route-West-Jimma,1.0,2025-06-25,2025-06-26
DEL-003093,ORD-003093,2025-03-22,2025-03-23,route-addis-central,5.0,2025-03-22,2025-03-23
DEL-003094,ORD-003094,2025-01-14,2025-01-15,Route-Addis-Central,6.0,2025-01-14,2025-01-15
DEL-003095,ORD-003095,2025-06-20,2025-06-21,Route-West-Jimma,0.0,2025-06-20,2025-06-21
DEL-003096,ORD-003096,2025-05-07,2025-05-08,Route-East-Awash,1.0,2025-05-07,2025-05-08
DEL-003097,ORD-003097,2025-07-18,2025-07-22,Route-North-Corridor,10.0,2025-07-18,2025-07-22
DEL-003098,ORD-003098,2025-11-24,2025-11-25,Route-North-Corridor,3.0,2025-11-24,2025-11-25
DEL-003099,ORD-003099,2025-01-19,2025-01-20,Route-North-Corridor,1.0,2025-01-19,2025-01-20
DEL-003100,ORD-003100,2025-08-25,2025-08-26,Route-South-Hawassa,4.0,2025-08-25,2025-08-26
DEL-003102,ORD-003102,2025-10-13,2025-10-15,Route-South-Hawassa,18.0,2025-10-13,2025-10-15
DEL-003103,ORD-003103,2025-10-28,2025-10-31,Route-North-Corridor,1.0,2025-10-28,2025-10-31
DEL-003104,ORD-003104,2025-04-20,2025-04-24,Route-Addis-Central,5.0,2025-04-20,2025-04-24
DEL-003105,ORD-003105,2025-01-17,2025-01-18,Route-West-Jimma,6.0,2025-01-17,2025-01-18
DEL-003106,ORD-003106,2025-04-17,2025-04-20,Route-East-Awash,3.0,2025-04-17,2025-04-20
DEL-003107,ORD-003107,2025-05-14,2025-05-15,Route-East-Awash,1.0,2025-05-14,2025-05-15
DEL-003108,ORD-003108,2025-07-19,2025-07-20,Route-Addis-Central,4.0,2025-07-19,2025-07-20
DEL-003109,ORD-003109,2025-05-18,2025-05-19,,,2025-05-18,2025-05-19
DEL-003110,ORD-003110,2025-08-02,2025-08-03,Route-East-Awash,2.0,2025-08-02,2025-08-03
DEL-003111,ORD-003111,2025-05-20,2025-05-23,Route-West-Jimma,1.0,2025-05-20,2025-05-23
DEL-003112,ORD-003112,2025-05-19,2025-05-22,Route-East-Awash,4.0,2025-05-19,2025-05-22
DEL-003113,ORD-003113,2025-06-16,2025-06-17,Route-Addis-Central,3.0,2025-06-16,2025-06-17
DEL-003114,ORD-003114,2025-04-10,2025-04-11,Route-Addis-Central,4.0,2025-04-10,2025-04-11
DEL-003115,ORD-003115,2025-03-30,2025-04-02,ROUTE-NORTH-CORRIDOR,3.0,2025-03-30,2025-04-02
DEL-003116,ORD-003116,2025-02-11,2025-02-13,Route-East-Awash,2.0,2025-02-11,2025-02-13
DEL-003117,ORD-003117,2025-01-13,2025-01-14,Route-East-Awash,5.0,2025-01-13,2025-01-14
DEL-003118,ORD-003118,2025-06-21,2025-06-23,Route-East-Awash,,2025-06-21,2025-06-23
DEL-003119,ORD-003119,2025-11-07,2025-11-08,Route-East-Awash,7.0,2025-11-07,2025-11-08
DEL-003120,ORD-003120,2025-09-22,2025-09-23,Route-South-Hawassa,1.0,2025-09-22,2025-09-23
DEL-003121,ORD-003121,2025-09-10,2026-03-09,Route-East-Awash,5.0,2025-09-10,2026-03-09
DEL-003122,ORD-003122,2025-01-31,2025-02-04,Route-East-Awash,2.0,2025-01-31,2025-02-04
DEL-003123,ORD-003123,2025-01-16,2025-01-19,Route-East-Awash,5.0,2025-01-16,2025-01-19
DEL-003124,ORD-003124,2025-05-20,2025-05-21,Route-West-Jimma,1.0,2025-05-20,2025-05-21
DEL-003125,ORD-003125,2025-08-07,2025-08-08,Route-East-Awash,0.0,2025-08-07,2025-08-08
DEL-003126,ORD-003126,2025-04-19,2025-04-20,Route-Addis-Central,4.0,2025-04-19,2025-04-20
DEL-003127,ORD-003127,2025-11-27,2025-11-28,Route-North-Corridor,3.0,2025-11-27,2025-11-28
DEL-003128,ORD-003128,2025-03-23,2025-03-25,Route-West-Jimma,1.0,2025-03-23,2025-03-25
DEL-003129,ORD-003129,2025-09-13,2025-09-16,Route-South-Hawassa,3.0,2025-09-13,2025-09-16
DEL-003130,ORD-003130,2025-08-23,2025-08-25,Route-West-Jimma,1.0,2025-08-23,2025-08-25
DEL-003131,ORD-003131,2025-08-30,2025-09-01,Route-West-Jimma,0.0,2025-08-30,2025-09-01
DEL-003132,ORD-003132,2025-08-04,2025-08-06,Route-North-Corridor,2.0,2025-08-04,2025-08-06
DEL-003133,ORD-003133,2025-06-09,2025-06-10,Route-South-Hawassa,1.0,2025-06-09,2025-06-10
DEL-003134,ORD-003134,2025-08-16,2025-08-19,Route-North-Corridor,1.0,2025-08-16,2025-08-19
DEL-003135,ORD-003135,2025-01-21,2025-01-23,Route-East-Awash,1.0,2025-01-21,2025-01-23
DEL-003136,ORD-003136,2025-05-10,2025-05-11,Route-North-Corridor,1.0,2025-05-10,2025-05-11
DEL-003137,ORD-003137,2025-05-02,2025-05-03,Route-East-Awash,3.0,2025-05-02,2025-05-03
DEL-003138,ORD-003138,2025-10-17,2025-10-18,Route-East-Awash,2.0,2025-10-17,2025-10-18
DEL-003139,ORD-003139,2025-04-14,2025-04-15,,6.0,2025-04-14,2025-04-15
DEL-003140,ORD-003140,2025-07-06,2025-07-09,Route-North-Corridor,2.0,2025-07-06,2025-07-09
DEL-003141,ORD-003141,2025-07-23,2025-07-25,Route-East-Awash,3.0,2025-07-23,2025-07-25
DEL-003142,ORD-003142,2025-11-21,2025-11-23,Route-West-Jimma,5.0,2025-11-21,2025-11-23
DEL-003143,ORD-003143,2025-05-07,2025-05-09,Route-Addis-Central,5.0,2025-05-07,2025-05-09
DEL-003144,ORD-003144,2025-05-14,2025-05-15,Route-West-Jimma,4.0,2025-05-14,2025-05-15
DEL-003145,ORD-003145,2025-07-20,2025-07-22,Route-West-Jimma,3.0,2025-07-20,2025-07-22
DEL-003146,ORD-003146,2025-11-06,2025-11-07,Route-West-Jimma,2.0,2025-11-06,2025-11-07
DEL-003147,ORD-003147,2025-05-08,2025-05-11,Route-West-Jimma,5.0,2025-05-08,2025-05-11
DEL-003148,ORD-003148,2025-02-25,2025-02-28,Route-East-Awash,2.0,2025-02-25,2025-02-28
DEL-003149,ORD-003149,2025-03-17,2025-03-18,Route-South-Hawassa,1.0,2025-03-17,2025-03-18
DEL-003150,ORD-003150,2025-10-02,2025-10-03,Route-South-Hawassa,2.0,2025-10-02,2025-10-03
DEL-003151,ORD-003151,2025-03-04,2025-03-07,Route-North-Corridor,150.0,2025-03-04,2025-03-07
DEL-003152,ORD-003152,2025-02-14,2025-02-16,Route-Addis-Central,1.0,2025-02-14,2025-02-16
DEL-003153,ORD-003153,2025-03-23,2025-03-24,Route-Addis-Central,0.0,2025-03-23,2025-03-24
DEL-003154,ORD-003154,2025-07-07,2025-07-10,Route-Addis-Central,9.0,2025-07-07,2025-07-10
DEL-003155,ORD-003155,2025-11-19,2025-11-20,Route-West-Jimma,0.0,2025-11-19,2025-11-20
DEL-003156,ORD-003156,2025-01-19,2025-01-20,Route-North-Corridor,1.0,2025-01-19,2025-01-20
DEL-003157,ORD-003157,2025-11-01,2025-11-03,Route Addis Central,2.0,2025-11-01,2025-11-03
DEL-003158,ORD-003158,2025-12-11,2025-12-14,Route-Addis-Central,1.0,2025-12-11,2025-12-14
DEL-003159,ORD-003159,2025-01-05,2025-01-06,Route-South-Hawassa,2.0,2025-01-05,2025-01-06
DEL-003160,ORD-003160,2025-04-29,2025-05-01,Route-West-Jimma,1.0,2025-04-29,2025-05-01
DEL-003161,ORD-003161,2025-09-15,2025-09-16,Route-Addis-Central,2.0,2025-09-15,2025-09-16
DEL-003162,ORD-003162,2025-01-23,2025-01-25,Route-West-Jimma,4.0,2025-01-23,2025-01-25
DEL-003163,ORD-003163,2025-02-21,2025-02-23,Route-West-Jimma,1.0,2025-02-21,2025-02-23
DEL-003164,ORD-003164,2025-11-30,2025-12-02,Route-East-Awash,3.0,2025-11-30,2025-12-02
DEL-003165,ORD-003165,2025-12-14,2025-12-15,Route-West-Jimma,4.0,2025-12-14,2025-12-15
DEL-003166,ORD-003166,2025-11-04,2025-11-05,Route-North-Corridor,2.0,2025-11-04,2025-11-05
DEL-003167,ORD-003167,2025-07-23,2025-07-25,Route-East-Awash,2.0,2025-07-23,2025-07-25
DEL-003168,ORD-003168,2025-03-29,2025-03-30,Route-West-Jimma,4.0,2025-03-29,2025-03-30
DEL-003169,ORD-003169,2025-12-31,2026-01-02,Route-South-Hawassa,1.0,2025-12-31,2026-01-02
DEL-003170,ORD-003170,2025-02-04,2025-02-06,Route-Addis-Central,3.0,2025-02-04,2025-02-06
DEL-003171,ORD-003171,2025-01-13,2025-01-16,Route-South-Hawassa,3.0,2025-01-13,2025-01-16
DEL-003172,ORD-003172,2025-11-07,2025-11-09,Route-North-Corridor,1.0,2025-11-07,2025-11-09
DEL-003173,ORD-003173,2025-06-25,2025-06-28,Route-West-Jimma,5.0,2025-06-25,2025-06-28
DEL-003174,ORD-003174,2025-10-11,2025-10-13,Route-Addis-Central,3.0,2025-10-11,2025-10-13
DEL-003175,ORD-003175,2025-01-19,2025-01-20,Route-West-Jimma,3.0,2025-01-19,2025-01-20
DEL-003176,ORD-003176,2025-08-10,2025-08-12,Route-Addis-Central,2.0,2025-08-10,2025-08-12
DEL-003177,ORD-003177,2025-07-06,2025-07-07,Route-South-Hawassa,3.0,2025-07-06,2025-07-07
DEL-003178,ORD-003178,2025-07-05,2025-07-07,Route-Addis-Central,2.0,2025-07-05,2025-07-07
DEL-003179,ORD-003179,2025-01-06,2025-01-09,Route-West-Jimma,2.0,2025-01-06,2025-01-09
DEL-003180,ORD-003180,2025-12-09,2025-12-11,Route-West-Jimma,3.0,2025-12-09,2025-12-11
DEL-003181,ORD-003181,2025-09-19,2025-09-21,Route-West-Jimma,3.0,2025-09-19,2025-09-21
DEL-003182,ORD-003182,2025-02-12,2025-02-14,Route-West-Jimma,3.0,2025-02-12,2025-02-14
DEL-003183,ORD-003183,2025-10-28,2025-10-29,Route-West-Jimma,7.0,2025-10-28,2025-10-29
DEL-003184,ORD-003184,2025-12-15,2025-12-17,Route-East-Awash,1.0,2025-12-15,2025-12-17
DEL-003185,ORD-003185,2025-06-18,2025-06-20,Route-South-Hawassa,1.0,2025-06-18,2025-06-20
DEL-003186,ORD-003186,2025-07-31,2025-08-02,Route-South-Hawassa,3.0,2025-07-31,2025-08-02
DEL-003187,ORD-003187,2025-10-27,2025-10-29,Route-Addis-Central,1.0,2025-10-27,2025-10-29
DEL-003188,ORD-003188,2025-02-12,2025-02-13,Route-South-Hawassa,2.0,2025-02-12,2025-02-13
DEL-003189,ORD-003189,2025-11-07,2025-11-11,Route-North-Corridor,4.0,2025-11-07,2025-11-11
DEL-003190,ORD-003190,2025-08-31,2025-09-02,Route-East-Awash,4.0,2025-08-31,2025-09-02
DEL-003191,ORD-003191,2025-05-29,2025-05-30,Route-East-Awash,9.0,2025-05-29,2025-05-30
DEL-003192,ORD-003192,2025-06-08,2025-06-10,Route-Addis-Central,2.0,2025-06-08,2025-06-10
DEL-003193,ORD-003193,2025-09-12,2025-09-15,Route-West-Jimma,1.0,2025-09-12,2025-09-15
DEL-003194,ORD-003194,2025-05-03,2025-05-07,Route-Addis-Central,2.0,2025-05-03,2025-05-07
DEL-003195,ORD-003195,2025-09-20,2025-09-21,Route-Addis-Central,1.0,2025-09-20,2025-09-21
DEL-003196,ORD-003196,2025-05-15,2025-05-16,,2.0,2025-05-15,2025-05-16
DEL-003197,ORD-003197,2025-10-09,2025-10-11,Route-North-Corridor,1.0,2025-10-09,2025-10-11
DEL-003198,ORD-003198,2025-03-20,2025-03-22,Route-Addis-Central,9.0,2025-03-20,2025-03-22
DEL-003199,ORD-003199,2025-02-09,2025-02-10,Route-West-Jimma,1.0,2025-02-09,2025-02-10
DEL-003200,ORD-003200,2025-06-16,2025-06-18,,4.0,2025-06-16,2025-06-18
DEL-003201,ORD-003201,2025-05-09,2025-05-10,Route-East-Awash,1.0,2025-05-09,2025-05-10
DEL-003202,ORD-003202,2025-08-01,2025-08-03,Route-East-Awash,4.0,2025-08-01,2025-08-03
DEL-003203,ORD-003203,2025-01-12,2025-01-15,Route-North-Corridor,5.0,2025-01-12,2025-01-15
DEL-003204,ORD-003204,2025-10-23,2025-10-26,Route-North-Corridor,2.0,2025-10-23,2025-10-26
DEL-003205,ORD-003205,2025-04-20,2025-04-22,ROUTE-NORTH-CORRIDOR,2.0,2025-04-20,2025-04-22
DEL-003206,ORD-003206,2025-12-06,2025-12-07,Route-North-Corridor,5.0,2025-12-06,2025-12-07
DEL-003207,ORD-003207,2025-06-14,2025-06-16,Route-Addis-Central,3.0,2025-06-14,2025-06-16
DEL-003208,ORD-003208,2025-09-28,2025-09-29,Route-Addis-Central,1.0,2025-09-28,2025-09-29
DEL-003209,ORD-003209,2025-01-07,2025-01-09,Route-South-Hawassa,3.0,2025-01-07,2025-01-09
DEL-003210,ORD-003210,2025-08-20,2025-08-21,Route-West-Jimma,2.0,2025-08-20,2025-08-21
DEL-003211,ORD-003211,2025-08-24,2025-08-26,Route-North-Corridor,1.0,2025-08-24,2025-08-26
DEL-003212,ORD-003212,2025-08-03,2025-08-04,,2.0,2025-08-03,2025-08-04
DEL-003213,ORD-003213,2025-03-28,2025-03-29,Route-East-Awash,4.0,2025-03-28,2025-03-29
DEL-003214,ORD-003214,2025-06-08,2025-06-09,Route-Addis-Central,5.0,2025-06-08,2025-06-09
DEL-003215,ORD-003215,2025-10-10,2025-10-11,Route-North-Corridor,1.0,2025-10-10,2025-10-11
DEL-003216,ORD-003216,2025-11-09,2025-11-11,Route-East-Awash,2.0,2025-11-09,2025-11-11
DEL-003217,ORD-003217,2025-03-16,2025-03-18,Route-North-Corridor,4.0,2025-03-16,2025-03-18
DEL-003218,ORD-003218,2025-06-17,2025-06-18,Route-West-Jimma,3.0,2025-06-17,2025-06-18
DEL-003219,ORD-003219,2025-11-02,2025-11-04,Route-East-Awash,0.0,2025-11-02,2025-11-04
DEL-003220,ORD-003220,2025-02-04,2025-02-08,Route-North-Corridor,1.0,2025-02-04,2025-02-08
DEL-003221,ORD-003221,2025-08-02,2025-08-03,Route-East-Awash,5.0,2025-08-02,2025-08-03
DEL-003222,ORD-003222,2025-06-06,2025-06-10,Route-East-Awash,2.0,2025-06-06,2025-06-10
DEL-003223,ORD-003223,2025-03-12,2025-03-13,Route-North-Corridor,4.0,2025-03-12,2025-03-13
DEL-003224,ORD-003224,2025-03-09,2025-03-11,Route-North-Corridor,6.0,2025-03-09,2025-03-11
DEL-003225,ORD-003225,2025-04-30,2025-05-02,Route-North-Corridor,1.0,2025-04-30,2025-05-02
DEL-003226,ORD-003226,2025-01-23,2025-01-24,Route-East-Awash,1.0,2025-01-23,2025-01-24
DEL-003227,ORD-003227,2025-05-16,2025-05-19,Route-Addis-Central,3.0,2025-05-16,2025-05-19
DEL-003228,ORD-003228,2025-06-21,2025-06-24,ROUTE-NORTH-CORRIDOR,3.0,2025-06-21,2025-06-24
DEL-003229,ORD-003229,2025-02-01,2025-02-04,Route-Addis-Central,2.0,2025-02-01,2025-02-04
DEL-003230,ORD-003230,2025-09-01,2025-09-02,Route-Addis-Central,1.0,2025-09-01,2025-09-02
DEL-003231,ORD-003231,2025-01-21,2025-01-23,Route-Addis-Central,0.0,2025-01-21,2025-01-23
DEL-003232,ORD-003232,2025-10-25,2025-10-28,Route-South-Hawassa,3.0,2025-10-25,2025-10-28
DEL-003233,ORD-003233,2025-03-15,2025-03-16,Route Addis Central,5.0,2025-03-15,2025-03-16
DEL-003234,ORD-003234,2025-12-03,2025-12-04,Route-East-Awash,2.0,2025-12-03,2025-12-04
DEL-003235,ORD-003235,2025-03-24,2025-03-25,Route-Addis-Central,1.0,2025-03-24,2025-03-25
DEL-003236,ORD-003236,2025-11-26,2025-11-28,Route-Addis-Central,2.0,2025-11-26,2025-11-28
DEL-003237,ORD-003237,2025-12-19,2025-12-21,Route-Addis-Central,16.0,2025-12-19,2025-12-21
DEL-003238,ORD-003238,2025-08-04,2025-08-05,Route-South-Hawassa,5.0,2025-08-04,2025-08-05
DEL-003239,ORD-003239,2025-02-05,2025-02-06,Route-West-Jimma,3.0,2025-02-05,2025-02-06
DEL-003240,ORD-003240,2025-12-28,2025-12-29,Route-South-Hawassa,,2025-12-28,2025-12-29
DEL-003241,ORD-003241,2025-11-06,2025-11-07,Route-Addis-Central,4.0,2025-11-06,2025-11-07
DEL-003242,ORD-003242,2025-10-20,2025-10-21,Route-South-Hawassa,3.0,2025-10-20,2025-10-21
DEL-003243,ORD-003243,2025-03-26,2025-03-27,Route-West-Jimma,1.0,2025-03-26,2025-03-27
DEL-003244,ORD-003244,2025-07-04,2025-07-05,Route-Addis-Central,4.0,2025-07-04,2025-07-05
DEL-003245,ORD-003245,2025-11-12,2025-11-13,Route-Addis-Central,1.0,2025-11-12,2025-11-13
DEL-003246,ORD-003246,2025-07-08,2025-07-09,Route-North-Corridor,0.0,2025-07-08,2025-07-09
DEL-003247,ORD-003247,2025-02-26,2025-02-27,Route-Addis-Central,5.0,2025-02-26,2025-02-27
DEL-003248,ORD-003248,2025-04-11,2025-04-12,Route-West-Jimma,5.0,2025-04-11,2025-04-12
DEL-003249,ORD-003249,2025-08-29,2025-08-31,Route-Addis-Central,2.0,2025-08-29,2025-08-31
DEL-003250,ORD-003250,2025-12-21,2025-12-23,Route-South-Hawassa,2.0,2025-12-21,2025-12-23
DEL-003251,ORD-003251,2025-05-13,2025-05-14,Route-Addis-Central,2.0,2025-05-13,2025-05-14
DEL-003252,ORD-003252,2025-11-17,2025-11-19,Route-East-Awash,2.0,2025-11-17,2025-11-19
DEL-003253,ORD-003253,2025-04-10,2025-04-13,Route-Addis-Central,1.0,2025-04-10,2025-04-13
DEL-003254,ORD-003254,2025-06-25,2025-06-26,Route-East-Awash,1.0,2025-06-25,2025-06-26
DEL-003255,ORD-003255,2025-12-24,2025-12-25,Route-West-Jimma,0.0,2025-12-24,2025-12-25
DEL-003256,ORD-003256,2025-04-27,2025-04-29,Route-North-Corridor,1.0,2025-04-27,2025-04-29
DEL-003257,ORD-003257,2025-11-13,2025-11-16,Route-South-Hawassa,2.0,2025-11-13,2025-11-16
DEL-003258,ORD-003258,2025-01-25,2025-01-28,Route-North-Corridor,2.0,2025-01-25,2025-01-28
DEL-003259,ORD-003259,2025-07-26,2025-07-27,Route-East-Awash,3.0,2025-07-26,2025-07-27
DEL-003260,ORD-003260,2025-12-07,2025-12-08,Route-West-Jimma,1.0,2025-12-07,2025-12-08
DEL-003261,ORD-003261,2025-07-17,2025-07-18,Route-West-Jimma,2.0,2025-07-17,2025-07-18
DEL-003262,ORD-003262,2025-12-10,2025-12-12,Route-North-Corridor,1.0,2025-12-10,2025-12-12
DEL-003263,ORD-003263,2025-11-13,2025-11-14,Route-South-Hawassa,5.0,2025-11-13,2025-11-14
DEL-003264,ORD-003264,2025-04-20,2025-04-21,,6.0,2025-04-20,2025-04-21
DEL-003265,ORD-003265,2025-02-13,2025-02-15,Route-North-Corridor,2.0,2025-02-13,2025-02-15
DEL-003266,ORD-003266,2025-06-28,2025-06-30,Route-East-Awash,1.0,2025-06-28,2025-06-30
DEL-003267,ORD-003267,2025-05-16,2025-05-17,Route-South-Hawassa,4.0,2025-05-16,2025-05-17
DEL-003268,ORD-003268,2025-10-06,2025-10-08,Route-North-Corridor,1.0,2025-10-06,2025-10-08
DEL-003269,ORD-003269,2025-08-04,2025-08-05,Route-North-Corridor,1.0,2025-08-04,2025-08-05
DEL-003270,ORD-003270,2025-08-13,2025-08-14,Route-North-Corridor,2.0,2025-08-13,2025-08-14
DEL-003271,ORD-003271,2025-05-24,2025-05-27,Route-South-Hawassa,2.0,2025-05-24,2025-05-27
DEL-003272,ORD-003272,2025-05-21,2025-05-24,Route-West-Jimma,9.0,2025-05-21,2025-05-24
DEL-003273,ORD-003273,2025-05-11,2025-05-12,Route-North-Corridor,2.0,2025-05-11,2025-05-12
DEL-003274,ORD-003274,2025-04-11,2025-04-12,Route-South-Hawassa,5.0,2025-04-11,2025-04-12
DEL-003275,ORD-003275,2025-10-18,2025-10-20,Route-Addis-Central,1.0,2025-10-18,2025-10-20
DEL-003276,ORD-003276,2025-03-30,2025-04-01,Route-South-Hawassa,4.0,2025-03-30,2025-04-01
DEL-003277,ORD-003277,2025-09-25,2025-09-27,Route-Addis-Central,2.0,2025-09-25,2025-09-27
DEL-003278,ORD-003278,2025-08-26,2025-08-29,Route-West-Jimma,4.0,2025-08-26,2025-08-29
DEL-003279,ORD-003279,2025-09-14,2025-09-15,Route-South-Hawassa,1.0,2025-09-14,2025-09-15
DEL-003280,ORD-003280,2025-06-14,2025-06-15,,2.0,2025-06-14,2025-06-15
DEL-003281,ORD-003281,2025-05-18,2025-05-19,Route-West-Jimma,2.0,2025-05-18,2025-05-19
DEL-003282,ORD-003282,2025-01-18,2025-01-20,Route-West-Jimma,19.0,2025-01-18,2025-01-20
DEL-003283,ORD-003283,2025-08-03,2025-08-04,Route-Addis-Central,3.0,2025-08-03,2025-08-04
DEL-003284,ORD-003284,2025-06-04,2025-06-06,Route-Addis-Central,5.0,2025-06-04,2025-06-06
DEL-003285,ORD-003285,2025-09-03,2025-09-04,Route-East-Awash,4.0,2025-09-03,2025-09-04
DEL-003286,ORD-003286,2025-07-01,2025-07-02,Route-Addis-Central,1.0,2025-07-01,2025-07-02
DEL-003287,ORD-003287,2025-02-02,2025-02-03,Route-West-Jimma,2.0,2025-02-02,2025-02-03
DEL-003288,ORD-003288,2025-07-22,2025-07-24,Route-South-Hawassa,1.0,2025-07-22,2025-07-24
DEL-003289,ORD-003289,2025-04-06,2025-04-08,Route-East-Awash,1.0,2025-04-06,2025-04-08
DEL-003290,ORD-003290,2025-05-21,2025-05-23,Route-West-Jimma,4.0,2025-05-21,2025-05-23
DEL-003291,ORD-003291,2025-01-28,2025-01-29,Route-North-Corridor,4.0,2025-01-28,2025-01-29
DEL-003292,ORD-003292,2025-06-10,2025-06-11,Route-East-Awash,6.0,2025-06-10,2025-06-11
DEL-003293,ORD-003293,2025-01-16,2025-01-19,Route-East-Awash,2.0,2025-01-16,2025-01-19
DEL-003294,ORD-003294,2025-02-21,2025-02-22,Route-East-Awash,1.0,2025-02-21,2025-02-22
DEL-003295,ORD-003295,2025-10-01,2025-10-03,Route-East-Awash,5.0,2025-10-01,2025-10-03
DEL-003296,ORD-003296,2025-06-07,2025-06-08,Route-North-Corridor,4.0,2025-06-07,2025-06-08
DEL-003297,ORD-003297,2025-04-10,2025-04-11,Route Addis Central,4.0,2025-04-10,2025-04-11
DEL-003298,ORD-003298,2025-06-23,2025-06-24,Route-East-Awash,2.0,2025-06-23,2025-06-24
DEL-003299,ORD-003299,2025-03-29,2025-03-30,Route-Addis-Central,2.0,2025-03-29,2025-03-30
DEL-003300,ORD-003300,2025-10-19,2025-10-20,Route-North-Corridor,3.0,2025-10-19,2025-10-20
DEL-003301,ORD-003301,2025-11-24,2025-11-27,Route-North-Corridor,4.0,2025-11-24,2025-11-27
DEL-003302,ORD-003302,2025-04-01,2025-04-04,Route-North-Corridor,5.0,2025-04-01,2025-04-04
DEL-003303,ORD-003303,2025-05-05,2025-05-06,Route-West-Jimma,2.0,2025-05-05,2025-05-06
DEL-003304,ORD-003304,2025-07-14,2025-07-15,Route-West-Jimma,3.0,2025-07-14,2025-07-15
DEL-003305,ORD-003305,2025-06-27,2025-06-28,Route-South-Hawassa,2.0,2025-06-27,2025-06-28
DEL-003306,ORD-003306,2025-01-18,2025-01-21,Route-South-Hawassa,1.0,2025-01-18,2025-01-21
DEL-003307,ORD-003307,2025-12-29,2026-01-02,Route-North-Corridor,2.0,2025-12-29,2026-01-02
DEL-003308,ORD-003308,2025-02-21,2025-02-22,,7.0,2025-02-21,2025-02-22
DEL-003309,ORD-003309,2025-01-15,2025-01-16,Route-South-Hawassa,6.0,2025-01-15,2025-01-16
DEL-003310,ORD-003310,2025-12-14,2025-12-16,Route-East-Awash,3.0,2025-12-14,2025-12-16
DEL-003311,ORD-003311,2025-03-29,2025-03-31,Route-South-Hawassa,8.0,2025-03-29,2025-03-31
DEL-003312,ORD-003312,2025-04-29,2025-04-30,Route-West-Jimma,2.0,2025-04-29,2025-04-30
DEL-003313,ORD-003313,2025-04-14,2025-04-15,Route-Addis-Central,5.0,2025-04-14,2025-04-15
DEL-003314,ORD-003314,2025-08-03,2025-08-04,Route-South-Hawassa,3.0,2025-08-03,2025-08-04
DEL-003315,ORD-003315,2025-07-23,2025-07-26,Route-East-Awash,6.0,2025-07-23,2025-07-26
DEL-003316,ORD-003316,2025-12-07,2025-12-10,Route-North-Corridor,7.0,2025-12-07,2025-12-10
DEL-003317,ORD-003317,2025-01-08,2025-01-11,Route-South-Hawassa,4.0,2025-01-08,2025-01-11
DEL-003318,ORD-003318,2025-11-07,2025-11-09,Route-West-Jimma,1.0,2025-11-07,2025-11-09
DEL-003319,ORD-003319,2025-07-22,2025-07-23,Route-West-Jimma,5.0,2025-07-22,2025-07-23
DEL-003320,ORD-003320,2025-02-09,2025-02-11,Route-West-Jimma,2.0,2025-02-09,2025-02-11
DEL-003321,ORD-003321,2025-04-06,2025-04-07,,1.0,2025-04-06,2025-04-07
DEL-003322,ORD-003322,2025-03-12,2025-03-15,Route-South-Hawassa,3.0,2025-03-12,2025-03-15
DEL-003323,ORD-003323,2025-07-23,2025-07-25,Route-Addis-Central,4.0,2025-07-23,2025-07-25
DEL-003324,ORD-003324,2025-11-28,2025-11-29,Route-North-Corridor,6.0,2025-11-28,2025-11-29
DEL-003325,ORD-003325,2025-06-17,2025-06-18,Route-North-Corridor,1.0,2025-06-17,2025-06-18
DEL-003326,ORD-003326,2025-08-24,2025-08-25,Route-South-Hawassa,17.0,2025-08-24,2025-08-25
DEL-003327,ORD-003327,2025-05-01,2025-05-02,Route-South-Hawassa,1.0,2025-05-01,2025-05-02
DEL-003328,ORD-003328,2025-06-30,2025-07-04,Route-North-Corridor,4.0,2025-06-30,2025-07-04
DEL-003329,ORD-003329,2025-07-02,2025-07-06,Route-North-Corridor,1.0,2025-07-02,2025-07-06
DEL-003330,ORD-003330,2025-09-17,2025-09-19,Route-East-Awash,1.0,2025-09-17,2025-09-19
DEL-003331,ORD-003331,2025-10-02,2025-10-03,Route-West-Jimma,4.0,2025-10-02,2025-10-03
DEL-003332,ORD-003332,2025-05-18,2025-05-19,Route-East-Awash,3.0,2025-05-18,2025-05-19
DEL-003333,ORD-003333,2025-08-08,2025-08-10,Route-North-Corridor,2.0,2025-08-08,2025-08-10
DEL-003334,ORD-003334,2025-01-04,2025-01-05,Route-West-Jimma,2.0,2025-01-04,2025-01-05
DEL-003335,ORD-003335,2025-04-29,2025-05-01,Route-North-Corridor,4.0,2025-04-29,2025-05-01
DEL-003336,ORD-003336,2025-10-27,2025-10-28,Route-East-Awash,1.0,2025-10-27,2025-10-28
DEL-003337,ORD-003337,2025-10-29,2025-11-01,Route-Addis-Central,2.0,2025-10-29,2025-11-01
DEL-003338,ORD-003338,2025-11-28,2025-11-29,Route-North-Corridor,14.0,2025-11-28,2025-11-29
DEL-003339,ORD-003339,2025-09-26,2025-09-27,Route-South-Hawassa,4.0,2025-09-26,2025-09-27
DEL-003340,ORD-003340,2025-05-26,2025-05-27,Route-West-Jimma,2.0,2025-05-26,2025-05-27
DEL-003341,ORD-003341,2025-08-13,2025-08-14,Route-East-Awash,5.0,2025-08-13,2025-08-14
DEL-003342,ORD-003342,2025-05-27,2025-05-29,Route-North-Corridor,3.0,2025-05-27,2025-05-29
DEL-003343,ORD-003343,2025-01-05,2025-01-08,Route-South-Hawassa,4.0,2025-01-05,2025-01-08
DEL-003344,ORD-003344,2025-11-25,2025-11-26,Route-Addis-Central,4.0,2025-11-25,2025-11-26
DEL-003345,ORD-003345,2025-09-22,2025-09-24,Route-Addis-Central,2.0,2025-09-22,2025-09-24
DEL-003346,ORD-003346,2025-03-10,2025-03-12,Route-East-Awash,2.0,2025-03-10,2025-03-12
DEL-003347,ORD-003347,2025-04-07,2025-04-08,Route-West-Jimma,1.0,2025-04-07,2025-04-08
DEL-003348,ORD-003348,2025-12-03,2025-12-04,Route-West-Jimma,4.0,2025-12-03,2025-12-04
DEL-003349,ORD-003349,2025-12-10,2025-12-13,Route-North-Corridor,0.0,2025-12-10,2025-12-13
DEL-003350,ORD-003350,2025-04-01,2025-04-04,Route-West-Jimma,1.0,2025-04-01,2025-04-04
DEL-003351,ORD-003351,2025-07-15,2025-07-16,Route-North-Corridor,1.0,2025-07-15,2025-07-16
DEL-003352,ORD-003352,2025-01-12,2025-01-13,Route-Addis-Central,3.0,2025-01-12,2025-01-13
DEL-003353,ORD-003353,2025-05-22,2025-05-24,Route-North-Corridor,3.0,2025-05-22,2025-05-24
DEL-003354,ORD-003354,2025-10-12,2025-10-13,Route-East-Awash,2.0,2025-10-12,2025-10-13
DEL-003355,ORD-003355,2025-12-25,2025-12-28,Route-Addis-Central,1.0,2025-12-25,2025-12-28
DEL-003356,ORD-003356,2025-11-26,2025-11-28,Route-Addis-Central,3.0,2025-11-26,2025-11-28
DEL-003357,ORD-003357,2025-02-07,2025-02-11,route-addis-central,1.0,2025-02-07,2025-02-11
DEL-003358,ORD-003358,2025-11-13,2025-11-14,Route-West-Jimma,1.0,2025-11-13,2025-11-14
DEL-003359,ORD-003359,2025-06-14,2025-06-17,Route-West-Jimma,2.0,2025-06-14,2025-06-17
DEL-003360,ORD-003360,2025-11-10,2025-11-11,Route-West-Jimma,3.0,2025-11-10,2025-11-11
DEL-003361,ORD-003361,2025-06-14,2025-06-16,Route-South-Hawassa,1.0,2025-06-14,2025-06-16
DEL-003362,ORD-003362,2025-02-25,2025-02-27,Route-East-Awash,3.0,2025-02-25,2025-02-27
DEL-003363,ORD-003363,2025-08-28,2025-08-30,Route-North-Corridor,2.0,2025-08-28,2025-08-30
DEL-003364,ORD-003364,2025-01-11,2025-01-13,Route-North-Corridor,0.0,2025-01-11,2025-01-13
DEL-003365,ORD-003365,2025-02-22,2025-02-24,Route-South-Hawassa,2.0,2025-02-22,2025-02-24
DEL-003366,ORD-003366,2025-04-18,2025-04-20,Route-East-Awash,2.0,2025-04-18,2025-04-20
DEL-003367,ORD-003367,2025-03-21,2025-03-23,Route-West-Jimma,2.0,2025-03-21,2025-03-23
DEL-003368,ORD-003368,2025-09-06,2025-09-08,Route-Addis-Central,13.0,2025-09-06,2025-09-08
DEL-003369,ORD-003369,2025-12-09,2025-12-10,Route-East-Awash,3.0,2025-12-09,2025-12-10
DEL-003370,ORD-003370,2025-08-09,2025-08-11,Route-South-Hawassa,1.0,2025-08-09,2025-08-11
DEL-003371,ORD-003371,2025-04-17,2025-04-18,Route-Addis-Central,6.0,2025-04-17,2025-04-18
DEL-003372,ORD-003372,2025-12-13,2025-12-14,Route-South-Hawassa,2.0,2025-12-13,2025-12-14
DEL-003373,ORD-003373,2025-03-14,2025-03-17,Route-North-Corridor,3.0,2025-03-14,2025-03-17
DEL-003374,ORD-003374,2025-09-26,2025-09-27,Route-North-Corridor,10.0,2025-09-26,2025-09-27
DEL-003375,ORD-003375,2025-01-22,2025-01-24,Route-West-Jimma,0.0,2025-01-22,2025-01-24
DEL-003376,ORD-003376,2025-09-04,2025-09-06,Route-Addis-Central,1.0,2025-09-04,2025-09-06
DEL-003377,ORD-003377,2025-10-27,2025-10-28,Route-North-Corridor,13.0,2025-10-27,2025-10-28
DEL-003378,ORD-003378,2025-07-29,2025-07-30,Route-South-Hawassa,1.0,2025-07-29,2025-07-30
DEL-003379,ORD-003379,2025-05-09,2025-05-10,Route-North-Corridor,4.0,2025-05-09,2025-05-10
DEL-003380,ORD-003380,2025-03-16,2025-03-17,Route-South-Hawassa,3.0,2025-03-16,2025-03-17
DEL-003381,ORD-003381,2025-01-21,2025-01-22,Route-Addis-Central,3.0,2025-01-21,2025-01-22
DEL-003382,ORD-003382,2025-11-03,2025-11-04,Route-West-Jimma,16.0,2025-11-03,2025-11-04
DEL-003383,ORD-003383,2025-07-30,2025-08-01,Route-Addis-Central,3.0,2025-07-30,2025-08-01
DEL-003384,ORD-003384,2025-09-04,2025-09-06,Route-East-Awash,1.0,2025-09-04,2025-09-06
DEL-003385,ORD-003385,2025-12-30,2025-12-31,Route-South-Hawassa,1.0,2025-12-30,2025-12-31
DEL-003386,ORD-003386,2025-07-07,2025-07-08,Route-West-Jimma,5.0,2025-07-07,2025-07-08
DEL-003387,ORD-003387,2025-04-06,2025-04-07,Route-East-Awash,3.0,2025-04-06,2025-04-07
DEL-003388,ORD-003388,2025-02-28,2025-03-01,Route-South-Hawassa,5.0,2025-02-28,2025-03-01
DEL-003389,ORD-003389,2025-11-21,2025-11-22,Route-South-Hawassa,8.0,2025-11-21,2025-11-22
DEL-003390,ORD-003390,2025-06-13,2025-06-15,Route-Addis-Central,1.0,2025-06-13,2025-06-15
DEL-003391,ORD-003391,2025-01-02,2025-01-04,Route-North-Corridor,5.0,2025-01-02,2025-01-04
DEL-003392,ORD-003392,2025-11-14,2025-11-16,Route-East-Awash,3.0,2025-11-14,2025-11-16
DEL-003393,ORD-003393,2025-02-27,2025-02-28,Route-South-Hawassa,4.0,2025-02-27,2025-02-28
DEL-003394,ORD-003394,2025-12-21,2025-12-22,Route-Addis-Central,1.0,2025-12-21,2025-12-22
DEL-003395,ORD-003395,2025-11-15,2025-11-16,Route-East-Awash,2.0,2025-11-15,2025-11-16
DEL-003396,ORD-003396,2025-12-14,2025-12-15,Route-West-Jimma,4.0,2025-12-14,2025-12-15
DEL-003397,ORD-003397,2025-07-03,2025-07-04,Route-West-Jimma,2.0,2025-07-03,2025-07-04
DEL-003398,ORD-003398,2025-03-19,2025-03-20,Route-South-Hawassa,4.0,2025-03-19,2025-03-20
DEL-003399,ORD-003399,2025-01-30,2025-02-01,Route-West-Jimma,0.0,2025-01-30,2025-02-01
DEL-003400,ORD-003400,2025-02-21,2025-02-23,Route-West-Jimma,2.0,2025-02-21,2025-02-23
DEL-003401,ORD-003401,2025-07-09,2025-07-13,Route-South-Hawassa,4.0,2025-07-09,2025-07-13
DEL-003402,ORD-003402,2025-09-08,2025-09-10,Route-Addis-Central,18.0,2025-09-08,2025-09-10
DEL-003403,ORD-003403,2025-08-14,2025-08-15,Route-West-Jimma,3.0,2025-08-14,2025-08-15
DEL-003404,ORD-003404,2025-02-26,2025-02-27,Route-North-Corridor,5.0,2025-02-26,2025-02-27
DEL-003405,ORD-003405,2025-01-30,2025-02-01,Route-East-Awash,1.0,2025-01-30,2025-02-01
DEL-003406,ORD-003406,2025-09-24,2025-09-25,Route-North-Corridor,,2025-09-24,2025-09-25
DEL-003407,ORD-003407,2025-12-21,2025-12-22,Route-Addis-Central,3.0,2025-12-21,2025-12-22
DEL-003408,ORD-003408,2025-10-04,2025-10-05,Route-West-Jimma,1.0,2025-10-04,2025-10-05
DEL-003409,ORD-003409,2025-12-30,2025-12-31,Route-North-Corridor,4.0,2025-12-30,2025-12-31
DEL-003410,ORD-003410,2025-09-24,2025-09-26,Route-East-Awash,2.0,2025-09-24,2025-09-26
DEL-003412,ORD-003412,2025-12-07,2025-12-08,Route-South-Hawassa,3.0,2025-12-07,2025-12-08
DEL-003413,ORD-003413,2025-03-12,2025-03-14,Route-West-Jimma,1.0,2025-03-12,2025-03-14
DEL-003414,ORD-003414,2025-08-28,2025-08-31,Route-South-Hawassa,3.0,2025-08-28,2025-08-31
DEL-003415,ORD-003415,2025-02-25,2025-02-26,Route-East-Awash,1.0,2025-02-25,2025-02-26
DEL-003416,ORD-003416,2025-06-20,2025-06-21,Route-South-Hawassa,,2025-06-20,2025-06-21
DEL-003417,ORD-003417,2025-06-18,2025-06-21,Route-South-Hawassa,3.0,2025-06-18,2025-06-21
DEL-003418,ORD-003418,2025-10-28,2025-11-01,Route-Addis-Central,1.0,2025-10-28,2025-11-01
DEL-003419,ORD-003419,2025-04-21,2025-04-23,Route-East-Awash,2.0,2025-04-21,2025-04-23
DEL-003420,ORD-003420,2025-11-18,2025-11-19,Route-West-Jimma,0.0,2025-11-18,2025-11-19
DEL-003421,ORD-003421,2025-01-17,2025-01-18,Route-West-Jimma,1.0,2025-01-17,2025-01-18
DEL-003422,ORD-003422,2025-10-06,2025-10-07,Route-North-Corridor,1.0,2025-10-06,2025-10-07
DEL-003423,ORD-003423,2025-02-11,2025-02-13,Route-North-Corridor,2.0,2025-02-11,2025-02-13
DEL-003424,ORD-003424,2025-01-27,2025-01-29,Route-South-Hawassa,4.0,2025-01-27,2025-01-29
DEL-003425,ORD-003425,2025-07-08,2025-07-09,Route-North-Corridor,1.0,2025-07-08,2025-07-09
DEL-003426,ORD-003426,2025-07-28,2025-07-30,Route-South-Hawassa,2.0,2025-07-28,2025-07-30
DEL-003427,ORD-003427,2025-07-13,2025-07-15,,4.0,2025-07-13,2025-07-15
DEL-003428,ORD-003428,2025-10-09,2025-10-11,Route-Addis-Central,1.0,2025-10-09,2025-10-11
DEL-003429,ORD-003429,2025-12-07,2025-12-08,Route-South-Hawassa,2.0,2025-12-07,2025-12-08
DEL-003430,ORD-003430,2025-02-15,2025-02-16,Route-Addis-Central,2.0,2025-02-15,2025-02-16
DEL-003431,ORD-003431,2025-09-12,2025-09-13,Route-South-Hawassa,1.0,2025-09-12,2025-09-13
DEL-003432,ORD-003432,2025-08-03,2025-08-05,Route-North-Corridor,4.0,2025-08-03,2025-08-05
DEL-003433,ORD-003433,2025-12-23,2025-12-24,Route-South-Hawassa,1.0,2025-12-23,2025-12-24
DEL-003434,ORD-003434,2025-01-14,2025-01-15,Route-North-Corridor,1.0,2025-01-14,2025-01-15
DEL-003435,ORD-003435,2025-07-30,2025-07-31,Route-West-Jimma,2.0,2025-07-30,2025-07-31
DEL-003436,ORD-003436,2025-03-03,2025-03-06,Route-East-Awash,2.0,2025-03-03,2025-03-06
DEL-003437,ORD-003437,2025-10-16,2025-10-17,Route-West-Jimma,2.0,2025-10-16,2025-10-17
DEL-003438,ORD-003438,2025-06-14,2025-06-15,Route-North-Corridor,1.0,2025-06-14,2025-06-15
DEL-003439,ORD-003439,2025-05-26,2025-05-27,Route-West-Jimma,10.0,2025-05-26,2025-05-27
DEL-003440,ORD-003440,2025-03-21,2025-03-23,Route-North-Corridor,3.0,2025-03-21,2025-03-23
DEL-003441,ORD-003441,2025-12-11,2025-12-13,Route-Addis-Central,1.0,2025-12-11,2025-12-13
DEL-003442,ORD-003442,2025-07-08,2025-07-09,Route-East-Awash,5.0,2025-07-08,2025-07-09
DEL-003443,ORD-003443,2025-04-27,2025-04-30,Route-East-Awash,2.0,2025-04-27,2025-04-30
DEL-003444,ORD-003444,2025-12-06,2025-12-07,Route-East-Awash,2.0,2025-12-06,2025-12-07
DEL-003445,ORD-003445,2025-07-08,2025-07-11,Route-South-Hawassa,2.0,2025-07-08,2025-07-11
DEL-003446,ORD-003446,2025-05-15,2025-05-19,Route-Addis-Central,1.0,2025-05-15,2025-05-19
DEL-003447,ORD-003447,2025-12-28,2025-12-29,Route-South-Hawassa,1.0,2025-12-28,2025-12-29
DEL-003448,ORD-003448,2025-01-10,2025-01-12,Route-East-Awash,2.0,2025-01-10,2025-01-12
DEL-003449,ORD-003449,2025-05-07,2025-05-08,Route-West-Jimma,1.0,2025-05-07,2025-05-08
DEL-003450,ORD-003450,2025-12-07,2025-12-09,Route-North-Corridor,3.0,2025-12-07,2025-12-09
DEL-003451,ORD-003451,2025-11-22,2025-11-24,Route-East-Awash,1.0,2025-11-22,2025-11-24
DEL-003452,ORD-003452,2025-09-02,2025-09-04,Route-Addis-Central,3.0,2025-09-02,2025-09-04
DEL-003453,ORD-003453,2025-12-24,2025-12-25,Route-West-Jimma,5.0,2025-12-24,2025-12-25
DEL-003454,ORD-003454,2025-01-19,2025-01-20,Route-Addis-Central,3.0,2025-01-19,2025-01-20
DEL-003455,ORD-003455,2025-08-17,2025-08-18,Route-North-Corridor,3.0,2025-08-17,2025-08-18
DEL-003456,ORD-003456,2025-06-17,2025-06-18,ROUTE-NORTH-CORRIDOR,1.0,2025-06-17,2025-06-18
DEL-003457,ORD-003457,2025-01-05,2025-01-08,Route-East-Awash,20.0,2025-01-05,2025-01-08
DEL-003458,ORD-003458,2025-03-03,2025-03-06,Route-East-Awash,2.0,2025-03-03,2025-03-06
DEL-003459,ORD-003459,2025-06-19,2025-06-20,Route-West-Jimma,2.0,2025-06-19,2025-06-20
DEL-003460,ORD-003460,2025-03-15,2025-03-17,Route-Addis-Central,3.0,2025-03-15,2025-03-17
DEL-003461,ORD-003461,2025-09-16,2025-09-17,Route-Addis-Central,1.0,2025-09-16,2025-09-17
DEL-003462,ORD-003462,2025-10-18,2025-10-21,Route-North-Corridor,1.0,2025-10-18,2025-10-21
DEL-003463,ORD-003463,2025-10-07,2025-10-08,Route-North-Corridor,2.0,2025-10-07,2025-10-08
DEL-003464,ORD-003464,2025-11-04,2025-11-07,Route-West-Jimma,2.0,2025-11-04,2025-11-07
DEL-003465,ORD-003465,2025-09-27,2025-09-29,Route-Addis-Central,2.0,2025-09-27,2025-09-29
DEL-003466,ORD-003466,2025-07-29,2025-07-31,Route-West-Jimma,2.0,2025-07-29,2025-07-31
DEL-003467,ORD-003467,2025-01-20,2025-01-21,,1.0,2025-01-20,2025-01-21
DEL-003468,ORD-003468,2025-12-16,2025-12-17,Route-South-Hawassa,2.0,2025-12-16,2025-12-17
DEL-003469,ORD-003469,2025-09-10,2025-09-12,Route-West-Jimma,1.0,2025-09-10,2025-09-12
DEL-003470,ORD-003470,2025-11-21,2025-11-22,Route-North-Corridor,1.0,2025-11-21,2025-11-22
DEL-003471,ORD-003471,2025-09-05,2025-09-07,Route-West-Jimma,3.0,2025-09-05,2025-09-07
DEL-003472,ORD-003472,2025-08-23,2025-08-24,Route-Addis-Central,3.0,2025-08-23,2025-08-24
DEL-003473,ORD-003473,2025-03-23,2025-03-25,Route-Addis-Central,4.0,2025-03-23,2025-03-25
DEL-003474,ORD-003474,2025-03-10,2025-03-11,Route-North-Corridor,6.0,2025-03-10,2025-03-11
DEL-003475,ORD-003475,2025-04-12,2025-04-16,Route-North-Corridor,1.0,2025-04-12,2025-04-16
DEL-003476,ORD-003476,2025-06-21,2025-06-23,Route-East-Awash,3.0,2025-06-21,2025-06-23
DEL-003477,ORD-003477,2025-10-22,2025-10-25,Route-Addis-Central,2.0,2025-10-22,2025-10-25
DEL-003478,ORD-003478,2025-01-17,2025-01-18,Route-West-Jimma,2.0,2025-01-17,2025-01-18
DEL-003479,ORD-003479,2025-01-16,2025-01-18,Route-North-Corridor,1.0,2025-01-16,2025-01-18
DEL-003480,ORD-003480,2025-06-10,2025-06-11,Route-South-Hawassa,5.0,2025-06-10,2025-06-11
DEL-003481,ORD-003481,2025-10-16,2025-10-17,Route-East-Awash,1.0,2025-10-16,2025-10-17
DEL-003482,ORD-003482,2025-08-02,2025-08-03,Route-North-Corridor,1.0,2025-08-02,2025-08-03
DEL-003483,ORD-003483,2025-02-24,2025-02-26,Route-East-Awash,1.0,2025-02-24,2025-02-26
DEL-003484,ORD-003484,2025-09-24,2025-09-25,Route-East-Awash,3.0,2025-09-24,2025-09-25
DEL-003485,ORD-003485,2025-08-19,2025-08-20,Route-East-Awash,0.0,2025-08-19,2025-08-20
DEL-003486,ORD-003486,2025-01-28,2025-01-31,Route-South-Hawassa,0.0,2025-01-28,2025-01-31
DEL-003487,ORD-003487,2025-09-26,2025-09-28,Route-Addis-Central,1.0,2025-09-26,2025-09-28
DEL-003488,ORD-003488,2025-02-18,2025-02-19,Route-North-Corridor,4.0,2025-02-18,2025-02-19
DEL-003489,ORD-003489,2025-05-26,2025-05-27,Route-South-Hawassa,7.0,2025-05-26,2025-05-27
DEL-003490,ORD-003490,2025-04-06,2025-04-08,Route-Addis-Central,2.0,2025-04-06,2025-04-08
DEL-003491,ORD-003491,2025-10-31,2025-11-02,Route-South-Hawassa,16.0,2025-10-31,2025-11-02
DEL-003492,ORD-003492,2025-11-05,2025-11-06,Route-West-Jimma,1.0,2025-11-05,2025-11-06
DEL-003493,ORD-003493,2025-03-06,2025-03-07,Route-South-Hawassa,4.0,2025-03-06,2025-03-07
DEL-003494,ORD-003494,2025-08-06,2025-08-08,Route-North-Corridor,0.0,2025-08-06,2025-08-08
DEL-003495,ORD-003495,2025-12-24,2025-12-25,Route-West-Jimma,2.0,2025-12-24,2025-12-25
DEL-003496,ORD-003496,2025-11-29,2025-11-30,Route-East-Awash,3.0,2025-11-29,2025-11-30
DEL-003497,ORD-003497,2025-01-05,2025-01-07,Route-East-Awash,10.0,2025-01-05,2025-01-07
DEL-003498,ORD-003498,2025-11-20,2025-11-21,Route-Addis-Central,7.0,2025-11-20,2025-11-21
DEL-003499,ORD-003499,2025-10-02,2025-10-05,Route-East-Awash,2.0,2025-10-02,2025-10-05
DEL-003500,ORD-003500,2025-07-28,2025-07-30,Route-West-Jimma,3.0,2025-07-28,2025-07-30
DEL-003501,ORD-003501,2025-05-02,2025-05-04,Route-North-Corridor,2.0,2025-05-02,2025-05-04
DEL-003502,ORD-003502,2025-04-30,2025-05-01,Route-East-Awash,1.0,2025-04-30,2025-05-01
DEL-003503,ORD-003503,2025-10-03,2025-10-04,Route-North-Corridor,2.0,2025-10-03,2025-10-04
DEL-003504,ORD-003504,2025-07-02,2025-07-03,Route-East-Awash,3.0,2025-07-02,2025-07-03
DEL-003505,ORD-003505,2025-04-18,2025-04-19,Route-South-Hawassa,2.0,2025-04-18,2025-04-19
DEL-003506,ORD-003506,2025-11-09,2025-11-11,Route-West-Jimma,0.0,2025-11-09,2025-11-11
DEL-003507,ORD-003507,2025-12-18,2025-12-20,Route-South-Hawassa,1.0,2025-12-18,2025-12-20
DEL-003508,ORD-003508,2025-05-28,2025-05-31,Route-North-Corridor,2.0,2025-05-28,2025-05-31
DEL-003509,ORD-003509,2025-01-04,2025-01-05,Route-West-Jimma,3.0,2025-01-04,2025-01-05
DEL-003510,ORD-003510,2025-11-17,2025-11-20,Route-West-Jimma,3.0,2025-11-17,2025-11-20
DEL-003511,ORD-003511,2025-01-24,2025-01-25,Route-East-Awash,4.0,2025-01-24,2025-01-25
DEL-003512,ORD-003512,2025-10-25,2025-10-27,Route-South-Hawassa,2.0,2025-10-25,2025-10-27
DEL-003513,ORD-003513,2025-01-28,2025-01-29,Route-West-Jimma,4.0,2025-01-28,2025-01-29
DEL-003514,ORD-003514,2025-07-21,2025-07-22,Route-South-Hawassa,2.0,2025-07-21,2025-07-22
DEL-003515,ORD-003515,2025-07-21,2025-07-22,Route-West-Jimma,1.0,2025-07-21,2025-07-22
DEL-003516,ORD-003516,2025-04-15,2025-04-18,Route-East-Awash,1.0,2025-04-15,2025-04-18
DEL-003517,ORD-003517,2025-12-31,2026-01-02,Route-East-Awash,1.0,2025-12-31,2026-01-02
DEL-003518,ORD-003518,2025-04-16,2025-04-17,Route-North-Corridor,3.0,2025-04-16,2025-04-17
DEL-003519,ORD-003519,2025-07-26,2025-07-28,Route-South-Hawassa,1.0,2025-07-26,2025-07-28
DEL-003520,ORD-003520,2025-10-23,2025-10-24,Route-East-Awash,4.0,2025-10-23,2025-10-24
DEL-003521,ORD-003521,2025-09-06,2025-09-07,Route-West-Jimma,3.0,2025-09-06,2025-09-07
DEL-003522,ORD-003522,2025-08-30,2025-09-02,Route-Addis-Central,1.0,2025-08-30,2025-09-02
DEL-003523,ORD-003523,2025-06-09,2025-06-10,Route-Addis-Central,2.0,2025-06-09,2025-06-10
DEL-003524,ORD-003524,2025-08-16,2025-08-17,Route-South-Hawassa,4.0,2025-08-16,2025-08-17
DEL-003525,ORD-003525,2025-05-16,2025-05-18,,1.0,2025-05-16,2025-05-18
DEL-003526,ORD-003526,2025-05-30,2025-06-01,Route-West-Jimma,3.0,2025-05-30,2025-06-01
DEL-003527,ORD-003527,2025-09-30,2025-10-01,Route-North-Corridor,1.0,2025-09-30,2025-10-01
DEL-003528,ORD-003528,2025-08-04,2025-08-07,Route-East-Awash,1.0,2025-08-04,2025-08-07
DEL-003529,ORD-003529,2025-02-21,2025-02-24,Route-South-Hawassa,2.0,2025-02-21,2025-02-24
DEL-003530,ORD-003530,2025-07-11,2025-07-12,Route-East-Awash,3.0,2025-07-11,2025-07-12
DEL-003531,ORD-003531,2025-04-05,2025-04-09,Route-North-Corridor,4.0,2025-04-05,2025-04-09
DEL-003532,ORD-003532,2025-02-27,2025-02-28,Route-East-Awash,3.0,2025-02-27,2025-02-28
DEL-003533,ORD-003533,2025-04-14,2025-04-16,Route-South-Hawassa,1.0,2025-04-14,2025-04-16
DEL-003534,ORD-003534,2025-01-02,2025-01-03,Route-Addis-Central,2.0,2025-01-02,2025-01-03
DEL-003535,ORD-003535,2025-07-09,2025-07-10,Route-West-Jimma,2.0,2025-07-09,2025-07-10
DEL-003536,ORD-003536,2025-12-14,2025-12-15,Route-South-Hawassa,3.0,2025-12-14,2025-12-15
DEL-003537,ORD-003537,2025-02-11,2025-02-12,Route-East-Awash,1.0,2025-02-11,2025-02-12
DEL-003538,ORD-003538,2025-01-02,2025-01-03,Route-East-Awash,4.0,2025-01-02,2025-01-03
DEL-003539,ORD-003539,2025-03-01,2025-03-03,Route-South-Hawassa,4.0,2025-03-01,2025-03-03
DEL-003540,ORD-003540,2025-04-14,2025-04-17,Route-South-Hawassa,2.0,2025-04-14,2025-04-17
DEL-003541,ORD-003541,2025-05-23,2025-05-24,Route-West-Jimma,3.0,2025-05-23,2025-05-24
DEL-003542,ORD-003542,2025-05-30,2025-05-31,Route-West-Jimma,7.0,2025-05-30,2025-05-31
DEL-003543,ORD-003543,2025-10-11,2025-10-13,Route-Addis-Central,3.0,2025-10-11,2025-10-13
DEL-003544,ORD-003544,2025-04-07,2025-04-09,Route-South-Hawassa,1.0,2025-04-07,2025-04-09
DEL-003545,ORD-003545,2025-07-12,2025-07-16,Route-North-Corridor,6.0,2025-07-12,2025-07-16
DEL-003546,ORD-003546,2025-09-03,2025-09-07,Route-West-Jimma,3.0,2025-09-03,2025-09-07
DEL-003547,ORD-003547,2025-09-12,2025-09-13,Route-East-Awash,1.0,2025-09-12,2025-09-13
DEL-003548,ORD-003548,2025-09-10,2025-09-12,Route-Addis-Central,4.0,2025-09-10,2025-09-12
DEL-003549,ORD-003549,2025-10-04,2025-10-05,Route-South-Hawassa,1.0,2025-10-04,2025-10-05
DEL-003550,ORD-003550,2025-05-04,2025-05-06,Route-West-Jimma,1.0,2025-05-04,2025-05-06
DEL-003551,ORD-003551,2025-06-27,2025-06-28,Route-North-Corridor,1.0,2025-06-27,2025-06-28
DEL-003552,ORD-003552,2025-05-26,2025-05-28,Route-South-Hawassa,2.0,2025-05-26,2025-05-28
DEL-003553,ORD-003553,2025-08-09,2025-08-10,Route-South-Hawassa,3.0,2025-08-09,2025-08-10
DEL-003554,ORD-003554,2025-05-16,2025-05-17,Route-West-Jimma,3.0,2025-05-16,2025-05-17
DEL-003555,ORD-003555,2025-02-28,2025-03-03,Route-East-Awash,2.0,2025-02-28,2025-03-03
DEL-003556,ORD-003556,2025-06-16,2025-06-17,Route-East-Awash,3.0,2025-06-16,2025-06-17
DEL-003557,ORD-003557,2025-03-19,2025-03-22,ROUTE-NORTH-CORRIDOR,1.0,2025-03-19,2025-03-22
DEL-003558,ORD-003558,2025-05-08,2025-05-09,Route-East-Awash,2.0,2025-05-08,2025-05-09
DEL-003559,ORD-003559,2025-04-06,2025-04-08,Route-East-Awash,0.0,2025-04-06,2025-04-08
DEL-003560,ORD-003560,2025-02-28,2025-03-01,Route-West-Jimma,1.0,2025-02-28,2025-03-01
DEL-003561,ORD-003561,2025-06-24,2025-06-25,Route-East-Awash,1.0,2025-06-24,2025-06-25
DEL-003562,ORD-003562,2025-07-09,2025-07-12,Route-North-Corridor,1.0,2025-07-09,2025-07-12
DEL-003563,ORD-003563,2025-06-09,2025-06-12,Route-East-Awash,1.0,2025-06-09,2025-06-12
DEL-003564,ORD-003564,2025-12-24,2025-12-27,Route-East-Awash,2.0,2025-12-24,2025-12-27
DEL-003565,ORD-003565,2025-01-12,2025-01-13,Route-Addis-Central,0.0,2025-01-12,2025-01-13
DEL-003566,ORD-003566,2025-07-17,2025-07-19,Route-West-Jimma,2.0,2025-07-17,2025-07-19
DEL-003567,ORD-003567,2025-06-30,2025-07-01,Route-East-Awash,3.0,2025-06-30,2025-07-01
DEL-003568,ORD-003568,2025-03-14,2025-03-16,Route-South-Hawassa,0.0,2025-03-14,2025-03-16
DEL-003569,ORD-003569,2025-05-07,2025-05-09,Route-South-Hawassa,2.0,2025-05-07,2025-05-09
DEL-003570,ORD-003570,2025-07-07,2025-07-08,Route-East-Awash,4.0,2025-07-07,2025-07-08
DEL-003571,ORD-003571,2025-09-14,2025-09-15,Route-South-Hawassa,1.0,2025-09-14,2025-09-15
DEL-003572,ORD-003572,2025-05-01,2025-05-02,Route-South-Hawassa,6.0,2025-05-01,2025-05-02
DEL-003573,ORD-003573,2025-09-15,2025-09-16,Route-South-Hawassa,5.0,2025-09-15,2025-09-16
DEL-003574,ORD-003574,2025-02-15,2025-02-16,Route-South-Hawassa,2.0,2025-02-15,2025-02-16
DEL-003575,ORD-003575,2025-07-03,2025-07-04,Route-Addis-Central,1.0,2025-07-03,2025-07-04
DEL-003576,ORD-003576,2025-12-14,2025-12-17,Route-East-Awash,1.0,2025-12-14,2025-12-17
DEL-003577,ORD-003577,2025-02-28,2025-03-01,Route-West-Jimma,6.0,2025-02-28,2025-03-01
DEL-003578,ORD-003578,2025-02-26,2025-03-01,ROUTE-NORTH-CORRIDOR,4.0,2025-02-26,2025-03-01
DEL-003579,ORD-003579,2025-05-21,2025-05-24,Route-South-Hawassa,1.0,2025-05-21,2025-05-24
DEL-003580,ORD-003580,2025-05-09,2025-05-10,Route-South-Hawassa,0.0,2025-05-09,2025-05-10
DEL-003581,ORD-003581,2025-08-07,2025-08-10,Route-East-Awash,15.0,2025-08-07,2025-08-10
DEL-003582,ORD-003582,2025-12-18,2025-12-19,Route-East-Awash,7.0,2025-12-18,2025-12-19
DEL-003583,ORD-003583,2025-01-05,2025-01-06,Route-West-Jimma,5.0,2025-01-05,2025-01-06
DEL-003584,ORD-003584,2025-01-21,2025-01-22,Route-South-Hawassa,6.0,2025-01-21,2025-01-22
DEL-003585,ORD-003585,2025-05-05,2025-05-07,Route-North-Corridor,1.0,2025-05-05,2025-05-07
DEL-003586,ORD-003586,2025-02-26,2025-02-27,route-addis-central,1.0,2025-02-26,2025-02-27
DEL-003587,ORD-003587,2025-09-29,2025-09-30,Route-West-Jimma,0.0,2025-09-29,2025-09-30
DEL-003588,ORD-003588,2025-07-24,2025-07-26,Route-Addis-Central,4.0,2025-07-24,2025-07-26
DEL-003589,ORD-003589,2025-08-18,2025-08-20,Route-South-Hawassa,4.0,2025-08-18,2025-08-20
DEL-003590,ORD-003590,2025-07-24,2025-07-27,Route-North-Corridor,2.0,2025-07-24,2025-07-27
DEL-003591,ORD-003591,2025-07-12,2025-07-14,Route-West-Jimma,2.0,2025-07-12,2025-07-14
DEL-003592,ORD-003592,2025-03-21,2025-03-22,Route-East-Awash,3.0,2025-03-21,2025-03-22
DEL-003593,ORD-003593,2025-11-07,2025-11-10,Route-East-Awash,1.0,2025-11-07,2025-11-10
DEL-003594,ORD-003594,2025-12-07,2025-12-09,Route-East-Awash,5.0,2025-12-07,2025-12-09
DEL-003595,ORD-003595,2025-11-26,2025-11-29,Route-South-Hawassa,3.0,2025-11-26,2025-11-29
DEL-003596,ORD-003596,2025-09-16,2025-09-17,Route-South-Hawassa,3.0,2025-09-16,2025-09-17
DEL-003597,ORD-003597,2025-01-02,2025-01-04,Route Addis Central,1.0,2025-01-02,2025-01-04
DEL-003598,ORD-003598,2025-03-11,2025-03-14,Route-South-Hawassa,2.0,2025-03-11,2025-03-14
DEL-003599,ORD-003599,2025-10-04,2025-10-06,Route-South-Hawassa,8.0,2025-10-04,2025-10-06
DEL-003600,ORD-003600,2025-10-09,2025-10-12,Route-West-Jimma,,2025-10-09,2025-10-12
DEL-003601,ORD-003601,2025-05-03,2025-05-05,Route-East-Awash,300.0,2025-05-03,2025-05-05
DEL-003602,ORD-003602,2025-07-19,2025-07-21,Route-North-Corridor,0.0,2025-07-19,2025-07-21
DEL-003603,ORD-003603,2025-06-11,2025-06-14,Route-Addis-Central,1.0,2025-06-11,2025-06-14
DEL-003604,ORD-003604,2025-04-22,2025-04-25,Route-Addis-Central,1.0,2025-04-22,2025-04-25
DEL-003605,ORD-003605,2025-08-10,2025-08-11,,10.0,2025-08-10,2025-08-11
DEL-003606,ORD-003606,2025-06-24,2025-06-25,Route-East-Awash,4.0,2025-06-24,2025-06-25
DEL-003607,ORD-003607,2025-06-16,2025-06-19,Route-Addis-Central,5.0,2025-06-16,2025-06-19
DEL-003608,ORD-003608,2025-08-08,2025-08-11,Route-East-Awash,3.0,2025-08-08,2025-08-11
DEL-003609,ORD-003609,2025-08-14,2025-08-15,Route-East-Awash,2.0,2025-08-14,2025-08-15
DEL-003610,ORD-003610,2025-12-24,2025-12-26,Route-Addis-Central,10.0,2025-12-24,2025-12-26
DEL-003611,ORD-003611,2025-12-02,2025-12-04,Route-North-Corridor,,2025-12-02,2025-12-04
DEL-003612,ORD-003612,2025-09-07,2025-09-08,Route-Addis-Central,2.0,2025-09-07,2025-09-08
DEL-003613,ORD-003613,2025-12-15,2025-12-16,Route-North-Corridor,2.0,2025-12-15,2025-12-16
DEL-003614,ORD-003614,2025-09-30,2025-10-03,Route-South-Hawassa,2.0,2025-09-30,2025-10-03
DEL-003615,ORD-003615,2025-09-10,2025-09-12,Route-North-Corridor,0.0,2025-09-10,2025-09-12
DEL-003616,ORD-003616,2025-01-10,2025-01-12,Route-North-Corridor,4.0,2025-01-10,2025-01-12
DEL-003617,ORD-003617,2025-11-25,2025-11-27,Route-West-Jimma,7.0,2025-11-25,2025-11-27
DEL-003618,ORD-003618,2025-11-20,2025-11-23,Route-South-Hawassa,0.0,2025-11-20,2025-11-23
DEL-003619,ORD-003619,2025-03-30,2025-03-31,Route-North-Corridor,4.0,2025-03-30,2025-03-31
DEL-003620,ORD-003620,2025-04-01,2025-04-04,Route-East-Awash,6.0,2025-04-01,2025-04-04
DEL-003621,ORD-003621,2025-07-19,2025-07-20,Route-East-Awash,1.0,2025-07-19,2025-07-20
DEL-003622,ORD-003622,2025-05-19,2025-05-20,Route-East-Awash,,2025-05-19,2025-05-20
DEL-003623,ORD-003623,2025-02-14,2025-02-16,Route-North-Corridor,2.0,2025-02-14,2025-02-16
DEL-003624,ORD-003624,2025-04-17,2025-04-19,Route-East-Awash,2.0,2025-04-17,2025-04-19
DEL-003625,ORD-003625,2025-07-15,2025-07-16,Route-North-Corridor,2.0,2025-07-15,2025-07-16
DEL-003626,ORD-003626,2025-12-29,2025-12-31,Route-East-Awash,5.0,2025-12-29,2025-12-31
DEL-003627,ORD-003627,2025-08-14,2025-08-17,route-addis-central,2.0,2025-08-14,2025-08-17
DEL-003628,ORD-003628,2025-05-17,2025-05-20,Route-East-Awash,,2025-05-17,2025-05-20
DEL-003629,ORD-003629,2025-03-04,2025-03-05,Route-South-Hawassa,2.0,2025-03-04,2025-03-05
DEL-003630,ORD-003630,2025-02-28,2025-03-02,Route Addis Central,2.0,2025-02-28,2025-03-02
DEL-003631,ORD-003631,2025-06-13,2025-06-14,,2.0,2025-06-13,2025-06-14
DEL-003632,ORD-003632,2025-01-24,2025-01-26,Route-South-Hawassa,2.0,2025-01-24,2025-01-26
DEL-003633,ORD-003633,2025-02-16,2025-02-17,Route-East-Awash,4.0,2025-02-16,2025-02-17
DEL-003634,ORD-003634,2025-08-01,2025-08-03,ROUTE-NORTH-CORRIDOR,1.0,2025-08-01,2025-08-03
DEL-003635,ORD-003635,2025-07-23,2025-07-24,Route-Addis-Central,3.0,2025-07-23,2025-07-24
DEL-003636,ORD-003636,2025-03-04,2025-03-05,Route-West-Jimma,6.0,2025-03-04,2025-03-05
DEL-003637,ORD-003637,2025-06-29,2025-07-02,Route-Addis-Central,3.0,2025-06-29,2025-07-02
DEL-003638,ORD-003638,2025-01-19,2025-01-22,Route-North-Corridor,1.0,2025-01-19,2025-01-22
DEL-003639,ORD-003639,2025-03-26,2025-03-28,Route-North-Corridor,5.0,2025-03-26,2025-03-28
DEL-003640,ORD-003640,2025-02-09,2025-02-11,Route-East-Awash,4.0,2025-02-09,2025-02-11
DEL-003641,ORD-003641,2025-02-27,2025-08-26,Route-Addis-Central,2.0,2025-02-27,2025-08-26
DEL-003642,ORD-003642,2025-08-21,2025-08-23,Route-East-Awash,3.0,2025-08-21,2025-08-23
DEL-003643,ORD-003643,2025-05-27,2025-05-31,Route-North-Corridor,0.0,2025-05-27,2025-05-31
DEL-003644,ORD-003644,2025-05-29,2025-05-31,Route-East-Awash,4.0,2025-05-29,2025-05-31
DEL-003645,ORD-003645,2025-03-25,2025-03-28,Route-North-Corridor,4.0,2025-03-25,2025-03-28
DEL-003646,ORD-003646,2025-08-06,2025-08-07,Route-North-Corridor,6.0,2025-08-06,2025-08-07
DEL-003647,ORD-003647,2025-12-23,2025-12-24,Route-South-Hawassa,3.0,2025-12-23,2025-12-24
DEL-003648,ORD-003648,2025-07-15,2025-07-16,Route-East-Awash,3.0,2025-07-15,2025-07-16
DEL-003649,ORD-003649,2025-07-01,2025-07-02,Route-West-Jimma,2.0,2025-07-01,2025-07-02
DEL-003650,ORD-003650,2025-07-03,2025-07-05,Route-East-Awash,1.0,2025-07-03,2025-07-05
DEL-003651,ORD-003651,2025-07-05,2025-07-07,Route-East-Awash,19.0,2025-07-05,2025-07-07
DEL-003652,ORD-003652,2025-03-08,2025-03-09,Route-South-Hawassa,2.0,2025-03-08,2025-03-09
DEL-003653,ORD-003653,2025-05-07,2025-05-09,Route-South-Hawassa,2.0,2025-05-07,2025-05-09
DEL-003654,ORD-003654,2025-07-21,2025-07-23,Route-Addis-Central,5.0,2025-07-21,2025-07-23
DEL-003655,ORD-003655,2025-12-18,2025-12-19,Route-Addis-Central,1.0,2025-12-18,2025-12-19
DEL-003656,ORD-003656,2025-12-21,2025-12-22,ROUTE-NORTH-CORRIDOR,3.0,2025-12-21,2025-12-22
DEL-003657,ORD-003657,2025-02-08,2025-02-11,,1.0,2025-02-08,2025-02-11
DEL-003658,ORD-003658,2025-12-10,2025-12-12,Route-South-Hawassa,1.0,2025-12-10,2025-12-12
DEL-003659,ORD-003659,2025-03-12,2025-03-13,Route-South-Hawassa,1.0,2025-03-12,2025-03-13
DEL-003660,ORD-003660,2025-01-11,2025-01-12,Route-South-Hawassa,1.0,2025-01-11,2025-01-12
DEL-003661,ORD-003661,2025-02-04,2025-02-06,Route-South-Hawassa,4.0,2025-02-04,2025-02-06
DEL-003662,ORD-003662,2025-12-23,2025-12-24,Route-Addis-Central,,2025-12-23,2025-12-24
DEL-003663,ORD-003663,2025-08-28,2025-08-30,Route-North-Corridor,17.0,2025-08-28,2025-08-30
DEL-003664,ORD-003664,2025-06-09,2025-06-11,Route-West-Jimma,4.0,2025-06-09,2025-06-11
DEL-003665,ORD-003665,2025-07-30,2025-07-31,ROUTE-NORTH-CORRIDOR,1.0,2025-07-30,2025-07-31
DEL-003666,ORD-003666,2025-11-11,2025-11-13,Route-West-Jimma,1.0,2025-11-11,2025-11-13
DEL-003667,ORD-003667,2025-03-02,2025-03-03,Route-West-Jimma,7.0,2025-03-02,2025-03-03
DEL-003668,ORD-003668,2025-06-03,2025-06-04,,2.0,2025-06-03,2025-06-04
DEL-003669,ORD-003669,2025-10-31,2025-11-02,Route-West-Jimma,2.0,2025-10-31,2025-11-02
DEL-003670,ORD-003670,2025-09-24,2025-09-26,Route-Addis-Central,8.0,2025-09-24,2025-09-26
DEL-003671,ORD-003671,2025-09-19,2025-09-22,Route-Addis-Central,2.0,2025-09-19,2025-09-22
DEL-003672,ORD-003672,2025-10-16,2025-10-18,Route-South-Hawassa,6.0,2025-10-16,2025-10-18
DEL-003673,ORD-003673,2025-04-20,2025-04-21,Route-North-Corridor,1.0,2025-04-20,2025-04-21
DEL-003674,ORD-003674,2025-04-04,2025-04-05,Route-East-Awash,1.0,2025-04-04,2025-04-05
DEL-003675,ORD-003675,2025-03-18,2025-03-19,Route-South-Hawassa,1.0,2025-03-18,2025-03-19
DEL-003676,ORD-003676,2025-12-07,2025-12-08,Route-West-Jimma,1.0,2025-12-07,2025-12-08
DEL-003677,ORD-003677,2025-08-05,2025-08-06,Route-East-Awash,4.0,2025-08-05,2025-08-06
DEL-003678,ORD-003678,2025-12-14,2025-12-17,Route-West-Jimma,1.0,2025-12-14,2025-12-17
DEL-003679,ORD-003679,2025-04-29,2025-04-30,Route-East-Awash,2.0,2025-04-29,2025-04-30
DEL-003680,ORD-003680,2025-05-31,2025-06-01,Route-South-Hawassa,1.0,2025-05-31,2025-06-01
DEL-003681,ORD-003681,2025-07-22,2025-07-23,Route-Addis-Central,3.0,2025-07-22,2025-07-23
DEL-003682,ORD-003682,2025-10-01,2025-10-03,Route-North-Corridor,5.0,2025-10-01,2025-10-03
DEL-003683,ORD-003683,2025-08-22,2025-08-24,Route-West-Jimma,2.0,2025-08-22,2025-08-24
DEL-003684,ORD-003684,2025-08-06,2025-08-07,Route-West-Jimma,2.0,2025-08-06,2025-08-07
DEL-003685,ORD-003685,2025-05-12,2025-05-15,Route-South-Hawassa,2.0,2025-05-12,2025-05-15
DEL-003686,ORD-003686,2025-10-05,2025-10-07,Route-South-Hawassa,8.0,2025-10-05,2025-10-07
DEL-003687,ORD-003687,2025-08-13,2025-08-14,Route-East-Awash,2.0,2025-08-13,2025-08-14
DEL-003688,ORD-003688,2025-10-29,2025-10-30,Route-East-Awash,5.0,2025-10-29,2025-10-30
DEL-003689,ORD-003689,2025-10-25,2025-10-27,Route-South-Hawassa,0.0,2025-10-25,2025-10-27
DEL-003690,ORD-003690,2025-06-18,2025-06-19,Route-South-Hawassa,2.0,2025-06-18,2025-06-19
DEL-003691,ORD-003691,2025-10-13,2025-10-15,Route-East-Awash,4.0,2025-10-13,2025-10-15
DEL-003692,ORD-003692,2025-05-04,2025-05-05,Route-East-Awash,2.0,2025-05-04,2025-05-05
DEL-003693,ORD-003693,2025-01-27,2025-01-28,Route-South-Hawassa,1.0,2025-01-27,2025-01-28
DEL-003694,ORD-003694,2025-04-27,2025-04-28,Route-North-Corridor,2.0,2025-04-27,2025-04-28
DEL-003695,ORD-003695,2025-11-23,2025-11-24,Route-East-Awash,2.0,2025-11-23,2025-11-24
DEL-003696,ORD-003696,2025-11-09,2025-11-13,Route-West-Jimma,1.0,2025-11-09,2025-11-13
DEL-003697,ORD-003697,2025-05-24,2025-05-25,Route-South-Hawassa,1.0,2025-05-24,2025-05-25
DEL-003698,ORD-003698,2025-09-06,2025-09-08,Route-East-Awash,2.0,2025-09-06,2025-09-08
DEL-003699,ORD-003699,2025-01-19,2025-01-20,Route-Addis-Central,1.0,2025-01-19,2025-01-20
DEL-003700,ORD-003700,2025-09-20,2025-09-21,Route-South-Hawassa,2.0,2025-09-20,2025-09-21
DEL-003701,ORD-003701,2025-11-27,2025-11-28,Route-Addis-Central,1.0,2025-11-27,2025-11-28
DEL-003702,ORD-003702,2025-09-18,2025-09-19,Route-Addis-Central,1.0,2025-09-18,2025-09-19
DEL-003703,ORD-003703,2025-04-27,2025-04-28,Route-East-Awash,,2025-04-27,2025-04-28
DEL-003704,ORD-003704,2025-01-10,2025-01-12,Route-North-Corridor,0.0,2025-01-10,2025-01-12
DEL-003705,ORD-003705,2025-07-05,2025-07-06,Route-North-Corridor,6.0,2025-07-05,2025-07-06
DEL-003706,ORD-003706,2025-03-19,2025-03-21,Route-East-Awash,4.0,2025-03-19,2025-03-21
DEL-003707,ORD-003707,2025-01-04,2025-01-05,Route-Addis-Central,1.0,2025-01-04,2025-01-05
DEL-003708,ORD-003708,2025-06-08,2025-06-09,Route-South-Hawassa,1.0,2025-06-08,2025-06-09
DEL-003709,ORD-003709,2025-07-05,2025-07-06,Route-South-Hawassa,1.0,2025-07-05,2025-07-06
DEL-003710,ORD-003710,2025-08-14,2025-08-16,Route-East-Awash,1.0,2025-08-14,2025-08-16
DEL-003711,ORD-003711,2025-03-16,2025-03-17,Route-South-Hawassa,1.0,2025-03-16,2025-03-17
DEL-003712,ORD-003712,2025-04-26,2025-04-30,Route-South-Hawassa,4.0,2025-04-26,2025-04-30
DEL-003713,ORD-003713,2025-05-26,2025-05-27,Route-South-Hawassa,4.0,2025-05-26,2025-05-27
DEL-003714,ORD-003714,2025-11-13,2025-11-15,Route-West-Jimma,5.0,2025-11-13,2025-11-15
DEL-003715,ORD-003715,2025-08-21,2025-08-24,Route-West-Jimma,1.0,2025-08-21,2025-08-24
DEL-003716,ORD-003716,2025-04-30,2025-05-02,Route-West-Jimma,19.0,2025-04-30,2025-05-02
DEL-003717,ORD-003717,2025-01-26,2025-01-27,Route-Addis-Central,1.0,2025-01-26,2025-01-27
DEL-003718,ORD-003718,2025-12-22,2025-12-24,Route-South-Hawassa,17.0,2025-12-22,2025-12-24
DEL-003719,ORD-003719,2025-06-16,2025-06-18,Route-Addis-Central,1.0,2025-06-16,2025-06-18
DEL-003720,ORD-003720,2025-09-24,2025-09-25,Route-Addis-Central,5.0,2025-09-24,2025-09-25
DEL-003722,ORD-003722,2025-04-27,2025-04-29,route-addis-central,4.0,2025-04-27,2025-04-29
DEL-003723,ORD-003723,2025-09-17,2025-09-20,Route-North-Corridor,3.0,2025-09-17,2025-09-20
DEL-003724,ORD-003724,2025-05-11,2025-05-13,Route-West-Jimma,9.0,2025-05-11,2025-05-13
DEL-003725,ORD-003725,2025-06-07,2025-06-10,Route-North-Corridor,6.0,2025-06-07,2025-06-10
DEL-003726,ORD-003726,2025-05-12,2025-05-13,Route-South-Hawassa,1.0,2025-05-12,2025-05-13
DEL-003727,ORD-003727,2025-12-17,2025-12-18,Route-South-Hawassa,6.0,2025-12-17,2025-12-18
DEL-003728,ORD-003728,2025-10-15,2025-10-16,Route-South-Hawassa,2.0,2025-10-15,2025-10-16
DEL-003729,ORD-003729,2025-08-28,2025-08-30,Route Addis Central,3.0,2025-08-28,2025-08-30
DEL-003730,ORD-003730,2025-02-14,2025-02-15,Route-West-Jimma,1.0,2025-02-14,2025-02-15
DEL-003731,ORD-003731,2025-12-07,2025-12-08,Route-South-Hawassa,1.0,2025-12-07,2025-12-08
DEL-003732,ORD-003732,2025-07-27,2025-07-29,Route-South-Hawassa,3.0,2025-07-27,2025-07-29
DEL-003733,ORD-003733,2025-08-06,2025-08-08,Route-South-Hawassa,0.0,2025-08-06,2025-08-08
DEL-003734,ORD-003734,2025-09-25,2025-09-27,Route-North-Corridor,1.0,2025-09-25,2025-09-27
DEL-003735,ORD-003735,2025-07-16,2025-07-18,Route-East-Awash,2.0,2025-07-16,2025-07-18
DEL-003736,ORD-003736,2025-12-26,2025-12-27,Route-North-Corridor,2.0,2025-12-26,2025-12-27
DEL-003737,ORD-003737,2025-12-10,2025-12-11,Route-Addis-Central,4.0,2025-12-10,2025-12-11
DEL-003738,ORD-003738,2025-09-25,2025-09-27,Route-North-Corridor,1.0,2025-09-25,2025-09-27
DEL-003739,ORD-003739,2025-05-02,2025-05-03,Route-Addis-Central,3.0,2025-05-02,2025-05-03
DEL-003740,ORD-003740,2025-01-06,2025-01-07,Route-West-Jimma,5.0,2025-01-06,2025-01-07
DEL-003741,ORD-003741,2025-01-30,2025-02-01,Route-North-Corridor,9.0,2025-01-30,2025-02-01
DEL-003742,ORD-003742,2025-04-05,2025-04-06,Route-East-Awash,2.0,2025-04-05,2025-04-06
DEL-003743,ORD-003743,2025-08-02,2025-08-03,Route-South-Hawassa,3.0,2025-08-02,2025-08-03
DEL-003744,ORD-003744,2025-08-08,2025-08-11,Route-West-Jimma,1.0,2025-08-08,2025-08-11
DEL-003745,ORD-003745,2025-07-15,2025-07-16,Route-North-Corridor,4.0,2025-07-15,2025-07-16
DEL-003746,ORD-003746,2025-11-10,2025-11-11,Route-West-Jimma,3.0,2025-11-10,2025-11-11
DEL-003747,ORD-003747,2025-07-11,2025-07-12,Route-South-Hawassa,3.0,2025-07-11,2025-07-12
DEL-003748,ORD-003748,2025-09-04,2025-09-07,Route-North-Corridor,2.0,2025-09-04,2025-09-07
DEL-003749,ORD-003749,2025-05-31,2025-06-02,Route-East-Awash,2.0,2025-05-31,2025-06-02
DEL-003750,ORD-003750,2025-11-04,2025-11-05,Route-Addis-Central,2.0,2025-11-04,2025-11-05
DEL-003751,ORD-003751,2025-03-12,2025-03-14,Route-North-Corridor,1.0,2025-03-12,2025-03-14
DEL-003752,ORD-003752,2025-10-01,2025-10-02,Route-Addis-Central,2.0,2025-10-01,2025-10-02
DEL-003753,ORD-003753,2025-08-11,2025-08-14,Route-West-Jimma,3.0,2025-08-11,2025-08-14
DEL-003754,ORD-003754,2025-07-10,2025-07-12,Route-East-Awash,6.0,2025-07-10,2025-07-12
DEL-003755,ORD-003755,2025-07-21,2025-07-23,Route-West-Jimma,6.0,2025-07-21,2025-07-23
DEL-003756,ORD-003756,2025-01-17,2025-01-18,Route-South-Hawassa,1.0,2025-01-17,2025-01-18
DEL-003757,ORD-003757,2025-10-27,2025-10-30,Route-Addis-Central,4.0,2025-10-27,2025-10-30
DEL-003758,ORD-003758,2025-10-16,2025-10-17,Route-West-Jimma,6.0,2025-10-16,2025-10-17
DEL-003759,ORD-003759,2025-05-29,2025-05-31,Route-West-Jimma,4.0,2025-05-29,2025-05-31
DEL-003760,ORD-003760,2025-01-16,2025-01-18,Route-Addis-Central,2.0,2025-01-16,2025-01-18
DEL-003761,ORD-003761,2025-10-25,2025-10-26,Route-West-Jimma,4.0,2025-10-25,2025-10-26
DEL-003762,ORD-003762,2025-07-06,2025-07-07,Route-South-Hawassa,5.0,2025-07-06,2025-07-07
DEL-003763,ORD-003763,2025-05-05,2025-05-06,Route-North-Corridor,2.0,2025-05-05,2025-05-06
DEL-003764,ORD-003764,2025-02-17,2025-02-18,Route-South-Hawassa,4.0,2025-02-17,2025-02-18
DEL-003765,ORD-003765,2025-03-14,2025-03-16,Route-West-Jimma,2.0,2025-03-14,2025-03-16
DEL-003766,ORD-003766,2025-10-05,2025-10-06,Route-Addis-Central,1.0,2025-10-05,2025-10-06
DEL-003767,ORD-003767,2025-01-10,2025-01-11,Route-South-Hawassa,1.0,2025-01-10,2025-01-11
DEL-003768,ORD-003768,2025-10-29,2025-10-30,Route-North-Corridor,5.0,2025-10-29,2025-10-30
DEL-003769,ORD-003769,2025-11-03,2025-11-05,Route-East-Awash,2.0,2025-11-03,2025-11-05
DEL-003770,ORD-003770,2025-05-03,2025-05-04,Route-South-Hawassa,5.0,2025-05-03,2025-05-04
DEL-003771,ORD-003771,2025-10-24,2025-10-26,Route-Addis-Central,2.0,2025-10-24,2025-10-26
DEL-003772,ORD-003772,2025-08-20,2025-08-21,Route-South-Hawassa,1.0,2025-08-20,2025-08-21
DEL-003773,ORD-003773,2025-10-06,2025-10-07,Route-South-Hawassa,,2025-10-06,2025-10-07
DEL-003774,ORD-003774,2025-10-31,2025-11-01,Route-North-Corridor,1.0,2025-10-31,2025-11-01
DEL-003775,ORD-003775,2025-12-03,2025-12-04,Route-West-Jimma,1.0,2025-12-03,2025-12-04
DEL-003776,ORD-003776,2025-12-19,2025-12-21,Route-South-Hawassa,12.0,2025-12-19,2025-12-21
DEL-003777,ORD-003777,2025-06-18,2025-06-19,Route-North-Corridor,2.0,2025-06-18,2025-06-19
DEL-003778,ORD-003778,2025-09-17,2025-09-18,Route-East-Awash,3.0,2025-09-17,2025-09-18
DEL-003779,ORD-003779,2025-12-03,2025-12-05,Route-Addis-Central,1.0,2025-12-03,2025-12-05
DEL-003780,ORD-003780,2025-10-27,2025-10-29,Route-North-Corridor,9.0,2025-10-27,2025-10-29
DEL-003781,ORD-003781,2025-07-28,2025-07-31,route-addis-central,2.0,2025-07-28,2025-07-31
DEL-003782,ORD-003782,2025-12-18,2025-12-20,route-addis-central,2.0,2025-12-18,2025-12-20
DEL-003783,ORD-003783,2025-08-24,2025-08-25,Route-West-Jimma,2.0,2025-08-24,2025-08-25
DEL-003784,ORD-003784,2025-10-10,2025-10-14,Route-East-Awash,2.0,2025-10-10,2025-10-14
DEL-003785,ORD-003785,2025-09-22,2025-09-24,Route-North-Corridor,4.0,2025-09-22,2025-09-24
DEL-003786,ORD-003786,2025-10-12,2025-10-14,Route-West-Jimma,2.0,2025-10-12,2025-10-14
DEL-003787,ORD-003787,2025-12-29,2025-12-30,Route-North-Corridor,1.0,2025-12-29,2025-12-30
DEL-003788,ORD-003788,2025-11-12,2025-11-13,Route-West-Jimma,1.0,2025-11-12,2025-11-13
DEL-003789,ORD-003789,2025-09-11,2025-09-14,Route-East-Awash,3.0,2025-09-11,2025-09-14
DEL-003790,ORD-003790,2025-04-19,2025-04-20,Route-North-Corridor,1.0,2025-04-19,2025-04-20
DEL-003791,ORD-003791,2025-04-17,2025-04-19,Route-West-Jimma,1.0,2025-04-17,2025-04-19
DEL-003792,ORD-003792,2025-12-05,2025-12-06,Route-West-Jimma,3.0,2025-12-05,2025-12-06
DEL-003793,ORD-003793,2025-11-04,2025-11-06,Route-East-Awash,1.0,2025-11-04,2025-11-06
DEL-003794,ORD-003794,2025-11-12,2025-11-13,Route-West-Jimma,0.0,2025-11-12,2025-11-13
DEL-003795,ORD-003795,2025-06-04,2025-06-07,Route-West-Jimma,4.0,2025-06-04,2025-06-07
DEL-003796,ORD-003796,2025-12-26,2025-12-27,Route-South-Hawassa,4.0,2025-12-26,2025-12-27
DEL-003797,ORD-003797,2025-03-23,2025-03-25,Route-Addis-Central,2.0,2025-03-23,2025-03-25
DEL-003798,ORD-003798,2025-03-25,2025-03-26,Route-Addis-Central,3.0,2025-03-25,2025-03-26
DEL-003799,ORD-003799,2025-11-06,2025-11-08,Route-West-Jimma,8.0,2025-11-06,2025-11-08
DEL-003800,ORD-003800,2025-02-01,2025-02-03,Route-West-Jimma,7.0,2025-02-01,2025-02-03
DEL-003801,ORD-003801,2025-04-10,2025-04-12,Route-East-Awash,3.0,2025-04-10,2025-04-12
DEL-003802,ORD-003802,2025-06-04,2025-06-06,Route-North-Corridor,2.0,2025-06-04,2025-06-06
DEL-003803,ORD-003803,2025-09-27,2025-09-29,Route-West-Jimma,1.0,2025-09-27,2025-09-29
DEL-003804,ORD-003804,2025-11-09,2025-11-11,Route-East-Awash,3.0,2025-11-09,2025-11-11
DEL-003805,ORD-003805,2025-09-01,2025-09-03,Route-North-Corridor,1.0,2025-09-01,2025-09-03
DEL-003806,ORD-003806,2025-03-28,2025-03-29,Route-South-Hawassa,2.0,2025-03-28,2025-03-29
DEL-003807,ORD-003807,2025-08-08,2025-08-10,Route-Addis-Central,3.0,2025-08-08,2025-08-10
DEL-003808,ORD-003808,2025-07-13,2025-07-16,Route-West-Jimma,4.0,2025-07-13,2025-07-16
DEL-003809,ORD-003809,2025-03-16,2025-03-18,Route-West-Jimma,1.0,2025-03-16,2025-03-18
DEL-003810,ORD-003810,2025-08-21,2025-08-22,Route-Addis-Central,1.0,2025-08-21,2025-08-22
DEL-003811,ORD-003811,2025-07-24,2025-07-25,Route-Addis-Central,1.0,2025-07-24,2025-07-25
DEL-003812,ORD-003812,2025-12-07,2025-12-09,Route-West-Jimma,3.0,2025-12-07,2025-12-09
DEL-003813,ORD-003813,2025-08-06,2025-08-07,Route-South-Hawassa,5.0,2025-08-06,2025-08-07
DEL-003814,ORD-003814,2025-04-06,2025-04-08,Route-Addis-Central,5.0,2025-04-06,2025-04-08
DEL-003815,ORD-003815,2025-01-09,2025-01-10,ROUTE-NORTH-CORRIDOR,1.0,2025-01-09,2025-01-10
DEL-003816,ORD-003816,2025-01-28,2025-01-29,Route-East-Awash,4.0,2025-01-28,2025-01-29
DEL-003817,ORD-003817,2025-06-06,2025-06-07,Route-East-Awash,1.0,2025-06-06,2025-06-07
DEL-003818,ORD-003818,2025-01-08,2025-01-09,Route-West-Jimma,6.0,2025-01-08,2025-01-09
DEL-003819,ORD-003819,2025-05-18,2025-05-19,Route-South-Hawassa,1.0,2025-05-18,2025-05-19
DEL-003820,ORD-003820,2025-01-02,2025-01-05,Route-South-Hawassa,5.0,2025-01-02,2025-01-05
DEL-003821,ORD-003821,2025-09-27,2025-09-29,Route-West-Jimma,2.0,2025-09-27,2025-09-29
DEL-003822,ORD-003822,2025-11-09,2025-11-10,Route-Addis-Central,3.0,2025-11-09,2025-11-10
DEL-003823,ORD-003823,2025-02-02,2025-02-03,Route-North-Corridor,1.0,2025-02-02,2025-02-03
DEL-003824,ORD-003824,2025-03-12,2025-03-13,Route-Addis-Central,2.0,2025-03-12,2025-03-13
DEL-003825,ORD-003825,2025-04-13,2025-04-15,Route-South-Hawassa,6.0,2025-04-13,2025-04-15
DEL-003826,ORD-003826,2025-09-08,2025-09-10,Route-West-Jimma,2.0,2025-09-08,2025-09-10
DEL-003827,ORD-003827,2025-01-09,2025-01-11,Route-South-Hawassa,7.0,2025-01-09,2025-01-11
DEL-003828,ORD-003828,2025-12-09,2025-12-11,Route-West-Jimma,1.0,2025-12-09,2025-12-11
DEL-003829,ORD-003829,2025-09-08,2025-09-09,Route-Addis-Central,2.0,2025-09-08,2025-09-09
DEL-003830,ORD-003830,2025-06-02,2025-06-04,Route-Addis-Central,1.0,2025-06-02,2025-06-04
DEL-003831,ORD-003831,2025-07-28,2025-08-01,ROUTE-NORTH-CORRIDOR,1.0,2025-07-28,2025-08-01
DEL-003832,ORD-003832,2025-10-27,2025-10-28,Route-North-Corridor,4.0,2025-10-27,2025-10-28
DEL-003833,ORD-003833,2025-09-09,2025-09-12,Route-Addis-Central,1.0,2025-09-09,2025-09-12
DEL-003834,ORD-003834,2025-04-09,2025-04-11,Route-East-Awash,4.0,2025-04-09,2025-04-11
DEL-003835,ORD-003835,2025-11-05,2025-11-06,Route-South-Hawassa,2.0,2025-11-05,2025-11-06
DEL-003836,ORD-003836,2025-05-28,2025-05-30,Route-East-Awash,3.0,2025-05-28,2025-05-30
DEL-003837,ORD-003837,2025-05-25,2025-05-26,Route-South-Hawassa,2.0,2025-05-25,2025-05-26
DEL-003838,ORD-003838,2025-09-18,2025-09-19,Route-Addis-Central,3.0,2025-09-18,2025-09-19
DEL-003839,ORD-003839,2025-11-09,2025-11-11,Route-East-Awash,0.0,2025-11-09,2025-11-11
DEL-003840,ORD-003840,2025-10-07,2025-10-09,Route-West-Jimma,2.0,2025-10-07,2025-10-09
DEL-003841,ORD-003841,2025-05-08,2025-05-10,Route-North-Corridor,4.0,2025-05-08,2025-05-10
DEL-003842,ORD-003842,2025-06-29,2025-06-30,Route-Addis-Central,7.0,2025-06-29,2025-06-30
DEL-003843,ORD-003843,2025-11-11,2025-11-14,Route-South-Hawassa,2.0,2025-11-11,2025-11-14
DEL-003844,ORD-003844,2025-12-03,2025-12-06,Route-West-Jimma,2.0,2025-12-03,2025-12-06
DEL-003845,ORD-003845,2025-12-10,2025-12-11,Route-East-Awash,1.0,2025-12-10,2025-12-11
DEL-003846,ORD-003846,2025-11-14,2025-11-15,Route-West-Jimma,2.0,2025-11-14,2025-11-15
DEL-003847,ORD-003847,2025-06-02,2025-06-03,Route-West-Jimma,1.0,2025-06-02,2025-06-03
DEL-003848,ORD-003848,2025-04-06,2025-04-07,Route-West-Jimma,8.0,2025-04-06,2025-04-07
DEL-003849,ORD-003849,2025-02-27,2025-02-28,Route-South-Hawassa,9.0,2025-02-27,2025-02-28
DEL-003850,ORD-003850,2025-06-12,2025-06-15,Route-South-Hawassa,1.0,2025-06-12,2025-06-15
DEL-003851,ORD-003851,2025-12-26,2025-12-29,Route-West-Jimma,4.0,2025-12-26,2025-12-29
DEL-003852,ORD-003852,2025-09-22,2025-09-25,Route-East-Awash,6.0,2025-09-22,2025-09-25
DEL-003853,ORD-003853,2025-08-24,2025-08-26,Route-West-Jimma,0.0,2025-08-24,2025-08-26
DEL-003854,ORD-003854,2025-03-23,2025-03-24,Route-East-Awash,5.0,2025-03-23,2025-03-24
DEL-003855,ORD-003855,2025-09-13,2025-09-15,Route-East-Awash,2.0,2025-09-13,2025-09-15
DEL-003856,ORD-003856,2025-08-23,2025-08-26,Route-Addis-Central,2.0,2025-08-23,2025-08-26
DEL-003857,ORD-003857,2025-05-16,2025-05-17,Route-East-Awash,5.0,2025-05-16,2025-05-17
DEL-003858,ORD-003858,2025-06-03,2025-06-06,Route-North-Corridor,3.0,2025-06-03,2025-06-06
DEL-003859,ORD-003859,2025-05-02,2025-05-03,Route-South-Hawassa,1.0,2025-05-02,2025-05-03
DEL-003860,ORD-003860,2025-12-18,2025-12-21,Route-North-Corridor,5.0,2025-12-18,2025-12-21
DEL-003861,ORD-003861,2025-05-01,2025-05-04,Route-East-Awash,4.0,2025-05-01,2025-05-04
DEL-003862,ORD-003862,2025-08-14,2025-08-15,Route-West-Jimma,3.0,2025-08-14,2025-08-15
DEL-003863,ORD-003863,2025-10-28,2025-10-29,Route-North-Corridor,10.0,2025-10-28,2025-10-29
DEL-003864,ORD-003864,2025-08-10,2025-08-11,Route-Addis-Central,2.0,2025-08-10,2025-08-11
DEL-003865,ORD-003865,2025-07-19,2025-07-20,Route-Addis-Central,1.0,2025-07-19,2025-07-20
DEL-003866,ORD-003866,2025-12-20,2025-12-21,Route-South-Hawassa,2.0,2025-12-20,2025-12-21
DEL-003867,ORD-003867,2025-10-31,2025-11-01,Route-North-Corridor,2.0,2025-10-31,2025-11-01
DEL-003868,ORD-003868,2025-08-06,2025-08-10,Route-East-Awash,9.0,2025-08-06,2025-08-10
DEL-003869,ORD-003869,2025-03-27,2025-03-28,Route-South-Hawassa,2.0,2025-03-27,2025-03-28
DEL-003870,ORD-003870,2025-08-19,2025-08-21,Route-Addis-Central,4.0,2025-08-19,2025-08-21
DEL-003871,ORD-003871,2025-07-02,2025-07-04,Route-Addis-Central,0.0,2025-07-02,2025-07-04
DEL-003872,ORD-003872,2025-09-08,2025-09-09,Route-North-Corridor,1.0,2025-09-08,2025-09-09
DEL-003873,ORD-003873,2025-03-27,2025-03-30,Route-North-Corridor,2.0,2025-03-27,2025-03-30
DEL-003874,ORD-003874,2025-08-29,2025-08-30,Route-South-Hawassa,2.0,2025-08-29,2025-08-30
DEL-003875,ORD-003875,2025-06-04,2025-06-05,Route-South-Hawassa,3.0,2025-06-04,2025-06-05
DEL-003876,ORD-003876,2025-04-19,2025-04-20,Route-Addis-Central,1.0,2025-04-19,2025-04-20
DEL-003877,ORD-003877,2025-03-09,2025-03-11,Route-North-Corridor,13.0,2025-03-09,2025-03-11
DEL-003878,ORD-003878,2025-07-22,2025-07-24,Route-East-Awash,2.0,2025-07-22,2025-07-24
DEL-003879,ORD-003879,2025-07-29,2025-07-30,Route-West-Jimma,4.0,2025-07-29,2025-07-30
DEL-003880,ORD-003880,2025-07-10,2025-07-11,Route-North-Corridor,2.0,2025-07-10,2025-07-11
DEL-003881,ORD-003881,2025-06-22,2025-06-23,Route-North-Corridor,8.0,2025-06-22,2025-06-23
DEL-003882,ORD-003882,2025-09-19,2025-09-20,Route-South-Hawassa,6.0,2025-09-19,2025-09-20
DEL-003883,ORD-003883,2025-10-26,2025-10-27,Route-East-Awash,3.0,2025-10-26,2025-10-27
DEL-003884,ORD-003884,2025-01-22,2025-01-24,Route-West-Jimma,5.0,2025-01-22,2025-01-24
DEL-003885,ORD-003885,2025-10-03,2025-10-07,Route-West-Jimma,19.0,2025-10-03,2025-10-07
DEL-003886,ORD-003886,2025-06-28,2025-06-29,Route-Addis-Central,1.0,2025-06-28,2025-06-29
DEL-003887,ORD-003887,2025-08-26,2025-08-27,,9.0,2025-08-26,2025-08-27
DEL-003888,ORD-003888,2025-04-18,2025-04-21,Route-Addis-Central,3.0,2025-04-18,2025-04-21
DEL-003889,ORD-003889,2025-08-22,2025-08-24,Route-East-Awash,4.0,2025-08-22,2025-08-24
DEL-003890,ORD-003890,2025-03-01,2025-03-02,Route-East-Awash,4.0,2025-03-01,2025-03-02
DEL-003891,ORD-003891,2025-04-01,2025-04-04,Route-West-Jimma,3.0,2025-04-01,2025-04-04
DEL-003892,ORD-003892,2025-06-10,2025-06-11,Route-Addis-Central,4.0,2025-06-10,2025-06-11
DEL-003893,ORD-003893,2025-05-31,2025-06-01,Route-Addis-Central,1.0,2025-05-31,2025-06-01
DEL-003894,ORD-003894,2025-10-02,2025-10-03,Route-Addis-Central,4.0,2025-10-02,2025-10-03
DEL-003895,ORD-003895,2025-02-01,2025-02-03,Route-Addis-Central,1.0,2025-02-01,2025-02-03
DEL-003896,ORD-003896,2025-06-10,2025-06-11,Route-North-Corridor,1.0,2025-06-10,2025-06-11
DEL-003897,ORD-003897,2025-09-04,2025-09-07,Route-West-Jimma,1.0,2025-09-04,2025-09-07
DEL-003898,ORD-003898,2025-02-21,2025-02-23,Route Addis Central,2.0,2025-02-21,2025-02-23
DEL-003899,ORD-003899,2025-03-16,2025-03-17,Route-Addis-Central,0.0,2025-03-16,2025-03-17
DEL-003900,ORD-003900,2025-12-03,2025-12-04,Route-North-Corridor,4.0,2025-12-03,2025-12-04
DEL-003901,ORD-003901,2025-11-19,2025-11-20,,14.0,2025-11-19,2025-11-20
DEL-003902,ORD-003902,2025-10-23,2025-10-24,Route-Addis-Central,2.0,2025-10-23,2025-10-24
DEL-003903,ORD-003903,2025-01-29,2025-01-30,Route-South-Hawassa,2.0,2025-01-29,2025-01-30
DEL-003904,ORD-003904,2025-08-31,2025-09-02,Route-Addis-Central,3.0,2025-08-31,2025-09-02
DEL-003905,ORD-003905,2025-11-18,2025-11-19,Route-East-Awash,4.0,2025-11-18,2025-11-19
DEL-003906,ORD-003906,2025-10-22,2025-10-23,Route-South-Hawassa,2.0,2025-10-22,2025-10-23
DEL-003907,ORD-003907,2025-03-14,2025-03-15,Route-North-Corridor,1.0,2025-03-14,2025-03-15
DEL-003908,ORD-003908,2025-08-20,2025-08-21,Route-North-Corridor,0.0,2025-08-20,2025-08-21
DEL-003909,ORD-003909,2025-08-17,2025-08-18,Route-South-Hawassa,1.0,2025-08-17,2025-08-18
DEL-003910,ORD-003910,2025-12-19,2025-12-22,Route-South-Hawassa,18.0,2025-12-19,2025-12-22
DEL-003911,ORD-003911,2025-02-09,2025-02-10,Route-East-Awash,1.0,2025-02-09,2025-02-10
DEL-003912,ORD-003912,2025-08-08,2025-08-09,Route-East-Awash,5.0,2025-08-08,2025-08-09
DEL-003913,ORD-003913,2025-03-10,2025-03-12,Route-Addis-Central,1.0,2025-03-10,2025-03-12
DEL-003914,ORD-003914,2025-12-15,2025-12-16,Route-South-Hawassa,0.0,2025-12-15,2025-12-16
DEL-003915,ORD-003915,2025-11-24,2025-11-25,Route-East-Awash,1.0,2025-11-24,2025-11-25
DEL-003916,ORD-003916,2025-09-14,2025-09-16,Route-North-Corridor,,2025-09-14,2025-09-16
DEL-003917,ORD-003917,2025-07-11,2025-07-13,Route-Addis-Central,1.0,2025-07-11,2025-07-13
DEL-003918,ORD-003918,2025-01-06,2025-01-07,Route-East-Awash,5.0,2025-01-06,2025-01-07
DEL-003919,ORD-003919,2025-03-31,2025-04-01,Route-West-Jimma,4.0,2025-03-31,2025-04-01
DEL-003920,ORD-003920,2025-03-14,2025-03-15,Route-South-Hawassa,3.0,2025-03-14,2025-03-15
DEL-003921,ORD-003921,2025-08-29,2025-08-30,Route-North-Corridor,2.0,2025-08-29,2025-08-30
DEL-003922,ORD-003922,2025-04-15,2025-04-16,Route-South-Hawassa,1.0,2025-04-15,2025-04-16
DEL-003923,ORD-003923,2025-08-20,2025-08-21,Route-Addis-Central,10.0,2025-08-20,2025-08-21
DEL-003924,ORD-003924,2025-07-04,2025-07-07,Route-South-Hawassa,5.0,2025-07-04,2025-07-07
DEL-003925,ORD-003925,2025-10-23,2025-10-27,Route-South-Hawassa,1.0,2025-10-23,2025-10-27
DEL-003926,ORD-003926,2025-03-06,2025-03-08,Route-North-Corridor,,2025-03-06,2025-03-08
DEL-003927,ORD-003927,2025-02-06,2025-02-07,Route-Addis-Central,3.0,2025-02-06,2025-02-07
DEL-003928,ORD-003928,2025-02-20,2025-02-22,Route-Addis-Central,3.0,2025-02-20,2025-02-22
DEL-003929,ORD-003929,2025-01-08,2025-01-11,Route-West-Jimma,1.0,2025-01-08,2025-01-11
DEL-003930,ORD-003930,2025-01-20,2025-01-22,Route-East-Awash,2.0,2025-01-20,2025-01-22
DEL-003931,ORD-003931,2025-10-18,2025-10-19,Route-North-Corridor,2.0,2025-10-18,2025-10-19
DEL-003932,ORD-003932,2025-01-10,2025-01-11,Route-East-Awash,1.0,2025-01-10,2025-01-11
DEL-003933,ORD-003933,2025-03-06,2025-03-08,ROUTE-NORTH-CORRIDOR,1.0,2025-03-06,2025-03-08
DEL-003934,ORD-003934,2025-03-18,2025-03-21,Route-South-Hawassa,3.0,2025-03-18,2025-03-21
DEL-003935,ORD-003935,2025-02-18,2025-02-20,Route-South-Hawassa,4.0,2025-02-18,2025-02-20
DEL-003936,ORD-003936,2025-03-07,2025-03-09,Route-North-Corridor,8.0,2025-03-07,2025-03-09
DEL-003937,ORD-003937,2025-07-12,2025-07-14,Route-East-Awash,1.0,2025-07-12,2025-07-14
DEL-003938,ORD-003938,2025-02-24,2025-02-25,Route-North-Corridor,2.0,2025-02-24,2025-02-25
DEL-003939,ORD-003939,2025-11-21,2025-11-23,Route-Addis-Central,4.0,2025-11-21,2025-11-23
DEL-003940,ORD-003940,2025-06-10,2025-06-12,Route-North-Corridor,4.0,2025-06-10,2025-06-12
DEL-003941,ORD-003941,2025-08-17,2025-08-18,Route-North-Corridor,19.0,2025-08-17,2025-08-18
DEL-003942,ORD-003942,2025-05-31,2025-06-01,Route-North-Corridor,1.0,2025-05-31,2025-06-01
DEL-003943,ORD-003943,2025-04-27,2025-04-29,Route-Addis-Central,3.0,2025-04-27,2025-04-29
DEL-003944,ORD-003944,2025-11-22,2025-11-23,Route-East-Awash,2.0,2025-11-22,2025-11-23
DEL-003945,ORD-003945,2025-10-04,2025-10-06,Route-West-Jimma,4.0,2025-10-04,2025-10-06
DEL-003946,ORD-003946,2025-11-14,2025-11-16,Route-Addis-Central,2.0,2025-11-14,2025-11-16
DEL-003947,ORD-003947,2025-01-26,2025-01-27,Route-North-Corridor,7.0,2025-01-26,2025-01-27
DEL-003948,ORD-003948,2025-02-06,2025-02-07,Route-Addis-Central,1.0,2025-02-06,2025-02-07
DEL-003949,ORD-003949,2025-08-17,2025-08-20,Route-North-Corridor,1.0,2025-08-17,2025-08-20
DEL-003950,ORD-003950,2025-12-01,2025-12-02,Route-North-Corridor,2.0,2025-12-01,2025-12-02
DEL-003951,ORD-003951,2025-12-13,2025-12-14,Route-East-Awash,5.0,2025-12-13,2025-12-14
DEL-003952,ORD-003952,2025-01-13,2025-01-15,Route-South-Hawassa,2.0,2025-01-13,2025-01-15
DEL-003953,ORD-003953,2025-09-20,2025-09-23,Route-West-Jimma,1.0,2025-09-20,2025-09-23
DEL-003954,ORD-003954,2025-12-27,2025-12-29,Route-Addis-Central,2.0,2025-12-27,2025-12-29
DEL-003955,ORD-003955,2025-10-13,2025-10-15,Route-West-Jimma,1.0,2025-10-13,2025-10-15
DEL-003956,ORD-003956,2025-08-12,2025-08-13,Route-South-Hawassa,2.0,2025-08-12,2025-08-13
DEL-003957,ORD-003957,2025-06-19,2025-06-20,Route-North-Corridor,5.0,2025-06-19,2025-06-20
DEL-003958,ORD-003958,2025-01-09,2025-01-11,Route-West-Jimma,3.0,2025-01-09,2025-01-11
DEL-003959,ORD-003959,2025-05-02,2025-05-06,Route-West-Jimma,1.0,2025-05-02,2025-05-06
DEL-003960,ORD-003960,2025-09-28,2025-09-29,Route-East-Awash,2.0,2025-09-28,2025-09-29
DEL-003961,ORD-003961,2025-05-06,2025-05-10,Route-East-Awash,2.0,2025-05-06,2025-05-10
DEL-003962,ORD-003962,2025-07-16,2025-07-19,Route-West-Jimma,8.0,2025-07-16,2025-07-19
DEL-003963,ORD-003963,2025-05-26,2025-05-27,Route-Addis-Central,2.0,2025-05-26,2025-05-27
DEL-003964,ORD-003964,2025-03-13,2025-03-14,Route-South-Hawassa,1.0,2025-03-13,2025-03-14
DEL-003965,ORD-003965,2025-12-13,2025-12-14,Route-East-Awash,2.0,2025-12-13,2025-12-14
DEL-003966,ORD-003966,2025-09-02,2025-09-04,Route-South-Hawassa,1.0,2025-09-02,2025-09-04
DEL-003967,ORD-003967,2025-06-26,2025-06-28,,2.0,2025-06-26,2025-06-28
DEL-003968,ORD-003968,2025-06-10,2025-06-11,Route-North-Corridor,3.0,2025-06-10,2025-06-11
DEL-003969,ORD-003969,2025-05-16,2025-05-18,Route-Addis-Central,1.0,2025-05-16,2025-05-18
DEL-003970,ORD-003970,2025-08-23,2025-08-25,Route-South-Hawassa,2.0,2025-08-23,2025-08-25
DEL-003971,ORD-003971,2025-12-11,2025-12-12,Route-West-Jimma,2.0,2025-12-11,2025-12-12
DEL-003972,ORD-003972,2025-03-03,2025-03-05,Route-Addis-Central,3.0,2025-03-03,2025-03-05
DEL-003973,ORD-003973,2025-03-30,2025-04-02,Route-South-Hawassa,3.0,2025-03-30,2025-04-02
DEL-003974,ORD-003974,2025-07-02,2025-07-04,Route-East-Awash,2.0,2025-07-02,2025-07-04
DEL-003975,ORD-003975,2025-07-27,2025-07-29,Route-North-Corridor,4.0,2025-07-27,2025-07-29
DEL-003976,ORD-003976,2025-03-05,2025-03-07,,5.0,2025-03-05,2025-03-07
DEL-003977,ORD-003977,2025-02-16,2025-02-18,Route-West-Jimma,3.0,2025-02-16,2025-02-18
DEL-003978,ORD-003978,2025-05-03,2025-05-04,Route-Addis-Central,5.0,2025-05-03,2025-05-04
DEL-003979,ORD-003979,2025-06-12,2025-06-15,Route-North-Corridor,2.0,2025-06-12,2025-06-15
DEL-003980,ORD-003980,2025-08-26,2025-08-27,Route-West-Jimma,8.0,2025-08-26,2025-08-27
DEL-003981,ORD-003981,2025-06-23,2025-06-24,Route-West-Jimma,4.0,2025-06-23,2025-06-24
DEL-003982,ORD-003982,2025-10-16,2025-10-17,Route-East-Awash,4.0,2025-10-16,2025-10-17
DEL-003983,ORD-003983,2025-09-19,2025-09-20,Route-South-Hawassa,2.0,2025-09-19,2025-09-20
DEL-003984,ORD-003984,2025-05-27,2025-05-28,Route-West-Jimma,2.0,2025-05-27,2025-05-28
DEL-003985,ORD-003985,2025-03-02,2025-03-03,Route-West-Jimma,4.0,2025-03-02,2025-03-03
DEL-003986,ORD-003986,2025-11-02,2025-11-04,Route-East-Awash,1.0,2025-11-02,2025-11-04
DEL-003987,ORD-003987,2025-08-01,2025-08-02,Route-North-Corridor,6.0,2025-08-01,2025-08-02
DEL-003988,ORD-003988,2025-10-26,2025-10-28,Route-Addis-Central,3.0,2025-10-26,2025-10-28
DEL-003989,ORD-003989,2025-06-02,2025-06-03,Route-South-Hawassa,3.0,2025-06-02,2025-06-03
DEL-003990,ORD-003990,2025-08-27,2025-08-30,Route-North-Corridor,2.0,2025-08-27,2025-08-30
DEL-003991,ORD-003991,2025-04-02,2025-04-05,Route-Addis-Central,5.0,2025-04-02,2025-04-05
DEL-003992,ORD-003992,2025-12-24,2025-12-25,Route-Addis-Central,1.0,2025-12-24,2025-12-25
DEL-003993,ORD-003993,2025-01-18,2025-01-19,Route-Addis-Central,1.0,2025-01-18,2025-01-19
DEL-003994,ORD-003994,2025-08-30,2025-09-01,ROUTE-NORTH-CORRIDOR,1.0,2025-08-30,2025-09-01
DEL-003995,ORD-003995,2025-05-02,2025-05-03,Route-West-Jimma,2.0,2025-05-02,2025-05-03
DEL-003996,ORD-003996,2025-10-08,2025-10-09,Route-Addis-Central,3.0,2025-10-08,2025-10-09
DEL-003997,ORD-003997,2025-03-17,2025-03-18,Route-South-Hawassa,1.0,2025-03-17,2025-03-18
DEL-003998,ORD-003998,2025-08-19,2025-08-23,Route-South-Hawassa,1.0,2025-08-19,2025-08-23
DEL-003999,ORD-003999,2025-02-26,2025-02-28,Route-West-Jimma,4.0,2025-02-26,2025-02-28
DEL-004000,ORD-004000,2025-08-26,2025-08-29,Route-West-Jimma,4.0,2025-08-26,2025-08-29
DEL-004001,ORD-004001,2025-11-01,2025-11-03,Route-North-Corridor,2.0,2025-11-01,2025-11-03
DEL-004002,ORD-004002,2025-03-22,2025-03-23,,0.0,2025-03-22,2025-03-23
DEL-004003,ORD-004003,2025-11-30,2025-12-01,Route-East-Awash,3.0,2025-11-30,2025-12-01
DEL-004004,ORD-004004,2025-01-26,2025-01-28,Route-North-Corridor,1.0,2025-01-26,2025-01-28
DEL-004005,ORD-004005,2025-12-08,2025-12-10,Route-East-Awash,1.0,2025-12-08,2025-12-10
DEL-004006,ORD-004006,2025-08-08,2025-08-10,Route-West-Jimma,4.0,2025-08-08,2025-08-10
DEL-004007,ORD-004007,2025-04-18,2025-04-21,Route-East-Awash,5.0,2025-04-18,2025-04-21
DEL-004008,ORD-004008,2025-07-05,2025-07-06,Route-West-Jimma,5.0,2025-07-05,2025-07-06
DEL-004009,ORD-004009,2025-10-10,2025-10-14,Route-South-Hawassa,1.0,2025-10-10,2025-10-14
DEL-004010,ORD-004010,2025-03-21,2025-03-22,Route-West-Jimma,5.0,2025-03-21,2025-03-22
DEL-004011,ORD-004011,2025-10-25,2025-10-26,Route-East-Awash,5.0,2025-10-25,2025-10-26
DEL-004012,ORD-004012,2025-05-08,2025-05-09,Route-Addis-Central,1.0,2025-05-08,2025-05-09
DEL-004013,ORD-004013,2025-08-04,2025-08-05,Route-East-Awash,6.0,2025-08-04,2025-08-05
DEL-004014,ORD-004014,2025-04-28,2025-04-29,Route-East-Awash,,2025-04-28,2025-04-29
DEL-004015,ORD-004015,2025-08-04,2025-08-05,Route-North-Corridor,0.0,2025-08-04,2025-08-05
DEL-004016,ORD-004016,2025-03-13,2025-03-16,Route-East-Awash,1.0,2025-03-13,2025-03-16
DEL-004017,ORD-004017,2025-10-08,2025-10-10,Route-North-Corridor,1.0,2025-10-08,2025-10-10
DEL-004018,ORD-004018,2025-04-20,2025-04-22,Route-South-Hawassa,3.0,2025-04-20,2025-04-22
DEL-004019,ORD-004019,2025-06-20,2025-06-21,Route-South-Hawassa,0.0,2025-06-20,2025-06-21
DEL-004020,ORD-004020,2025-03-24,2025-03-26,Route-North-Corridor,2.0,2025-03-24,2025-03-26
DEL-004021,ORD-004021,2025-10-25,2025-10-27,Route-East-Awash,3.0,2025-10-25,2025-10-27
DEL-004022,ORD-004022,2025-01-02,2025-01-04,Route-South-Hawassa,2.0,2025-01-02,2025-01-04
DEL-004023,ORD-004023,2025-07-12,2025-07-14,Route-West-Jimma,6.0,2025-07-12,2025-07-14
DEL-004024,ORD-004024,2025-07-31,2025-08-01,Route-Addis-Central,1.0,2025-07-31,2025-08-01
DEL-004025,ORD-004025,2025-05-11,2025-05-12,Route-West-Jimma,0.0,2025-05-11,2025-05-12
DEL-004026,ORD-004026,2025-08-13,2025-08-17,Route-East-Awash,7.0,2025-08-13,2025-08-17
DEL-004027,ORD-004027,2025-04-06,2025-04-08,Route-North-Corridor,4.0,2025-04-06,2025-04-08
DEL-004028,ORD-004028,2025-04-30,2025-05-02,Route-North-Corridor,1.0,2025-04-30,2025-05-02
DEL-004029,ORD-004029,2025-08-20,2025-08-23,Route-Addis-Central,5.0,2025-08-20,2025-08-23
DEL-004030,ORD-004030,2025-02-13,2025-02-14,Route-North-Corridor,2.0,2025-02-13,2025-02-14
DEL-004032,ORD-004032,2025-04-02,2025-04-04,Route-South-Hawassa,4.0,2025-04-02,2025-04-04
DEL-004033,ORD-004033,2025-04-11,2025-04-12,Route-Addis-Central,6.0,2025-04-11,2025-04-12
DEL-004034,ORD-004034,2025-04-11,2025-04-12,Route-North-Corridor,7.0,2025-04-11,2025-04-12
DEL-004035,ORD-004035,2025-09-20,2025-09-22,Route-West-Jimma,3.0,2025-09-20,2025-09-22
DEL-004036,ORD-004036,2025-05-17,2025-05-19,Route-East-Awash,,2025-05-17,2025-05-19
DEL-004037,ORD-004037,2025-03-29,2025-03-31,Route-West-Jimma,3.0,2025-03-29,2025-03-31
DEL-004038,ORD-004038,2025-10-27,2025-10-29,Route-Addis-Central,2.0,2025-10-27,2025-10-29
DEL-004039,ORD-004039,2025-04-11,2025-04-13,Route-South-Hawassa,3.0,2025-04-11,2025-04-13
DEL-004040,ORD-004040,2025-07-25,2025-07-29,,18.0,2025-07-25,2025-07-29
DEL-004041,ORD-004041,2025-04-27,2025-04-30,Route-East-Awash,3.0,2025-04-27,2025-04-30
DEL-004042,ORD-004042,2025-01-05,2025-01-06,Route-East-Awash,0.0,2025-01-05,2025-01-06
DEL-004043,ORD-004043,2025-06-04,2025-06-05,Route-North-Corridor,6.0,2025-06-04,2025-06-05
DEL-004044,ORD-004044,2025-04-14,2025-04-16,Route-West-Jimma,3.0,2025-04-14,2025-04-16
DEL-004045,ORD-004045,2025-08-01,2025-08-02,Route-West-Jimma,3.0,2025-08-01,2025-08-02
DEL-004046,ORD-004046,2025-04-21,2025-04-25,Route-East-Awash,5.0,2025-04-21,2025-04-25
DEL-004047,ORD-004047,2025-12-29,2025-12-31,Route-North-Corridor,3.0,2025-12-29,2025-12-31
DEL-004048,ORD-004048,2025-06-25,2025-06-26,Route-West-Jimma,4.0,2025-06-25,2025-06-26
DEL-004049,ORD-004049,2025-12-10,2025-12-11,Route-North-Corridor,1.0,2025-12-10,2025-12-11
DEL-004050,ORD-004050,2025-02-25,2025-02-26,Route-East-Awash,2.0,2025-02-25,2025-02-26
DEL-004051,ORD-004051,2025-01-03,2025-01-05,Route-South-Hawassa,300.0,2025-01-03,2025-01-05
DEL-004052,ORD-004052,2025-04-02,2025-04-03,Route-North-Corridor,2.0,2025-04-02,2025-04-03
DEL-004053,ORD-004053,2025-07-08,2025-07-11,Route-Addis-Central,5.0,2025-07-08,2025-07-11
DEL-004054,ORD-004054,2025-08-14,2025-08-16,Route-East-Awash,9.0,2025-08-14,2025-08-16
DEL-004055,ORD-004055,2025-10-13,2025-10-14,Route-East-Awash,8.0,2025-10-13,2025-10-14
DEL-004056,ORD-004056,2025-03-19,2025-03-20,ROUTE-NORTH-CORRIDOR,0.0,2025-03-19,2025-03-20
DEL-004057,ORD-004057,2025-07-28,2025-07-30,Route-South-Hawassa,3.0,2025-07-28,2025-07-30
DEL-004058,ORD-004058,2025-07-24,2025-07-25,Route-South-Hawassa,0.0,2025-07-24,2025-07-25
DEL-004059,ORD-004059,2025-09-10,2025-09-11,Route-South-Hawassa,0.0,2025-09-10,2025-09-11
DEL-004060,ORD-004060,2025-09-13,2025-09-15,Route-East-Awash,2.0,2025-09-13,2025-09-15
DEL-004061,ORD-004061,2025-10-25,2025-10-27,Route-Addis-Central,4.0,2025-10-25,2025-10-27
DEL-004062,ORD-004062,2025-04-12,2025-04-13,Route-South-Hawassa,2.0,2025-04-12,2025-04-13
DEL-004063,ORD-004063,2025-02-28,2025-03-01,Route-East-Awash,15.0,2025-02-28,2025-03-01
DEL-004064,ORD-004064,2025-02-22,2025-02-23,Route-South-Hawassa,2.0,2025-02-22,2025-02-23
DEL-004065,ORD-004065,2025-01-29,2025-01-31,Route-Addis-Central,2.0,2025-01-29,2025-01-31
DEL-004066,ORD-004066,2025-04-07,2025-04-08,Route-East-Awash,1.0,2025-04-07,2025-04-08
DEL-004067,ORD-004067,2025-05-26,2025-05-28,Route-East-Awash,2.0,2025-05-26,2025-05-28
DEL-004068,ORD-004068,2025-01-09,2025-01-10,Route-North-Corridor,5.0,2025-01-09,2025-01-10
DEL-004069,ORD-004069,2025-11-22,2025-11-24,Route-North-Corridor,2.0,2025-11-22,2025-11-24
DEL-004070,ORD-004070,2025-07-15,2025-07-17,Route-East-Awash,4.0,2025-07-15,2025-07-17
DEL-004071,ORD-004071,2025-03-28,2025-03-30,Route-Addis-Central,4.0,2025-03-28,2025-03-30
DEL-004072,ORD-004072,2025-07-20,2025-07-21,Route-East-Awash,7.0,2025-07-20,2025-07-21
DEL-004073,ORD-004073,2025-10-01,2025-10-02,Route-Addis-Central,1.0,2025-10-01,2025-10-02
DEL-004074,ORD-004074,2025-03-07,2025-03-09,Route-East-Awash,8.0,2025-03-07,2025-03-09
DEL-004075,ORD-004075,2025-09-09,2025-09-10,Route-Addis-Central,5.0,2025-09-09,2025-09-10
DEL-004076,ORD-004076,2025-10-17,2025-10-18,Route-East-Awash,2.0,2025-10-17,2025-10-18
DEL-004077,ORD-004077,2025-01-14,2025-01-16,Route-West-Jimma,4.0,2025-01-14,2025-01-16
DEL-004078,ORD-004078,2025-10-03,2025-10-05,Route-North-Corridor,2.0,2025-10-03,2025-10-05
DEL-004079,ORD-004079,2025-05-05,2025-05-07,Route-West-Jimma,6.0,2025-05-05,2025-05-07
DEL-004080,ORD-004080,2025-06-19,2025-06-21,Route-North-Corridor,3.0,2025-06-19,2025-06-21
DEL-004081,ORD-004081,2025-04-09,2025-04-12,Route-North-Corridor,1.0,2025-04-09,2025-04-12
DEL-004082,ORD-004082,2025-05-21,2025-05-22,Route-North-Corridor,4.0,2025-05-21,2025-05-22
DEL-004083,ORD-004083,2025-03-18,2025-03-19,Route-East-Awash,3.0,2025-03-18,2025-03-19
DEL-004084,ORD-004084,2025-06-25,2025-06-26,Route-East-Awash,2.0,2025-06-25,2025-06-26
DEL-004085,ORD-004085,2025-05-20,2025-05-24,Route-South-Hawassa,2.0,2025-05-20,2025-05-24
DEL-004086,ORD-004086,2025-12-06,2025-12-10,Route-West-Jimma,2.0,2025-12-06,2025-12-10
DEL-004087,ORD-004087,2025-04-06,2025-04-07,Route-Addis-Central,10.0,2025-04-06,2025-04-07
DEL-004088,ORD-004088,2025-02-14,2025-02-16,Route-West-Jimma,1.0,2025-02-14,2025-02-16
DEL-004089,ORD-004089,2025-07-30,2025-07-31,Route-South-Hawassa,,2025-07-30,2025-07-31
DEL-004090,ORD-004090,2025-08-13,2025-08-17,Route-North-Corridor,4.0,2025-08-13,2025-08-17
DEL-004091,ORD-004091,2025-07-31,2025-08-01,Route-North-Corridor,2.0,2025-07-31,2025-08-01
DEL-004092,ORD-004092,2025-04-14,2025-04-15,Route Addis Central,1.0,2025-04-14,2025-04-15
DEL-004093,ORD-004093,2025-03-12,2025-03-14,Route-South-Hawassa,4.0,2025-03-12,2025-03-14
DEL-004094,ORD-004094,2025-10-27,2025-10-28,route-addis-central,1.0,2025-10-27,2025-10-28
DEL-004095,ORD-004095,2025-02-27,2025-02-28,Route-West-Jimma,4.0,2025-02-27,2025-02-28
DEL-004096,ORD-004096,2025-11-06,2025-11-07,Route-West-Jimma,2.0,2025-11-06,2025-11-07
DEL-004097,ORD-004097,2025-01-02,2025-01-05,Route-West-Jimma,5.0,2025-01-02,2025-01-05
DEL-004098,ORD-004098,2025-10-15,2025-10-16,Route-Addis-Central,3.0,2025-10-15,2025-10-16
DEL-004099,ORD-004099,2025-07-06,2025-07-07,Route-East-Awash,5.0,2025-07-06,2025-07-07
DEL-004100,ORD-004100,2025-11-24,2025-11-28,Route-East-Awash,4.0,2025-11-24,2025-11-28
DEL-004101,ORD-004101,2025-02-16,2025-02-17,Route-South-Hawassa,2.0,2025-02-16,2025-02-17
DEL-004102,ORD-004102,2025-07-07,2025-07-09,Route-North-Corridor,2.0,2025-07-07,2025-07-09
DEL-004103,ORD-004103,2025-04-23,2025-04-26,Route-South-Hawassa,1.0,2025-04-23,2025-04-26
DEL-004104,ORD-004104,2025-12-21,2025-12-22,Route-East-Awash,1.0,2025-12-21,2025-12-22
DEL-004105,ORD-004105,2025-04-29,2025-05-01,Route Addis Central,2.0,2025-04-29,2025-05-01
DEL-004106,ORD-004106,2025-10-01,2025-10-05,Route-North-Corridor,11.0,2025-10-01,2025-10-05
DEL-004107,ORD-004107,2025-10-27,2025-10-29,Route-Addis-Central,9.0,2025-10-27,2025-10-29
DEL-004108,ORD-004108,2025-05-30,2025-06-01,Route-North-Corridor,3.0,2025-05-30,2025-06-01
DEL-004109,ORD-004109,2025-10-15,2025-10-16,Route-East-Awash,2.0,2025-10-15,2025-10-16
DEL-004110,ORD-004110,2025-12-01,2025-12-05,Route-North-Corridor,5.0,2025-12-01,2025-12-05
DEL-004111,ORD-004111,2025-12-10,2025-12-12,Route-West-Jimma,0.0,2025-12-10,2025-12-12
DEL-004112,ORD-004112,2025-05-30,2025-05-31,Route-South-Hawassa,6.0,2025-05-30,2025-05-31
DEL-004113,ORD-004113,2025-02-07,2025-02-08,Route-East-Awash,3.0,2025-02-07,2025-02-08
DEL-004114,ORD-004114,2025-01-16,2025-01-17,Route-South-Hawassa,1.0,2025-01-16,2025-01-17
DEL-004115,ORD-004115,2025-06-08,2025-06-10,Route-East-Awash,4.0,2025-06-08,2025-06-10
DEL-004116,ORD-004116,2025-05-02,2025-05-04,Route-North-Corridor,1.0,2025-05-02,2025-05-04
DEL-004117,ORD-004117,2025-09-05,2025-09-06,Route-Addis-Central,1.0,2025-09-05,2025-09-06
DEL-004118,ORD-004118,2025-08-22,2025-08-23,Route-East-Awash,2.0,2025-08-22,2025-08-23
DEL-004119,ORD-004119,2025-12-03,2025-12-04,Route-East-Awash,1.0,2025-12-03,2025-12-04
DEL-004120,ORD-004120,2025-08-08,2025-08-11,Route-West-Jimma,4.0,2025-08-08,2025-08-11
DEL-004121,ORD-004121,2025-09-17,2025-09-18,Route-East-Awash,1.0,2025-09-17,2025-09-18
DEL-004122,ORD-004122,2025-03-12,2025-03-14,Route-South-Hawassa,4.0,2025-03-12,2025-03-14
DEL-004123,ORD-004123,2025-05-13,2025-05-14,Route-South-Hawassa,2.0,2025-05-13,2025-05-14
DEL-004124,ORD-004124,2025-03-11,2025-03-12,Route-East-Awash,4.0,2025-03-11,2025-03-12
DEL-004125,ORD-004125,2025-01-29,2025-01-31,Route-South-Hawassa,3.0,2025-01-29,2025-01-31
DEL-004126,ORD-004126,2025-08-01,2025-08-04,Route-South-Hawassa,1.0,2025-08-01,2025-08-04
DEL-004127,ORD-004127,2025-12-20,2025-12-23,Route-East-Awash,1.0,2025-12-20,2025-12-23
DEL-004128,ORD-004128,2025-05-12,2025-05-13,Route-South-Hawassa,5.0,2025-05-12,2025-05-13
DEL-004129,ORD-004129,2025-08-25,2025-08-26,Route-West-Jimma,1.0,2025-08-25,2025-08-26
DEL-004130,ORD-004130,2025-07-06,2025-07-07,Route-Addis-Central,2.0,2025-07-06,2025-07-07
DEL-004131,ORD-004131,2025-05-24,2025-05-25,Route-North-Corridor,1.0,2025-05-24,2025-05-25
DEL-004132,ORD-004132,2025-11-02,2025-11-03,Route-East-Awash,3.0,2025-11-02,2025-11-03
DEL-004133,ORD-004133,2025-08-24,2025-08-27,Route-West-Jimma,1.0,2025-08-24,2025-08-27
DEL-004134,ORD-004134,2025-04-24,2025-04-25,Route-Addis-Central,1.0,2025-04-24,2025-04-25
DEL-004135,ORD-004135,2025-10-07,2025-10-08,Route-Addis-Central,3.0,2025-10-07,2025-10-08
DEL-004136,ORD-004136,2025-10-20,2025-10-22,Route-Addis-Central,8.0,2025-10-20,2025-10-22
DEL-004137,ORD-004137,2025-05-11,2025-05-14,Route-Addis-Central,0.0,2025-05-11,2025-05-14
DEL-004138,ORD-004138,2025-04-14,2025-04-15,Route-South-Hawassa,1.0,2025-04-14,2025-04-15
DEL-004139,ORD-004139,2025-08-19,2025-08-23,Route-West-Jimma,5.0,2025-08-19,2025-08-23
DEL-004140,ORD-004140,2025-12-29,2025-12-30,Route-North-Corridor,1.0,2025-12-29,2025-12-30
DEL-004141,ORD-004141,2025-06-16,2025-06-17,Route-North-Corridor,1.0,2025-06-16,2025-06-17
DEL-004142,ORD-004142,2025-05-12,2025-05-13,Route-Addis-Central,3.0,2025-05-12,2025-05-13
DEL-004143,ORD-004143,2025-04-04,2025-04-05,Route-North-Corridor,4.0,2025-04-04,2025-04-05
DEL-004144,ORD-004144,2025-06-17,2025-06-19,Route-West-Jimma,8.0,2025-06-17,2025-06-19
DEL-004145,ORD-004145,2025-11-17,2025-11-18,Route-South-Hawassa,3.0,2025-11-17,2025-11-18
DEL-004146,ORD-004146,2025-07-02,2025-07-04,Route-South-Hawassa,0.0,2025-07-02,2025-07-04
DEL-004147,ORD-004147,2025-09-24,2025-09-25,,2.0,2025-09-24,2025-09-25
DEL-004148,ORD-004148,2025-03-04,2025-03-07,Route-East-Awash,3.0,2025-03-04,2025-03-07
DEL-004149,ORD-004149,2025-06-18,2025-06-20,Route-East-Awash,6.0,2025-06-18,2025-06-20
DEL-004150,ORD-004150,2025-10-29,2025-10-30,Route-West-Jimma,1.0,2025-10-29,2025-10-30
DEL-004151,ORD-004151,2025-09-13,2025-09-15,Route-South-Hawassa,4.0,2025-09-13,2025-09-15
DEL-004152,ORD-004152,2025-04-11,2025-04-15,Route-West-Jimma,2.0,2025-04-11,2025-04-15
DEL-004153,ORD-004153,2025-09-11,2025-09-12,Route-North-Corridor,1.0,2025-09-11,2025-09-12
DEL-004154,ORD-004154,2025-05-20,2025-05-22,Route-Addis-Central,1.0,2025-05-20,2025-05-22
DEL-004155,ORD-004155,2025-04-15,2025-04-17,Route-West-Jimma,1.0,2025-04-15,2025-04-17
DEL-004156,ORD-004156,2025-07-10,2025-07-11,Route-West-Jimma,3.0,2025-07-10,2025-07-11
DEL-004157,ORD-004157,2025-08-25,2025-08-27,Route-East-Awash,3.0,2025-08-25,2025-08-27
DEL-004158,ORD-004158,2025-03-08,2025-03-09,Route-East-Awash,,2025-03-08,2025-03-09
DEL-004159,ORD-004159,2025-12-08,2025-12-09,Route-South-Hawassa,4.0,2025-12-08,2025-12-09
DEL-004160,ORD-004160,2025-03-16,2025-03-17,Route-South-Hawassa,3.0,2025-03-16,2025-03-17
DEL-004161,ORD-004161,2025-12-22,2026-06-20,Route-East-Awash,10.0,2025-12-22,2026-06-20
DEL-004162,ORD-004162,2025-08-07,2025-08-09,Route-West-Jimma,1.0,2025-08-07,2025-08-09
DEL-004163,ORD-004163,2025-01-10,2025-01-11,Route-Addis-Central,6.0,2025-01-10,2025-01-11
DEL-004164,ORD-004164,2025-04-22,2025-04-23,Route-East-Awash,3.0,2025-04-22,2025-04-23
DEL-004165,ORD-004165,2025-04-30,2025-05-02,Route-West-Jimma,2.0,2025-04-30,2025-05-02
DEL-004166,ORD-004166,2025-11-02,2025-11-03,Route-South-Hawassa,2.0,2025-11-02,2025-11-03
DEL-004167,ORD-004167,2025-04-15,2025-04-17,Route-West-Jimma,3.0,2025-04-15,2025-04-17
DEL-004168,ORD-004168,2025-09-22,2025-09-24,Route-East-Awash,2.0,2025-09-22,2025-09-24
DEL-004169,ORD-004169,2025-08-11,2025-08-14,Route-South-Hawassa,3.0,2025-08-11,2025-08-14
DEL-004170,ORD-004170,2025-10-15,2025-10-17,Route-North-Corridor,3.0,2025-10-15,2025-10-17
DEL-004171,ORD-004171,2025-11-28,2025-11-30,Route-East-Awash,1.0,2025-11-28,2025-11-30
DEL-004172,ORD-004172,2025-09-07,2025-09-09,Route-Addis-Central,4.0,2025-09-07,2025-09-09
DEL-004173,ORD-004173,2025-06-17,2025-06-19,Route-North-Corridor,2.0,2025-06-17,2025-06-19
DEL-004174,ORD-004174,2025-02-14,2025-02-18,Route-Addis-Central,4.0,2025-02-14,2025-02-18
DEL-004175,ORD-004175,2025-12-29,2025-12-30,Route-North-Corridor,3.0,2025-12-29,2025-12-30
DEL-004176,ORD-004176,2025-05-09,2025-05-10,Route-North-Corridor,4.0,2025-05-09,2025-05-10
DEL-004177,ORD-004177,2025-12-27,2025-12-28,Route-Addis-Central,2.0,2025-12-27,2025-12-28
DEL-004178,ORD-004178,2025-11-11,2025-11-12,Route-North-Corridor,2.0,2025-11-11,2025-11-12
DEL-004179,ORD-004179,2025-07-02,2025-07-04,Route-South-Hawassa,3.0,2025-07-02,2025-07-04
DEL-004180,ORD-004180,2025-04-13,2025-04-17,Route-North-Corridor,3.0,2025-04-13,2025-04-17
DEL-004181,ORD-004181,2025-10-29,2025-10-30,Route-West-Jimma,1.0,2025-10-29,2025-10-30
DEL-004182,ORD-004182,2025-07-24,2025-07-26,Route-South-Hawassa,0.0,2025-07-24,2025-07-26
DEL-004183,ORD-004183,2025-09-23,2025-09-27,Route-Addis-Central,1.0,2025-09-23,2025-09-27
DEL-004184,ORD-004184,2025-11-12,2025-11-14,Route-East-Awash,1.0,2025-11-12,2025-11-14
DEL-004185,ORD-004185,2025-04-22,2025-04-26,Route-South-Hawassa,1.0,2025-04-22,2025-04-26
DEL-004186,ORD-004186,2025-05-29,2025-06-02,Route-West-Jimma,10.0,2025-05-29,2025-06-02
DEL-004187,ORD-004187,2025-04-28,2025-04-30,Route-West-Jimma,1.0,2025-04-28,2025-04-30
DEL-004188,ORD-004188,2025-06-13,2025-06-14,Route Addis Central,3.0,2025-06-13,2025-06-14
DEL-004189,ORD-004189,2025-12-14,2025-12-16,Route-South-Hawassa,1.0,2025-12-14,2025-12-16
DEL-004190,ORD-004190,2025-01-30,2025-01-31,Route-North-Corridor,2.0,2025-01-30,2025-01-31
DEL-004191,ORD-004191,2025-11-08,2025-11-09,Route-Addis-Central,4.0,2025-11-08,2025-11-09
DEL-004192,ORD-004192,2025-03-27,2025-03-29,Route-North-Corridor,7.0,2025-03-27,2025-03-29
DEL-004193,ORD-004193,2025-12-16,2025-12-19,Route-East-Awash,1.0,2025-12-16,2025-12-19
DEL-004194,ORD-004194,2025-10-16,2025-10-17,Route-Addis-Central,12.0,2025-10-16,2025-10-17
DEL-004195,ORD-004195,2025-03-20,2025-03-24,Route-Addis-Central,4.0,2025-03-20,2025-03-24
DEL-004196,ORD-004196,2025-04-16,2025-04-20,Route-West-Jimma,8.0,2025-04-16,2025-04-20
DEL-004197,ORD-004197,2025-01-28,2025-01-29,Route-East-Awash,1.0,2025-01-28,2025-01-29
DEL-004198,ORD-004198,2025-04-24,2025-04-25,Route-East-Awash,3.0,2025-04-24,2025-04-25
DEL-004199,ORD-004199,2025-08-29,2025-08-30,Route-South-Hawassa,4.0,2025-08-29,2025-08-30
DEL-004200,ORD-004200,2025-05-30,2025-06-02,Route-North-Corridor,0.0,2025-05-30,2025-06-02
DEL-004202,ORD-004202,2025-07-14,2025-07-16,Route-Addis-Central,3.0,2025-07-14,2025-07-16
DEL-004203,ORD-004203,2025-08-17,2025-08-18,Route-East-Awash,3.0,2025-08-17,2025-08-18
DEL-004204,ORD-004204,2025-02-10,2025-02-11,Route-East-Awash,12.0,2025-02-10,2025-02-11
DEL-004205,ORD-004205,2025-10-16,2025-10-17,Route-East-Awash,3.0,2025-10-16,2025-10-17
DEL-004206,ORD-004206,2025-07-19,2025-07-20,Route-West-Jimma,5.0,2025-07-19,2025-07-20
DEL-004207,ORD-004207,2025-05-21,2025-05-22,Route-East-Awash,2.0,2025-05-21,2025-05-22
DEL-004208,ORD-004208,2025-08-16,2025-08-19,Route-North-Corridor,3.0,2025-08-16,2025-08-19
DEL-004209,ORD-004209,2025-05-08,2025-05-09,Route-Addis-Central,1.0,2025-05-08,2025-05-09
DEL-004210,ORD-004210,2025-03-12,2025-03-13,Route-West-Jimma,1.0,2025-03-12,2025-03-13
DEL-004211,ORD-004211,2025-09-05,2025-09-07,Route-Addis-Central,2.0,2025-09-05,2025-09-07
DEL-004212,ORD-004212,2025-01-29,2025-01-30,Route-West-Jimma,2.0,2025-01-29,2025-01-30
DEL-004213,ORD-004213,2025-07-17,2025-07-18,Route-North-Corridor,2.0,2025-07-17,2025-07-18
DEL-004214,ORD-004214,2025-09-01,2025-09-02,Route-Addis-Central,9.0,2025-09-01,2025-09-02
DEL-004215,ORD-004215,2025-12-31,2026-01-01,Route-North-Corridor,3.0,2025-12-31,2026-01-01
DEL-004216,ORD-004216,2025-08-24,2025-08-26,Route-South-Hawassa,1.0,2025-08-24,2025-08-26
DEL-004217,ORD-004217,2025-05-09,2025-05-12,Route-South-Hawassa,9.0,2025-05-09,2025-05-12
DEL-004218,ORD-004218,2025-04-29,2025-04-30,Route-South-Hawassa,1.0,2025-04-29,2025-04-30
DEL-004219,ORD-004219,2025-01-16,2025-01-18,Route-East-Awash,4.0,2025-01-16,2025-01-18
DEL-004220,ORD-004220,2025-05-15,2025-05-16,Route-Addis-Central,1.0,2025-05-15,2025-05-16
DEL-004221,ORD-004221,2025-05-20,2025-05-22,Route-South-Hawassa,0.0,2025-05-20,2025-05-22
DEL-004222,ORD-004222,2025-12-02,2025-12-03,Route-North-Corridor,4.0,2025-12-02,2025-12-03
DEL-004223,ORD-004223,2025-01-07,2025-01-08,Route-West-Jimma,2.0,2025-01-07,2025-01-08
DEL-004224,ORD-004224,2025-04-20,2025-04-23,Route-South-Hawassa,1.0,2025-04-20,2025-04-23
DEL-004225,ORD-004225,2025-12-03,2025-12-05,Route-Addis-Central,3.0,2025-12-03,2025-12-05
DEL-004226,ORD-004226,2025-07-16,2025-07-17,Route-Addis-Central,3.0,2025-07-16,2025-07-17
DEL-004227,ORD-004227,2025-06-14,2025-06-15,route-addis-central,5.0,2025-06-14,2025-06-15
DEL-004228,ORD-004228,2025-06-20,2025-06-21,Route-North-Corridor,0.0,2025-06-20,2025-06-21
DEL-004229,ORD-004229,2025-08-30,2025-09-01,Route-West-Jimma,1.0,2025-08-30,2025-09-01
DEL-004230,ORD-004230,2025-11-27,2025-12-01,Route-West-Jimma,2.0,2025-11-27,2025-12-01
DEL-004231,ORD-004231,2025-03-16,2025-03-18,Route-East-Awash,1.0,2025-03-16,2025-03-18
DEL-004232,ORD-004232,2025-08-23,2025-08-24,Route-South-Hawassa,3.0,2025-08-23,2025-08-24
DEL-004233,ORD-004233,2025-04-09,2025-04-10,Route-East-Awash,3.0,2025-04-09,2025-04-10
DEL-004234,ORD-004234,2025-06-17,2025-06-20,Route-East-Awash,6.0,2025-06-17,2025-06-20
DEL-004235,ORD-004235,2025-03-26,2025-03-29,Route-West-Jimma,1.0,2025-03-26,2025-03-29
DEL-004236,ORD-004236,2025-08-23,2025-08-24,Route-South-Hawassa,3.0,2025-08-23,2025-08-24
DEL-004237,ORD-004237,2025-02-12,2025-02-13,Route-South-Hawassa,3.0,2025-02-12,2025-02-13
DEL-004238,ORD-004238,2025-07-11,2025-07-13,Route-West-Jimma,1.0,2025-07-11,2025-07-13
DEL-004239,ORD-004239,2025-07-15,2025-07-16,Route-South-Hawassa,2.0,2025-07-15,2025-07-16
DEL-004240,ORD-004240,2025-11-02,2025-11-03,Route-West-Jimma,1.0,2025-11-02,2025-11-03
DEL-004241,ORD-004241,2025-01-06,2025-01-09,Route-East-Awash,2.0,2025-01-06,2025-01-09
DEL-004242,ORD-004242,2025-01-07,2025-01-08,Route-Addis-Central,1.0,2025-01-07,2025-01-08
DEL-004243,ORD-004243,2025-02-25,2025-03-01,Route-South-Hawassa,5.0,2025-02-25,2025-03-01
DEL-004244,ORD-004244,2025-02-15,2025-02-16,Route-West-Jimma,6.0,2025-02-15,2025-02-16
DEL-004245,ORD-004245,2025-07-10,2025-07-11,Route-West-Jimma,5.0,2025-07-10,2025-07-11
DEL-004246,ORD-004246,2025-11-02,2025-11-05,ROUTE-NORTH-CORRIDOR,2.0,2025-11-02,2025-11-05
DEL-004247,ORD-004247,2025-08-10,2025-08-12,Route-South-Hawassa,1.0,2025-08-10,2025-08-12
DEL-004248,ORD-004248,2025-10-31,2025-11-02,Route-East-Awash,6.0,2025-10-31,2025-11-02
DEL-004249,ORD-004249,2025-02-14,2025-02-16,Route-Addis-Central,,2025-02-14,2025-02-16
DEL-004250,ORD-004250,2025-12-07,2025-12-08,Route-East-Awash,3.0,2025-12-07,2025-12-08
DEL-004251,ORD-004251,2025-04-26,2025-04-27,Route-South-Hawassa,1.0,2025-04-26,2025-04-27
DEL-004252,ORD-004252,2025-11-28,2025-11-30,Route-North-Corridor,1.0,2025-11-28,2025-11-30
DEL-004253,ORD-004253,2025-08-07,2025-08-08,Route-East-Awash,2.0,2025-08-07,2025-08-08
DEL-004254,ORD-004254,2025-01-26,2025-01-29,Route-West-Jimma,4.0,2025-01-26,2025-01-29
DEL-004255,ORD-004255,2025-10-01,2025-10-04,Route-East-Awash,3.0,2025-10-01,2025-10-04
DEL-004256,ORD-004256,2025-05-19,2025-05-20,Route-North-Corridor,2.0,2025-05-19,2025-05-20
DEL-004257,ORD-004257,2025-09-26,2025-09-30,Route-West-Jimma,1.0,2025-09-26,2025-09-30
DEL-004258,ORD-004258,2025-09-11,2025-09-13,Route-East-Awash,3.0,2025-09-11,2025-09-13
DEL-004259,ORD-004259,2025-11-03,2025-11-04,Route-South-Hawassa,4.0,2025-11-03,2025-11-04
DEL-004260,ORD-004260,2025-03-05,2025-03-07,Route-North-Corridor,5.0,2025-03-05,2025-03-07
DEL-004261,ORD-004261,2025-09-30,2025-10-01,Route-South-Hawassa,2.0,2025-09-30,2025-10-01
DEL-004262,ORD-004262,2025-10-12,2025-10-14,Route-North-Corridor,1.0,2025-10-12,2025-10-14
DEL-004263,ORD-004263,2025-07-04,2025-07-07,Route-Addis-Central,1.0,2025-07-04,2025-07-07
DEL-004264,ORD-004264,2025-04-29,2025-05-01,Route-East-Awash,4.0,2025-04-29,2025-05-01
DEL-004265,ORD-004265,2025-11-30,2025-12-03,Route-Addis-Central,6.0,2025-11-30,2025-12-03
DEL-004266,ORD-004266,2025-10-26,2025-10-27,Route-East-Awash,4.0,2025-10-26,2025-10-27
DEL-004267,ORD-004267,2025-04-15,2025-04-16,Route-North-Corridor,4.0,2025-04-15,2025-04-16
DEL-004268,ORD-004268,2025-12-11,2025-12-13,Route-West-Jimma,2.0,2025-12-11,2025-12-13
DEL-004269,ORD-004269,2025-05-26,2025-05-28,Route-Addis-Central,3.0,2025-05-26,2025-05-28
DEL-004270,ORD-004270,2025-05-26,2025-05-27,Route-East-Awash,6.0,2025-05-26,2025-05-27
DEL-004271,ORD-004271,2025-10-28,2025-10-29,Route-East-Awash,3.0,2025-10-28,2025-10-29
DEL-004272,ORD-004272,2025-04-27,2025-04-29,Route-North-Corridor,3.0,2025-04-27,2025-04-29
DEL-004273,ORD-004273,2025-01-18,2025-01-20,Route-North-Corridor,3.0,2025-01-18,2025-01-20
DEL-004274,ORD-004274,2025-11-06,2025-11-07,Route-Addis-Central,3.0,2025-11-06,2025-11-07
DEL-004275,ORD-004275,2025-11-02,2025-11-03,Route-West-Jimma,17.0,2025-11-02,2025-11-03
DEL-004276,ORD-004276,2025-11-17,2025-11-19,Route-East-Awash,15.0,2025-11-17,2025-11-19
DEL-004277,ORD-004277,2025-03-22,2025-03-23,Route-West-Jimma,1.0,2025-03-22,2025-03-23
DEL-004278,ORD-004278,2025-09-25,2025-09-27,Route-West-Jimma,2.0,2025-09-25,2025-09-27
DEL-004279,ORD-004279,2025-05-08,2025-05-09,Route-East-Awash,4.0,2025-05-08,2025-05-09
DEL-004280,ORD-004280,2025-09-21,2025-09-23,Route-East-Awash,3.0,2025-09-21,2025-09-23
DEL-004281,ORD-004281,2025-08-18,2025-08-22,Route-West-Jimma,1.0,2025-08-18,2025-08-22
DEL-004282,ORD-004282,2025-06-20,2025-06-23,Route-East-Awash,1.0,2025-06-20,2025-06-23
DEL-004283,ORD-004283,2025-10-25,2025-10-28,Route-North-Corridor,0.0,2025-10-25,2025-10-28
DEL-004284,ORD-004284,2025-02-06,2025-02-08,Route-West-Jimma,1.0,2025-02-06,2025-02-08
DEL-004285,ORD-004285,2025-09-08,2025-09-11,Route-East-Awash,3.0,2025-09-08,2025-09-11
DEL-004286,ORD-004286,2025-09-17,2025-09-18,Route-Addis-Central,1.0,2025-09-17,2025-09-18
DEL-004287,ORD-004287,2025-02-22,2025-02-25,route-addis-central,5.0,2025-02-22,2025-02-25
DEL-004288,ORD-004288,2025-08-21,2025-08-22,Route-South-Hawassa,0.0,2025-08-21,2025-08-22
DEL-004289,ORD-004289,2025-09-15,2025-09-18,Route-West-Jimma,2.0,2025-09-15,2025-09-18
DEL-004290,ORD-004290,2025-12-29,2025-12-30,Route-North-Corridor,1.0,2025-12-29,2025-12-30
DEL-004291,ORD-004291,2025-07-08,2025-07-09,Route-Addis-Central,14.0,2025-07-08,2025-07-09
DEL-004292,ORD-004292,2025-01-05,2025-01-07,Route-Addis-Central,18.0,2025-01-05,2025-01-07
DEL-004293,ORD-004293,2025-08-25,2025-08-28,Route-West-Jimma,1.0,2025-08-25,2025-08-28
DEL-004294,ORD-004294,2025-08-29,2025-08-30,Route-Addis-Central,2.0,2025-08-29,2025-08-30
DEL-004295,ORD-004295,2025-12-10,2025-12-11,Route-South-Hawassa,1.0,2025-12-10,2025-12-11
DEL-004296,ORD-004296,2025-04-06,2025-04-07,Route-North-Corridor,3.0,2025-04-06,2025-04-07
DEL-004297,ORD-004297,2025-07-09,2025-07-11,Route-North-Corridor,5.0,2025-07-09,2025-07-11
DEL-004298,ORD-004298,2025-02-15,2025-02-18,Route-North-Corridor,2.0,2025-02-15,2025-02-18
DEL-004299,ORD-004299,2025-01-04,2025-01-06,Route-South-Hawassa,5.0,2025-01-04,2025-01-06
DEL-004300,ORD-004300,2025-06-02,2025-06-05,Route-East-Awash,3.0,2025-06-02,2025-06-05
DEL-004301,ORD-004301,2025-04-04,2025-04-05,Route-North-Corridor,2.0,2025-04-04,2025-04-05
DEL-004302,ORD-004302,2025-09-04,2025-09-05,Route-South-Hawassa,0.0,2025-09-04,2025-09-05
DEL-004303,ORD-004303,2025-10-30,2025-10-31,Route-East-Awash,,2025-10-30,2025-10-31
DEL-004304,ORD-004304,2025-05-27,2025-05-28,Route-South-Hawassa,1.0,2025-05-27,2025-05-28
DEL-004305,ORD-004305,2025-09-20,2025-09-22,Route-North-Corridor,3.0,2025-09-20,2025-09-22
DEL-004306,ORD-004306,2025-04-13,2025-04-15,Route-West-Jimma,3.0,2025-04-13,2025-04-15
DEL-004307,ORD-004307,2025-01-22,2025-01-26,Route-Addis-Central,5.0,2025-01-22,2025-01-26
DEL-004308,ORD-004308,2025-02-11,2025-02-14,Route-North-Corridor,2.0,2025-02-11,2025-02-14
DEL-004309,ORD-004309,2025-01-14,2025-01-16,Route-North-Corridor,3.0,2025-01-14,2025-01-16
DEL-004310,ORD-004310,2025-09-12,2025-09-13,Route-Addis-Central,3.0,2025-09-12,2025-09-13
DEL-004311,ORD-004311,2025-01-23,2025-01-24,Route-Addis-Central,3.0,2025-01-23,2025-01-24
DEL-004312,ORD-004312,2025-11-25,2025-11-27,Route-West-Jimma,20.0,2025-11-25,2025-11-27
DEL-004313,ORD-004313,2025-02-01,2025-02-02,Route-Addis-Central,1.0,2025-02-01,2025-02-02
DEL-004314,ORD-004314,2025-11-25,2025-11-26,Route-South-Hawassa,10.0,2025-11-25,2025-11-26
DEL-004315,ORD-004315,2025-08-06,2025-08-08,Route-East-Awash,4.0,2025-08-06,2025-08-08
DEL-004316,ORD-004316,2025-05-21,2025-05-24,Route-West-Jimma,2.0,2025-05-21,2025-05-24
DEL-004317,ORD-004317,2025-07-23,2025-07-24,Route-West-Jimma,1.0,2025-07-23,2025-07-24
DEL-004318,ORD-004318,2025-03-24,2025-03-25,,0.0,2025-03-24,2025-03-25
DEL-004319,ORD-004319,2025-02-20,2025-02-22,Route-North-Corridor,5.0,2025-02-20,2025-02-22
DEL-004320,ORD-004320,2025-10-03,2025-10-05,Route-South-Hawassa,1.0,2025-10-03,2025-10-05
DEL-004321,ORD-004321,2025-11-24,2025-11-25,Route-West-Jimma,5.0,2025-11-24,2025-11-25
DEL-004322,ORD-004322,2025-11-10,2025-11-12,Route-West-Jimma,1.0,2025-11-10,2025-11-12
DEL-004323,ORD-004323,2025-02-21,2025-02-23,Route-North-Corridor,1.0,2025-02-21,2025-02-23
DEL-004324,ORD-004324,2025-09-04,2025-09-05,Route-North-Corridor,2.0,2025-09-04,2025-09-05
DEL-004325,ORD-004325,2025-05-02,2025-05-04,Route-West-Jimma,1.0,2025-05-02,2025-05-04
DEL-004326,ORD-004326,2025-09-10,2025-09-13,Route-East-Awash,4.0,2025-09-10,2025-09-13
DEL-004327,ORD-004327,2025-04-06,2025-04-07,Route-North-Corridor,2.0,2025-04-06,2025-04-07
DEL-004328,ORD-004328,2025-05-28,2025-05-29,Route-East-Awash,0.0,2025-05-28,2025-05-29
DEL-004329,ORD-004329,2025-01-02,2025-01-04,Route-Addis-Central,2.0,2025-01-02,2025-01-04
DEL-004330,ORD-004330,2025-02-27,2025-03-01,Route-West-Jimma,,2025-02-27,2025-03-01
DEL-004331,ORD-004331,2025-09-02,2025-09-03,Route-South-Hawassa,5.0,2025-09-02,2025-09-03
DEL-004332,ORD-004332,2025-08-16,2025-08-17,Route-East-Awash,3.0,2025-08-16,2025-08-17
DEL-004333,ORD-004333,2025-02-23,2025-02-24,Route-East-Awash,9.0,2025-02-23,2025-02-24
DEL-004334,ORD-004334,2025-01-14,2025-01-15,Route-North-Corridor,5.0,2025-01-14,2025-01-15
DEL-004335,ORD-004335,2025-05-14,2025-05-16,Route-North-Corridor,2.0,2025-05-14,2025-05-16
DEL-004336,ORD-004336,2025-10-29,2025-11-01,Route-North-Corridor,5.0,2025-10-29,2025-11-01
DEL-004337,ORD-004337,2025-03-15,2025-03-18,Route-South-Hawassa,3.0,2025-03-15,2025-03-18
DEL-004338,ORD-004338,2025-03-31,2025-04-01,Route-East-Awash,4.0,2025-03-31,2025-04-01
DEL-004339,ORD-004339,2025-05-24,2025-05-26,Route-Addis-Central,1.0,2025-05-24,2025-05-26
DEL-004340,ORD-004340,2025-08-26,2025-08-27,,3.0,2025-08-26,2025-08-27
DEL-004342,ORD-004342,2025-06-07,2025-06-08,Route-Addis-Central,1.0,2025-06-07,2025-06-08
DEL-004343,ORD-004343,2025-11-23,2025-11-25,Route-Addis-Central,0.0,2025-11-23,2025-11-25
DEL-004344,ORD-004344,2025-09-27,2025-09-28,Route-Addis-Central,2.0,2025-09-27,2025-09-28
DEL-004345,ORD-004345,2025-09-15,2025-09-16,Route-Addis-Central,,2025-09-15,2025-09-16
DEL-004346,ORD-004346,2025-07-10,2025-07-11,Route-North-Corridor,0.0,2025-07-10,2025-07-11
DEL-004347,ORD-004347,2025-05-22,2025-05-24,Route-Addis-Central,9.0,2025-05-22,2025-05-24
DEL-004348,ORD-004348,2025-11-02,2025-11-03,Route-South-Hawassa,1.0,2025-11-02,2025-11-03
DEL-004349,ORD-004349,2025-09-25,2025-09-28,Route-South-Hawassa,2.0,2025-09-25,2025-09-28
DEL-004350,ORD-004350,2025-11-22,2025-11-24,Route-Addis-Central,12.0,2025-11-22,2025-11-24
DEL-004351,ORD-004351,2025-10-08,2025-10-10,Route-West-Jimma,2.0,2025-10-08,2025-10-10
DEL-004352,ORD-004352,2025-04-29,2025-05-02,Route-West-Jimma,3.0,2025-04-29,2025-05-02
DEL-004353,ORD-004353,2025-06-04,2025-06-06,Route-Addis-Central,1.0,2025-06-04,2025-06-06
DEL-004354,ORD-004354,2025-10-29,2025-10-30,Route-Addis-Central,1.0,2025-10-29,2025-10-30
DEL-004355,ORD-004355,2025-07-28,2025-08-01,ROUTE-NORTH-CORRIDOR,1.0,2025-07-28,2025-08-01
DEL-004356,ORD-004356,2025-02-18,2025-02-19,Route-East-Awash,6.0,2025-02-18,2025-02-19
DEL-004357,ORD-004357,2025-09-24,2025-09-25,Route-Addis-Central,2.0,2025-09-24,2025-09-25
DEL-004358,ORD-004358,2025-02-15,2025-02-17,Route-Addis-Central,1.0,2025-02-15,2025-02-17
DEL-004359,ORD-004359,2025-09-29,2025-09-30,Route-West-Jimma,3.0,2025-09-29,2025-09-30
DEL-004360,ORD-004360,2025-08-30,2025-09-01,Route Addis Central,5.0,2025-08-30,2025-09-01
DEL-004361,ORD-004361,2025-11-03,2025-11-04,Route-East-Awash,1.0,2025-11-03,2025-11-04
DEL-004362,ORD-004362,2025-03-24,2025-03-25,Route-North-Corridor,1.0,2025-03-24,2025-03-25
DEL-004363,ORD-004363,2025-07-25,2025-07-26,Route-East-Awash,2.0,2025-07-25,2025-07-26
DEL-004364,ORD-004364,2025-05-05,2025-05-06,Route-West-Jimma,3.0,2025-05-05,2025-05-06
DEL-004365,ORD-004365,2025-09-29,2025-09-30,Route-North-Corridor,1.0,2025-09-29,2025-09-30
DEL-004366,ORD-004366,2025-04-21,2025-04-24,Route-South-Hawassa,2.0,2025-04-21,2025-04-24
DEL-004367,ORD-004367,2025-02-05,2025-02-06,,,2025-02-05,2025-02-06
DEL-004368,ORD-004368,2025-08-14,2025-08-16,Route-South-Hawassa,2.0,2025-08-14,2025-08-16
DEL-004369,ORD-004369,2025-08-20,2025-08-22,Route-South-Hawassa,3.0,2025-08-20,2025-08-22
DEL-004370,ORD-004370,2025-11-06,2025-11-08,Route-North-Corridor,5.0,2025-11-06,2025-11-08
DEL-004371,ORD-004371,2025-08-25,2025-08-27,Route-South-Hawassa,4.0,2025-08-25,2025-08-27
DEL-004372,ORD-004372,2025-11-18,2025-11-20,Route-South-Hawassa,1.0,2025-11-18,2025-11-20
DEL-004373,ORD-004373,2025-04-20,2025-04-21,Route-North-Corridor,1.0,2025-04-20,2025-04-21
DEL-004374,ORD-004374,2025-10-03,2025-10-06,Route-West-Jimma,,2025-10-03,2025-10-06
DEL-004375,ORD-004375,2025-08-02,2025-08-03,Route-South-Hawassa,2.0,2025-08-02,2025-08-03
DEL-004376,ORD-004376,2025-08-04,2025-08-05,Route-South-Hawassa,5.0,2025-08-04,2025-08-05
DEL-004377,ORD-004377,2025-07-10,2025-07-11,Route-North-Corridor,2.0,2025-07-10,2025-07-11
DEL-004378,ORD-004378,2025-03-20,2025-03-23,Route-East-Awash,1.0,2025-03-20,2025-03-23
DEL-004379,ORD-004379,2025-11-10,2025-11-14,Route-Addis-Central,3.0,2025-11-10,2025-11-14
DEL-004380,ORD-004380,2025-12-11,2025-12-13,,2.0,2025-12-11,2025-12-13
DEL-004381,ORD-004381,2025-03-11,2025-03-14,Route-North-Corridor,2.0,2025-03-11,2025-03-14
DEL-004382,ORD-004382,2025-07-29,2025-07-30,Route-North-Corridor,2.0,2025-07-29,2025-07-30
DEL-004383,ORD-004383,2025-10-29,2025-10-30,Route-East-Awash,14.0,2025-10-29,2025-10-30
DEL-004384,ORD-004384,2025-12-02,2025-12-05,Route-South-Hawassa,1.0,2025-12-02,2025-12-05
DEL-004385,ORD-004385,2025-01-15,2025-01-17,Route-West-Jimma,2.0,2025-01-15,2025-01-17
DEL-004386,ORD-004386,2025-04-23,2025-04-24,Route-South-Hawassa,6.0,2025-04-23,2025-04-24
DEL-004387,ORD-004387,2025-05-22,2025-05-24,Route-Addis-Central,2.0,2025-05-22,2025-05-24
DEL-004388,ORD-004388,2025-04-03,2025-04-04,Route-South-Hawassa,1.0,2025-04-03,2025-04-04
DEL-004389,ORD-004389,2025-02-13,2025-02-14,Route-North-Corridor,3.0,2025-02-13,2025-02-14
DEL-004390,ORD-004390,2025-05-23,2025-05-24,Route-South-Hawassa,12.0,2025-05-23,2025-05-24
DEL-004391,ORD-004391,2025-06-14,2025-06-17,Route-West-Jimma,5.0,2025-06-14,2025-06-17
DEL-004392,ORD-004392,2025-08-22,2025-08-25,Route-West-Jimma,17.0,2025-08-22,2025-08-25
DEL-004393,ORD-004393,2025-04-30,2025-05-02,Route-East-Awash,2.0,2025-04-30,2025-05-02
DEL-004394,ORD-004394,2025-01-04,2025-01-08,Route-North-Corridor,0.0,2025-01-04,2025-01-08
DEL-004395,ORD-004395,2025-06-02,2025-06-04,Route-Addis-Central,7.0,2025-06-02,2025-06-04
DEL-004396,ORD-004396,2025-03-30,2025-03-31,Route-Addis-Central,3.0,2025-03-30,2025-03-31
DEL-004397,ORD-004397,2025-03-10,2025-03-11,Route-East-Awash,4.0,2025-03-10,2025-03-11
DEL-004398,ORD-004398,2025-01-05,2025-01-06,Route-East-Awash,2.0,2025-01-05,2025-01-06
DEL-004399,ORD-004399,2025-06-19,2025-06-20,Route-West-Jimma,3.0,2025-06-19,2025-06-20
DEL-004400,ORD-004400,2025-09-09,2025-09-13,Route-East-Awash,3.0,2025-09-09,2025-09-13
DEL-004401,ORD-004401,2025-07-24,2025-07-25,Route-North-Corridor,6.0,2025-07-24,2025-07-25
DEL-004402,ORD-004402,2025-05-06,2025-05-07,Route-Addis-Central,1.0,2025-05-06,2025-05-07
DEL-004403,ORD-004403,2025-06-24,2025-06-26,Route-North-Corridor,2.0,2025-06-24,2025-06-26
DEL-004404,ORD-004404,2025-06-14,2025-06-17,Route-South-Hawassa,0.0,2025-06-14,2025-06-17
DEL-004405,ORD-004405,2025-08-04,2025-08-05,Route-West-Jimma,1.0,2025-08-04,2025-08-05
DEL-004406,ORD-004406,2025-08-06,2025-08-07,Route-West-Jimma,0.0,2025-08-06,2025-08-07
DEL-004407,ORD-004407,2025-06-25,2025-06-27,Route-Addis-Central,2.0,2025-06-25,2025-06-27
DEL-004408,ORD-004408,2025-02-26,2025-03-01,Route-West-Jimma,5.0,2025-02-26,2025-03-01
DEL-004409,ORD-004409,2025-05-04,2025-05-05,Route-North-Corridor,2.0,2025-05-04,2025-05-05
DEL-004410,ORD-004410,2025-05-06,2025-05-09,Route-North-Corridor,1.0,2025-05-06,2025-05-09
DEL-004411,ORD-004411,2025-11-20,2025-11-21,Route-East-Awash,6.0,2025-11-20,2025-11-21
DEL-004412,ORD-004412,2025-11-27,2025-11-29,Route-North-Corridor,3.0,2025-11-27,2025-11-29
DEL-004413,ORD-004413,2025-09-05,2025-09-08,Route-East-Awash,3.0,2025-09-05,2025-09-08
DEL-004414,ORD-004414,2025-03-26,2025-03-27,Route-South-Hawassa,7.0,2025-03-26,2025-03-27
DEL-004415,ORD-004415,2025-12-16,2025-12-17,Route-South-Hawassa,1.0,2025-12-16,2025-12-17
DEL-004416,ORD-004416,2025-11-22,2025-11-23,Route-East-Awash,4.0,2025-11-22,2025-11-23
DEL-004417,ORD-004417,2025-05-04,2025-05-07,Route-North-Corridor,1.0,2025-05-04,2025-05-07
DEL-004418,ORD-004418,2025-05-28,2025-05-29,Route-Addis-Central,1.0,2025-05-28,2025-05-29
DEL-004419,ORD-004419,2025-06-27,2025-06-28,Route-Addis-Central,4.0,2025-06-27,2025-06-28
DEL-004420,ORD-004420,2025-11-27,2025-11-28,Route-West-Jimma,1.0,2025-11-27,2025-11-28
DEL-004421,ORD-004421,2025-07-13,2025-07-17,Route-West-Jimma,3.0,2025-07-13,2025-07-17
DEL-004422,ORD-004422,2025-09-18,2025-09-20,Route-East-Awash,0.0,2025-09-18,2025-09-20
DEL-004423,ORD-004423,2025-12-13,2025-12-14,Route-South-Hawassa,6.0,2025-12-13,2025-12-14
DEL-004424,ORD-004424,2025-06-12,2025-06-13,Route-South-Hawassa,1.0,2025-06-12,2025-06-13
DEL-004425,ORD-004425,2025-01-03,2025-01-05,Route-North-Corridor,4.0,2025-01-03,2025-01-05
DEL-004426,ORD-004426,2025-07-15,2025-07-17,Route-West-Jimma,2.0,2025-07-15,2025-07-17
DEL-004427,ORD-004427,2025-02-18,2025-02-20,Route-East-Awash,2.0,2025-02-18,2025-02-20
DEL-004428,ORD-004428,2025-06-20,2025-06-22,Route-South-Hawassa,3.0,2025-06-20,2025-06-22
DEL-004429,ORD-004429,2025-02-27,2025-02-28,Route-South-Hawassa,3.0,2025-02-27,2025-02-28
DEL-004430,ORD-004430,2025-09-04,2025-09-05,Route-Addis-Central,3.0,2025-09-04,2025-09-05
DEL-004431,ORD-004431,2025-07-13,2025-07-16,Route-Addis-Central,2.0,2025-07-13,2025-07-16
DEL-004432,ORD-004432,2025-08-04,2025-08-05,Route-East-Awash,19.0,2025-08-04,2025-08-05
DEL-004433,ORD-004433,2025-09-24,2025-09-25,Route-North-Corridor,3.0,2025-09-24,2025-09-25
DEL-004434,ORD-004434,2025-04-25,2025-04-29,Route-North-Corridor,3.0,2025-04-25,2025-04-29
DEL-004435,ORD-004435,2025-03-11,2025-03-12,Route-Addis-Central,10.0,2025-03-11,2025-03-12
DEL-004436,ORD-004436,2025-06-04,2025-06-05,Route-West-Jimma,9.0,2025-06-04,2025-06-05
DEL-004437,ORD-004437,2025-06-29,2025-06-30,route-addis-central,4.0,2025-06-29,2025-06-30
DEL-004438,ORD-004438,2025-04-22,2025-04-23,Route-North-Corridor,3.0,2025-04-22,2025-04-23
DEL-004439,ORD-004439,2025-02-14,2025-02-17,Route-South-Hawassa,1.0,2025-02-14,2025-02-17
DEL-004440,ORD-004440,2025-10-22,2025-10-23,Route-Addis-Central,6.0,2025-10-22,2025-10-23
DEL-004441,ORD-004441,2025-10-05,2025-10-06,Route-East-Awash,5.0,2025-10-05,2025-10-06
DEL-004442,ORD-004442,2025-05-15,2025-05-17,Route-East-Awash,3.0,2025-05-15,2025-05-17
DEL-004443,ORD-004443,2025-05-04,2025-05-07,Route-East-Awash,1.0,2025-05-04,2025-05-07
DEL-004444,ORD-004444,2025-01-24,2025-01-27,Route-East-Awash,2.0,2025-01-24,2025-01-27
DEL-004445,ORD-004445,2025-02-18,2025-02-20,Route-South-Hawassa,2.0,2025-02-18,2025-02-20
DEL-004446,ORD-004446,2025-03-28,2025-03-29,Route-South-Hawassa,1.0,2025-03-28,2025-03-29
DEL-004447,ORD-004447,2025-06-17,2025-06-21,Route-South-Hawassa,8.0,2025-06-17,2025-06-21
DEL-004448,ORD-004448,2025-06-17,2025-06-18,Route-North-Corridor,4.0,2025-06-17,2025-06-18
DEL-004449,ORD-004449,2025-07-26,2025-07-29,Route-East-Awash,3.0,2025-07-26,2025-07-29
DEL-004450,ORD-004450,2025-12-18,2025-12-20,Route-Addis-Central,2.0,2025-12-18,2025-12-20
DEL-004451,ORD-004451,2025-04-30,2025-05-02,Route-North-Corridor,4.0,2025-04-30,2025-05-02
DEL-004452,ORD-004452,2025-12-31,2026-01-02,Route-West-Jimma,2.0,2025-12-31,2026-01-02
DEL-004453,ORD-004453,2025-09-01,2025-09-02,Route-Addis-Central,1.0,2025-09-01,2025-09-02
DEL-004454,ORD-004454,2025-08-08,2025-08-09,route-addis-central,5.0,2025-08-08,2025-08-09
DEL-004455,ORD-004455,2025-12-08,2025-12-11,Route-Addis-Central,0.0,2025-12-08,2025-12-11
DEL-004456,ORD-004456,2025-04-29,2025-05-02,Route-South-Hawassa,1.0,2025-04-29,2025-05-02
DEL-004457,ORD-004457,2025-08-13,2025-08-16,Route-North-Corridor,5.0,2025-08-13,2025-08-16
DEL-004458,ORD-004458,2025-09-19,2025-09-20,Route-North-Corridor,2.0,2025-09-19,2025-09-20
DEL-004459,ORD-004459,2025-11-08,2025-11-09,Route-North-Corridor,9.0,2025-11-08,2025-11-09
DEL-004460,ORD-004460,2025-04-27,2025-04-28,ROUTE-NORTH-CORRIDOR,2.0,2025-04-27,2025-04-28
DEL-004461,ORD-004461,2025-01-15,2025-01-17,Route-Addis-Central,2.0,2025-01-15,2025-01-17
DEL-004462,ORD-004462,2025-07-02,2025-07-04,Route-North-Corridor,3.0,2025-07-02,2025-07-04
DEL-004463,ORD-004463,2025-02-15,2025-02-18,Route-East-Awash,2.0,2025-02-15,2025-02-18
DEL-004464,ORD-004464,2025-08-12,2025-08-14,Route-Addis-Central,1.0,2025-08-12,2025-08-14
DEL-004465,ORD-004465,2025-11-02,2025-11-03,Route-West-Jimma,18.0,2025-11-02,2025-11-03
DEL-004466,ORD-004466,2025-04-21,2025-04-22,Route-South-Hawassa,2.0,2025-04-21,2025-04-22
DEL-004467,ORD-004467,2025-02-28,2025-03-01,Route-East-Awash,3.0,2025-02-28,2025-03-01
DEL-004468,ORD-004468,2025-09-01,2025-09-03,Route-South-Hawassa,1.0,2025-09-01,2025-09-03
DEL-004469,ORD-004469,2025-05-17,2025-05-19,Route-West-Jimma,1.0,2025-05-17,2025-05-19
DEL-004470,ORD-004470,2025-11-14,2025-11-18,Route-North-Corridor,1.0,2025-11-14,2025-11-18
DEL-004471,ORD-004471,2025-07-01,2025-07-04,Route-South-Hawassa,4.0,2025-07-01,2025-07-04
DEL-004472,ORD-004472,2025-02-13,2025-02-14,Route-North-Corridor,3.0,2025-02-13,2025-02-14
DEL-004473,ORD-004473,2025-10-30,2025-10-31,Route-East-Awash,2.0,2025-10-30,2025-10-31
DEL-004474,ORD-004474,2025-11-13,2025-11-16,Route-Addis-Central,1.0,2025-11-13,2025-11-16
DEL-004475,ORD-004475,2025-05-24,2025-05-27,Route-North-Corridor,4.0,2025-05-24,2025-05-27
DEL-004476,ORD-004476,2025-08-17,2025-08-19,Route-East-Awash,3.0,2025-08-17,2025-08-19
DEL-004477,ORD-004477,2025-09-19,2025-09-20,Route-West-Jimma,2.0,2025-09-19,2025-09-20
DEL-004478,ORD-004478,2025-05-15,2025-05-18,Route-East-Awash,3.0,2025-05-15,2025-05-18
DEL-004479,ORD-004479,2025-11-20,2025-11-24,Route-South-Hawassa,4.0,2025-11-20,2025-11-24
DEL-004480,ORD-004480,2025-01-24,2025-01-25,Route-South-Hawassa,10.0,2025-01-24,2025-01-25
DEL-004481,ORD-004481,2025-08-16,2025-08-17,Route-North-Corridor,1.0,2025-08-16,2025-08-17
DEL-004482,ORD-004482,2025-12-09,2025-12-10,Route-East-Awash,2.0,2025-12-09,2025-12-10
DEL-004483,ORD-004483,2025-03-27,2025-03-28,Route-West-Jimma,3.0,2025-03-27,2025-03-28
DEL-004484,ORD-004484,2025-05-28,2025-05-29,ROUTE-NORTH-CORRIDOR,1.0,2025-05-28,2025-05-29
DEL-004485,ORD-004485,2025-11-12,2025-11-13,Route-South-Hawassa,0.0,2025-11-12,2025-11-13
