cycle_id,agent_id,batch_id,initial_brooding_count,surviving_count,mortality_rate_pct,vaccination_compliance_pct,order_id
CYC-000002,AGT-0001,BATCH-202510-455,300.0,280.0,6.67,96.0,ORD-000002
CYC-000003,AGT-0001,BATCH-202509-401,200.0,187.0,6.5,,ORD-000003
CYC-000004,AGT-0001,BATCH-202509-772,200.0,193.0,3.5,95.0,ORD-000004
CYC-000005,AGT-0001,BATCH-202501-638,300.0,277.0,7.67,97.0,ORD-000005
CYC-000006,AGT-0001,BATCH-202506-137,200.0,195.0,2.5,76.0,ORD-000006
CYC-000007,AGT-0002,BATCH-202506-112,100.0,96.0,4.0,91.0,ORD-000007
CYC-000008,AGT-0002,BATCH-202510-796,200.0,192.0,4.0,82.0,ORD-000008
CYC-000009,AGT-0002,BATCH-202503-311,100.0,,5.0,91.0,ORD-000009
CYC-000010,AGT-0002,BATCH-202502-979,300.0,290.0,3.33,82.0,ORD-000010
CYC-000011,AGT-0002,BATCH-202506-903,300.0,289.0,3.67,79.0,ORD-000011
CYC-000012,AGT-0002,BATCH-202511-552,200.0,182.0,9.0,89.0,ORD-000012
CYC-000013,AGT-0002,BATCH-202501-888,100.0,92.0,8.0,88.0,ORD-000013
CYC-000014,AGT-0003,BATCH-202504-688,200.0,182.0,9.0,92.0,ORD-000014
CYC-000015,AGT-0003,BATCH-202501-630,300.0,276.0,8.0,87.0,ORD-000015
CYC-000016,AGT-0003,BATCH-202503-622,300.0,287.0,4.33,86.0,ORD-000016
CYC-000017,AGT-0003,BATCH-202503-623,200.0,186.0,7.0,92.0,ORD-000017
CYC-000018,AGT-0003,BATCH-202509-764,200.0,192.0,4.0,83.0,ORD-000018
CYC-000019,AGT-0003,BATCH-202509-200,300.0,267.0,11.0,89.0,ORD-000019
CYC-000020,AGT-0003,BATCH-202501-866,100.0,94.0,6.0,76.0,ORD-000020
CYC-000021,AGT-0003,BATCH-202504-541,200.0,189.0,5.5,91.0,ORD-000021
CYC-000022,AGT-0003,BATCH-202501-893,200.0,189.0,5.5,81.0,ORD-000022
CYC-000023,AGT-0003,BATCH-202507-334,100.0,96.0,4.0,82.0,ORD-000023
CYC-000024,AGT-0003,BATCH-202504-712,200.0,197.0,1.5,91.0,ORD-000024
CYC-000025,AGT-0004,BATCH-202505-265,300.0,262.0,12.67,80.0,ORD-000025
CYC-000026,AGT-0004,BATCH-202507-538,300.0,264.0,12.0,83.0,ORD-000026
CYC-000027,AGT-0004,BATCH-202507-511,300.0,265.0,11.67,,ORD-000027
CYC-000028,AGT-0004,BATCH-202501-579,100.0,91.0,9.0,78.0,ORD-000028
CYC-000029,AGT-0004,BATCH-202511-760,200.0,180.0,10.0,74.0,ORD-000029
CYC-000030,AGT-0004,BATCH-202512-166,200.0,176.0,12.0,76.0,ORD-000030
CYC-000031,AGT-0004,BATCH-202512-515,100.0,92.0,8.0,75.0,ORD-000031
CYC-000032,AGT-0004,BATCH-202512-146,300.0,262.0,12.67,81.0,ORD-000032
CYC-000033,AGT-0004,BATCH-202510-479,100.0,88.0,12.0,84.0,ORD-000033
CYC-000034,AGT-0005,BATCH-202506-305,200.0,187.0,6.5,83.0,ORD-000034
CYC-000035,AGT-0005,BATCH-202508-404,500.0,489.0,2.2,85.0,ORD-000035
CYC-000036,AGT-0005,BATCH-202510-191,300.0,281.0,6.33,84.0,ORD-000036
CYC-000037,AGT-0005,,300.0,281.0,6.33,80.0,ORD-000037
CYC-000038,AGT-0005,BATCH-202512-339,300.0,283.0,5.67,88.0,ORD-000038
CYC-000039,AGT-0005,BATCH-202507-620,300.0,286.0,4.67,99.0,ORD-000039
CYC-000040,AGT-0005,BATCH-202508-218,200.0,,6.5,76.0,ORD-000040
CYC-000041,AGT-0006,BATCH-202505-851,300.0,297.0,1.0,90.0,ORD-000041
CYC-000042,AGT-0006,BATCH-202504-873,100.0,96.0,4.0,91.0,ORD-000042
CYC-000043,AGT-0006,BATCH-202508-813,200.0,188.0,6.0,85.0,ORD-000043
CYC-000044,AGT-0006,BATCH-202512-579,300.0,279.0,7.0,80.0,ORD-000044
CYC-000045,AGT-0006,BATCH-202502-236,100.0,93.0,7.0,97.0,ORD-000045
CYC-000046,AGT-0006,BATCH-202511-251,300.0,292.0,2.67,93.0,ORD-000046
CYC-000047,AGT-0006,BATCH-202510-921,300.0,297.0,1.0,95.0,ORD-000047
CYC-000048,AGT-0006,BATCH-202503-407,200.0,195.0,2.5,98.0,ORD-000048
CYC-000049,AGT-0006,BATCH-202504-877,300.0,284.0,5.33,87.0,ORD-000049
CYC-000050,AGT-0007,BATCH-202511-332,300.0,287.0,4.33,97.0,ORD-000050
CYC-000051,AGT-0007,BATCH-202506-152,200.0,191.0,4.5,91.0,ORD-000051
CYC-000052,AGT-0007,BATCH-202502-902,300.0,288.0,4.0,95.0,ORD-000052
CYC-000053,AGT-0007,,200.0,191.0,4.5,99.0,ORD-000053
CYC-000054,AGT-0007,BATCH-202501-339,500.0,479.0,4.2,83.0,ORD-000054
CYC-000055,AGT-0007,BATCH-202511-514,200.0,198.0,1.0,78.0,ORD-000055
CYC-000056,AGT-0007,BATCH-202508-812,300.0,297.0,1.0,92.0,ORD-000056
CYC-000057,AGT-0007,BATCH-202506-339,300.0,297.0,1.0,84.0,ORD-000057
CYC-000058,AGT-0007,BATCH-202510-521,200.0,191.0,4.5,90.0,ORD-000058
CYC-000059,AGT-0008,BATCH-202503-436,300.0,292.0,2.67,,ORD-000059
CYC-000060,AGT-0008,BATCH-202508-675,200.0,187.0,6.5,100.0,ORD-000060
CYC-000061,AGT-0008,BATCH-202505-649,100.0,94.0,6.0,99.0,ORD-000061
CYC-000062,AGT-0008,BATCH-202510-787,100.0,95.0,5.0,82.0,ORD-000062
CYC-000063,AGT-0008,BATCH-202508-325,100.0,97.0,3.0,95.0,ORD-000063
CYC-000064,AGT-0008,BATCH-202507-855,200.0,187.0,6.5,91.0,ORD-000064
CYC-000065,AGT-0008,BATCH-202511-890,300.0,281.0,6.33,98.0,ORD-000065
CYC-000066,AGT-0008,BATCH-202502-433,300.0,276.0,8.0,88.0,ORD-000066
CYC-000067,AGT-0008,BATCH-202504-341,300.0,279.0,7.0,99.0,ORD-000067
CYC-000068,AGT-0008,BATCH-202502-311,200.0,,6.5,77.0,ORD-000068
CYC-000069,AGT-0008,BATCH-202509-144,300.0,283.0,5.67,88.0,ORD-000069
CYC-000070,AGT-0008,BATCH-202508-937,200.0,188.0,6.0,84.0,ORD-000070
CYC-000071,AGT-0009,BATCH-202505-886,100.0,93.0,7.0,81.0,ORD-000071
CYC-000072,AGT-0009,BATCH-202510-782,1000.0,973.0,2.7,90.0,ORD-000072
CYC-000073,AGT-0009,BATCH-202505-888,200.0,188.0,6.0,85.0,ORD-000073
CYC-000074,AGT-0009,BATCH-202505-989,300.0,,4.33,78.0,ORD-000074
CYC-000075,AGT-0009,BATCH-202508-328,200.0,183.0,8.5,90.0,ORD-000075
CYC-000076,AGT-0009,BATCH-202511-997,300.0,288.0,4.0,81.0,ORD-000076
CYC-000077,AGT-0009,BATCH-202507-688,100.0,94.0,6.0,75.0,ORD-000077
CYC-000078,AGT-0009,BATCH-202504-814,300.0,279.0,7.0,77.0,ORD-000078
CYC-000079,AGT-0009,BATCH-202504-805,100.0,94.0,6.0,96.0,ORD-000079
CYC-000080,AGT-0009,BATCH-202506-836,1000.0,925.0,7.5,94.0,ORD-000080
CYC-000081,AGT-0010,BATCH-202505-151,200.0,188.0,6.0,89.0,ORD-000081
CYC-000082,AGT-0010,BATCH-202504-608,200.0,187.0,6.5,91.0,ORD-000082
CYC-000083,AGT-0010,BATCH-202506-700,200.0,180.0,10.0,85.0,ORD-000083
CYC-000084,AGT-0010,BATCH-202502-439,500.0,487.0,2.6,87.0,ORD-000084
CYC-000085,AGT-0010,BATCH-202510-761,100.0,93.0,7.0,85.0,ORD-000085
CYC-000086,AGT-0010,BATCH-202508-934,100.0,95.0,5.0,83.0,ORD-000086
CYC-000087,AGT-0010,BATCH-202502-907,500.0,451.0,9.8,84.0,ORD-000087
CYC-000088,AGT-0010,BATCH-202507-991,200.0,186.0,7.0,95.0,ORD-000088
CYC-000089,AGT-0010,BATCH-202501-420,100.0,97.0,3.0,92.0,ORD-000089
CYC-000090,AGT-0011,BATCH-202503-352,100.0,94.0,6.0,75.0,ORD-000090
CYC-000091,AGT-0011,BATCH-202510-269,300.0,283.0,5.67,80.0,ORD-000091
CYC-000092,AGT-0011,BATCH-202510-763,300.0,280.0,6.67,75.0,ORD-000092
CYC-000093,AGT-0011,BATCH-202509-514,300.0,274.0,8.67,78.0,ORD-000093
CYC-000094,AGT-0011,BATCH-202504-661,300.0,276.0,8.0,97.0,ORD-000094
CYC-000095,AGT-0011,BATCH-202504-765,200.0,188.0,6.0,75.0,ORD-000095
CYC-000096,AGT-0011,BATCH-202503-247,200.0,191.0,4.5,85.0,ORD-000096
CYC-000097,AGT-0011,BATCH-202510-891,200.0,193.0,3.5,87.0,ORD-000097
CYC-000098,AGT-0011,BATCH-202512-537,200.0,186.0,7.0,85.0,ORD-000098
CYC-000099,AGT-0011,BATCH-202503-797,300.0,284.0,5.33,89.0,ORD-000099
CYC-000100,AGT-0012,BATCH-202505-961,300.0,278.0,7.33,93.0,ORD-000100
CYC-000101,AGT-0012,BATCH-202502-475,200.0,188.0,6.0,98.0,ORD-000101
CYC-000102,AGT-0012,BATCH-202510-455,200.0,186.0,7.0,75.0,ORD-000102
CYC-000103,AGT-0012,BATCH-202505-822,200.0,191.0,4.5,81.0,ORD-000103
CYC-000104,AGT-0012,BATCH-202509-224,300.0,,6.67,89.0,ORD-000104
CYC-000105,AGT-0012,BATCH-202506-462,100.0,95.0,5.0,82.0,ORD-000105
CYC-000106,AGT-0012,BATCH-202505-955,500.0,480.0,4.0,88.0,ORD-000106
CYC-000107,AGT-0012,BATCH-202501-141,300.0,279.0,7.0,84.0,ORD-000107
CYC-000108,AGT-0013,BATCH-202511-170,200.0,176.0,12.0,68.0,ORD-000108
CYC-000109,AGT-0013,BATCH-202506-918,200.0,175.0,12.5,60.0,ORD-000109
CYC-000110,AGT-0013,BATCH-202503-946,200.0,177.0,11.5,83.0,ORD-000110
CYC-000111,AGT-0013,BATCH-202507-203,300.0,265.0,11.67,65.0,ORD-000111
CYC-000112,AGT-0013,BATCH-202501-164,200.0,166.0,17.0,62.0,ORD-000112
CYC-000113,AGT-0013,BATCH-202512-453,500.0,426.0,14.8,83.0,ORD-000113
CYC-000114,AGT-0014,BATCH-202501-634,200.0,187.0,6.5,,ORD-000114
CYC-000115,AGT-0014,BATCH-202505-419,200.0,181.0,9.5,91.0,ORD-000115
CYC-000116,AGT-0014,BATCH-202507-119,100.0,94.0,6.0,79.0,ORD-000116
CYC-000117,AGT-0014,BATCH-202512-314,300.0,277.0,7.67,86.0,ORD-000117
CYC-000118,AGT-0014,BATCH-202510-205,100.0,95.0,5.0,84.0,ORD-000118
CYC-000119,AGT-0014,BATCH-202511-657,500.0,465.0,7.0,89.0,ORD-000119
CYC-000120,AGT-0014,BATCH-202505-924,500.0,466.0,6.8,79.0,ORD-000120
CYC-000121,AGT-0014,BATCH-202504-425,200.0,186.0,7.0,76.0,ORD-000121
CYC-000122,AGT-0014,BATCH-202505-576,100.0,95.0,5.0,93.0,ORD-000122
CYC-000123,AGT-0014,BATCH-202505-258,500.0,463.0,7.4,,ORD-000123
CYC-000124,AGT-0015,BATCH-202508-518,1000.0,968.0,3.2,82.0,ORD-000124
CYC-000125,AGT-0015,,100.0,95.0,5.0,93.0,ORD-000125
CYC-000126,AGT-0015,BATCH-202511-942,500.0,482.0,3.6,99.0,ORD-000126
CYC-000127,AGT-0015,BATCH-202506-373,500.0,450.0,10.0,96.0,ORD-000127
CYC-000128,AGT-0015,BATCH-202501-352,200.0,191.0,4.5,81.0,ORD-000128
CYC-000129,AGT-0015,BATCH-202508-598,300.0,276.0,8.0,96.0,ORD-000129
CYC-000130,AGT-0015,BATCH-202505-747,200.0,186.0,7.0,91.0,ORD-000130
CYC-000131,AGT-0015,BATCH-202504-607,500.0,477.0,4.6,94.0,ORD-000131
CYC-000132,AGT-0015,BATCH-202503-205,500.0,482.0,3.6,77.0,ORD-000132
CYC-000133,AGT-0015,BATCH-202507-481,200.0,190.0,5.0,81.0,ORD-000133
CYC-000134,AGT-0016,BATCH-202503-545,500.0,471.0,5.8,99.0,ORD-000134
CYC-000135,AGT-0016,BATCH-202507-367,100.0,94.0,6.0,98.0,ORD-000135
CYC-000136,AGT-0016,BATCH-202506-388,200.0,184.0,8.0,88.0,ORD-000136
CYC-000137,AGT-0016,BATCH-202504-929,200.0,192.0,4.0,85.0,ORD-000137
CYC-000138,AGT-0016,BATCH-202503-686,200.0,189.0,5.5,79.0,ORD-000138
CYC-000139,AGT-0016,BATCH-202503-939,200.0,193.0,3.5,93.0,ORD-000139
CYC-000140,AGT-0016,BATCH-202505-275,100.0,94.0,6.0,77.0,ORD-000140
CYC-000141,AGT-0016,BATCH-202505-460,200.0,191.0,4.5,97.0,ORD-000141
CYC-000142,AGT-0016,BATCH-202511-682,300.0,271.0,9.67,80.0,ORD-000142
CYC-000143,AGT-0016,BATCH-202504-742,200.0,194.0,3.0,93.0,ORD-000143
CYC-000144,AGT-0017,BATCH-202510-918,100.0,88.0,12.0,67.0,ORD-000144
CYC-000145,AGT-0017,BATCH-202507-818,200.0,172.0,14.0,65.0,ORD-000145
CYC-000146,AGT-0017,BATCH-202508-464,200.0,169.0,15.5,78.0,ORD-000146
CYC-000147,AGT-0017,BATCH-202508-110,200.0,178.0,11.0,64.0,ORD-000147
CYC-000148,AGT-0017,BATCH-202503-308,300.0,265.0,11.67,60.0,ORD-000148
CYC-000149,AGT-0017,BATCH-202505-388,100.0,85.0,15.0,85.0,ORD-000149
CYC-000150,AGT-0017,BATCH-202512-369,300.0,257.0,14.33,60.0,ORD-000150
CYC-000151,AGT-0017,BATCH-202503-596,300.0,270.0,10.0,78.0,ORD-000151
CYC-000152,AGT-0017,BATCH-202512-980,300.0,251.0,16.33,65.0,ORD-000152
CYC-000153,AGT-0017,BATCH-202507-848,100.0,89.0,11.0,63.0,ORD-000153
CYC-000154,AGT-0017,BATCH-202510-676,300.0,257.0,14.33,59.0,ORD-000154
CYC-000155,AGT-0017,BATCH-202509-681,200.0,177.0,11.5,82.0,ORD-000155
CYC-000156,AGT-0018,BATCH-202502-621,300.0,289.0,3.67,85.0,ORD-000156
CYC-000157,AGT-0018,BATCH-202504-200,100.0,97.0,3.0,81.0,ORD-000157
CYC-000158,AGT-0018,BATCH-202512-911,100.0,97.0,3.0,98.0,ORD-000158
CYC-000159,AGT-0018,BATCH-202506-974,200.0,195.0,2.5,100.0,ORD-000159
CYC-000160,AGT-0018,BATCH-202501-412,300.0,289.0,3.67,82.0,ORD-000160
CYC-000161,AGT-0018,BATCH-202507-579,200.0,192.0,4.0,95.0,ORD-000161
CYC-000162,AGT-0018,BATCH-202512-217,200.0,195.0,2.5,78.0,ORD-000162
CYC-000163,AGT-0019,BATCH-202509-637,300.0,277.0,7.67,88.0,ORD-000163
CYC-000164,AGT-0019,BATCH-202505-955,200.0,189.0,5.5,76.0,ORD-000164
CYC-000165,AGT-0019,BATCH-202505-337,1000.0,981.0,1.9,85.0,ORD-000165
CYC-000166,AGT-0019,BATCH-202509-429,300.0,296.0,1.33,99.0,ORD-000166
CYC-000167,AGT-0019,BATCH-202503-700,200.0,183.0,8.5,97.0,ORD-000167
CYC-000168,AGT-0019,BATCH-202507-213,500.0,465.0,7.0,95.0,ORD-000168
CYC-000169,AGT-0019,BATCH-202504-986,100.0,95.0,5.0,85.0,ORD-000169
CYC-000170,AGT-0019,BATCH-202508-395,200.0,185.0,7.5,90.0,ORD-000170
CYC-000171,AGT-0019,BATCH-202511-860,500.0,488.0,2.4,79.0,ORD-000171
CYC-000172,AGT-0019,BATCH-202503-871,500.0,480.0,4.0,,ORD-000172
CYC-000173,AGT-0019,BATCH-202512-767,500.0,475.0,5.0,77.0,ORD-000173
CYC-000174,AGT-0020,BATCH-202508-810,500.0,495.0,1.0,84.0,ORD-000174
CYC-000175,AGT-0020,BATCH-202508-987,100.0,96.0,4.0,83.0,ORD-000175
CYC-000176,AGT-0020,BATCH-202503-829,1000.0,930.0,7.0,,ORD-000176
CYC-000177,AGT-0020,BATCH-202503-898,200.0,198.0,1.0,100.0,ORD-000177
CYC-000178,AGT-0020,BATCH-202505-325,1000.0,990.0,1.0,87.0,ORD-000178
CYC-000179,AGT-0020,BATCH-202512-900,1000.0,955.0,4.5,92.0,ORD-000179
CYC-000180,AGT-0020,BATCH-202512-427,200.0,180.0,10.0,100.0,ORD-000180
CYC-000181,AGT-0021,BATCH-202503-742,200.0,189.0,5.5,91.0,ORD-000181
CYC-000182,AGT-0021,BATCH-202501-672,200.0,188.0,6.0,94.0,ORD-000182
CYC-000183,AGT-0021,BATCH-202505-392,200.0,185.0,7.5,84.0,ORD-000183
CYC-000184,AGT-0021,BATCH-202509-179,1000.0,924.0,7.6,96.0,ORD-000184
CYC-000185,AGT-0021,BATCH-202508-882,200.0,185.0,7.5,96.0,ORD-000185
CYC-000186,AGT-0021,BATCH-202507-336,200.0,183.0,8.5,95.0,ORD-000186
CYC-000187,AGT-0021,BATCH-202503-770,300.0,285.0,5.0,78.0,ORD-000187
CYC-000188,AGT-0021,BATCH-202504-972,200.0,189.0,5.5,91.0,ORD-000188
CYC-000189,AGT-0021,BATCH-202510-839,100.0,93.0,7.0,82.0,ORD-000189
CYC-000190,AGT-0021,BATCH-202502-526,300.0,286.0,4.67,99.0,ORD-000190
CYC-000191,AGT-0021,BATCH-202505-101,500.0,469.0,6.2,82.0,ORD-000191
CYC-000192,AGT-0022,BATCH-202511-752,200.0,185.0,7.5,90.0,ORD-000192
CYC-000193,AGT-0022,BATCH-202504-341,200.0,196.0,2.0,94.0,ORD-000193
CYC-000194,AGT-0022,BATCH-202509-225,100.0,95.0,5.0,85.0,ORD-000194
CYC-000195,AGT-0022,BATCH-202510-661,200.0,191.0,4.5,85.0,ORD-000195
CYC-000196,AGT-0022,BATCH-202509-925,300.0,284.0,5.33,80.0,ORD-000196
CYC-000197,AGT-0022,BATCH-202511-151,200.0,194.0,3.0,92.0,ORD-000197
CYC-000198,AGT-0022,BATCH-202510-167,200.0,191.0,4.5,85.0,ORD-000198
CYC-000199,AGT-0022,BATCH-202509-283,100.0,92.0,8.0,94.0,ORD-000199
CYC-000200,AGT-0022,BATCH-202507-566,200.0,198.0,1.0,99.0,ORD-000200
CYC-000201,AGT-0022,BATCH-202512-275,1000.0,927.0,7.3,90.0,ORD-000201
CYC-000202,AGT-0023,BATCH-202508-326,200.0,197.0,1.5,94.0,ORD-000202
CYC-000203,AGT-0023,BATCH-202509-246,200.0,198.0,1.0,87.0,ORD-000203
CYC-000204,AGT-0023,BATCH-202505-495,500.0,495.0,1.0,89.0,ORD-000204
CYC-000205,AGT-0023,BATCH-202510-211,100.0,,2.0,92.0,ORD-000205
CYC-000206,AGT-0023,BATCH-202503-532,200.0,190.0,5.0,76.0,ORD-000206
CYC-000207,AGT-0023,BATCH-202508-672,1000.0,989.0,1.1,94.0,ORD-000207
CYC-000208,AGT-0023,BATCH-202507-408,200.0,194.0,3.0,96.0,ORD-000208
CYC-000209,AGT-0023,BATCH-202505-733,300.0,291.0,3.0,89.0,ORD-000209
CYC-000210,AGT-0023,BATCH-202506-602,1000.0,926.0,7.4,94.0,ORD-000210
CYC-000211,AGT-0023,BATCH-202510-742,300.0,289.0,3.67,91.0,ORD-000211
CYC-000212,AGT-0024,BATCH-202511-556,200.0,184.0,8.0,83.0,ORD-000212
CYC-000213,AGT-0024,BATCH-202505-611,300.0,276.0,8.0,87.0,ORD-000213
CYC-000214,AGT-0024,BATCH-202501-119,300.0,274.0,8.67,81.0,ORD-000214
CYC-000215,AGT-0024,BATCH-202503-406,300.0,281.0,6.33,85.0,ORD-000215
CYC-000216,AGT-0024,BATCH-202508-103,200.0,185.0,7.5,96.0,ORD-000216
CYC-000217,AGT-0024,BATCH-202512-480,200.0,190.0,5.0,84.0,ORD-000217
CYC-000218,AGT-0024,BATCH-202506-691,300.0,278.0,7.33,99.0,ORD-000218
CYC-000219,AGT-0025,BATCH-202512-377,200.0,182.0,9.0,84.0,ORD-000219
CYC-000220,AGT-0025,BATCH-202510-612,200.0,196.0,2.0,79.0,ORD-000220
CYC-000221,AGT-0025,BATCH-202503-235,300.0,279.0,7.0,93.0,ORD-000221
CYC-000222,AGT-0025,BATCH-202506-722,200.0,186.0,7.0,97.0,ORD-000222
CYC-000223,AGT-0025,BATCH-202512-536,300.0,290.0,3.33,97.0,ORD-000223
CYC-000224,AGT-0025,BATCH-202511-444,1000.0,929.0,7.1,90.0,ORD-000224
CYC-000225,AGT-0025,BATCH-202509-591,300.0,297.0,1.0,88.0,ORD-000225
CYC-000226,AGT-0025,BATCH-202512-166,200.0,191.0,4.5,83.0,ORD-000226
CYC-000227,AGT-0025,BATCH-202508-944,500.0,476.0,4.8,89.0,ORD-000227
CYC-000228,AGT-0025,BATCH-202511-660,100.0,93.0,7.0,85.0,ORD-000228
CYC-000229,AGT-0026,BATCH-202505-564,300.0,281.0,6.33,82.0,ORD-000229
CYC-000230,AGT-0026,BATCH-202502-180,300.0,282.0,6.0,97.0,ORD-000230
CYC-000231,AGT-0026,BATCH-202508-176,200.0,190.0,5.0,97.0,ORD-000231
CYC-000232,AGT-0026,BATCH-202507-256,300.0,,6.0,78.0,ORD-000232
CYC-000233,AGT-0026,BATCH-202503-960,200.0,185.0,7.5,86.0,ORD-000233
CYC-000234,AGT-0026,BATCH-202511-988,100.0,94.0,6.0,85.0,ORD-000234
CYC-000235,AGT-0026,BATCH-202508-183,200.0,186.0,7.0,81.0,ORD-000235
CYC-000236,AGT-0026,BATCH-202503-577,200.0,195.0,2.5,78.0,ORD-000236
CYC-000237,AGT-0026,BATCH-202507-962,200.0,196.0,2.0,78.0,ORD-000237
CYC-000238,AGT-0026,BATCH-202507-395,500.0,471.0,5.8,84.0,ORD-000238
CYC-000239,AGT-0027,,200.0,190.0,5.0,77.0,ORD-000239
CYC-000240,AGT-0027,BATCH-202512-701,200.0,184.0,8.0,94.0,ORD-000240
CYC-000241,AGT-0027,BATCH-202504-899,200.0,188.0,6.0,86.0,ORD-000241
CYC-000242,AGT-0027,BATCH-202507-748,100.0,92.0,8.0,93.0,ORD-000242
CYC-000243,AGT-0027,BATCH-202506-169,300.0,278.0,7.33,99.0,ORD-000243
CYC-000244,AGT-0027,BATCH-202509-628,300.0,292.0,2.67,91.0,ORD-000244
CYC-000245,AGT-0027,BATCH-202509-932,300.0,279.0,7.0,100.0,ORD-000245
CYC-000246,AGT-0027,BATCH-202507-240,500.0,484.0,3.2,86.0,ORD-000246
CYC-000247,AGT-0027,BATCH-202506-310,200.0,192.0,4.0,99.0,ORD-000247
CYC-000248,AGT-0027,BATCH-202502-838,300.0,275.0,8.33,83.0,ORD-000248
CYC-000249,AGT-0027,BATCH-202509-845,200.0,183.0,8.5,99.0,ORD-000249
CYC-000251,AGT-0028,BATCH-202508-452,200.0,187.0,6.5,95.0,ORD-000251
CYC-000252,AGT-0028,BATCH-202501-344,300.0,280.0,6.67,86.0,ORD-000252
CYC-000253,AGT-0028,BATCH-202510-601,300.0,275.0,8.33,75.0,ORD-000253
CYC-000254,AGT-0028,BATCH-202508-716,200.0,191.0,4.5,99.0,ORD-000254
CYC-000255,AGT-0028,BATCH-202504-757,300.0,278.0,7.33,86.0,ORD-000255
CYC-000256,AGT-0028,BATCH-202508-776,200.0,187.0,6.5,99.0,ORD-000256
CYC-000257,AGT-0028,BATCH-202512-845,200.0,182.0,9.0,99.0,ORD-000257
CYC-000258,AGT-0028,BATCH-202510-556,1000.0,928.0,7.2,80.0,ORD-000258
CYC-000259,AGT-0029,BATCH-202510-469,200.0,189.0,5.5,75.0,ORD-000259
CYC-000260,AGT-0029,BATCH-202506-601,100.0,97.0,3.0,85.0,ORD-000260
CYC-000261,AGT-0029,BATCH-202504-858,200.0,187.0,6.5,90.0,ORD-000261
CYC-000262,AGT-0029,BATCH-202512-919,200.0,185.0,7.5,82.0,ORD-000262
CYC-000263,AGT-0029,BATCH-202511-508,100.0,93.0,7.0,77.0,ORD-000263
CYC-000264,AGT-0029,BATCH-202507-100,100.0,93.0,7.0,96.0,ORD-000264
CYC-000265,AGT-0030,BATCH-202508-515,300.0,283.0,5.67,84.0,ORD-000265
CYC-000266,AGT-0030,BATCH-202503-580,300.0,279.0,7.0,75.0,ORD-000266
CYC-000267,AGT-0030,BATCH-202503-544,200.0,188.0,6.0,83.0,ORD-000267
CYC-000268,AGT-0030,BATCH-202509-539,100.0,95.0,5.0,93.0,ORD-000268
CYC-000269,AGT-0030,BATCH-202511-765,100.0,92.0,8.0,91.0,ORD-000269
CYC-000270,AGT-0030,BATCH-202509-782,1000.0,910.0,9.0,99.0,ORD-000270
CYC-000271,AGT-0030,BATCH-202509-154,100.0,90.0,10.0,88.0,ORD-000271
CYC-000272,AGT-0030,BATCH-202506-862,100.0,95.0,5.0,83.0,ORD-000272
CYC-000273,AGT-0030,BATCH-202511-226,300.0,283.0,5.67,91.0,ORD-000273
CYC-000274,AGT-0030,BATCH-202502-774,300.0,289.0,3.67,80.0,ORD-000274
CYC-000275,AGT-0031,BATCH-202505-581,100.0,98.0,2.0,76.0,ORD-000275
CYC-000276,AGT-0031,BATCH-202507-372,200.0,198.0,1.0,76.0,ORD-000276
CYC-000277,AGT-0031,BATCH-202510-604,100.0,96.0,4.0,99.0,ORD-000277
CYC-000278,AGT-0031,BATCH-202508-642,200.0,195.0,2.5,88.0,ORD-000278
CYC-000279,AGT-0031,BATCH-202510-407,200.0,190.0,5.0,88.0,ORD-000279
CYC-000280,AGT-0031,BATCH-202505-565,200.0,187.0,6.5,100.0,ORD-000280
CYC-000281,AGT-0031,BATCH-202501-621,500.0,488.0,2.4,77.0,ORD-000281
CYC-000282,AGT-0031,BATCH-202509-161,200.0,198.0,1.0,100.0,ORD-000282
CYC-000283,AGT-0031,BATCH-202503-930,300.0,292.0,2.67,90.0,ORD-000283
CYC-000284,AGT-0031,BATCH-202511-906,200.0,197.0,1.5,79.0,ORD-000284
CYC-000285,AGT-0031,BATCH-202509-874,100.0,96.0,4.0,99.0,ORD-000285
CYC-000286,AGT-0032,BATCH-202503-186,300.0,286.0,4.67,90.0,ORD-000286
CYC-000287,AGT-0032,BATCH-202509-628,200.0,188.0,6.0,80.0,ORD-000287
CYC-000288,AGT-0032,BATCH-202510-173,300.0,277.0,7.67,100.0,ORD-000288
CYC-000289,AGT-0032,BATCH-202509-173,500.0,467.0,6.6,84.0,ORD-000289
CYC-000290,AGT-0032,BATCH-202508-846,200.0,182.0,9.0,90.0,ORD-000290
CYC-000291,AGT-0032,BATCH-202508-627,300.0,280.0,6.67,95.0,ORD-000291
CYC-000292,AGT-0032,BATCH-202511-921,200.0,191.0,4.5,87.0,ORD-000292
CYC-000293,AGT-0033,BATCH-202502-528,100.0,95.0,5.0,98.0,ORD-000293
CYC-000294,AGT-0033,BATCH-202512-808,1000.0,974.0,2.6,87.0,ORD-000294
CYC-000295,AGT-0033,BATCH-202509-736,200.0,182.0,9.0,79.0,ORD-000295
CYC-000296,AGT-0033,BATCH-202504-930,500.0,464.0,7.2,89.0,ORD-000296
CYC-000297,AGT-0033,BATCH-202505-791,300.0,272.0,9.33,83.0,ORD-000297
CYC-000298,AGT-0033,BATCH-202509-980,200.0,186.0,7.0,99.0,ORD-000298
CYC-000299,AGT-0033,BATCH-202507-679,100.0,93.0,7.0,78.0,ORD-000299
CYC-000300,AGT-0033,BATCH-202504-662,200.0,189.0,5.5,,ORD-000300
CYC-000301,AGT-0034,BATCH-202508-516,200.0,183.0,8.5,85.0,ORD-000301
CYC-000302,AGT-0034,BATCH-202501-829,200.0,186.0,7.0,87.0,ORD-000302
CYC-000303,AGT-0034,BATCH-202508-900,100.0,91.0,9.0,94.0,ORD-000303
CYC-000304,AGT-0034,BATCH-202501-823,100.0,92.0,8.0,90.0,ORD-000304
CYC-000305,AGT-0034,BATCH-202501-477,200.0,191.0,4.5,79.0,ORD-000305
CYC-000306,AGT-0034,BATCH-202502-838,200.0,192.0,4.0,100.0,ORD-000306
CYC-000307,AGT-0035,BATCH-202506-704,300.0,284.0,5.33,82.0,ORD-000307
CYC-000308,AGT-0035,BATCH-202503-725,300.0,287.0,4.33,77.0,ORD-000308
CYC-000309,AGT-0035,BATCH-202507-902,100.0,90.0,10.0,94.0,ORD-000309
CYC-000310,AGT-0035,BATCH-202510-915,1000.0,957.0,4.3,86.0,ORD-000310
CYC-000311,AGT-0035,BATCH-202505-751,200.0,193.0,3.5,83.0,ORD-000311
CYC-000312,AGT-0035,BATCH-202506-983,300.0,280.0,6.67,81.0,ORD-000312
CYC-000313,AGT-0035,BATCH-202507-283,100.0,92.0,8.0,81.0,ORD-000313
CYC-000314,AGT-0035,BATCH-202509-598,300.0,285.0,5.0,80.0,ORD-000314
CYC-000315,AGT-0036,BATCH-202509-699,300.0,268.0,10.67,70.0,ORD-000315
CYC-000316,AGT-0036,BATCH-202512-912,200.0,183.0,8.5,76.0,ORD-000316
CYC-000317,AGT-0036,BATCH-202502-342,300.0,259.0,13.67,79.0,ORD-000317
CYC-000318,AGT-0036,BATCH-202506-422,500.0,427.0,14.6,,ORD-000318
CYC-000319,AGT-0036,BATCH-202502-481,100.0,88.0,12.0,80.0,ORD-000319
CYC-000320,AGT-0036,BATCH-202512-139,200.0,179.0,10.5,66.0,ORD-000320
CYC-000321,AGT-0036,BATCH-202509-683,200.0,174.0,13.0,83.0,ORD-000321
CYC-000322,AGT-0036,BATCH-202508-346,100.0,89.0,11.0,82.0,ORD-000322
CYC-000323,AGT-0036,BATCH-202505-497,300.0,265.0,11.67,60.0,ORD-000323
CYC-000324,AGT-0036,BATCH-202503-280,200.0,174.0,13.0,75.0,ORD-000324
CYC-000325,AGT-0037,BATCH-202503-265,300.0,286.0,4.67,99.0,ORD-000325
CYC-000326,AGT-0037,BATCH-202503-565,300.0,293.0,2.33,86.0,ORD-000326
CYC-000327,AGT-0037,BATCH-202510-688,200.0,192.0,4.0,93.0,ORD-000327
CYC-000328,AGT-0037,BATCH-202508-176,300.0,297.0,1.0,98.0,ORD-000328
CYC-000329,AGT-0037,BATCH-202510-862,300.0,290.0,3.33,90.0,ORD-000329
CYC-000330,AGT-0037,BATCH-202510-656,500.0,487.0,2.6,96.0,ORD-000330
CYC-000331,AGT-0038,BATCH-202502-484,200.0,191.0,4.5,81.0,ORD-000331
CYC-000332,AGT-0038,BATCH-202508-230,300.0,276.0,8.0,86.0,ORD-000332
CYC-000333,AGT-9999,BATCH-202501-688,300.0,257.0,14.33,,ORD-000333
CYC-000334,AGT-0038,BATCH-202501-639,200.0,184.0,8.0,87.0,ORD-000334
CYC-000335,AGT-0038,BATCH-202507-716,200.0,185.0,7.5,86.0,ORD-000335
CYC-000336,AGT-0038,BATCH-202508-691,100.0,91.0,9.0,78.0,ORD-000336
CYC-000337,AGT-0038,BATCH-202508-796,100.0,96.0,4.0,86.0,ORD-000337
CYC-000338,AGT-0038,BATCH-202508-881,200.0,187.0,6.5,92.0,ORD-000338
CYC-000339,AGT-0038,BATCH-202506-399,100.0,93.0,7.0,93.0,ORD-000339
CYC-000340,AGT-0038,BATCH-202508-402,200.0,191.0,4.5,,ORD-000340
CYC-000341,AGT-0038,BATCH-202501-426,300.0,283.0,5.67,83.0,ORD-000341
CYC-000342,AGT-0039,BATCH-202503-254,500.0,449.0,10.2,98.0,ORD-000342
CYC-000343,AGT-0039,BATCH-202506-946,200.0,191.0,4.5,77.0,ORD-000343
CYC-000344,AGT-0039,BATCH-202505-507,200.0,190.0,5.0,78.0,ORD-000344
CYC-000345,AGT-0039,BATCH-202511-156,200.0,185.0,7.5,77.0,ORD-000345
CYC-000346,AGT-0039,BATCH-202506-554,300.0,270.0,10.0,96.0,ORD-000346
CYC-000347,AGT-0039,BATCH-202501-754,1000.0,877.0,12.3,,ORD-000347
CYC-000348,AGT-0039,BATCH-202507-664,200.0,183.0,8.5,76.0,ORD-000348
CYC-000349,AGT-0039,BATCH-202507-903,200.0,186.0,7.0,100.0,ORD-000349
CYC-000350,AGT-0039,BATCH-202508-481,100.0,91.0,9.0,79.0,ORD-000350
CYC-000352,AGT-0040,BATCH-202511-296,500.0,490.0,2.0,97.0,ORD-000352
CYC-000353,AGT-0040,BATCH-202502-806,200.0,195.0,2.5,85.0,ORD-000353
CYC-000354,AGT-0040,BATCH-202504-230,100.0,96.0,4.0,95.0,ORD-000354
CYC-000355,AGT-0040,,300.0,283.0,5.67,83.0,ORD-000355
CYC-000356,AGT-0040,BATCH-202509-430,100.0,97.0,3.0,100.0,ORD-000356
CYC-000357,AGT-0040,BATCH-202510-427,300.0,291.0,3.0,94.0,ORD-000357
CYC-000358,AGT-0040,BATCH-202504-698,200.0,192.0,4.0,94.0,ORD-000358
CYC-000359,AGT-0040,BATCH-202503-785,200.0,193.0,3.5,80.0,ORD-000359
CYC-000360,AGT-0040,BATCH-202509-188,300.0,295.0,1.67,91.0,ORD-000360
CYC-000361,AGT-0040,BATCH-202504-336,200.0,187.0,6.5,84.0,ORD-000361
CYC-000362,AGT-0040,BATCH-202505-323,200.0,185.0,7.5,99.0,ORD-000362
CYC-000363,AGT-0041,BATCH-202504-494,200.0,191.0,4.5,91.0,ORD-000363
CYC-000364,AGT-0041,BATCH-202508-986,200.0,192.0,4.0,,ORD-000364
CYC-000365,AGT-0041,BATCH-202510-621,200.0,195.0,2.5,78.0,ORD-000365
CYC-000366,AGT-0041,BATCH-202507-615,100.0,99.0,1.0,98.0,ORD-000366
CYC-000367,AGT-0041,BATCH-202501-584,200.0,196.0,2.0,80.0,ORD-000367
CYC-000368,AGT-0041,BATCH-202511-200,100.0,98.0,2.0,80.0,ORD-000368
CYC-000369,AGT-0041,BATCH-202512-189,100.0,96.0,4.0,97.0,ORD-000369
CYC-000370,AGT-0042,BATCH-202512-580,300.0,286.0,4.67,83.0,ORD-000370
CYC-000371,AGT-0042,BATCH-202512-463,300.0,291.0,3.0,77.0,ORD-000371
CYC-000372,AGT-0042,BATCH-202512-467,200.0,188.0,6.0,98.0,ORD-000372
CYC-000373,AGT-0042,BATCH-202510-918,300.0,285.0,5.0,90.0,ORD-000373
CYC-000374,AGT-0042,BATCH-202507-555,300.0,287.0,4.33,90.0,ORD-000374
CYC-000375,AGT-0042,BATCH-202510-902,200.0,189.0,5.5,83.0,ORD-000375
CYC-000376,AGT-0042,BATCH-202504-424,300.0,289.0,3.67,92.0,ORD-000376
CYC-000377,AGT-0042,BATCH-202511-713,200.0,179.0,10.5,77.0,ORD-000377
CYC-000378,AGT-0043,BATCH-202508-334,500.0,475.0,5.0,76.0,ORD-000378
CYC-000379,AGT-0043,BATCH-202502-670,300.0,279.0,7.0,82.0,ORD-000379
CYC-000380,AGT-0043,BATCH-202511-546,300.0,266.0,11.33,98.0,ORD-000380
CYC-000381,AGT-0043,BATCH-202501-518,200.0,183.0,8.5,87.0,ORD-000381
CYC-000382,AGT-0043,BATCH-202501-309,200.0,186.0,7.0,100.0,ORD-000382
CYC-000383,AGT-0043,BATCH-202508-187,300.0,279.0,7.0,83.0,ORD-000383
CYC-000384,AGT-0043,BATCH-202502-254,200.0,187.0,6.5,97.0,ORD-000384
CYC-000385,AGT-0043,BATCH-202510-522,200.0,191.0,4.5,92.0,ORD-000385
CYC-000386,AGT-0043,BATCH-202504-928,200.0,190.0,5.0,84.0,ORD-000386
CYC-000387,AGT-0043,BATCH-202511-202,500.0,465.0,7.0,82.0,ORD-000387
CYC-000388,AGT-0043,BATCH-202509-577,500.0,465.0,7.0,76.0,ORD-000388
CYC-000389,AGT-0043,BATCH-202501-760,200.0,182.0,9.0,97.0,ORD-000389
CYC-000390,AGT-0044,BATCH-202509-630,1000.0,949.0,5.1,91.0,ORD-000390
CYC-000391,AGT-0044,BATCH-202509-657,300.0,281.0,6.33,94.0,ORD-000391
CYC-000392,AGT-0044,BATCH-202501-432,500.0,442.0,11.6,93.0,ORD-000392
CYC-000393,AGT-0044,BATCH-202509-752,500.0,467.0,6.6,82.0,ORD-000393
CYC-000394,AGT-0044,BATCH-202504-841,300.0,276.0,8.0,94.0,ORD-000394
CYC-000395,AGT-0044,BATCH-202511-643,1000.0,,5.6,92.0,ORD-000395
CYC-000396,AGT-0045,BATCH-202506-752,200.0,188.0,6.0,97.0,ORD-000396
CYC-000397,AGT-0045,BATCH-202502-652,300.0,283.0,5.67,95.0,ORD-000397
CYC-000398,AGT-0045,BATCH-202509-828,200.0,183.0,8.5,90.0,ORD-000398
CYC-000399,AGT-0045,BATCH-202508-604,300.0,288.0,4.0,89.0,ORD-000399
CYC-000401,AGT-0045,BATCH-202511-836,300.0,283.0,5.67,92.0,ORD-000401
CYC-000402,AGT-0045,BATCH-202501-232,200.0,189.0,5.5,89.0,ORD-000402
CYC-000403,AGT-0045,BATCH-202511-608,300.0,,6.0,79.0,ORD-000403
CYC-000404,AGT-0045,BATCH-202506-478,300.0,275.0,8.33,87.0,ORD-000404
CYC-000405,AGT-0045,BATCH-202505-249,100.0,94.0,6.0,89.0,ORD-000405
CYC-000406,AGT-0045,BATCH-202511-591,100.0,94.0,6.0,88.0,ORD-000406
CYC-000407,AGT-0046,BATCH-202506-110,300.0,292.0,2.67,81.0,ORD-000407
CYC-000408,AGT-0046,BATCH-202506-790,200.0,191.0,4.5,88.0,ORD-000408
CYC-000409,AGT-0046,BATCH-202511-496,1000.0,,2.6,87.0,ORD-000409
CYC-000410,AGT-0046,BATCH-202503-595,200.0,198.0,1.0,87.0,ORD-000410
CYC-000411,AGT-0046,BATCH-202508-694,200.0,197.0,1.5,78.0,ORD-000411
CYC-000412,AGT-0046,BATCH-202507-749,200.0,184.0,8.0,90.0,ORD-000412
CYC-000413,AGT-0046,BATCH-202503-859,200.0,190.0,5.0,89.0,ORD-000413
CYC-000414,AGT-0046,BATCH-202506-416,200.0,194.0,3.0,95.0,ORD-000414
CYC-000415,AGT-0046,BATCH-202503-363,1000.0,982.0,1.8,98.0,ORD-000415
CYC-000416,AGT-0047,BATCH-202511-133,1000.0,971.0,2.9,92.0,ORD-000416
CYC-000417,AGT-0047,BATCH-202502-963,1000.0,988.0,1.2,80.0,ORD-000417
CYC-000418,AGT-0047,BATCH-202510-691,300.0,285.0,5.0,95.0,ORD-000418
CYC-000419,AGT-0047,BATCH-202505-308,500.0,469.0,6.2,98.0,ORD-000419
CYC-000420,AGT-0047,BATCH-202511-818,200.0,194.0,3.0,78.0,ORD-000420
CYC-000421,AGT-0047,BATCH-202504-488,200.0,196.0,2.0,100.0,ORD-000421
CYC-000422,AGT-0048,BATCH-202501-763,200.0,187.0,6.5,95.0,ORD-000422
CYC-000423,AGT-0048,BATCH-202502-219,200.0,186.0,7.0,98.0,ORD-000423
CYC-000424,AGT-0048,BATCH-202505-676,100.0,95.0,5.0,80.0,ORD-000424
CYC-000425,AGT-0048,BATCH-202504-915,100.0,95.0,5.0,83.0,ORD-000425
CYC-000426,AGT-0048,BATCH-202502-468,200.0,183.0,8.5,84.0,ORD-000426
CYC-000427,AGT-0048,BATCH-202509-820,300.0,273.0,9.0,99.0,ORD-000427
CYC-000428,AGT-0048,BATCH-202511-794,300.0,283.0,5.67,100.0,ORD-000428
CYC-000429,AGT-0048,BATCH-202503-632,100.0,94.0,6.0,81.0,ORD-000429
CYC-000430,AGT-0049,BATCH-202508-335,200.0,186.0,7.0,83.0,ORD-000430
CYC-000431,AGT-0049,BATCH-202511-223,200.0,189.0,5.5,84.0,ORD-000431
CYC-000432,AGT-0049,BATCH-202510-141,200.0,185.0,7.5,92.0,ORD-000432
CYC-000433,AGT-0049,BATCH-202511-161,100.0,95.0,5.0,83.0,ORD-000433
CYC-000434,AGT-0049,BATCH-202508-614,100.0,90.0,10.0,79.0,ORD-000434
CYC-000435,AGT-0049,BATCH-202507-624,1000.0,964.0,3.6,91.0,ORD-000435
CYC-000436,AGT-0050,BATCH-202509-737,300.0,272.0,9.33,81.0,ORD-000436
CYC-000437,AGT-0050,BATCH-202506-903,500.0,466.0,6.8,90.0,ORD-000437
CYC-000438,AGT-0050,BATCH-202504-559,300.0,278.0,7.33,89.0,ORD-000438
CYC-000439,AGT-0050,BATCH-202512-390,200.0,187.0,6.5,94.0,ORD-000439
CYC-000440,AGT-0050,BATCH-202507-793,200.0,182.0,9.0,86.0,ORD-000440
CYC-000441,AGT-0050,BATCH-202509-102,200.0,186.0,7.0,94.0,ORD-000441
CYC-000442,AGT-0050,BATCH-202504-766,200.0,187.0,6.5,97.0,ORD-000442
CYC-000443,AGT-0050,BATCH-202502-736,500.0,478.0,4.4,93.0,ORD-000443
CYC-000444,AGT-0050,BATCH-202508-530,500.0,443.0,11.4,,ORD-000444
CYC-000445,AGT-0050,BATCH-202501-358,300.0,297.0,1.0,84.0,ORD-000445
CYC-000446,AGT-0050,BATCH-202507-625,100.0,,9.0,86.0,ORD-000446
CYC-000447,AGT-0050,BATCH-202501-659,200.0,189.0,5.5,86.0,ORD-000447
CYC-000448,AGT-0051,BATCH-202502-332,500.0,473.0,5.4,91.0,ORD-000448
CYC-000449,AGT-0051,BATCH-202502-354,1000.0,946.0,5.4,95.0,ORD-000449
CYC-000450,AGT-0051,BATCH-202503-583,500.0,476.0,4.8,90.0,ORD-000450
CYC-000451,AGT-0051,BATCH-202503-421,300.0,273.0,9.0,91.0,ORD-000451
CYC-000452,AGT-0051,BATCH-202505-909,200.0,181.0,9.5,91.0,ORD-000452
CYC-000453,AGT-0051,BATCH-202512-190,200.0,183.0,8.5,76.0,ORD-000453
CYC-000454,AGT-0051,BATCH-202508-405,300.0,284.0,5.33,77.0,ORD-000454
CYC-000455,AGT-0051,BATCH-202504-840,100.0,93.0,7.0,98.0,ORD-000455
CYC-000456,AGT-0051,BATCH-202503-700,200.0,180.0,10.0,96.0,ORD-000456
CYC-000457,AGT-0051,BATCH-202504-150,200.0,191.0,4.5,83.0,ORD-000457
CYC-000458,AGT-0052,BATCH-202512-975,300.0,274.0,8.67,62.0,ORD-000458
CYC-000459,AGT-0052,BATCH-202507-159,100.0,89.0,11.0,79.0,ORD-000459
CYC-000460,AGT-0052,BATCH-202504-978,100.0,86.0,14.0,80.0,ORD-000460
CYC-000461,AGT-0052,BATCH-202502-930,100.0,87.0,13.0,57.99999999999999,ORD-000461
CYC-000462,AGT-0052,BATCH-202511-166,500.0,425.0,15.0,67.0,ORD-000462
CYC-000463,AGT-0052,BATCH-202509-313,300.0,275.0,8.33,71.0,ORD-000463
CYC-000464,AGT-0053,BATCH-202503-870,100.0,97.0,3.0,98.0,ORD-000464
CYC-000465,AGT-0053,BATCH-202512-329,100.0,98.0,2.0,93.0,ORD-000465
CYC-000466,AGT-0053,BATCH-202502-102,100.0,97.0,3.0,89.0,ORD-000466
CYC-000467,AGT-0053,BATCH-202511-404,200.0,191.0,4.5,94.0,ORD-000467
CYC-000468,AGT-0053,BATCH-202508-821,300.0,292.0,2.67,86.0,ORD-000468
CYC-000469,AGT-0053,BATCH-202502-403,300.0,284.0,5.33,85.0,ORD-000469
CYC-000470,AGT-0053,BATCH-202501-951,200.0,194.0,3.0,81.0,ORD-000470
CYC-000471,AGT-0053,BATCH-202508-267,200.0,198.0,1.0,76.0,ORD-000471
CYC-000472,AGT-0053,BATCH-202509-692,500.0,490.0,2.0,79.0,ORD-000472
CYC-000473,AGT-0054,BATCH-202505-726,1000.0,882.0,11.8,75.0,ORD-000473
CYC-000474,AGT-0054,BATCH-202501-602,500.0,442.0,11.6,59.0,ORD-000474
CYC-000475,AGT-0054,,100.0,88.0,12.0,62.0,ORD-000475
CYC-000476,AGT-0054,BATCH-202510-298,100.0,87.0,13.0,59.0,ORD-000476
CYC-000477,AGT-0054,BATCH-202510-865,100.0,88.0,12.0,82.0,ORD-000477
CYC-000478,AGT-0054,BATCH-202510-665,100.0,88.0,12.0,56.00000000000001,ORD-000478
CYC-000479,AGT-0054,BATCH-202510-968,200.0,175.0,12.5,67.0,ORD-000479
CYC-000480,AGT-0054,BATCH-202503-621,100.0,87.0,13.0,82.0,ORD-000480
CYC-000481,AGT-0054,BATCH-202504-190,500.0,440.0,12.0,67.0,ORD-000481
CYC-000482,AGT-0055,BATCH-202506-157,300.0,286.0,4.67,98.0,ORD-000482
CYC-000483,AGT-0055,BATCH-202510-403,300.0,279.0,7.0,93.0,ORD-000483
CYC-000484,AGT-0055,BATCH-202508-314,100.0,94.0,6.0,95.0,ORD-000484
CYC-000485,AGT-0055,BATCH-202501-897,300.0,287.0,4.33,89.0,ORD-000485
CYC-000486,AGT-0055,BATCH-202504-311,500.0,475.0,5.0,76.0,ORD-000486
CYC-000487,AGT-0055,BATCH-202504-779,500.0,474.0,5.2,94.0,ORD-000487
CYC-000488,AGT-0055,BATCH-202502-245,200.0,183.0,8.5,87.0,ORD-000488
CYC-000489,AGT-0055,BATCH-202503-312,100.0,93.0,7.0,77.0,ORD-000489
CYC-000490,AGT-0055,BATCH-202501-173,300.0,293.0,2.33,100.0,ORD-000490
CYC-000491,AGT-0056,BATCH-202508-475,100.0,99.0,1.0,96.0,ORD-000491
CYC-000492,AGT-0056,BATCH-202510-946,200.0,188.0,6.0,,ORD-000492
CYC-000493,AGT-0056,BATCH-202501-718,500.0,475.0,5.0,96.0,ORD-000493
CYC-000494,AGT-0056,BATCH-202503-376,100.0,95.0,5.0,77.0,ORD-000494
CYC-000495,AGT-0056,BATCH-202506-423,200.0,190.0,5.0,94.0,ORD-000495
CYC-000496,AGT-0056,BATCH-202503-358,100.0,94.0,6.0,96.0,ORD-000496
CYC-000497,AGT-0056,BATCH-202510-873,100.0,94.0,6.0,93.0,ORD-000497
CYC-000498,AGT-0056,BATCH-202501-491,200.0,185.0,7.5,89.0,ORD-000498
CYC-000499,AGT-0056,BATCH-202510-550,100.0,93.0,7.0,78.0,ORD-000499
CYC-000502,AGT-0057,BATCH-202502-375,100.0,94.0,6.0,78.0,ORD-000502
CYC-000503,AGT-0057,BATCH-202508-340,300.0,287.0,4.33,90.0,ORD-000503
CYC-000504,AGT-0057,BATCH-202511-775,200.0,189.0,5.5,76.0,ORD-000504
CYC-000505,AGT-0057,BATCH-202504-185,200.0,188.0,6.0,76.0,ORD-000505
CYC-000506,AGT-0057,BATCH-202506-841,500.0,460.0,8.0,90.0,ORD-000506
CYC-000507,AGT-0057,BATCH-202501-494,100.0,94.0,6.0,96.0,ORD-000507
CYC-000508,AGT-0057,BATCH-202509-924,200.0,196.0,2.0,86.0,ORD-000508
CYC-000509,AGT-0057,BATCH-202503-374,300.0,284.0,5.33,95.0,ORD-000509
CYC-000510,AGT-0057,BATCH-202509-303,200.0,193.0,3.5,83.0,ORD-000510
CYC-000511,AGT-0058,BATCH-202511-298,100.0,93.0,7.0,,ORD-000511
CYC-000512,AGT-0058,BATCH-202505-557,200.0,193.0,3.5,86.0,ORD-000512
CYC-000513,AGT-0058,BATCH-202507-498,300.0,279.0,7.0,82.0,ORD-000513
CYC-000514,AGT-0058,BATCH-202505-724,200.0,197.0,1.5,85.0,ORD-000514
CYC-000515,AGT-0058,BATCH-202505-735,200.0,186.0,7.0,96.0,ORD-000515
CYC-000516,AGT-0058,,300.0,297.0,1.0,94.0,ORD-000516
CYC-000517,AGT-0058,BATCH-202505-364,100.0,98.0,2.0,81.0,ORD-000517
CYC-000518,AGT-0059,BATCH-202509-321,300.0,279.0,7.0,81.0,ORD-000518
CYC-000519,AGT-0059,BATCH-202510-807,300.0,279.0,7.0,93.0,ORD-000519
CYC-000520,AGT-0059,BATCH-202507-314,1000.0,912.0,8.8,83.0,ORD-000520
CYC-000521,AGT-0059,BATCH-202512-993,300.0,276.0,8.0,94.0,ORD-000521
CYC-000522,AGT-0059,BATCH-202501-997,200.0,186.0,7.0,99.0,ORD-000522
CYC-000523,AGT-0059,BATCH-202504-602,500.0,457.0,8.6,93.0,ORD-000523
CYC-000524,AGT-0060,BATCH-202507-415,300.0,280.0,6.67,87.0,ORD-000524
CYC-000525,AGT-0060,BATCH-202508-856,1000.0,946.0,5.4,77.0,ORD-000525
CYC-000526,AGT-0060,BATCH-202505-968,200.0,185.0,7.5,86.0,ORD-000526
CYC-000527,AGT-0060,BATCH-202504-432,100.0,94.0,6.0,85.0,ORD-000527
CYC-000528,AGT-0060,BATCH-202511-560,200.0,181.0,9.5,96.0,ORD-000528
CYC-000529,AGT-0060,BATCH-202512-738,200.0,190.0,5.0,87.0,ORD-000529
CYC-000530,AGT-0060,BATCH-202505-186,100.0,95.0,5.0,77.0,ORD-000530
CYC-000531,AGT-0060,BATCH-202510-832,1000.0,956.0,4.4,95.0,ORD-000531
CYC-000532,AGT-0060,BATCH-202506-221,200.0,192.0,4.0,87.0,ORD-000532
CYC-000533,AGT-0060,BATCH-202511-890,200.0,191.0,4.5,85.0,ORD-000533
CYC-000534,AGT-0060,BATCH-202509-863,500.0,455.0,9.0,94.0,ORD-000534
CYC-000535,AGT-0060,BATCH-202504-326,200.0,189.0,5.5,93.0,ORD-000535
CYC-000536,AGT-0061,BATCH-202504-543,500.0,465.0,7.0,86.0,ORD-000536
CYC-000537,AGT-0061,BATCH-202502-960,300.0,277.0,7.67,79.0,ORD-000537
CYC-000538,AGT-0061,BATCH-202512-485,200.0,186.0,7.0,78.0,ORD-000538
CYC-000539,AGT-0061,BATCH-202510-989,200.0,184.0,8.0,78.0,ORD-000539
CYC-000540,AGT-0061,BATCH-202507-165,200.0,189.0,5.5,99.0,ORD-000540
CYC-000541,AGT-0061,BATCH-202511-158,200.0,190.0,5.0,77.0,ORD-000541
CYC-000542,AGT-0061,BATCH-202512-570,1000.0,942.0,5.8,94.0,ORD-000542
CYC-000543,AGT-0061,BATCH-202507-515,200.0,188.0,6.0,91.0,ORD-000543
CYC-000544,AGT-0061,BATCH-202504-128,200.0,193.0,3.5,98.0,ORD-000544
CYC-000545,AGT-0061,BATCH-202511-963,300.0,284.0,5.33,95.0,ORD-000545
CYC-000546,AGT-0061,BATCH-202505-182,500.0,464.0,7.2,77.0,ORD-000546
CYC-000547,AGT-0061,BATCH-202505-898,300.0,281.0,6.33,88.0,ORD-000547
CYC-000548,AGT-0062,BATCH-202504-107,300.0,269.0,10.33,90.0,ORD-000548
CYC-000549,AGT-0062,BATCH-202512-852,200.0,188.0,6.0,86.0,ORD-000549
CYC-000550,AGT-0062,BATCH-202510-385,200.0,185.0,7.5,78.0,ORD-000550
CYC-000551,AGT-0062,BATCH-202511-798,300.0,277.0,7.67,99.0,ORD-000551
CYC-000552,AGT-0062,BATCH-202511-744,200.0,191.0,4.5,80.0,ORD-000552
CYC-000553,AGT-0062,BATCH-202504-488,500.0,468.0,6.4,98.0,ORD-000553
CYC-000554,AGT-0062,BATCH-202503-567,200.0,186.0,7.0,81.0,ORD-000554
CYC-000555,AGT-0062,BATCH-202505-231,100.0,95.0,5.0,75.0,ORD-000555
CYC-000556,AGT-0062,BATCH-202510-435,500.0,488.0,2.4,84.0,ORD-000556
CYC-000557,AGT-0062,BATCH-202505-982,200.0,184.0,8.0,97.0,ORD-000557
CYC-000558,AGT-0063,BATCH-202512-173,200.0,189.0,5.5,90.0,ORD-000558
CYC-000559,AGT-0063,BATCH-202507-412,1000.0,980.0,2.0,99.0,ORD-000559
CYC-000560,AGT-0063,BATCH-202501-692,100.0,94.0,6.0,78.0,ORD-000560
CYC-000561,AGT-0063,BATCH-202505-553,100.0,95.0,5.0,84.0,ORD-000561
CYC-000562,AGT-0063,BATCH-202501-482,300.0,273.0,9.0,,ORD-000562
CYC-000563,AGT-0063,BATCH-202502-283,1000.0,944.0,5.6,98.0,ORD-000563
CYC-000564,AGT-0063,BATCH-202509-770,300.0,280.0,6.67,76.0,ORD-000564
CYC-000565,AGT-0063,BATCH-202507-789,100.0,96.0,4.0,78.0,ORD-000565
CYC-000566,AGT-0063,BATCH-202501-827,200.0,181.0,9.5,93.0,ORD-000566
CYC-000567,AGT-0064,BATCH-202507-751,300.0,284.0,5.33,84.0,ORD-000567
CYC-000568,AGT-0064,BATCH-202506-313,200.0,178.0,11.0,81.0,ORD-000568
CYC-000569,AGT-0064,BATCH-202507-477,200.0,193.0,3.5,83.0,ORD-000569
CYC-000570,AGT-0064,BATCH-202502-138,500.0,476.0,4.8,98.0,ORD-000570
CYC-000571,AGT-0064,BATCH-202504-164,100.0,92.0,8.0,78.0,ORD-000571
CYC-000572,AGT-0064,BATCH-202502-634,300.0,274.0,8.67,93.0,ORD-000572
CYC-000573,AGT-0064,BATCH-202502-238,200.0,188.0,6.0,99.0,ORD-000573
CYC-000574,AGT-0064,BATCH-202502-161,500.0,479.0,4.2,90.0,ORD-000574
CYC-000575,AGT-0065,BATCH-202501-784,300.0,284.0,5.33,93.0,ORD-000575
CYC-000576,AGT-0065,BATCH-202509-824,200.0,188.0,6.0,86.0,ORD-000576
CYC-000577,AGT-0065,BATCH-202510-380,200.0,183.0,8.5,97.0,ORD-000577
CYC-000578,AGT-0065,BATCH-202510-364,200.0,187.0,6.5,76.0,ORD-000578
CYC-000579,AGT-0065,BATCH-202511-461,100.0,94.0,6.0,95.0,ORD-000579
CYC-000580,AGT-0065,BATCH-202510-624,200.0,,3.0,93.0,ORD-000580
CYC-000581,AGT-0066,BATCH-202505-861,200.0,,4.5,81.0,ORD-000581
CYC-000582,AGT-0066,BATCH-202512-574,100.0,93.0,7.0,85.0,ORD-000582
CYC-000583,AGT-0066,BATCH-202512-125,200.0,185.0,7.5,77.0,ORD-000583
CYC-000584,AGT-0066,BATCH-202511-698,300.0,283.0,5.67,80.0,ORD-000584
CYC-000585,AGT-0066,BATCH-202509-500,300.0,282.0,6.0,85.0,ORD-000585
CYC-000586,AGT-0066,BATCH-202508-861,200.0,192.0,4.0,99.0,ORD-000586
CYC-000587,AGT-0066,BATCH-202512-108,1000.0,978.0,2.2,100.0,ORD-000587
CYC-000588,AGT-0066,BATCH-202502-354,200.0,183.0,8.5,88.0,ORD-000588
CYC-000589,AGT-0066,BATCH-202503-701,1000.0,924.0,7.6,84.0,ORD-000589
CYC-000590,AGT-0066,BATCH-202505-385,200.0,185.0,7.5,87.0,ORD-000590
CYC-000591,AGT-0066,BATCH-202502-385,200.0,184.0,8.0,89.0,ORD-000591
CYC-000592,AGT-0067,BATCH-202506-445,200.0,181.0,9.5,95.0,ORD-000592
CYC-000593,AGT-0067,BATCH-202507-742,200.0,188.0,6.0,80.0,ORD-000593
CYC-000594,AGT-0067,BATCH-202509-587,1000.0,947.0,5.3,79.0,ORD-000594
CYC-000595,AGT-0067,BATCH-202501-191,300.0,277.0,7.67,88.0,ORD-000595
CYC-000596,AGT-0067,BATCH-202504-256,100.0,94.0,6.0,76.0,ORD-000596
CYC-000597,AGT-0067,BATCH-202510-632,500.0,465.0,7.0,96.0,ORD-000597
CYC-000598,AGT-0067,BATCH-202508-300,500.0,474.0,5.2,81.0,ORD-000598
CYC-000599,AGT-0068,BATCH-202503-323,200.0,188.0,6.0,78.0,ORD-000599
CYC-000600,AGT-0068,BATCH-202508-697,200.0,182.0,9.0,83.0,ORD-000600
CYC-000601,AGT-0068,BATCH-202501-253,300.0,292.0,2.67,86.0,ORD-000601
CYC-000602,AGT-0068,BATCH-202512-865,200.0,186.0,7.0,75.0,ORD-000602
CYC-000603,AGT-0068,BATCH-202504-435,500.0,484.0,3.2,96.0,ORD-000603
CYC-000604,AGT-0068,BATCH-202501-329,300.0,285.0,5.0,87.0,ORD-000604
CYC-000605,AGT-0068,BATCH-202512-636,300.0,272.0,9.33,94.0,ORD-000605
CYC-000606,AGT-0069,BATCH-202512-921,200.0,186.0,7.0,98.0,ORD-000606
CYC-000607,AGT-0069,BATCH-202505-210,300.0,272.0,9.33,86.0,ORD-000607
CYC-000608,AGT-0069,BATCH-202502-609,300.0,277.0,7.67,95.0,ORD-000608
CYC-000609,AGT-0069,BATCH-202506-580,300.0,,5.0,80.0,ORD-000609
CYC-000610,AGT-0069,,300.0,285.0,5.0,78.0,ORD-000610
CYC-000611,AGT-0069,BATCH-202507-605,200.0,184.0,8.0,93.0,ORD-000611
CYC-000612,AGT-0069,BATCH-202502-588,100.0,93.0,7.0,95.0,ORD-000612
CYC-000613,AGT-0069,BATCH-202508-410,100.0,90.0,10.0,85.0,ORD-000613
CYC-000614,AGT-0069,BATCH-202512-335,300.0,287.0,4.33,83.0,ORD-000614
CYC-000615,AGT-0069,BATCH-202505-565,200.0,186.0,7.0,92.0,ORD-000615
CYC-000616,AGT-0069,BATCH-202501-754,300.0,283.0,5.67,100.0,ORD-000616
CYC-000617,AGT-0069,BATCH-202501-415,200.0,176.0,12.0,89.0,ORD-000617
CYC-000618,AGT-0070,BATCH-202507-122,1000.0,906.0,9.4,81.0,ORD-000618
CYC-000619,AGT-0070,BATCH-202511-602,100.0,85.0,15.0,71.0,ORD-000619
CYC-000620,AGT-0070,BATCH-202512-905,100.0,90.0,10.0,69.0,ORD-000620
CYC-000621,AGT-0070,BATCH-202507-549,200.0,175.0,12.5,82.0,ORD-000621
CYC-000622,AGT-0070,BATCH-202510-335,300.0,252.0,16.0,60.0,ORD-000622
CYC-000623,AGT-0070,BATCH-202503-911,200.0,179.0,10.5,82.0,ORD-000623
CYC-000624,AGT-0070,BATCH-202508-797,200.0,176.0,12.0,77.0,ORD-000624
CYC-000625,AGT-0070,BATCH-202508-939,100.0,87.0,13.0,57.99999999999999,ORD-000625
CYC-000626,AGT-0070,BATCH-202511-450,200.0,171.0,14.5,57.99999999999999,ORD-000626
CYC-000627,AGT-0071,BATCH-202503-191,200.0,188.0,6.0,78.0,ORD-000627
CYC-000628,AGT-0071,BATCH-202511-189,100.0,93.0,7.0,93.0,ORD-000628
CYC-000629,AGT-0071,BATCH-202509-821,200.0,189.0,5.5,91.0,ORD-000629
CYC-000630,AGT-0071,BATCH-202501-204,1000.0,943.0,5.7,97.0,ORD-000630
CYC-000631,AGT-0071,BATCH-202502-243,200.0,186.0,7.0,80.0,ORD-000631
CYC-000632,AGT-0071,BATCH-202511-266,300.0,285.0,5.0,79.0,ORD-000632
CYC-000633,AGT-0071,BATCH-202512-123,200.0,187.0,6.5,86.0,ORD-000633
CYC-000634,AGT-0071,BATCH-202501-638,300.0,,5.67,79.0,ORD-000634
CYC-000635,AGT-0071,BATCH-202501-960,200.0,182.0,9.0,86.0,ORD-000635
CYC-000636,AGT-0071,BATCH-202504-746,300.0,276.0,8.0,79.0,ORD-000636
CYC-000637,AGT-0072,BATCH-202508-724,200.0,193.0,3.5,91.0,ORD-000637
CYC-000638,AGT-0072,BATCH-202511-714,100.0,94.0,6.0,87.0,ORD-000638
CYC-000639,AGT-0072,BATCH-202511-277,100.0,93.0,7.0,86.0,ORD-000639
CYC-000640,AGT-0072,BATCH-202503-587,200.0,190.0,5.0,98.0,ORD-000640
CYC-000641,AGT-0072,BATCH-202506-892,300.0,283.0,5.67,77.0,ORD-000641
CYC-000642,AGT-0072,BATCH-202511-315,200.0,186.0,7.0,99.0,ORD-000642
CYC-000643,AGT-0072,BATCH-202505-965,100.0,94.0,6.0,80.0,ORD-000643
CYC-000644,AGT-0072,BATCH-202509-776,200.0,191.0,4.5,78.0,ORD-000644
CYC-000645,AGT-0072,BATCH-202512-399,200.0,180.0,10.0,79.0,ORD-000645
CYC-000646,AGT-0072,BATCH-202509-768,200.0,190.0,5.0,100.0,ORD-000646
CYC-000647,AGT-0072,BATCH-202508-972,100.0,91.0,9.0,96.0,ORD-000647
CYC-000648,AGT-0073,BATCH-202503-670,200.0,188.0,6.0,81.0,ORD-000648
CYC-000649,AGT-0073,BATCH-202510-242,100.0,97.0,3.0,76.0,ORD-000649
CYC-000650,AGT-0073,BATCH-202502-558,500.0,489.0,2.2,89.0,ORD-000650
CYC-000651,AGT-0073,BATCH-202503-930,200.0,189.0,5.5,87.0,ORD-000651
CYC-000652,AGT-0073,BATCH-202505-714,200.0,192.0,4.0,75.0,ORD-000652
CYC-000653,AGT-0073,BATCH-202503-346,200.0,186.0,7.0,82.0,ORD-000653
CYC-000654,AGT-0073,BATCH-202511-902,300.0,297.0,1.0,87.0,ORD-000654
CYC-000655,AGT-0073,BATCH-202504-887,200.0,196.0,2.0,95.0,ORD-000655
CYC-000656,AGT-0073,BATCH-202501-551,200.0,196.0,2.0,94.0,ORD-000656
CYC-000657,AGT-0073,BATCH-202510-597,1000.0,967.0,3.3,86.0,ORD-000657
CYC-000658,AGT-0073,BATCH-202505-228,500.0,484.0,3.2,94.0,ORD-000658
CYC-000659,AGT-0073,BATCH-202508-485,500.0,455.0,9.0,75.0,ORD-000659
CYC-000660,AGT-0074,BATCH-202508-985,100.0,93.0,7.0,94.0,ORD-000660
CYC-000661,AGT-0074,BATCH-202506-610,200.0,182.0,9.0,93.0,ORD-000661
CYC-000662,AGT-0074,BATCH-202503-610,300.0,283.0,5.67,97.0,ORD-000662
CYC-000663,AGT-0074,BATCH-202512-743,200.0,193.0,3.5,93.0,ORD-000663
CYC-000664,AGT-0074,BATCH-202510-630,300.0,290.0,3.33,78.0,ORD-000664
CYC-000665,AGT-0074,BATCH-202507-955,300.0,276.0,8.0,99.0,ORD-000665
CYC-000666,AGT-9999,BATCH-202512-268,200.0,177.0,11.5,56.99999999999999,ORD-000666
CYC-000667,AGT-0074,BATCH-202509-456,200.0,186.0,7.0,89.0,ORD-000667
CYC-000668,AGT-0074,BATCH-202507-335,500.0,471.0,5.8,86.0,ORD-000668
CYC-000669,AGT-0074,BATCH-202505-130,300.0,270.0,10.0,96.0,ORD-000669
CYC-000670,AGT-0074,BATCH-202502-199,200.0,197.0,1.5,99.0,ORD-000670
CYC-000671,AGT-0075,,500.0,473.0,5.4,95.0,ORD-000671
CYC-000672,AGT-0075,BATCH-202511-788,200.0,193.0,3.5,94.0,ORD-000672
CYC-000673,AGT-0075,BATCH-202505-511,100.0,97.0,3.0,88.0,ORD-000673
CYC-000674,AGT-0075,BATCH-202512-327,200.0,197.0,1.5,92.0,ORD-000674
CYC-000675,AGT-0075,BATCH-202505-789,100.0,99.0,1.0,93.0,ORD-000675
CYC-000676,AGT-0075,BATCH-202509-519,100.0,99.0,1.0,76.0,ORD-000676
CYC-000677,AGT-0075,BATCH-202511-748,200.0,198.0,1.0,86.0,ORD-000677
CYC-000678,AGT-0075,BATCH-202504-508,200.0,194.0,3.0,85.0,ORD-000678
CYC-000679,AGT-0076,BATCH-202509-470,200.0,188.0,6.0,93.0,ORD-000679
CYC-000680,AGT-0076,BATCH-202507-290,200.0,191.0,4.5,100.0,ORD-000680
CYC-000681,AGT-0076,BATCH-202503-797,100.0,97.0,3.0,89.0,ORD-000681
CYC-000682,AGT-0076,BATCH-202509-611,100.0,94.0,6.0,98.0,ORD-000682
CYC-000683,AGT-0076,BATCH-202505-229,200.0,188.0,6.0,97.0,ORD-000683
CYC-000684,AGT-0076,BATCH-202505-720,100.0,97.0,3.0,85.0,ORD-000684
CYC-000685,AGT-0077,BATCH-202512-265,100.0,90.0,10.0,99.0,ORD-000685
CYC-000686,AGT-0077,BATCH-202504-776,200.0,188.0,6.0,94.0,ORD-000686
CYC-000687,AGT-0077,BATCH-202501-595,500.0,447.0,10.6,96.0,ORD-000687
CYC-000688,AGT-0077,BATCH-202501-841,100.0,92.0,8.0,90.0,ORD-000688
CYC-000689,AGT-0077,BATCH-202506-724,200.0,190.0,5.0,77.0,ORD-000689
CYC-000690,AGT-0077,BATCH-202508-438,100.0,92.0,8.0,80.0,ORD-000690
CYC-000691,AGT-0077,BATCH-202507-135,300.0,288.0,4.0,80.0,ORD-000691
CYC-000692,AGT-0077,BATCH-202501-352,300.0,289.0,3.67,75.0,ORD-000692
CYC-000693,AGT-0077,BATCH-202504-817,1000.0,920.0,8.0,77.0,ORD-000693
CYC-000694,AGT-0077,BATCH-202501-511,300.0,289.0,3.67,78.0,ORD-000694
CYC-000695,AGT-0077,BATCH-202510-112,200.0,186.0,7.0,96.0,ORD-000695
CYC-000696,AGT-0078,BATCH-202512-534,300.0,294.0,2.0,99.0,ORD-000696
CYC-000697,AGT-0078,BATCH-202503-667,300.0,282.0,6.0,99.0,ORD-000697
CYC-000698,AGT-0078,BATCH-202507-923,500.0,483.0,3.4,79.0,ORD-000698
CYC-000699,AGT-0078,BATCH-202504-645,300.0,289.0,3.67,87.0,ORD-000699
CYC-000700,AGT-0078,BATCH-202504-725,200.0,197.0,1.5,80.0,ORD-000700
CYC-000702,AGT-0078,BATCH-202504-562,100.0,98.0,2.0,94.0,ORD-000702
CYC-000703,AGT-0078,BATCH-202511-450,200.0,190.0,5.0,75.0,ORD-000703
CYC-000704,AGT-0078,BATCH-202511-345,300.0,286.0,4.67,95.0,ORD-000704
CYC-000705,AGT-0078,BATCH-202506-545,300.0,297.0,1.0,90.0,ORD-000705
CYC-000706,AGT-0079,BATCH-202507-123,300.0,279.0,7.0,78.0,ORD-000706
CYC-000707,AGT-0079,BATCH-202510-809,100.0,91.0,9.0,99.0,ORD-000707
CYC-000708,AGT-0079,BATCH-202501-536,100.0,92.0,8.0,85.0,ORD-000708
CYC-000709,AGT-0079,BATCH-202506-884,200.0,188.0,6.0,80.0,ORD-000709
CYC-000710,AGT-0079,BATCH-202506-502,300.0,285.0,5.0,94.0,ORD-000710
CYC-000711,AGT-0079,BATCH-202504-406,200.0,188.0,6.0,0.0,ORD-000711
CYC-000712,AGT-0080,BATCH-202505-639,500.0,469.0,6.2,92.0,ORD-000712
CYC-000713,AGT-0080,BATCH-202502-553,200.0,190.0,5.0,92.0,ORD-000713
CYC-000714,AGT-0080,BATCH-202507-100,1000.0,956.0,4.4,98.0,ORD-000714
CYC-000715,AGT-0080,BATCH-202501-946,300.0,280.0,6.67,91.0,ORD-000715
CYC-000716,AGT-0080,BATCH-202504-221,100.0,91.0,9.0,77.0,ORD-000716
CYC-000717,AGT-0080,BATCH-202502-341,300.0,276.0,8.0,76.0,ORD-000717
CYC-000718,AGT-0080,BATCH-202510-949,100.0,,6.0,82.0,ORD-000718
CYC-000719,AGT-0081,BATCH-202508-816,500.0,459.0,8.2,95.0,ORD-000719
CYC-000720,AGT-0081,BATCH-202502-997,100.0,94.0,6.0,93.0,ORD-000720
CYC-000721,AGT-0081,BATCH-202503-698,200.0,185.0,7.5,94.0,ORD-000721
CYC-000722,AGT-0081,BATCH-202504-407,300.0,278.0,7.33,88.0,ORD-000722
CYC-000723,AGT-0081,BATCH-202511-709,100.0,95.0,5.0,94.0,ORD-000723
CYC-000724,AGT-0081,BATCH-202503-211,200.0,182.0,9.0,84.0,ORD-000724
CYC-000725,AGT-0081,BATCH-202506-254,200.0,186.0,7.0,95.0,ORD-000725
CYC-000726,AGT-0081,BATCH-202501-294,1000.0,919.0,8.1,88.0,ORD-000726
CYC-000727,AGT-0081,BATCH-202506-555,200.0,,3.5,99.0,ORD-000727
CYC-000728,AGT-0081,BATCH-202504-693,300.0,283.0,5.67,96.0,ORD-000728
CYC-000729,AGT-0082,BATCH-202502-125,200.0,194.0,3.0,78.0,ORD-000729
CYC-000730,AGT-0082,BATCH-202510-145,200.0,195.0,2.5,78.0,ORD-000730
CYC-000731,AGT-0082,BATCH-202507-694,300.0,297.0,1.0,89.0,ORD-000731
CYC-000732,AGT-0082,BATCH-202509-557,100.0,94.0,6.0,90.0,ORD-000732
CYC-000733,AGT-0082,BATCH-202509-480,200.0,197.0,1.5,86.0,ORD-000733
CYC-000734,AGT-0082,BATCH-202501-360,200.0,195.0,2.5,83.0,ORD-000734
CYC-000735,AGT-0082,BATCH-202501-524,100.0,95.0,5.0,76.0,ORD-000735
CYC-000736,AGT-0082,BATCH-202511-434,200.0,198.0,1.0,77.0,ORD-000736
CYC-000737,AGT-0083,BATCH-202510-328,100.0,95.0,5.0,88.0,ORD-000737
CYC-000738,AGT-0083,BATCH-202508-946,200.0,189.0,5.5,82.0,ORD-000738
CYC-000739,AGT-0083,BATCH-202503-678,200.0,191.0,4.5,95.0,ORD-000739
CYC-000740,AGT-0083,BATCH-202507-941,300.0,290.0,3.33,93.0,ORD-000740
CYC-000741,AGT-0083,BATCH-202508-837,200.0,190.0,5.0,92.0,ORD-000741
CYC-000742,AGT-0083,BATCH-202507-116,300.0,278.0,7.33,82.0,ORD-000742
CYC-000743,AGT-0083,BATCH-202505-268,100.0,94.0,6.0,87.0,ORD-000743
CYC-000744,AGT-0083,BATCH-202503-903,100.0,94.0,6.0,93.0,ORD-000744
CYC-000745,AGT-0083,BATCH-202512-321,200.0,187.0,6.5,91.0,ORD-000745
CYC-000746,AGT-0083,BATCH-202505-332,100.0,98.0,2.0,79.0,ORD-000746
CYC-000747,AGT-0083,BATCH-202503-471,1000.0,916.0,8.4,92.0,ORD-000747
CYC-000748,AGT-0084,BATCH-202506-378,200.0,184.0,8.0,82.0,ORD-000748
CYC-000749,AGT-0084,BATCH-202509-384,300.0,275.0,8.33,79.0,ORD-000749
CYC-000751,AGT-0084,BATCH-202501-681,100.0,91.0,9.0,78.0,ORD-000751
CYC-000752,AGT-0084,BATCH-202509-123,200.0,186.0,7.0,90.0,ORD-000752
CYC-000753,AGT-0084,BATCH-202507-307,200.0,181.0,9.5,91.0,ORD-000753
CYC-000754,AGT-0084,BATCH-202504-881,300.0,282.0,6.0,93.0,ORD-000754
CYC-000755,AGT-0085,BATCH-202504-204,200.0,192.0,4.0,88.0,ORD-000755
CYC-000756,AGT-0085,BATCH-202509-538,200.0,191.0,4.5,96.0,ORD-000756
CYC-000757,AGT-0085,BATCH-202507-902,100.0,93.0,7.0,86.0,ORD-000757
CYC-000758,AGT-0085,BATCH-202501-778,100.0,94.0,6.0,94.0,ORD-000758
CYC-000759,AGT-0085,BATCH-202502-523,200.0,187.0,6.5,83.0,ORD-000759
CYC-000760,AGT-0085,BATCH-202503-340,200.0,190.0,5.0,77.0,ORD-000760
CYC-000761,AGT-0085,BATCH-202504-368,300.0,287.0,4.33,84.0,ORD-000761
CYC-000762,AGT-0085,BATCH-202510-515,500.0,476.0,4.8,82.0,ORD-000762
CYC-000763,AGT-0085,BATCH-202503-981,100.0,92.0,8.0,81.0,ORD-000763
CYC-000764,AGT-0085,BATCH-202501-749,200.0,196.0,2.0,79.0,ORD-000764
CYC-000765,AGT-0085,BATCH-202501-942,300.0,285.0,5.0,79.0,ORD-000765
CYC-000766,AGT-0085,BATCH-202510-217,100.0,94.0,6.0,77.0,ORD-000766
CYC-000767,AGT-0086,BATCH-202504-213,300.0,269.0,10.33,82.0,ORD-000767
CYC-000768,AGT-0086,BATCH-202503-384,200.0,176.0,12.0,81.0,ORD-000768
CYC-000769,AGT-0086,BATCH-202511-912,300.0,273.0,9.0,73.0,ORD-000769
CYC-000770,AGT-0086,BATCH-202507-830,500.0,446.0,10.8,67.0,ORD-000770
CYC-000771,AGT-0086,BATCH-202501-700,200.0,176.0,12.0,65.0,ORD-000771
CYC-000772,AGT-0086,BATCH-202512-477,200.0,174.0,13.0,70.0,ORD-000772
CYC-000773,AGT-0086,BATCH-202511-631,500.0,451.0,9.8,59.0,ORD-000773
CYC-000774,AGT-0087,BATCH-202510-429,1000.0,951.0,4.9,78.0,ORD-000774
CYC-000775,AGT-0087,BATCH-202505-967,200.0,195.0,2.5,96.0,ORD-000775
CYC-000776,AGT-0087,BATCH-202511-216,100.0,94.0,6.0,91.0,ORD-000776
CYC-000777,AGT-0087,BATCH-202507-792,1000.0,972.0,2.8,95.0,ORD-000777
CYC-000778,AGT-0087,BATCH-202509-824,200.0,197.0,1.5,96.0,ORD-000778
CYC-000779,AGT-0087,BATCH-202504-822,200.0,190.0,5.0,87.0,ORD-000779
CYC-000780,AGT-0087,BATCH-202506-586,100.0,94.0,6.0,99.0,ORD-000780
CYC-000781,AGT-0087,BATCH-202509-757,200.0,184.0,8.0,92.0,ORD-000781
CYC-000782,AGT-0087,BATCH-202510-970,200.0,191.0,4.5,,ORD-000782
CYC-000783,AGT-0088,BATCH-202512-645,1000.0,891.0,10.9,60.0,ORD-000783
CYC-000784,AGT-0088,BATCH-202501-122,200.0,176.0,12.0,81.0,ORD-000784
CYC-000785,AGT-0088,BATCH-202504-275,300.0,259.0,13.67,,ORD-000785
CYC-000786,AGT-0088,BATCH-202505-964,200.0,171.0,14.5,55.00000000000001,ORD-000786
CYC-000787,AGT-0088,BATCH-202507-785,200.0,171.0,14.5,72.0,ORD-000787
CYC-000788,AGT-0088,BATCH-202510-169,300.0,260.0,13.33,73.0,ORD-000788
CYC-000789,AGT-0088,BATCH-202506-312,200.0,179.0,10.5,59.0,ORD-000789
CYC-000790,AGT-0088,BATCH-202511-696,300.0,263.0,12.33,68.0,ORD-000790
CYC-000791,AGT-0089,BATCH-202501-717,300.0,280.0,6.67,78.0,ORD-000791
CYC-000792,AGT-0089,BATCH-202511-764,100.0,92.0,8.0,91.0,ORD-000792
CYC-000793,AGT-0089,BATCH-202512-183,100.0,94.0,6.0,90.0,ORD-000793
CYC-000794,AGT-0089,BATCH-202505-562,300.0,283.0,5.67,100.0,ORD-000794
CYC-000795,AGT-0089,BATCH-202503-549,300.0,276.0,8.0,93.0,ORD-000795
CYC-000796,AGT-0089,BATCH-202506-641,300.0,284.0,5.33,86.0,ORD-000796
CYC-000797,AGT-0089,BATCH-202502-996,500.0,472.0,5.6,97.0,ORD-000797
CYC-000798,AGT-0089,BATCH-202507-620,100.0,92.0,8.0,,ORD-000798
CYC-000799,AGT-0089,BATCH-202504-803,100.0,95.0,5.0,86.0,ORD-000799
CYC-000801,AGT-0089,BATCH-202505-687,300.0,276.0,8.0,87.0,ORD-000801
CYC-000802,AGT-0090,BATCH-202507-161,500.0,469.0,6.2,83.0,ORD-000802
CYC-000803,AGT-0090,BATCH-202502-969,300.0,283.0,5.67,77.0,ORD-000803
CYC-000804,AGT-0090,BATCH-202502-373,200.0,193.0,3.5,89.0,ORD-000804
CYC-000805,AGT-0090,BATCH-202501-189,300.0,276.0,8.0,91.0,ORD-000805
CYC-000806,AGT-0090,BATCH-202511-151,500.0,473.0,5.4,89.0,ORD-000806
CYC-000807,AGT-0090,BATCH-202501-704,1000.0,920.0,8.0,77.0,ORD-000807
CYC-000808,AGT-0090,BATCH-202501-451,1000.0,916.0,8.4,,ORD-000808
CYC-000809,AGT-0090,BATCH-202506-699,200.0,184.0,8.0,84.0,ORD-000809
CYC-000810,AGT-0090,BATCH-202502-636,500.0,471.0,5.8,79.0,ORD-000810
CYC-000811,AGT-0090,BATCH-202507-575,300.0,282.0,6.0,93.0,ORD-000811
CYC-000812,AGT-0090,BATCH-202509-870,1000.0,955.0,4.5,95.0,ORD-000812
CYC-000813,AGT-0091,BATCH-202505-874,200.0,172.0,14.0,61.0,ORD-000813
CYC-000814,AGT-0091,BATCH-202501-804,500.0,441.0,11.8,77.0,ORD-000814
CYC-000815,AGT-0091,BATCH-202508-688,300.0,263.0,12.33,71.0,ORD-000815
CYC-000816,AGT-0091,BATCH-202510-506,200.0,173.0,13.5,82.0,ORD-000816
CYC-000817,AGT-0091,BATCH-202502-302,300.0,265.0,11.67,65.0,ORD-000817
CYC-000818,AGT-0091,BATCH-202512-353,200.0,186.0,7.0,70.0,ORD-000818
CYC-000819,AGT-0091,BATCH-202501-293,200.0,176.0,12.0,76.0,ORD-000819
CYC-000820,AGT-0091,BATCH-202507-348,1000.0,856.0,14.4,68.0,ORD-000820
CYC-000821,AGT-0091,BATCH-202511-922,300.0,258.0,14.0,57.99999999999999,ORD-000821
CYC-000822,AGT-0091,BATCH-202506-684,200.0,175.0,12.5,59.0,ORD-000822
CYC-000823,AGT-0092,BATCH-202507-912,1000.0,948.0,5.2,93.0,ORD-000823
CYC-000824,AGT-0092,BATCH-202508-459,300.0,279.0,7.0,98.0,ORD-000824
CYC-000825,AGT-0092,BATCH-202509-608,100.0,94.0,6.0,91.0,ORD-000825
CYC-000826,AGT-0092,BATCH-202502-333,200.0,182.0,9.0,85.0,ORD-000826
CYC-000827,AGT-0092,BATCH-202501-963,100.0,94.0,6.0,81.0,ORD-000827
CYC-000828,AGT-0092,BATCH-202505-673,200.0,187.0,6.5,84.0,ORD-000828
CYC-000829,AGT-0092,BATCH-202507-249,300.0,287.0,4.33,87.0,ORD-000829
CYC-000830,AGT-0092,BATCH-202508-686,500.0,476.0,4.8,97.0,ORD-000830
CYC-000831,AGT-0093,BATCH-202504-763,200.0,172.0,14.0,84.0,ORD-000831
CYC-000832,AGT-0093,BATCH-202501-222,300.0,274.0,8.67,69.0,ORD-000832
CYC-000833,AGT-0093,BATCH-202503-669,200.0,,14.0,75.0,ORD-000833
CYC-000834,AGT-0093,BATCH-202509-681,300.0,260.0,13.33,66.0,ORD-000834
CYC-000835,AGT-0093,BATCH-202509-146,100.0,91.0,9.0,69.0,ORD-000835
CYC-000836,AGT-0093,BATCH-202510-263,300.0,256.0,14.67,73.0,ORD-000836
CYC-000837,AGT-0093,BATCH-202510-609,500.0,439.0,12.2,57.99999999999999,ORD-000837
CYC-000838,AGT-0094,BATCH-202508-487,100.0,91.0,9.0,92.0,ORD-000838
CYC-000839,AGT-0094,BATCH-202510-644,300.0,284.0,5.33,95.0,ORD-000839
CYC-000840,AGT-0094,BATCH-202507-815,200.0,,4.5,99.0,ORD-000840
CYC-000841,AGT-0094,BATCH-202505-848,200.0,185.0,7.5,100.0,ORD-000841
CYC-000842,AGT-0094,BATCH-202509-406,500.0,472.0,5.6,99.0,ORD-000842
CYC-000843,AGT-0094,BATCH-202501-661,200.0,185.0,7.5,94.0,ORD-000843
CYC-000844,AGT-0094,BATCH-202502-283,100.0,94.0,6.0,98.0,ORD-000844
CYC-000845,AGT-0094,BATCH-202510-572,300.0,,5.67,93.0,ORD-000845
CYC-000846,AGT-0094,BATCH-202505-628,500.0,462.0,7.6,78.0,ORD-000846
CYC-000847,AGT-0095,BATCH-202512-228,200.0,182.0,9.0,76.0,ORD-000847
CYC-000848,AGT-0095,BATCH-202511-769,200.0,190.0,5.0,89.0,ORD-000848
CYC-000849,AGT-0095,BATCH-202501-600,1000.0,959.0,4.1,84.0,ORD-000849
CYC-000850,AGT-0095,BATCH-202504-916,300.0,272.0,9.33,91.0,ORD-000850
CYC-000851,AGT-0095,BATCH-202504-772,200.0,182.0,9.0,88.0,ORD-000851
CYC-000852,AGT-0095,BATCH-202502-266,300.0,273.0,9.0,95.0,ORD-000852
CYC-000853,AGT-0095,BATCH-202506-608,200.0,187.0,6.5,86.0,ORD-000853
CYC-000854,AGT-0095,BATCH-202508-431,200.0,193.0,3.5,98.0,ORD-000854
CYC-000855,AGT-0095,BATCH-202501-183,1000.0,951.0,4.9,84.0,ORD-000855
CYC-000856,AGT-0095,BATCH-202505-225,500.0,492.0,1.6,77.0,ORD-000856
CYC-000857,AGT-0095,BATCH-202507-875,500.0,471.0,5.8,91.0,ORD-000857
CYC-000858,AGT-0096,BATCH-202511-832,300.0,276.0,8.0,91.0,ORD-000858
CYC-000859,AGT-0096,BATCH-202512-325,200.0,186.0,7.0,91.0,ORD-000859
CYC-000860,AGT-0096,BATCH-202511-213,500.0,460.0,8.0,96.0,ORD-000860
CYC-000861,AGT-0096,BATCH-202506-246,500.0,475.0,5.0,78.0,ORD-000861
CYC-000862,AGT-0096,BATCH-202506-611,300.0,,7.67,81.0,ORD-000862
CYC-000863,AGT-0096,BATCH-202505-964,100.0,,6.0,93.0,ORD-000863
CYC-000864,AGT-0096,BATCH-202510-947,200.0,188.0,6.0,87.0,ORD-000864
CYC-000865,AGT-0096,BATCH-202507-220,200.0,188.0,6.0,98.0,ORD-000865
CYC-000866,AGT-0096,BATCH-202502-531,500.0,480.0,4.0,97.0,ORD-000866
CYC-000867,AGT-0097,BATCH-202503-338,300.0,284.0,5.33,89.0,ORD-000867
CYC-000868,AGT-0097,BATCH-202502-853,200.0,187.0,6.5,80.0,ORD-000868
CYC-000869,AGT-0097,BATCH-202502-111,1000.0,955.0,4.5,100.0,ORD-000869
CYC-000870,AGT-0097,BATCH-202511-708,500.0,,6.4,,ORD-000870
CYC-000871,AGT-0097,BATCH-202504-393,200.0,190.0,5.0,82.0,ORD-000871
CYC-000872,AGT-0097,BATCH-202505-247,300.0,286.0,4.67,86.0,ORD-000872
CYC-000873,AGT-0098,BATCH-202508-477,200.0,185.0,7.5,99.0,ORD-000873
CYC-000874,AGT-0098,BATCH-202510-730,1000.0,966.0,3.4,93.0,ORD-000874
CYC-000875,AGT-0098,BATCH-202504-481,100.0,93.0,7.0,99.0,ORD-000875
CYC-000876,AGT-0098,BATCH-202504-441,1000.0,891.0,10.9,90.0,ORD-000876
CYC-000877,AGT-0098,BATCH-202501-764,300.0,289.0,3.67,92.0,ORD-000877
CYC-000878,AGT-0098,BATCH-202502-754,200.0,191.0,4.5,96.0,ORD-000878
CYC-000879,AGT-0098,BATCH-202508-934,100.0,96.0,4.0,90.0,ORD-000879
CYC-000880,AGT-0098,BATCH-202509-901,200.0,191.0,4.5,,ORD-000880
CYC-000881,AGT-0098,BATCH-202512-526,300.0,288.0,4.0,85.0,ORD-000881
CYC-000882,AGT-0098,BATCH-202509-777,300.0,287.0,4.33,80.0,ORD-000882
CYC-000883,AGT-0098,BATCH-202506-750,200.0,190.0,5.0,80.0,ORD-000883
CYC-000884,AGT-0098,BATCH-202507-433,200.0,192.0,4.0,81.0,ORD-000884
CYC-000885,AGT-0099,BATCH-202506-460,200.0,189.0,5.5,92.0,ORD-000885
CYC-000886,AGT-0099,BATCH-202507-971,100.0,89.0,11.0,98.0,ORD-000886
CYC-000887,AGT-0099,BATCH-202507-873,300.0,274.0,8.67,94.0,ORD-000887
CYC-000888,AGT-0099,BATCH-202501-812,200.0,187.0,6.5,,ORD-000888
CYC-000889,AGT-0099,BATCH-202501-622,300.0,283.0,5.67,98.0,ORD-000889
CYC-000890,AGT-0099,BATCH-202503-919,200.0,181.0,9.5,85.0,ORD-000890
CYC-000891,AGT-0099,BATCH-202507-683,200.0,185.0,7.5,84.0,ORD-000891
CYC-000892,AGT-0100,BATCH-202509-851,100.0,94.0,6.0,76.0,ORD-000892
CYC-000893,AGT-0100,BATCH-202509-486,300.0,274.0,8.67,93.0,ORD-000893
CYC-000894,AGT-0100,BATCH-202506-156,100.0,91.0,9.0,86.0,ORD-000894
CYC-000895,AGT-0100,BATCH-202511-615,200.0,196.0,2.0,87.0,ORD-000895
CYC-000896,AGT-0100,BATCH-202505-126,300.0,275.0,8.33,97.0,ORD-000896
CYC-000897,AGT-0100,BATCH-202512-548,200.0,184.0,8.0,87.0,ORD-000897
CYC-000898,AGT-0100,BATCH-202509-345,200.0,186.0,7.0,94.0,ORD-000898
CYC-000899,AGT-0100,BATCH-202510-496,100.0,96.0,4.0,92.0,ORD-000899
CYC-000900,AGT-0100,BATCH-202508-428,300.0,281.0,6.33,96.0,ORD-000900
CYC-000901,AGT-0100,BATCH-202511-565,300.0,292.0,2.67,82.0,ORD-000901
CYC-000902,AGT-0101,BATCH-202511-495,300.0,279.0,7.0,97.0,ORD-000902
CYC-000903,AGT-0101,BATCH-202511-736,500.0,481.0,3.8,80.0,ORD-000903
CYC-000904,AGT-0101,BATCH-202507-130,200.0,187.0,6.5,94.0,ORD-000904
CYC-000905,AGT-0101,BATCH-202512-859,300.0,279.0,7.0,83.0,ORD-000905
CYC-000906,AGT-0101,BATCH-202511-745,500.0,486.0,2.8,100.0,ORD-000906
CYC-000907,AGT-0101,BATCH-202501-831,300.0,274.0,8.67,96.0,ORD-000907
CYC-000908,AGT-0101,BATCH-202508-669,300.0,291.0,3.0,80.0,ORD-000908
CYC-000909,AGT-0101,BATCH-202504-142,100.0,94.0,6.0,87.0,ORD-000909
CYC-000910,AGT-0101,BATCH-202510-306,300.0,281.0,6.33,82.0,ORD-000910
CYC-000911,AGT-0102,BATCH-202510-124,100.0,98.0,2.0,83.0,ORD-000911
CYC-000912,AGT-0102,BATCH-202512-789,300.0,280.0,6.67,86.0,ORD-000912
CYC-000913,AGT-0102,BATCH-202501-886,100.0,91.0,9.0,98.0,ORD-000913
CYC-000914,AGT-0102,BATCH-202503-105,300.0,289.0,3.67,82.0,ORD-000914
CYC-000915,AGT-0102,BATCH-202502-996,100.0,90.0,10.0,88.0,ORD-000915
CYC-000916,AGT-0102,BATCH-202506-407,300.0,272.0,9.33,76.0,ORD-000916
CYC-000917,AGT-0102,BATCH-202509-920,200.0,185.0,7.5,93.0,ORD-000917
CYC-000918,AGT-0102,BATCH-202502-170,200.0,183.0,8.5,82.0,ORD-000918
CYC-000919,AGT-0103,BATCH-202512-769,300.0,280.0,6.67,85.0,ORD-000919
CYC-000920,AGT-0103,BATCH-202510-498,200.0,182.0,9.0,76.0,ORD-000920
CYC-000921,AGT-0103,BATCH-202511-728,100.0,94.0,6.0,87.0,ORD-000921
CYC-000922,AGT-0103,BATCH-202505-925,200.0,188.0,6.0,87.0,ORD-000922
CYC-000923,AGT-0103,BATCH-202504-128,200.0,182.0,9.0,91.0,ORD-000923
CYC-000924,AGT-0103,BATCH-202504-294,200.0,191.0,4.5,93.0,ORD-000924
CYC-000925,AGT-0103,BATCH-202502-756,300.0,289.0,3.67,94.0,ORD-000925
CYC-000926,AGT-0103,BATCH-202507-250,300.0,277.0,7.67,87.0,ORD-000926
CYC-000927,AGT-0103,BATCH-202509-885,500.0,464.0,7.2,96.0,ORD-000927
CYC-000928,AGT-0103,BATCH-202502-147,100.0,92.0,8.0,96.0,ORD-000928
CYC-000929,AGT-0103,BATCH-202506-618,200.0,189.0,5.5,88.0,ORD-000929
CYC-000930,AGT-0104,BATCH-202512-602,200.0,182.0,9.0,,ORD-000930
CYC-000931,AGT-0104,BATCH-202501-376,300.0,277.0,7.67,59.0,ORD-000931
CYC-000932,AGT-0104,BATCH-202501-399,100.0,89.0,11.0,80.0,ORD-000932
CYC-000933,AGT-0104,BATCH-202505-465,200.0,169.0,15.5,82.0,ORD-000933
CYC-000934,AGT-0104,BATCH-202511-118,1000.0,904.0,9.6,57.99999999999999,ORD-000934
CYC-000935,AGT-0104,BATCH-202508-676,200.0,177.0,11.5,81.0,ORD-000935
CYC-000936,AGT-0104,BATCH-202510-748,100.0,90.0,10.0,56.99999999999999,ORD-000936
CYC-000937,AGT-0104,BATCH-202505-467,200.0,174.0,13.0,65.0,ORD-000937
CYC-000938,AGT-0104,BATCH-202511-718,200.0,179.0,10.5,67.0,ORD-000938
CYC-000939,AGT-0104,BATCH-202505-919,300.0,272.0,9.33,70.0,ORD-000939
CYC-000940,AGT-0104,BATCH-202511-834,300.0,264.0,12.0,79.0,ORD-000940
CYC-000941,AGT-0104,BATCH-202502-585,200.0,182.0,9.0,78.0,ORD-000941
CYC-000942,AGT-0105,BATCH-202502-735,200.0,182.0,9.0,75.0,ORD-000942
CYC-000943,AGT-0105,BATCH-202503-350,200.0,174.0,13.0,67.0,ORD-000943
CYC-000944,AGT-0105,BATCH-202511-627,1000.0,876.0,12.4,63.0,ORD-000944
CYC-000945,AGT-0105,BATCH-202504-586,1000.0,881.0,11.9,59.0,ORD-000945
CYC-000946,AGT-0105,BATCH-202508-888,100.0,86.0,14.0,57.99999999999999,ORD-000946
CYC-000947,AGT-0105,BATCH-202507-506,300.0,257.0,14.33,75.0,ORD-000947
CYC-000948,AGT-0105,BATCH-202506-198,100.0,89.0,11.0,64.0,ORD-000948
CYC-000949,AGT-0105,BATCH-202509-819,200.0,171.0,14.5,55.00000000000001,ORD-000949
CYC-000950,AGT-0105,BATCH-202509-572,300.0,270.0,10.0,64.0,ORD-000950
CYC-000951,AGT-0105,BATCH-202506-652,100.0,85.0,15.0,61.0,ORD-000951
CYC-000952,AGT-0105,BATCH-202503-757,300.0,254.0,15.33,84.0,ORD-000952
CYC-000953,AGT-0106,BATCH-202502-666,100.0,98.0,2.0,93.0,ORD-000953
CYC-000954,AGT-0106,BATCH-202505-919,200.0,194.0,3.0,80.0,ORD-000954
CYC-000955,AGT-0106,BATCH-202511-687,300.0,279.0,7.0,99.0,ORD-000955
CYC-000956,AGT-0106,BATCH-202506-587,500.0,473.0,5.4,83.0,ORD-000956
CYC-000957,AGT-0106,BATCH-202512-915,200.0,195.0,2.5,91.0,ORD-000957
CYC-000958,AGT-0106,BATCH-202508-270,300.0,285.0,5.0,85.0,ORD-000958
CYC-000959,AGT-0106,BATCH-202508-898,1000.0,915.0,8.5,78.0,ORD-000959
CYC-000960,AGT-0106,BATCH-202511-447,100.0,91.0,9.0,84.0,ORD-000960
CYC-000961,AGT-0106,BATCH-202505-506,200.0,183.0,8.5,77.0,ORD-000961
CYC-000962,AGT-0106,BATCH-202512-267,100.0,94.0,6.0,95.0,ORD-000962
CYC-000963,AGT-0106,BATCH-202507-928,200.0,184.0,8.0,88.0,ORD-000963
CYC-000964,AGT-0107,BATCH-202510-742,200.0,188.0,6.0,99.0,ORD-000964
CYC-000965,AGT-0107,BATCH-202508-710,1000.0,904.0,9.6,89.0,ORD-000965
CYC-000966,AGT-0107,BATCH-202512-818,100.0,91.0,9.0,100.0,ORD-000966
CYC-000967,AGT-0107,BATCH-202509-680,100.0,94.0,6.0,95.0,ORD-000967
CYC-000968,AGT-0107,BATCH-202504-298,200.0,187.0,6.5,88.0,ORD-000968
CYC-000969,AGT-0107,BATCH-202509-582,300.0,281.0,6.33,79.0,ORD-000969
CYC-000970,AGT-0107,BATCH-202511-151,100.0,95.0,5.0,90.0,ORD-000970
CYC-000971,AGT-0107,BATCH-202512-466,300.0,278.0,7.33,99.0,ORD-000971
CYC-000972,AGT-0107,BATCH-202501-608,300.0,288.0,4.0,98.0,ORD-000972
CYC-000973,AGT-0107,BATCH-202505-817,1000.0,935.0,6.5,88.0,ORD-000973
CYC-000974,AGT-0107,BATCH-202506-276,100.0,92.0,8.0,81.0,ORD-000974
CYC-000975,AGT-0107,BATCH-202508-224,200.0,187.0,6.5,87.0,ORD-000975
CYC-000976,AGT-0108,BATCH-202505-855,200.0,182.0,9.0,63.0,ORD-000976
CYC-000977,AGT-0108,BATCH-202512-113,300.0,255.0,15.0,79.0,ORD-000977
CYC-000978,AGT-0108,BATCH-202502-791,200.0,173.0,13.5,71.0,ORD-000978
CYC-000979,AGT-0108,BATCH-202509-812,300.0,269.0,10.33,70.0,ORD-000979
CYC-000980,AGT-0108,BATCH-202507-408,500.0,441.0,11.8,73.0,ORD-000980
CYC-000981,AGT-0108,BATCH-202506-839,200.0,185.0,7.5,84.0,ORD-000981
CYC-000982,AGT-0108,BATCH-202510-222,300.0,277.0,7.67,69.0,ORD-000982
CYC-000983,AGT-0109,BATCH-202512-846,1000.0,956.0,4.4,76.0,ORD-000983
CYC-000984,AGT-0109,BATCH-202508-364,100.0,92.0,8.0,94.0,ORD-000984
CYC-000985,AGT-0109,BATCH-202507-910,300.0,274.0,8.67,77.0,ORD-000985
CYC-000986,AGT-0109,BATCH-202508-890,300.0,277.0,7.67,91.0,ORD-000986
CYC-000987,AGT-0109,BATCH-202510-823,200.0,186.0,7.0,99.0,ORD-000987
CYC-000988,AGT-0109,BATCH-202510-517,300.0,279.0,7.0,91.0,ORD-000988
CYC-000989,AGT-0109,BATCH-202508-410,500.0,465.0,7.0,76.0,ORD-000989
CYC-000990,AGT-0109,BATCH-202511-211,500.0,478.0,4.4,87.0,ORD-000990
CYC-000991,AGT-0109,BATCH-202508-739,200.0,195.0,2.5,98.0,ORD-000991
CYC-000992,AGT-0109,BATCH-202512-144,200.0,188.0,6.0,94.0,ORD-000992
CYC-000993,AGT-0109,BATCH-202503-521,200.0,189.0,5.5,89.0,ORD-000993
CYC-000994,AGT-0110,BATCH-202503-804,100.0,90.0,10.0,64.0,ORD-000994
CYC-000995,AGT-0110,BATCH-202512-940,200.0,173.0,13.5,73.0,ORD-000995
CYC-000996,AGT-0110,BATCH-202512-563,100.0,87.0,13.0,73.0,ORD-000996
CYC-000997,AGT-0110,BATCH-202512-220,100.0,91.0,9.0,84.0,ORD-000997
CYC-000998,AGT-0110,BATCH-202511-639,200.0,173.0,13.5,61.0,ORD-000998
CYC-000999,AGT-9999,BATCH-202501-528,300.0,271.0,9.67,67.0,ORD-000999
CYC-001002,AGT-0110,BATCH-202511-260,200.0,185.0,7.5,64.0,ORD-001002
CYC-001003,AGT-0110,BATCH-202502-114,200.0,181.0,9.5,83.0,ORD-001003
CYC-001004,AGT-0110,BATCH-202504-708,100.0,89.0,11.0,,ORD-001004
CYC-001005,AGT-0111,BATCH-202509-222,100.0,94.0,6.0,77.0,ORD-001005
CYC-001006,AGT-0111,BATCH-202509-830,300.0,279.0,7.0,81.0,ORD-001006
CYC-001007,AGT-0111,BATCH-202508-700,100.0,95.0,5.0,91.0,ORD-001007
CYC-001008,AGT-0111,BATCH-202504-513,300.0,285.0,5.0,81.0,ORD-001008
CYC-001009,AGT-0111,BATCH-202505-859,200.0,189.0,5.5,79.0,ORD-001009
CYC-001010,AGT-0111,BATCH-202502-259,500.0,468.0,6.4,80.0,ORD-001010
CYC-001011,AGT-0112,BATCH-202506-646,200.0,188.0,6.0,,ORD-001011
CYC-001012,AGT-0112,BATCH-202504-359,200.0,197.0,1.5,87.0,ORD-001012
CYC-001013,AGT-0112,BATCH-202507-164,200.0,185.0,7.5,90.0,ORD-001013
CYC-001014,AGT-0112,BATCH-202501-425,100.0,95.0,5.0,82.0,ORD-001014
CYC-001015,AGT-0112,BATCH-202509-428,200.0,186.0,7.0,96.0,ORD-001015
CYC-001016,AGT-0112,BATCH-202509-693,500.0,473.0,5.4,84.0,ORD-001016
CYC-001017,AGT-0112,BATCH-202507-805,100.0,92.0,8.0,79.0,ORD-001017
CYC-001018,AGT-0112,BATCH-202503-630,200.0,193.0,3.5,93.0,ORD-001018
CYC-001019,AGT-0113,BATCH-202508-127,1000.0,941.0,5.9,94.0,ORD-001019
CYC-001020,AGT-0113,BATCH-202504-989,300.0,277.0,7.67,83.0,ORD-001020
CYC-001021,AGT-0113,BATCH-202511-141,200.0,189.0,5.5,92.0,ORD-001021
CYC-001022,AGT-0113,BATCH-202504-220,200.0,183.0,8.5,100.0,ORD-001022
CYC-001023,AGT-0113,BATCH-202507-698,200.0,184.0,8.0,93.0,ORD-001023
CYC-001024,AGT-0113,BATCH-202508-972,200.0,187.0,6.5,80.0,ORD-001024
CYC-001025,AGT-0114,BATCH-202506-561,200.0,189.0,5.5,98.0,ORD-001025
CYC-001026,AGT-0114,BATCH-202507-265,200.0,182.0,9.0,99.0,ORD-001026
CYC-001027,AGT-0114,BATCH-202510-943,300.0,283.0,5.67,81.0,ORD-001027
CYC-001028,AGT-0114,BATCH-202506-177,300.0,277.0,7.67,79.0,ORD-001028
CYC-001029,AGT-0114,BATCH-202506-417,200.0,187.0,6.5,83.0,ORD-001029
CYC-001030,AGT-0114,BATCH-202504-621,200.0,190.0,5.0,94.0,ORD-001030
CYC-001031,AGT-0114,BATCH-202509-336,300.0,286.0,4.67,78.0,ORD-001031
CYC-001032,AGT-0114,BATCH-202506-367,300.0,280.0,6.67,77.0,ORD-001032
CYC-001033,AGT-0115,BATCH-202501-973,100.0,93.0,7.0,89.0,ORD-001033
CYC-001034,AGT-0115,BATCH-202511-364,200.0,,7.5,79.0,ORD-001034
CYC-001035,AGT-0115,BATCH-202507-829,200.0,191.0,4.5,97.0,ORD-001035
CYC-001036,AGT-0115,BATCH-202503-351,300.0,286.0,4.67,92.0,ORD-001036
CYC-001037,AGT-0115,BATCH-202502-557,200.0,189.0,5.5,77.0,ORD-001037
CYC-001038,AGT-0115,BATCH-202501-578,200.0,187.0,6.5,83.0,ORD-001038
CYC-001039,AGT-0116,BATCH-202508-506,200.0,193.0,3.5,91.0,ORD-001039
CYC-001040,AGT-0116,BATCH-202507-185,300.0,,1.0,95.0,ORD-001040
CYC-001041,AGT-0116,BATCH-202501-901,300.0,297.0,1.0,97.0,ORD-001041
CYC-001042,AGT-0116,BATCH-202501-562,200.0,196.0,2.0,75.0,ORD-001042
CYC-001043,AGT-0116,BATCH-202508-481,200.0,198.0,1.0,95.0,ORD-001043
CYC-001044,AGT-0116,BATCH-202511-553,200.0,194.0,3.0,91.0,ORD-001044
CYC-001045,AGT-0116,BATCH-202512-926,500.0,495.0,1.0,75.0,ORD-001045
CYC-001046,AGT-0116,BATCH-202511-535,200.0,193.0,3.5,86.0,ORD-001046
CYC-001047,AGT-0116,BATCH-202510-824,100.0,97.0,3.0,80.0,ORD-001047
CYC-001048,AGT-0116,BATCH-202505-278,200.0,197.0,1.5,85.0,ORD-001048
CYC-001049,AGT-0116,BATCH-202507-526,100.0,93.0,7.0,81.0,ORD-001049
CYC-001050,AGT-0117,BATCH-202507-803,1000.0,981.0,1.9,83.0,ORD-001050
CYC-001052,AGT-0117,BATCH-202511-186,100.0,94.0,6.0,89.0,ORD-001052
CYC-001053,AGT-0117,BATCH-202512-234,300.0,284.0,5.33,94.0,ORD-001053
CYC-001054,AGT-0117,BATCH-202509-116,500.0,476.0,4.8,90.0,ORD-001054
CYC-001055,AGT-0117,BATCH-202510-529,200.0,195.0,2.5,98.0,ORD-001055
CYC-001056,AGT-0118,BATCH-202512-567,200.0,183.0,8.5,76.0,ORD-001056
CYC-001057,AGT-0118,,500.0,465.0,7.0,83.0,ORD-001057
CYC-001058,AGT-0118,BATCH-202509-433,100.0,93.0,7.0,99.0,ORD-001058
CYC-001059,AGT-0118,BATCH-202506-499,100.0,93.0,7.0,95.0,ORD-001059
CYC-001060,AGT-0118,BATCH-202506-519,200.0,191.0,4.5,94.0,ORD-001060
CYC-001061,AGT-0118,BATCH-202507-642,100.0,95.0,5.0,83.0,ORD-001061
CYC-001062,AGT-0118,BATCH-202502-699,300.0,286.0,4.67,96.0,ORD-001062
CYC-001063,AGT-0118,BATCH-202505-157,100.0,93.0,7.0,90.0,ORD-001063
CYC-001064,AGT-0118,BATCH-202511-922,200.0,183.0,8.5,100.0,ORD-001064
CYC-001065,AGT-0118,BATCH-202502-802,200.0,181.0,9.5,83.0,ORD-001065
CYC-001066,AGT-0119,BATCH-202508-798,300.0,287.0,4.33,81.0,ORD-001066
CYC-001067,AGT-0119,BATCH-202509-100,100.0,96.0,4.0,91.0,ORD-001067
CYC-001068,AGT-0119,BATCH-202508-104,100.0,95.0,5.0,95.0,ORD-001068
CYC-001069,AGT-0119,BATCH-202509-468,300.0,295.0,1.67,79.0,ORD-001069
CYC-001070,AGT-0119,BATCH-202507-803,100.0,93.0,7.0,80.0,ORD-001070
CYC-001071,AGT-0119,BATCH-202502-331,200.0,192.0,4.0,99.0,ORD-001071
CYC-001072,AGT-0119,BATCH-202509-858,100.0,95.0,5.0,93.0,ORD-001072
CYC-001073,AGT-0119,BATCH-202505-761,200.0,190.0,5.0,92.0,ORD-001073
CYC-001074,AGT-0119,BATCH-202505-719,300.0,,6.33,83.0,ORD-001074
CYC-001075,AGT-0119,BATCH-202509-965,200.0,183.0,8.5,98.0,ORD-001075
CYC-001076,AGT-0120,BATCH-202503-612,500.0,428.0,14.4,74.0,ORD-001076
CYC-001077,AGT-0120,BATCH-202510-179,100.0,88.0,12.0,83.0,ORD-001077
CYC-001078,AGT-0120,BATCH-202505-568,100.0,90.0,10.0,56.99999999999999,ORD-001078
CYC-001079,AGT-0120,BATCH-202502-259,200.0,185.0,7.5,56.00000000000001,ORD-001079
CYC-001080,AGT-0120,BATCH-202504-546,200.0,177.0,11.5,76.0,ORD-001080
CYC-001081,AGT-0120,BATCH-202508-941,200.0,171.0,14.5,66.0,ORD-001081
CYC-001082,AGT-0121,BATCH-202510-491,300.0,281.0,6.33,97.0,ORD-001082
CYC-001083,AGT-0121,BATCH-202504-806,100.0,94.0,6.0,92.0,ORD-001083
CYC-001084,AGT-0121,BATCH-202501-294,200.0,190.0,5.0,99.0,ORD-001084
CYC-001085,AGT-0121,BATCH-202505-582,200.0,182.0,9.0,94.0,ORD-001085
CYC-001086,AGT-0121,BATCH-202509-433,200.0,189.0,5.5,82.0,ORD-001086
CYC-001087,AGT-0121,BATCH-202506-854,200.0,191.0,4.5,84.0,ORD-001087
CYC-001088,AGT-0121,BATCH-202504-552,200.0,187.0,6.5,100.0,ORD-001088
CYC-001089,AGT-0121,BATCH-202508-401,500.0,463.0,7.4,100.0,ORD-001089
CYC-001090,AGT-0121,BATCH-202501-615,300.0,282.0,6.0,100.0,ORD-001090
CYC-001091,AGT-0121,BATCH-202505-746,200.0,191.0,4.5,92.0,ORD-001091
CYC-001092,AGT-0121,BATCH-202505-917,300.0,285.0,5.0,76.0,ORD-001092
CYC-001093,AGT-0121,BATCH-202506-931,200.0,183.0,8.5,85.0,ORD-001093
CYC-001094,AGT-0122,BATCH-202505-599,300.0,261.0,13.0,56.00000000000001,ORD-001094
CYC-001095,AGT-0122,BATCH-202501-321,1000.0,862.0,13.8,66.0,ORD-001095
CYC-001096,AGT-0122,BATCH-202503-611,100.0,84.0,16.0,57.99999999999999,ORD-001096
CYC-001097,AGT-0122,BATCH-202502-548,1000.0,896.0,10.4,77.0,ORD-001097
CYC-001098,AGT-0122,BATCH-202509-489,300.0,271.0,9.67,84.0,ORD-001098
CYC-001099,AGT-0122,BATCH-202505-519,300.0,269.0,10.33,62.0,ORD-001099
CYC-001100,AGT-0122,BATCH-202502-132,100.0,83.0,17.0,65.0,ORD-001100
CYC-001101,AGT-0122,BATCH-202504-308,300.0,266.0,11.33,65.0,ORD-001101
CYC-001102,AGT-0122,BATCH-202510-957,200.0,170.0,15.0,60.0,ORD-001102
CYC-001103,AGT-0122,BATCH-202502-489,200.0,176.0,12.0,64.0,ORD-001103
CYC-001104,AGT-0122,BATCH-202507-460,300.0,267.0,11.0,80.0,ORD-001104
CYC-001105,AGT-0122,BATCH-202502-566,300.0,267.0,11.0,79.0,ORD-001105
CYC-001106,AGT-0123,BATCH-202503-757,300.0,293.0,2.33,99.0,ORD-001106
CYC-001107,AGT-0123,BATCH-202510-519,300.0,291.0,3.0,88.0,ORD-001107
CYC-001108,AGT-0123,BATCH-202501-362,300.0,289.0,3.67,96.0,ORD-001108
CYC-001109,AGT-0123,BATCH-202508-775,300.0,277.0,7.67,90.0,ORD-001109
CYC-001110,AGT-0123,BATCH-202502-270,200.0,195.0,2.5,88.0,ORD-001110
CYC-001111,AGT-0123,BATCH-202512-962,200.0,188.0,6.0,78.0,ORD-001111
CYC-001112,AGT-0124,BATCH-202511-736,500.0,463.0,7.4,95.0,ORD-001112
CYC-001113,AGT-0124,BATCH-202512-457,200.0,191.0,4.5,85.0,ORD-001113
CYC-001114,AGT-0124,BATCH-202507-262,200.0,183.0,8.5,99.0,ORD-001114
CYC-001115,AGT-0124,BATCH-202502-386,200.0,187.0,6.5,84.0,ORD-001115
CYC-001116,AGT-0124,BATCH-202512-592,200.0,190.0,5.0,83.0,ORD-001116
CYC-001117,AGT-0124,BATCH-202509-925,100.0,93.0,7.0,87.0,ORD-001117
CYC-001118,AGT-0124,BATCH-202509-815,200.0,183.0,8.5,96.0,ORD-001118
CYC-001119,AGT-0125,BATCH-202511-221,500.0,495.0,1.0,77.0,ORD-001119
CYC-001120,AGT-0125,BATCH-202501-220,200.0,190.0,5.0,82.0,ORD-001120
CYC-001121,AGT-0125,BATCH-202501-675,100.0,99.0,1.0,81.0,ORD-001121
CYC-001122,AGT-0125,BATCH-202504-862,300.0,282.0,6.0,87.0,ORD-001122
CYC-001123,AGT-0125,BATCH-202504-868,200.0,196.0,2.0,78.0,ORD-001123
CYC-001124,AGT-0125,BATCH-202503-214,100.0,,5.0,83.0,ORD-001124
CYC-001125,AGT-0125,BATCH-202509-836,200.0,187.0,6.5,77.0,ORD-001125
CYC-001126,AGT-0125,BATCH-202501-439,300.0,285.0,5.0,92.0,ORD-001126
CYC-001127,AGT-0125,BATCH-202509-682,200.0,198.0,1.0,91.0,ORD-001127
CYC-001128,AGT-0126,BATCH-202512-740,200.0,182.0,9.0,74.0,ORD-001128
CYC-001129,AGT-0126,BATCH-202504-503,200.0,185.0,7.5,81.0,ORD-001129
CYC-001130,AGT-0126,BATCH-202508-338,200.0,173.0,13.5,82.0,ORD-001130
CYC-001131,AGT-0126,BATCH-202506-292,100.0,84.0,16.0,60.0,ORD-001131
CYC-001132,AGT-0126,BATCH-202505-723,300.0,263.0,12.33,56.99999999999999,ORD-001132
CYC-001133,AGT-0126,BATCH-202504-602,1000.0,867.0,13.3,76.0,ORD-001133
CYC-001134,AGT-0126,BATCH-202504-165,300.0,269.0,10.33,56.99999999999999,ORD-001134
CYC-001135,AGT-0126,BATCH-202512-909,200.0,176.0,12.0,56.00000000000001,ORD-001135
CYC-001136,AGT-0126,BATCH-202510-659,300.0,253.0,15.67,80.0,ORD-001136
CYC-001137,AGT-0126,BATCH-202510-394,1000.0,900.0,10.0,77.0,ORD-001137
CYC-001138,AGT-0126,BATCH-202509-309,100.0,90.0,10.0,69.0,ORD-001138
CYC-001139,AGT-0127,BATCH-202509-691,200.0,180.0,10.0,69.0,ORD-001139
CYC-001140,AGT-0127,BATCH-202508-593,1000.0,913.0,8.7,64.0,ORD-001140
CYC-001141,AGT-0127,BATCH-202512-623,100.0,87.0,13.0,76.0,ORD-001141
CYC-001142,AGT-0127,BATCH-202507-846,100.0,86.0,14.0,60.0,ORD-001142
CYC-001143,AGT-0127,BATCH-202506-483,200.0,175.0,12.5,65.0,ORD-001143
CYC-001144,AGT-0127,BATCH-202512-131,100.0,88.0,12.0,80.0,ORD-001144
CYC-001145,AGT-0127,BATCH-202510-465,100.0,86.0,14.0,63.0,ORD-001145
CYC-001146,AGT-0127,BATCH-202503-232,300.0,253.0,15.67,64.0,ORD-001146
CYC-001147,AGT-0127,BATCH-202501-671,100.0,88.0,12.0,75.0,ORD-001147
CYC-001148,AGT-0127,BATCH-202511-835,100.0,90.0,10.0,80.0,ORD-001148
CYC-001149,AGT-0127,BATCH-202504-648,100.0,89.0,11.0,61.0,ORD-001149
CYC-001150,AGT-0127,BATCH-202512-509,200.0,170.0,15.0,60.0,ORD-001150
CYC-001151,AGT-0128,BATCH-202501-856,200.0,194.0,3.0,100.0,ORD-001151
CYC-001152,AGT-0128,BATCH-202501-652,300.0,279.0,7.0,75.0,ORD-001152
CYC-001153,AGT-0128,BATCH-202512-727,1000.0,932.0,6.8,92.0,ORD-001153
CYC-001154,AGT-0128,BATCH-202502-166,200.0,189.0,5.5,87.0,ORD-001154
CYC-001155,AGT-0128,BATCH-202509-196,200.0,181.0,9.5,84.0,ORD-001155
CYC-001156,AGT-0128,BATCH-202502-234,300.0,281.0,6.33,91.0,ORD-001156
CYC-001157,AGT-0128,BATCH-202507-747,300.0,285.0,5.0,76.0,ORD-001157
CYC-001158,AGT-0128,BATCH-202504-143,200.0,191.0,4.5,93.0,ORD-001158
CYC-001159,AGT-0128,BATCH-202505-460,300.0,272.0,9.33,95.0,ORD-001159
CYC-001160,AGT-0128,BATCH-202503-563,200.0,187.0,6.5,89.0,ORD-001160
CYC-001161,AGT-0128,BATCH-202509-496,200.0,193.0,3.5,79.0,ORD-001161
CYC-001162,AGT-0128,BATCH-202505-790,500.0,474.0,5.2,77.0,ORD-001162
CYC-001163,AGT-0129,BATCH-202505-878,500.0,465.0,7.0,75.0,ORD-001163
CYC-001164,AGT-0129,BATCH-202511-951,300.0,284.0,5.33,92.0,ORD-001164
CYC-001165,AGT-0129,,300.0,280.0,6.67,94.0,ORD-001165
CYC-001166,AGT-0129,BATCH-202504-510,200.0,189.0,5.5,85.0,ORD-001166
CYC-001167,AGT-0129,BATCH-202505-175,200.0,189.0,5.5,77.0,ORD-001167
CYC-001168,AGT-0129,BATCH-202511-314,300.0,276.0,8.0,98.0,ORD-001168
CYC-001169,AGT-0129,BATCH-202509-241,300.0,290.0,3.33,83.0,ORD-001169
CYC-001170,AGT-0130,BATCH-202504-106,300.0,279.0,7.0,81.0,ORD-001170
CYC-001171,AGT-0130,BATCH-202509-907,300.0,279.0,7.0,94.0,ORD-001171
CYC-001172,AGT-0130,BATCH-202511-420,300.0,278.0,7.33,96.0,ORD-001172
CYC-001173,AGT-0130,BATCH-202508-421,500.0,475.0,5.0,82.0,ORD-001173
CYC-001174,AGT-0130,BATCH-202508-279,200.0,178.0,11.0,,ORD-001174
CYC-001175,AGT-0130,BATCH-202509-817,200.0,192.0,4.0,91.0,ORD-001175
CYC-001176,AGT-0130,BATCH-202506-978,300.0,278.0,7.33,87.0,ORD-001176
CYC-001177,AGT-0130,BATCH-202509-173,1000.0,934.0,6.6,91.0,ORD-001177
CYC-001178,AGT-0131,BATCH-202507-399,200.0,192.0,4.0,94.0,ORD-001178
CYC-001179,AGT-0131,BATCH-202509-723,1000.0,990.0,1.0,91.0,ORD-001179
CYC-001180,AGT-0131,BATCH-202509-764,200.0,190.0,5.0,81.0,ORD-001180
CYC-001181,AGT-0131,BATCH-202508-901,200.0,198.0,1.0,94.0,ORD-001181
CYC-001182,AGT-0131,BATCH-202510-473,200.0,188.0,6.0,96.0,ORD-001182
CYC-001183,AGT-0131,BATCH-202508-222,200.0,195.0,2.5,94.0,ORD-001183
CYC-001184,AGT-0132,BATCH-202503-692,100.0,92.0,8.0,85.0,ORD-001184
CYC-001185,AGT-0132,BATCH-202505-432,300.0,286.0,4.67,98.0,ORD-001185
CYC-001186,AGT-0132,BATCH-202510-706,200.0,183.0,8.5,92.0,ORD-001186
CYC-001187,AGT-0132,BATCH-202505-828,300.0,290.0,3.33,85.0,ORD-001187
CYC-001188,AGT-0132,BATCH-202511-264,1000.0,933.0,6.7,93.0,ORD-001188
CYC-001189,AGT-0132,BATCH-202510-910,200.0,187.0,6.5,79.0,ORD-001189
CYC-001190,AGT-0132,BATCH-202503-632,200.0,183.0,8.5,76.0,ORD-001190
CYC-001191,AGT-0132,BATCH-202503-926,300.0,280.0,6.67,98.0,ORD-001191
CYC-001192,AGT-0132,BATCH-202509-727,1000.0,939.0,6.1,83.0,ORD-001192
CYC-001193,AGT-0132,BATCH-202507-883,200.0,185.0,7.5,79.0,ORD-001193
CYC-001194,AGT-0132,BATCH-202505-263,200.0,186.0,7.0,85.0,ORD-001194
CYC-001195,AGT-0132,BATCH-202505-613,200.0,177.0,11.5,86.0,ORD-001195
CYC-001196,AGT-0133,BATCH-202503-614,200.0,189.0,5.5,96.0,ORD-001196
CYC-001197,AGT-0133,BATCH-202505-840,200.0,190.0,5.0,78.0,ORD-001197
CYC-001198,AGT-0133,BATCH-202505-633,100.0,93.0,7.0,89.0,ORD-001198
CYC-001199,AGT-0133,BATCH-202508-377,200.0,193.0,3.5,96.0,ORD-001199
CYC-001201,AGT-0133,BATCH-202510-822,300.0,279.0,7.0,80.0,ORD-001201
CYC-001202,AGT-0133,BATCH-202504-615,200.0,187.0,6.5,89.0,ORD-001202
CYC-001203,AGT-0133,BATCH-202508-131,200.0,189.0,5.5,95.0,ORD-001203
CYC-001204,AGT-0133,BATCH-202512-192,200.0,189.0,5.5,96.0,ORD-001204
CYC-001205,AGT-0134,BATCH-202504-133,100.0,95.0,5.0,95.0,ORD-001205
CYC-001206,AGT-0134,BATCH-202512-517,500.0,457.0,8.6,78.0,ORD-001206
CYC-001207,AGT-0134,BATCH-202507-338,300.0,287.0,4.33,86.0,ORD-001207
CYC-001208,AGT-0134,BATCH-202511-577,200.0,184.0,8.0,76.0,ORD-001208
CYC-001209,AGT-0134,BATCH-202505-245,300.0,294.0,2.0,84.0,ORD-001209
CYC-001210,AGT-0134,BATCH-202506-211,1000.0,932.0,6.8,94.0,ORD-001210
CYC-001211,AGT-0134,BATCH-202503-591,200.0,188.0,6.0,93.0,ORD-001211
CYC-001212,AGT-0134,BATCH-202511-962,200.0,192.0,4.0,78.0,ORD-001212
CYC-001213,AGT-0134,BATCH-202505-268,100.0,94.0,6.0,100.0,ORD-001213
CYC-001214,AGT-0134,BATCH-202506-210,1000.0,930.0,7.0,92.0,ORD-001214
CYC-001215,AGT-0134,BATCH-202510-252,200.0,192.0,4.0,88.0,ORD-001215
CYC-001216,AGT-0135,BATCH-202506-515,200.0,193.0,3.5,85.0,ORD-001216
CYC-001217,AGT-0135,BATCH-202505-777,200.0,,2.5,86.0,ORD-001217
CYC-001218,AGT-0135,BATCH-202507-115,200.0,194.0,3.0,98.0,ORD-001218
CYC-001219,AGT-0135,BATCH-202503-548,300.0,288.0,4.0,88.0,ORD-001219
CYC-001220,AGT-0135,BATCH-202507-638,300.0,290.0,3.33,77.0,ORD-001220
CYC-001221,AGT-0135,BATCH-202508-757,100.0,93.0,7.0,96.0,ORD-001221
CYC-001222,AGT-0135,BATCH-202502-364,200.0,188.0,6.0,79.0,ORD-001222
CYC-001223,AGT-0135,BATCH-202503-260,200.0,194.0,3.0,87.0,ORD-001223
CYC-001224,AGT-0135,BATCH-202508-568,300.0,293.0,2.33,90.0,ORD-001224
CYC-001225,AGT-0135,BATCH-202502-774,100.0,96.0,4.0,75.0,ORD-001225
CYC-001226,AGT-0135,BATCH-202503-457,100.0,96.0,4.0,97.0,ORD-001226
CYC-001227,AGT-0135,BATCH-202510-684,300.0,283.0,5.67,90.0,ORD-001227
CYC-001228,AGT-0136,BATCH-202511-458,200.0,189.0,5.5,82.0,ORD-001228
CYC-001229,AGT-0136,BATCH-202502-979,200.0,196.0,2.0,86.0,ORD-001229
CYC-001230,AGT-0136,BATCH-202508-155,200.0,191.0,4.5,95.0,ORD-001230
CYC-001231,AGT-0136,BATCH-202508-232,200.0,184.0,8.0,80.0,ORD-001231
CYC-001232,AGT-0136,BATCH-202508-573,300.0,283.0,5.67,,ORD-001232
CYC-001233,AGT-0136,BATCH-202504-934,300.0,284.0,5.33,78.0,ORD-001233
CYC-001234,AGT-0136,BATCH-202502-481,100.0,93.0,7.0,100.0,ORD-001234
CYC-001235,AGT-0136,BATCH-202502-517,200.0,183.0,8.5,89.0,ORD-001235
CYC-001236,AGT-0136,BATCH-202506-491,500.0,,5.6,90.0,ORD-001236
CYC-001237,AGT-0136,BATCH-202504-581,300.0,276.0,8.0,85.0,ORD-001237
CYC-001238,AGT-0136,BATCH-202510-265,300.0,283.0,5.67,87.0,ORD-001238
CYC-001239,AGT-0136,BATCH-202506-559,200.0,185.0,7.5,93.0,ORD-001239
CYC-001240,AGT-0137,BATCH-202508-513,200.0,188.0,6.0,77.0,ORD-001240
CYC-001241,AGT-0137,BATCH-202507-342,200.0,193.0,3.5,91.0,ORD-001241
CYC-001242,AGT-0137,BATCH-202511-414,100.0,92.0,8.0,91.0,ORD-001242
CYC-001243,AGT-0137,BATCH-202503-844,200.0,182.0,9.0,95.0,ORD-001243
CYC-001244,AGT-0137,BATCH-202505-481,1000.0,903.0,9.7,84.0,ORD-001244
CYC-001245,AGT-0137,,500.0,474.0,5.2,99.0,ORD-001245
CYC-001246,AGT-0137,BATCH-202512-460,100.0,94.0,6.0,77.0,ORD-001246
CYC-001247,AGT-0137,BATCH-202512-340,200.0,198.0,1.0,86.0,ORD-001247
CYC-001248,AGT-0137,BATCH-202501-655,300.0,278.0,7.33,77.0,ORD-001248
CYC-001249,AGT-0137,BATCH-202501-627,500.0,460.0,8.0,,ORD-001249
CYC-001251,AGT-0137,BATCH-202501-478,200.0,189.0,5.5,85.0,ORD-001251
CYC-001252,AGT-0138,BATCH-202505-115,200.0,193.0,3.5,81.0,ORD-001252
CYC-001253,AGT-0138,BATCH-202504-414,300.0,292.0,2.67,83.0,ORD-001253
CYC-001254,AGT-0138,BATCH-202501-162,200.0,189.0,5.5,95.0,ORD-001254
CYC-001255,AGT-0138,BATCH-202506-313,200.0,189.0,5.5,77.0,ORD-001255
CYC-001256,AGT-0138,BATCH-202507-556,200.0,191.0,4.5,88.0,ORD-001256
CYC-001257,AGT-0138,BATCH-202504-545,100.0,95.0,5.0,86.0,ORD-001257
CYC-001258,AGT-0138,BATCH-202511-676,200.0,193.0,3.5,85.0,ORD-001258
CYC-001259,AGT-0138,BATCH-202510-574,200.0,193.0,3.5,,ORD-001259
CYC-001260,AGT-0138,BATCH-202508-256,100.0,96.0,4.0,82.0,ORD-001260
CYC-001261,AGT-0138,BATCH-202512-772,100.0,94.0,6.0,100.0,ORD-001261
CYC-001262,AGT-0139,BATCH-202502-340,500.0,468.0,6.4,90.0,ORD-001262
CYC-001263,AGT-0139,BATCH-202506-644,300.0,271.0,9.67,79.0,ORD-001263
CYC-001264,AGT-0139,BATCH-202505-975,200.0,184.0,8.0,84.0,ORD-001264
CYC-001265,AGT-0139,BATCH-202505-246,300.0,280.0,6.67,84.0,ORD-001265
CYC-001266,AGT-0139,BATCH-202505-137,1000.0,,7.4,,ORD-001266
CYC-001267,AGT-0139,BATCH-202512-484,300.0,277.0,7.67,92.0,ORD-001267
CYC-001268,AGT-0140,BATCH-202511-565,100.0,91.0,9.0,93.0,ORD-001268
CYC-001269,AGT-0140,BATCH-202507-775,500.0,473.0,5.4,84.0,ORD-001269
CYC-001270,AGT-0140,BATCH-202509-702,300.0,278.0,7.33,87.0,ORD-001270
CYC-001271,AGT-0140,BATCH-202502-885,100.0,94.0,6.0,93.0,ORD-001271
CYC-001272,AGT-0140,BATCH-202504-422,200.0,190.0,5.0,83.0,ORD-001272
CYC-001273,AGT-0140,BATCH-202509-739,500.0,473.0,5.4,92.0,ORD-001273
CYC-001274,AGT-0140,BATCH-202507-438,300.0,285.0,5.0,88.0,ORD-001274
CYC-001275,AGT-0140,BATCH-202502-405,300.0,272.0,9.33,96.0,ORD-001275
CYC-001276,AGT-0140,BATCH-202502-692,200.0,188.0,6.0,89.0,ORD-001276
CYC-001277,AGT-0140,BATCH-202510-179,100.0,96.0,4.0,85.0,ORD-001277
CYC-001278,AGT-0140,BATCH-202506-473,200.0,190.0,5.0,85.0,ORD-001278
CYC-001279,AGT-0141,BATCH-202506-964,200.0,180.0,10.0,61.0,ORD-001279
CYC-001280,AGT-0141,BATCH-202512-804,300.0,257.0,14.33,74.0,ORD-001280
CYC-001281,AGT-0141,BATCH-202501-564,300.0,279.0,7.0,82.0,ORD-001281
CYC-001282,AGT-0141,BATCH-202502-918,100.0,84.0,16.0,77.0,ORD-001282
CYC-001283,AGT-0141,BATCH-202501-668,300.0,268.0,10.67,61.0,ORD-001283
CYC-001284,AGT-0141,BATCH-202507-556,300.0,268.0,10.67,65.0,ORD-001284
CYC-001285,AGT-0141,BATCH-202503-354,200.0,182.0,9.0,66.0,ORD-001285
CYC-001286,AGT-0141,BATCH-202502-468,500.0,449.0,10.2,70.0,ORD-001286
CYC-001287,AGT-0142,BATCH-202509-252,300.0,280.0,6.67,83.0,ORD-001287
CYC-001288,AGT-0142,BATCH-202506-149,200.0,194.0,3.0,98.0,ORD-001288
CYC-001289,AGT-0142,BATCH-202511-511,100.0,96.0,4.0,86.0,ORD-001289
CYC-001290,AGT-0142,BATCH-202503-648,500.0,481.0,3.8,78.0,ORD-001290
CYC-001291,AGT-0142,BATCH-202503-267,200.0,179.0,10.5,98.0,ORD-001291
CYC-001292,AGT-0142,BATCH-202510-802,300.0,283.0,5.67,84.0,ORD-001292
CYC-001293,AGT-0142,BATCH-202507-935,500.0,467.0,6.6,88.0,ORD-001293
CYC-001294,AGT-0142,BATCH-202507-665,200.0,179.0,10.5,85.0,ORD-001294
CYC-001295,AGT-0142,BATCH-202512-587,100.0,95.0,5.0,98.0,ORD-001295
CYC-001296,AGT-0142,BATCH-202511-318,300.0,276.0,8.0,90.0,ORD-001296
CYC-001297,AGT-0142,BATCH-202508-923,300.0,283.0,5.67,78.0,ORD-001297
CYC-001298,AGT-0143,BATCH-202508-435,100.0,94.0,6.0,89.0,ORD-001298
CYC-001299,AGT-0143,BATCH-202501-563,1000.0,990.0,1.0,89.0,ORD-001299
CYC-001300,AGT-0143,BATCH-202504-538,1000.0,935.0,6.5,89.0,ORD-001300
CYC-001301,AGT-0143,BATCH-202503-554,200.0,184.0,8.0,92.0,ORD-001301
CYC-001302,AGT-0143,BATCH-202510-211,300.0,284.0,5.33,79.0,ORD-001302
CYC-001303,AGT-0143,BATCH-202512-153,500.0,481.0,3.8,84.0,ORD-001303
CYC-001304,AGT-0143,BATCH-202508-100,100.0,97.0,3.0,95.0,ORD-001304
CYC-001305,AGT-0144,BATCH-202507-138,500.0,469.0,6.2,77.0,ORD-001305
CYC-001306,AGT-0144,BATCH-202510-210,300.0,281.0,6.33,96.0,ORD-001306
CYC-001307,AGT-0144,BATCH-202509-272,200.0,188.0,6.0,77.0,ORD-001307
CYC-001308,AGT-0144,BATCH-202506-308,100.0,95.0,5.0,75.0,ORD-001308
CYC-001309,AGT-0144,BATCH-202502-906,200.0,185.0,7.5,93.0,ORD-001309
CYC-001310,AGT-0144,BATCH-202506-425,100.0,92.0,8.0,87.0,ORD-001310
CYC-001311,AGT-0145,BATCH-202507-175,300.0,280.0,6.67,84.0,ORD-001311
CYC-001312,AGT-0145,BATCH-202510-844,300.0,286.0,4.67,78.0,ORD-001312
CYC-001313,AGT-0145,BATCH-202502-484,200.0,178.0,11.0,78.0,ORD-001313
CYC-001314,AGT-0145,BATCH-202507-827,300.0,278.0,7.33,79.0,ORD-001314
CYC-001315,AGT-0145,BATCH-202507-470,300.0,285.0,5.0,88.0,ORD-001315
CYC-001316,AGT-0145,BATCH-202504-401,200.0,190.0,5.0,79.0,ORD-001316
CYC-001317,AGT-0146,BATCH-202512-912,200.0,187.0,6.5,97.0,ORD-001317
CYC-001318,AGT-0146,BATCH-202503-626,300.0,297.0,1.0,87.0,ORD-001318
CYC-001319,AGT-0146,BATCH-202510-755,100.0,98.0,2.0,77.0,ORD-001319
CYC-001320,AGT-0146,BATCH-202504-662,200.0,190.0,5.0,99.0,ORD-001320
CYC-001321,AGT-0146,BATCH-202506-110,500.0,482.0,3.6,81.0,ORD-001321
CYC-001322,AGT-0146,BATCH-202502-641,300.0,297.0,1.0,92.0,ORD-001322
CYC-001323,AGT-0146,BATCH-202511-339,100.0,97.0,3.0,76.0,ORD-001323
CYC-001324,AGT-0146,BATCH-202512-765,200.0,197.0,1.5,99.0,ORD-001324
CYC-001325,AGT-0146,BATCH-202507-614,100.0,95.0,5.0,87.0,ORD-001325
CYC-001326,AGT-0146,BATCH-202511-361,200.0,191.0,4.5,81.0,ORD-001326
CYC-001327,AGT-0146,BATCH-202509-699,200.0,198.0,1.0,85.0,ORD-001327
CYC-001328,AGT-0146,BATCH-202511-153,300.0,291.0,3.0,89.0,ORD-001328
CYC-001329,AGT-0147,BATCH-202512-222,100.0,90.0,10.0,81.0,ORD-001329
CYC-001330,AGT-0147,BATCH-202508-779,200.0,183.0,8.5,97.0,ORD-001330
CYC-001331,AGT-0147,BATCH-202507-624,500.0,471.0,5.8,77.0,ORD-001331
CYC-001332,AGT-9999,BATCH-202509-285,100.0,84.0,16.0,57.99999999999999,ORD-001332
CYC-001333,AGT-0147,BATCH-202504-904,200.0,192.0,4.0,84.0,ORD-001333
CYC-001334,AGT-0147,BATCH-202510-915,200.0,189.0,5.5,89.0,ORD-001334
CYC-001335,AGT-0147,BATCH-202504-625,200.0,194.0,3.0,80.0,ORD-001335
CYC-001336,AGT-0147,BATCH-202502-381,100.0,92.0,8.0,92.0,ORD-001336
CYC-001337,AGT-0147,BATCH-202512-116,300.0,271.0,9.67,100.0,ORD-001337
CYC-001338,AGT-0147,BATCH-202502-338,200.0,188.0,6.0,78.0,ORD-001338
CYC-001339,AGT-0147,BATCH-202504-973,100.0,94.0,6.0,87.0,ORD-001339
CYC-001340,AGT-0148,BATCH-202509-676,100.0,95.0,5.0,76.0,ORD-001340
CYC-001341,AGT-0148,BATCH-202506-784,200.0,187.0,6.5,77.0,ORD-001341
CYC-001342,AGT-0148,BATCH-202505-969,200.0,187.0,6.5,95.0,ORD-001342
CYC-001343,AGT-0148,BATCH-202509-734,100.0,92.0,8.0,83.0,ORD-001343
CYC-001344,AGT-0148,BATCH-202503-325,200.0,188.0,6.0,78.0,ORD-001344
CYC-001345,AGT-0148,BATCH-202511-553,200.0,191.0,4.5,82.0,ORD-001345
CYC-001346,AGT-0148,BATCH-202509-220,200.0,192.0,4.0,84.0,ORD-001346
CYC-001347,AGT-0149,BATCH-202504-485,300.0,280.0,6.67,81.0,ORD-001347
CYC-001348,AGT-0149,,200.0,198.0,1.0,90.0,ORD-001348
CYC-001349,AGT-0149,BATCH-202501-427,500.0,482.0,3.6,79.0,ORD-001349
CYC-001350,AGT-0149,BATCH-202502-276,200.0,196.0,2.0,90.0,ORD-001350
CYC-001351,AGT-0149,BATCH-202501-870,200.0,195.0,2.5,77.0,ORD-001351
CYC-001352,AGT-0149,,300.0,289.0,3.67,97.0,ORD-001352
CYC-001353,AGT-0149,BATCH-202501-290,200.0,187.0,6.5,88.0,ORD-001353
CYC-001354,AGT-0149,BATCH-202512-800,200.0,193.0,3.5,92.0,ORD-001354
CYC-001355,AGT-0149,BATCH-202504-778,1000.0,,1.0,84.0,ORD-001355
CYC-001356,AGT-0150,BATCH-202508-334,300.0,285.0,5.0,83.0,ORD-001356
CYC-001357,AGT-0150,BATCH-202508-403,500.0,,5.6,79.0,ORD-001357
CYC-001358,AGT-0150,BATCH-202503-354,500.0,460.0,8.0,94.0,ORD-001358
CYC-001359,AGT-0150,BATCH-202505-903,200.0,188.0,6.0,79.0,ORD-001359
CYC-001360,AGT-0150,BATCH-202507-480,300.0,279.0,7.0,90.0,ORD-001360
CYC-001361,AGT-0150,BATCH-202512-533,1000.0,939.0,6.1,96.0,ORD-001361
CYC-001362,AGT-0150,BATCH-202507-818,200.0,193.0,3.5,92.0,ORD-001362
CYC-001363,AGT-0150,BATCH-202506-974,300.0,271.0,9.67,83.0,ORD-001363
CYC-001364,AGT-0150,BATCH-202507-200,300.0,279.0,7.0,77.0,ORD-001364
CYC-001365,AGT-0150,BATCH-202506-857,500.0,467.0,6.6,98.0,ORD-001365
CYC-001366,AGT-0150,BATCH-202510-911,500.0,476.0,4.8,98.0,ORD-001366
CYC-001367,AGT-0151,BATCH-202501-237,300.0,270.0,10.0,75.0,ORD-001367
CYC-001368,AGT-0151,BATCH-202502-311,200.0,181.0,9.5,63.0,ORD-001368
CYC-001369,AGT-0151,BATCH-202503-834,300.0,255.0,15.0,73.0,ORD-001369
CYC-001370,AGT-0151,BATCH-202508-837,500.0,419.0,16.2,56.00000000000001,ORD-001370
CYC-001371,AGT-0151,BATCH-202509-258,200.0,177.0,11.5,68.0,ORD-001371
CYC-001372,AGT-0151,BATCH-202504-491,200.0,168.0,16.0,56.00000000000001,ORD-001372
CYC-001373,AGT-0152,BATCH-202510-281,100.0,90.0,10.0,79.0,ORD-001373
CYC-001374,AGT-0152,BATCH-202502-667,200.0,188.0,6.0,83.0,ORD-001374
CYC-001375,AGT-0152,BATCH-202502-293,300.0,279.0,7.0,75.0,ORD-001375
CYC-001376,AGT-0152,BATCH-202509-624,200.0,191.0,4.5,99.0,ORD-001376
CYC-001377,AGT-0152,BATCH-202508-598,100.0,93.0,7.0,83.0,ORD-001377
CYC-001378,AGT-0152,BATCH-202507-402,100.0,89.0,11.0,87.0,ORD-001378
CYC-001379,AGT-0153,BATCH-202512-100,200.0,188.0,6.0,77.0,ORD-001379
CYC-001380,AGT-0153,BATCH-202505-727,100.0,91.0,9.0,92.0,ORD-001380
CYC-001381,AGT-0153,BATCH-202502-156,1000.0,931.0,6.9,98.0,ORD-001381
CYC-001382,AGT-0153,BATCH-202511-954,1000.0,949.0,5.1,85.0,ORD-001382
CYC-001383,AGT-0153,BATCH-202508-829,1000.0,928.0,7.2,88.0,ORD-001383
CYC-001384,AGT-0153,BATCH-202501-567,200.0,187.0,6.5,88.0,ORD-001384
CYC-001385,AGT-0153,BATCH-202510-882,200.0,187.0,6.5,79.0,ORD-001385
CYC-001386,AGT-0153,BATCH-202503-864,300.0,282.0,6.0,99.0,ORD-001386
CYC-001387,AGT-0153,BATCH-202505-345,100.0,96.0,4.0,84.0,ORD-001387
CYC-001388,AGT-0153,BATCH-202511-343,300.0,282.0,6.0,75.0,ORD-001388
CYC-001389,AGT-0153,BATCH-202502-573,300.0,289.0,3.67,85.0,ORD-001389
CYC-001390,AGT-0154,BATCH-202501-302,100.0,88.0,12.0,95.0,ORD-001390
CYC-001391,AGT-0154,BATCH-202504-869,200.0,187.0,6.5,76.0,ORD-001391
CYC-001392,AGT-0154,BATCH-202511-963,100.0,93.0,7.0,80.0,ORD-001392
CYC-001393,AGT-0154,BATCH-202504-586,300.0,281.0,6.33,96.0,ORD-001393
CYC-001394,AGT-0154,BATCH-202505-413,200.0,193.0,3.5,92.0,ORD-001394
CYC-001395,AGT-0154,BATCH-202508-467,200.0,190.0,5.0,86.0,ORD-001395
CYC-001396,AGT-0154,BATCH-202505-388,500.0,466.0,6.8,95.0,ORD-001396
CYC-001397,AGT-0154,BATCH-202508-209,100.0,94.0,6.0,88.0,ORD-001397
CYC-001398,AGT-0155,BATCH-202505-165,1000.0,933.0,6.7,79.0,ORD-001398
CYC-001399,AGT-0155,BATCH-202511-309,200.0,180.0,10.0,96.0,ORD-001399
CYC-001400,AGT-0155,BATCH-202503-431,100.0,92.0,8.0,77.0,ORD-001400
CYC-001402,AGT-0155,BATCH-202506-409,300.0,285.0,5.0,85.0,ORD-001402
CYC-001403,AGT-0155,BATCH-202501-194,200.0,184.0,8.0,98.0,ORD-001403
CYC-001404,AGT-0155,BATCH-202507-795,100.0,93.0,7.0,81.0,ORD-001404
CYC-001405,AGT-0156,BATCH-202511-792,100.0,90.0,10.0,85.0,ORD-001405
CYC-001406,AGT-0156,,100.0,97.0,3.0,95.0,ORD-001406
CYC-001407,AGT-0156,BATCH-202509-843,500.0,465.0,7.0,95.0,ORD-001407
CYC-001408,AGT-0156,BATCH-202510-366,300.0,288.0,4.0,95.0,ORD-001408
CYC-001409,AGT-0156,BATCH-202510-642,200.0,187.0,6.5,97.0,ORD-001409
CYC-001410,AGT-0156,BATCH-202505-830,200.0,192.0,4.0,86.0,ORD-001410
CYC-001411,AGT-0156,BATCH-202501-123,200.0,185.0,7.5,86.0,ORD-001411
CYC-001412,AGT-0156,BATCH-202503-695,200.0,190.0,5.0,88.0,ORD-001412
CYC-001413,AGT-0156,BATCH-202506-751,500.0,478.0,4.4,76.0,ORD-001413
CYC-001414,AGT-0157,BATCH-202509-628,100.0,96.0,4.0,80.0,ORD-001414
CYC-001415,AGT-0157,BATCH-202511-127,200.0,188.0,6.0,88.0,ORD-001415
CYC-001416,AGT-0157,BATCH-202512-657,300.0,291.0,3.0,96.0,ORD-001416
CYC-001417,AGT-0157,BATCH-202503-473,100.0,94.0,6.0,99.0,ORD-001417
CYC-001418,AGT-0157,BATCH-202504-125,100.0,95.0,5.0,80.0,ORD-001418
CYC-001419,AGT-0157,BATCH-202501-706,1000.0,925.0,7.5,75.0,ORD-001419
CYC-001420,AGT-0157,BATCH-202512-885,500.0,470.0,6.0,88.0,ORD-001420
CYC-001421,AGT-0157,BATCH-202506-932,500.0,463.0,7.4,0.0,ORD-001421
CYC-001422,AGT-0157,BATCH-202504-137,500.0,467.0,6.6,81.0,ORD-001422
CYC-001423,AGT-0157,BATCH-202507-654,300.0,279.0,7.0,83.0,ORD-001423
CYC-001424,AGT-0157,BATCH-202502-413,500.0,459.0,8.2,86.0,ORD-001424
CYC-001425,AGT-0157,BATCH-202509-426,100.0,93.0,7.0,91.0,ORD-001425
CYC-001426,AGT-0158,BATCH-202506-631,1000.0,990.0,1.0,85.0,ORD-001426
CYC-001427,AGT-0158,BATCH-202509-830,100.0,,8.0,96.0,ORD-001427
CYC-001428,AGT-0158,BATCH-202502-607,300.0,290.0,3.33,88.0,ORD-001428
CYC-001429,AGT-0158,BATCH-202504-341,100.0,95.0,5.0,81.0,ORD-001429
CYC-001430,AGT-0158,BATCH-202503-745,500.0,471.0,5.8,92.0,ORD-001430
CYC-001431,AGT-0158,BATCH-202510-275,200.0,183.0,8.5,95.0,ORD-001431
CYC-001432,AGT-0158,BATCH-202508-809,200.0,185.0,7.5,82.0,ORD-001432
CYC-001433,AGT-0158,BATCH-202502-519,300.0,287.0,4.33,97.0,ORD-001433
CYC-001434,AGT-0158,BATCH-202505-806,300.0,278.0,7.33,89.0,ORD-001434
CYC-001435,AGT-0158,BATCH-202502-521,200.0,178.0,11.0,88.0,ORD-001435
CYC-001436,AGT-0159,BATCH-202503-579,200.0,180.0,10.0,75.0,ORD-001436
CYC-001437,AGT-0159,BATCH-202502-529,200.0,187.0,6.5,91.0,ORD-001437
CYC-001438,AGT-0159,BATCH-202512-641,200.0,,10.0,98.0,ORD-001438
CYC-001439,AGT-0159,BATCH-202510-702,500.0,456.0,8.8,98.0,ORD-001439
CYC-001440,AGT-0159,BATCH-202508-279,500.0,479.0,4.2,92.0,ORD-001440
CYC-001441,AGT-0159,BATCH-202502-376,200.0,191.0,4.5,95.0,ORD-001441
CYC-001442,AGT-0159,BATCH-202502-949,300.0,289.0,3.67,79.0,ORD-001442
CYC-001443,AGT-0159,BATCH-202502-729,300.0,283.0,5.67,98.0,ORD-001443
CYC-001444,AGT-0160,BATCH-202507-261,200.0,187.0,6.5,85.0,ORD-001444
CYC-001445,AGT-0160,BATCH-202511-224,100.0,94.0,6.0,100.0,ORD-001445
CYC-001446,AGT-0160,BATCH-202507-895,100.0,96.0,4.0,100.0,ORD-001446
CYC-001447,AGT-0160,BATCH-202506-369,100.0,92.0,8.0,97.0,ORD-001447
CYC-001448,AGT-0160,BATCH-202511-493,200.0,191.0,4.5,82.0,ORD-001448
CYC-001449,AGT-0160,BATCH-202502-556,200.0,180.0,10.0,91.0,ORD-001449
CYC-001450,AGT-0161,BATCH-202512-162,200.0,194.0,3.0,76.0,ORD-001450
CYC-001451,AGT-0161,BATCH-202506-492,200.0,191.0,4.5,78.0,ORD-001451
CYC-001452,AGT-0161,BATCH-202501-864,100.0,98.0,2.0,82.0,ORD-001452
CYC-001453,AGT-0161,BATCH-202509-345,100.0,99.0,1.0,75.0,ORD-001453
CYC-001454,AGT-0161,BATCH-202509-297,300.0,297.0,1.0,84.0,ORD-001454
CYC-001455,AGT-0161,BATCH-202503-720,1000.0,952.0,4.8,,ORD-001455
CYC-001456,AGT-0162,BATCH-202507-176,200.0,191.0,4.5,80.0,ORD-001456
CYC-001457,AGT-0162,BATCH-202502-133,300.0,,6.67,86.0,ORD-001457
CYC-001458,AGT-0162,BATCH-202506-756,200.0,191.0,4.5,99.0,ORD-001458
CYC-001459,AGT-0162,BATCH-202510-180,200.0,188.0,6.0,99.0,ORD-001459
CYC-001460,AGT-0162,BATCH-202503-355,200.0,182.0,9.0,87.0,ORD-001460
CYC-001461,AGT-0162,BATCH-202507-415,300.0,280.0,6.67,95.0,ORD-001461
CYC-001462,AGT-0162,BATCH-202509-669,200.0,193.0,3.5,99.0,ORD-001462
CYC-001463,AGT-0162,BATCH-202511-518,200.0,192.0,4.0,85.0,ORD-001463
CYC-001464,AGT-0162,BATCH-202509-403,200.0,185.0,7.5,87.0,ORD-001464
CYC-001465,AGT-0162,BATCH-202505-974,500.0,469.0,6.2,87.0,ORD-001465
CYC-001466,AGT-0162,BATCH-202511-294,200.0,191.0,4.5,76.0,ORD-001466
CYC-001467,AGT-0163,BATCH-202512-555,300.0,269.0,10.33,79.0,ORD-001467
CYC-001468,AGT-0163,BATCH-202508-828,300.0,246.0,18.0,59.0,ORD-001468
CYC-001469,AGT-0163,BATCH-202511-773,200.0,176.0,12.0,70.0,ORD-001469
CYC-001470,AGT-0163,BATCH-202502-250,300.0,272.0,9.33,68.0,ORD-001470
CYC-001471,AGT-0163,BATCH-202512-196,200.0,176.0,12.0,81.0,ORD-001471
CYC-001472,AGT-0163,BATCH-202512-415,200.0,173.0,13.5,79.0,ORD-001472
CYC-001473,AGT-0163,BATCH-202509-130,500.0,419.0,16.2,79.0,ORD-001473
CYC-001474,AGT-0163,BATCH-202512-608,500.0,427.0,14.6,68.0,ORD-001474
CYC-001475,AGT-0163,BATCH-202512-448,500.0,434.0,13.2,81.0,ORD-001475
CYC-001476,AGT-0164,BATCH-202504-458,200.0,198.0,1.0,98.0,ORD-001476
CYC-001477,AGT-0164,BATCH-202507-237,300.0,288.0,4.0,85.0,ORD-001477
CYC-001478,AGT-0164,BATCH-202502-500,300.0,293.0,2.33,91.0,ORD-001478
CYC-001479,AGT-0164,BATCH-202508-568,200.0,194.0,3.0,,ORD-001479
CYC-001480,AGT-0164,BATCH-202501-982,100.0,96.0,4.0,96.0,ORD-001480
CYC-001481,AGT-0164,BATCH-202503-696,100.0,97.0,3.0,92.0,ORD-001481
CYC-001482,AGT-0164,BATCH-202510-798,500.0,493.0,1.4,78.0,ORD-001482
CYC-001483,AGT-0164,BATCH-202503-121,200.0,188.0,6.0,87.0,ORD-001483
CYC-001484,AGT-0165,BATCH-202503-318,100.0,95.0,5.0,82.0,ORD-001484
CYC-001485,AGT-0165,BATCH-202505-285,200.0,,3.5,81.0,ORD-001485
CYC-001486,AGT-0165,BATCH-202510-340,500.0,486.0,2.8,98.0,ORD-001486
CYC-001487,AGT-0165,BATCH-202510-237,300.0,297.0,1.0,91.0,ORD-001487
CYC-001488,AGT-0165,BATCH-202511-666,200.0,188.0,6.0,99.0,ORD-001488
CYC-001489,AGT-0165,BATCH-202510-614,500.0,495.0,1.0,92.0,ORD-001489
CYC-001490,AGT-0165,BATCH-202509-987,100.0,95.0,5.0,91.0,ORD-001490
CYC-001491,AGT-0165,BATCH-202508-469,100.0,94.0,6.0,88.0,ORD-001491
CYC-001492,AGT-0166,BATCH-202502-526,200.0,186.0,7.0,98.0,ORD-001492
CYC-001493,AGT-0166,BATCH-202501-168,200.0,190.0,5.0,82.0,ORD-001493
CYC-001494,AGT-0166,BATCH-202507-785,100.0,92.0,8.0,85.0,ORD-001494
CYC-001495,AGT-0166,BATCH-202501-836,100.0,96.0,4.0,88.0,ORD-001495
CYC-001496,AGT-0166,BATCH-202503-659,300.0,276.0,8.0,97.0,ORD-001496
CYC-001497,AGT-0166,BATCH-202510-133,500.0,445.0,11.0,82.0,ORD-001497
CYC-001498,AGT-0166,BATCH-202508-518,100.0,96.0,4.0,96.0,ORD-001498
CYC-001499,AGT-0167,BATCH-202510-960,300.0,271.0,9.67,93.0,ORD-001499
CYC-001502,AGT-0167,BATCH-202511-311,100.0,92.0,8.0,94.0,ORD-001502
CYC-001503,AGT-0167,BATCH-202511-246,200.0,193.0,3.5,92.0,ORD-001503
CYC-001504,AGT-0167,BATCH-202509-228,200.0,184.0,8.0,90.0,ORD-001504
CYC-001505,AGT-0168,BATCH-202511-552,500.0,457.0,8.6,99.0,ORD-001505
CYC-001506,AGT-0168,BATCH-202508-800,300.0,295.0,1.67,77.0,ORD-001506
CYC-001507,AGT-0168,BATCH-202510-510,300.0,295.0,1.67,96.0,ORD-001507
CYC-001508,AGT-0168,BATCH-202504-758,200.0,193.0,3.5,77.0,ORD-001508
CYC-001509,AGT-0168,BATCH-202510-317,200.0,193.0,3.5,83.0,ORD-001509
CYC-001510,AGT-0168,BATCH-202506-262,200.0,193.0,3.5,81.0,ORD-001510
CYC-001511,AGT-0168,BATCH-202512-432,200.0,191.0,4.5,82.0,ORD-001511
CYC-001512,AGT-0168,BATCH-202505-890,300.0,285.0,5.0,84.0,ORD-001512
CYC-001513,AGT-0168,BATCH-202505-571,200.0,187.0,6.5,79.0,ORD-001513
CYC-001514,AGT-0168,BATCH-202503-733,100.0,98.0,2.0,84.0,ORD-001514
CYC-001515,AGT-0168,BATCH-202505-778,100.0,99.0,1.0,81.0,ORD-001515
CYC-001516,AGT-0168,,100.0,99.0,1.0,81.0,ORD-001516
CYC-001517,AGT-0169,BATCH-202512-143,200.0,181.0,9.5,89.0,ORD-001517
CYC-001518,AGT-0169,BATCH-202501-690,300.0,282.0,6.0,78.0,ORD-001518
CYC-001519,AGT-0169,BATCH-202504-825,100.0,98.0,2.0,87.0,ORD-001519
CYC-001520,AGT-0169,,200.0,187.0,6.5,93.0,ORD-001520
CYC-001521,AGT-0169,BATCH-202502-313,200.0,184.0,8.0,82.0,ORD-001521
CYC-001522,AGT-0169,BATCH-202508-546,300.0,274.0,8.67,96.0,ORD-001522
CYC-001523,AGT-0169,BATCH-202511-202,300.0,280.0,6.67,94.0,ORD-001523
CYC-001524,AGT-0169,BATCH-202504-906,200.0,181.0,9.5,83.0,ORD-001524
CYC-001525,AGT-0169,BATCH-202509-603,200.0,184.0,8.0,78.0,ORD-001525
CYC-001526,AGT-0169,BATCH-202503-971,200.0,188.0,6.0,76.0,ORD-001526
CYC-001527,AGT-0169,BATCH-202505-439,200.0,184.0,8.0,87.0,ORD-001527
CYC-001528,AGT-0169,BATCH-202504-527,100.0,96.0,4.0,99.0,ORD-001528
CYC-001529,AGT-0170,BATCH-202505-456,200.0,188.0,6.0,84.0,ORD-001529
CYC-001530,AGT-0170,BATCH-202511-746,200.0,193.0,3.5,96.0,ORD-001530
CYC-001531,AGT-0170,BATCH-202502-410,200.0,178.0,11.0,93.0,ORD-001531
CYC-001532,AGT-0170,BATCH-202504-968,200.0,194.0,3.0,76.0,ORD-001532
CYC-001533,AGT-0170,BATCH-202511-777,300.0,283.0,5.67,90.0,ORD-001533
CYC-001534,AGT-0170,BATCH-202503-850,300.0,279.0,7.0,97.0,ORD-001534
CYC-001535,AGT-0170,BATCH-202502-456,200.0,186.0,7.0,81.0,ORD-001535
CYC-001536,AGT-0170,BATCH-202501-180,200.0,186.0,7.0,82.0,ORD-001536
CYC-001537,AGT-0170,BATCH-202502-573,300.0,276.0,8.0,77.0,ORD-001537
CYC-001538,AGT-0170,BATCH-202505-277,200.0,180.0,10.0,75.0,ORD-001538
CYC-001539,AGT-0170,BATCH-202508-375,300.0,269.0,10.33,87.0,ORD-001539
CYC-001540,AGT-0171,BATCH-202509-441,200.0,182.0,9.0,82.0,ORD-001540
CYC-001541,AGT-0171,BATCH-202501-606,300.0,283.0,5.67,90.0,ORD-001541
CYC-001542,AGT-0171,BATCH-202503-637,100.0,94.0,6.0,82.0,ORD-001542
CYC-001543,AGT-0171,BATCH-202504-538,200.0,188.0,6.0,82.0,ORD-001543
CYC-001544,AGT-0171,BATCH-202503-657,300.0,279.0,7.0,77.0,ORD-001544
CYC-001545,AGT-0171,BATCH-202504-546,200.0,186.0,7.0,93.0,ORD-001545
CYC-001546,AGT-0171,BATCH-202504-820,500.0,473.0,5.4,83.0,ORD-001546
CYC-001547,AGT-0171,BATCH-202503-522,200.0,185.0,7.5,81.0,ORD-001547
CYC-001548,AGT-0171,BATCH-202508-996,200.0,184.0,8.0,80.0,ORD-001548
CYC-001549,AGT-0172,BATCH-202511-531,100.0,92.0,8.0,87.0,ORD-001549
CYC-001550,AGT-0172,BATCH-202508-923,200.0,187.0,6.5,95.0,ORD-001550
CYC-001551,AGT-0172,BATCH-202507-817,200.0,192.0,4.0,93.0,ORD-001551
CYC-001552,AGT-0172,BATCH-202503-357,1000.0,914.0,8.6,93.0,ORD-001552
CYC-001553,AGT-0172,BATCH-202502-775,100.0,94.0,6.0,86.0,ORD-001553
CYC-001554,AGT-0172,BATCH-202507-116,300.0,271.0,9.67,91.0,ORD-001554
CYC-001555,AGT-0172,BATCH-202511-179,200.0,191.0,4.5,88.0,ORD-001555
CYC-001556,AGT-0172,BATCH-202509-872,300.0,286.0,4.67,86.0,ORD-001556
CYC-001557,AGT-0172,BATCH-202509-389,200.0,188.0,6.0,75.0,ORD-001557
CYC-001558,AGT-0172,BATCH-202512-780,300.0,275.0,8.33,76.0,ORD-001558
CYC-001559,AGT-0172,BATCH-202512-114,1000.0,926.0,7.4,99.0,ORD-001559
CYC-001560,AGT-0173,BATCH-202506-480,300.0,281.0,6.33,75.0,ORD-001560
CYC-001561,AGT-0173,BATCH-202510-216,200.0,192.0,4.0,91.0,ORD-001561
CYC-001562,AGT-0173,BATCH-202511-104,300.0,283.0,5.67,92.0,ORD-001562
CYC-001563,AGT-0173,BATCH-202508-711,300.0,282.0,6.0,96.0,ORD-001563
CYC-001564,AGT-0173,BATCH-202504-301,100.0,92.0,8.0,88.0,ORD-001564
CYC-001565,AGT-0173,BATCH-202509-488,300.0,281.0,6.33,99.0,ORD-001565
CYC-001566,AGT-0173,BATCH-202504-684,200.0,185.0,7.5,80.0,ORD-001566
CYC-001567,AGT-0173,BATCH-202503-124,300.0,289.0,3.67,76.0,ORD-001567
CYC-001568,AGT-0173,BATCH-202511-110,1000.0,941.0,5.9,,ORD-001568
CYC-001569,AGT-0173,BATCH-202508-713,200.0,190.0,5.0,91.0,ORD-001569
CYC-001570,AGT-0173,BATCH-202503-138,1000.0,947.0,5.3,84.0,ORD-001570
CYC-001571,AGT-0174,BATCH-202503-704,200.0,187.0,6.5,75.0,ORD-001571
CYC-001572,AGT-0174,BATCH-202510-821,200.0,193.0,3.5,93.0,ORD-001572
CYC-001573,AGT-0174,BATCH-202510-735,100.0,93.0,7.0,87.0,ORD-001573
CYC-001574,AGT-0174,BATCH-202507-772,300.0,280.0,6.67,96.0,ORD-001574
CYC-001575,AGT-0174,BATCH-202509-459,200.0,195.0,2.5,88.0,ORD-001575
CYC-001576,AGT-0174,BATCH-202506-816,200.0,195.0,2.5,,ORD-001576
CYC-001577,AGT-0174,BATCH-202508-998,300.0,286.0,4.67,77.0,ORD-001577
CYC-001578,AGT-0174,BATCH-202503-850,500.0,473.0,5.4,96.0,ORD-001578
CYC-001579,AGT-0174,BATCH-202509-593,100.0,90.0,10.0,91.0,ORD-001579
CYC-001580,AGT-0174,BATCH-202508-331,200.0,184.0,8.0,86.0,ORD-001580
CYC-001581,AGT-0174,BATCH-202505-530,100.0,96.0,4.0,86.0,ORD-001581
CYC-001582,AGT-0174,BATCH-202507-221,300.0,289.0,3.67,87.0,ORD-001582
CYC-001583,AGT-0175,BATCH-202501-661,300.0,268.0,10.67,74.0,ORD-001583
CYC-001584,AGT-0175,BATCH-202504-527,100.0,87.0,13.0,70.0,ORD-001584
CYC-001585,AGT-0175,BATCH-202512-491,300.0,277.0,7.67,79.0,ORD-001585
CYC-001586,AGT-0175,BATCH-202512-948,300.0,262.0,12.67,59.0,ORD-001586
CYC-001587,AGT-0175,BATCH-202508-280,200.0,178.0,11.0,55.00000000000001,ORD-001587
CYC-001588,AGT-0175,BATCH-202512-365,300.0,269.0,10.33,63.0,ORD-001588
CYC-001589,AGT-0176,BATCH-202504-492,300.0,297.0,1.0,83.0,ORD-001589
CYC-001590,AGT-0176,BATCH-202511-264,200.0,187.0,6.5,88.0,ORD-001590
CYC-001591,AGT-0176,BATCH-202505-687,300.0,292.0,2.67,94.0,ORD-001591
CYC-001592,AGT-0176,BATCH-202504-391,100.0,94.0,6.0,88.0,ORD-001592
CYC-001593,AGT-0176,BATCH-202504-274,300.0,276.0,8.0,96.0,ORD-001593
CYC-001594,AGT-0176,BATCH-202507-301,200.0,191.0,4.5,88.0,ORD-001594
CYC-001595,AGT-0176,BATCH-202505-978,200.0,187.0,6.5,94.0,ORD-001595
CYC-001596,AGT-0176,BATCH-202509-723,200.0,183.0,8.5,90.0,ORD-001596
CYC-001597,AGT-0176,,200.0,188.0,6.0,93.0,ORD-001597
CYC-001598,AGT-0177,BATCH-202505-761,100.0,93.0,7.0,76.0,ORD-001598
CYC-001599,AGT-0177,BATCH-202510-576,200.0,178.0,11.0,65.0,ORD-001599
CYC-001601,AGT-0177,BATCH-202503-121,200.0,169.0,15.5,74.0,ORD-001601
CYC-001602,AGT-0177,BATCH-202508-896,500.0,436.0,12.8,65.0,ORD-001602
CYC-001603,AGT-0177,BATCH-202509-911,100.0,88.0,12.0,84.0,ORD-001603
CYC-001604,AGT-0177,BATCH-202507-337,300.0,262.0,12.67,56.00000000000001,ORD-001604
CYC-001605,AGT-0178,BATCH-202509-250,200.0,180.0,10.0,81.0,ORD-001605
CYC-001606,AGT-0178,BATCH-202508-610,200.0,182.0,9.0,65.0,ORD-001606
CYC-001607,AGT-0178,BATCH-202511-219,300.0,256.0,14.67,73.0,ORD-001607
CYC-001608,AGT-0178,BATCH-202507-936,300.0,262.0,12.67,70.0,ORD-001608
CYC-001609,AGT-0178,BATCH-202510-277,300.0,267.0,11.0,83.0,ORD-001609
CYC-001610,AGT-0178,BATCH-202502-454,300.0,252.0,16.0,64.0,ORD-001610
CYC-001611,AGT-0178,BATCH-202503-747,100.0,88.0,12.0,62.0,ORD-001611
CYC-001612,AGT-0178,BATCH-202511-183,300.0,263.0,12.33,67.0,ORD-001612
CYC-001613,AGT-0179,BATCH-202504-970,200.0,186.0,7.0,83.0,ORD-001613
CYC-001614,AGT-0179,BATCH-202509-293,200.0,185.0,7.5,81.0,ORD-001614
CYC-001615,AGT-0179,BATCH-202508-698,100.0,91.0,9.0,86.0,ORD-001615
CYC-001616,AGT-0179,BATCH-202504-844,100.0,94.0,6.0,80.0,ORD-001616
CYC-001617,AGT-0179,BATCH-202506-691,300.0,283.0,5.67,78.0,ORD-001617
CYC-001618,AGT-0179,BATCH-202509-650,100.0,95.0,5.0,86.0,ORD-001618
CYC-001619,AGT-0179,BATCH-202506-462,300.0,282.0,6.0,83.0,ORD-001619
CYC-001620,AGT-0179,BATCH-202507-448,500.0,464.0,7.2,100.0,ORD-001620
CYC-001621,AGT-0179,BATCH-202501-644,500.0,480.0,4.0,88.0,ORD-001621
CYC-001622,AGT-0179,BATCH-202511-609,300.0,282.0,6.0,95.0,ORD-001622
CYC-001623,AGT-0180,BATCH-202508-380,200.0,189.0,5.5,90.0,ORD-001623
CYC-001624,AGT-0180,BATCH-202512-957,500.0,477.0,4.6,89.0,ORD-001624
CYC-001625,AGT-0180,BATCH-202506-671,200.0,187.0,6.5,80.0,ORD-001625
CYC-001626,AGT-0180,BATCH-202508-769,300.0,278.0,7.33,96.0,ORD-001626
CYC-001627,AGT-0180,BATCH-202512-311,500.0,470.0,6.0,89.0,ORD-001627
CYC-001628,AGT-0180,BATCH-202510-480,300.0,278.0,7.33,90.0,ORD-001628
CYC-001629,AGT-0181,BATCH-202511-865,200.0,180.0,10.0,57.99999999999999,ORD-001629
CYC-001630,AGT-0181,BATCH-202510-889,1000.0,888.0,11.2,70.0,ORD-001630
CYC-001631,AGT-0181,BATCH-202501-549,500.0,449.0,10.2,79.0,ORD-001631
CYC-001632,AGT-0181,BATCH-202504-422,300.0,277.0,7.67,59.0,ORD-001632
CYC-001633,AGT-0181,BATCH-202511-783,200.0,175.0,12.5,83.0,ORD-001633
CYC-001634,AGT-0181,BATCH-202511-542,100.0,88.0,12.0,57.99999999999999,ORD-001634
CYC-001635,AGT-0181,BATCH-202504-267,100.0,90.0,10.0,84.0,ORD-001635
CYC-001636,AGT-0182,BATCH-202511-805,500.0,485.0,3.0,99.0,ORD-001636
CYC-001637,AGT-0182,BATCH-202509-847,300.0,288.0,4.0,87.0,ORD-001637
CYC-001638,AGT-0182,BATCH-202510-717,300.0,289.0,3.67,87.0,ORD-001638
CYC-001639,AGT-0182,BATCH-202511-463,500.0,495.0,1.0,89.0,ORD-001639
CYC-001640,AGT-0182,BATCH-202506-300,200.0,198.0,1.0,85.0,ORD-001640
CYC-001641,AGT-0182,BATCH-202505-680,300.0,282.0,6.0,78.0,ORD-001641
CYC-001642,AGT-0182,BATCH-202505-265,300.0,290.0,3.33,98.0,ORD-001642
CYC-001643,AGT-0182,BATCH-202507-176,1000.0,976.0,2.4,88.0,ORD-001643
CYC-001644,AGT-0183,BATCH-202502-845,200.0,187.0,6.5,86.0,ORD-001644
CYC-001645,AGT-0183,BATCH-202510-612,100.0,93.0,7.0,91.0,ORD-001645
CYC-001646,AGT-0183,BATCH-202504-578,500.0,460.0,8.0,84.0,ORD-001646
CYC-001647,AGT-0183,BATCH-202508-496,300.0,275.0,8.33,99.0,ORD-001647
CYC-001648,AGT-0183,BATCH-202510-956,300.0,271.0,9.67,89.0,ORD-001648
CYC-001649,AGT-0183,BATCH-202508-149,200.0,187.0,6.5,96.0,ORD-001649
CYC-001650,AGT-0184,BATCH-202503-952,100.0,93.0,7.0,98.0,ORD-001650
CYC-001651,AGT-0184,BATCH-202509-688,200.0,198.0,1.0,92.0,ORD-001651
CYC-001652,AGT-0184,BATCH-202506-767,1000.0,956.0,4.4,96.0,ORD-001652
CYC-001653,AGT-0184,BATCH-202512-542,200.0,193.0,3.5,85.0,ORD-001653
CYC-001654,AGT-0184,BATCH-202501-410,100.0,95.0,5.0,87.0,ORD-001654
CYC-001655,AGT-0184,BATCH-202511-802,200.0,195.0,2.5,94.0,ORD-001655
CYC-001656,AGT-0184,BATCH-202509-507,1000.0,943.0,5.7,88.0,ORD-001656
CYC-001657,AGT-0184,BATCH-202506-677,100.0,96.0,4.0,95.0,ORD-001657
CYC-001658,AGT-0185,BATCH-202511-438,100.0,92.0,8.0,99.0,ORD-001658
CYC-001659,AGT-0185,BATCH-202509-678,500.0,457.0,8.6,98.0,ORD-001659
CYC-001660,AGT-0185,BATCH-202503-827,100.0,94.0,6.0,85.0,ORD-001660
CYC-001661,AGT-0185,BATCH-202501-517,200.0,184.0,8.0,99.0,ORD-001661
CYC-001662,AGT-0185,BATCH-202504-313,500.0,483.0,3.4,80.0,ORD-001662
CYC-001663,AGT-0185,BATCH-202501-603,500.0,460.0,8.0,76.0,ORD-001663
CYC-001664,AGT-0185,BATCH-202512-976,200.0,188.0,6.0,97.0,ORD-001664
CYC-001665,AGT-9999,BATCH-202511-419,300.0,267.0,11.0,59.0,ORD-001665
CYC-001666,AGT-0185,BATCH-202501-229,1000.0,951.0,4.9,82.0,ORD-001666
CYC-001667,AGT-0185,BATCH-202503-539,500.0,467.0,6.6,76.0,ORD-001667
CYC-001668,AGT-0185,BATCH-202504-182,200.0,192.0,4.0,82.0,ORD-001668
CYC-001669,AGT-0186,BATCH-202510-304,100.0,94.0,6.0,76.0,ORD-001669
CYC-001670,AGT-0186,BATCH-202501-497,100.0,98.0,2.0,91.0,ORD-001670
CYC-001671,AGT-0186,BATCH-202511-983,300.0,297.0,1.0,92.0,ORD-001671
CYC-001672,AGT-0186,BATCH-202504-623,300.0,296.0,1.33,90.0,ORD-001672
CYC-001673,AGT-0186,BATCH-202505-784,200.0,196.0,2.0,97.0,ORD-001673
CYC-001674,AGT-0186,BATCH-202509-639,200.0,197.0,1.5,89.0,ORD-001674
CYC-001675,AGT-0186,BATCH-202509-578,300.0,291.0,3.0,98.0,ORD-001675
CYC-001676,AGT-0186,BATCH-202504-229,100.0,,2.0,94.0,ORD-001676
CYC-001677,AGT-0186,BATCH-202504-329,300.0,288.0,4.0,99.0,ORD-001677
CYC-001678,AGT-0186,BATCH-202502-246,500.0,495.0,1.0,84.0,ORD-001678
CYC-001679,AGT-0186,,100.0,99.0,1.0,84.0,ORD-001679
CYC-001680,AGT-0187,BATCH-202502-697,300.0,295.0,1.67,96.0,ORD-001680
CYC-001681,AGT-0187,BATCH-202506-144,200.0,189.0,5.5,100.0,ORD-001681
CYC-001682,AGT-0187,BATCH-202512-376,300.0,290.0,3.33,80.0,ORD-001682
CYC-001683,AGT-0187,BATCH-202502-152,100.0,99.0,1.0,93.0,ORD-001683
CYC-001684,AGT-0187,BATCH-202506-752,200.0,,4.0,77.0,ORD-001684
CYC-001685,AGT-0187,BATCH-202509-151,300.0,297.0,1.0,87.0,ORD-001685
CYC-001686,AGT-0187,BATCH-202511-896,100.0,96.0,4.0,76.0,ORD-001686
CYC-001687,AGT-0187,BATCH-202502-890,300.0,290.0,3.33,100.0,ORD-001687
CYC-001688,AGT-0187,BATCH-202509-170,200.0,198.0,1.0,82.0,ORD-001688
CYC-001689,AGT-0187,BATCH-202504-704,200.0,188.0,6.0,82.0,ORD-001689
CYC-001690,AGT-0187,BATCH-202510-302,300.0,280.0,6.67,80.0,ORD-001690
CYC-001691,AGT-0187,BATCH-202504-439,200.0,196.0,2.0,75.0,ORD-001691
CYC-001692,AGT-0188,BATCH-202504-569,100.0,94.0,6.0,82.0,ORD-001692
CYC-001693,AGT-0188,BATCH-202511-501,200.0,187.0,6.5,89.0,ORD-001693
CYC-001694,AGT-0188,BATCH-202512-169,500.0,473.0,5.4,100.0,ORD-001694
CYC-001695,AGT-0188,BATCH-202505-166,200.0,189.0,5.5,83.0,ORD-001695
CYC-001696,AGT-0188,BATCH-202502-470,300.0,290.0,3.33,81.0,ORD-001696
CYC-001697,AGT-0188,BATCH-202504-965,200.0,188.0,6.0,76.0,ORD-001697
CYC-001698,AGT-0188,BATCH-202505-652,300.0,272.0,9.33,96.0,ORD-001698
CYC-001699,AGT-0188,BATCH-202501-647,100.0,93.0,7.0,91.0,ORD-001699
CYC-001700,AGT-0188,BATCH-202501-847,100.0,96.0,4.0,80.0,ORD-001700
CYC-001701,AGT-0188,BATCH-202510-800,300.0,272.0,9.33,78.0,ORD-001701
CYC-001702,AGT-0189,BATCH-202509-922,200.0,175.0,12.5,59.0,ORD-001702
CYC-001703,AGT-0189,BATCH-202504-384,200.0,,15.5,56.00000000000001,ORD-001703
CYC-001704,AGT-0189,BATCH-202512-711,200.0,181.0,9.5,63.0,ORD-001704
CYC-001705,AGT-0189,BATCH-202509-186,300.0,,13.67,83.0,ORD-001705
CYC-001706,AGT-0189,BATCH-202510-208,200.0,181.0,9.5,74.0,ORD-001706
CYC-001707,AGT-0189,BATCH-202510-967,200.0,176.0,12.0,60.0,ORD-001707
CYC-001708,AGT-0189,BATCH-202503-345,200.0,,15.0,64.0,ORD-001708
CYC-001709,AGT-0189,BATCH-202501-778,300.0,267.0,11.0,56.00000000000001,ORD-001709
CYC-001710,AGT-0189,BATCH-202501-692,300.0,262.0,12.67,71.0,ORD-001710
CYC-001711,AGT-0189,BATCH-202502-233,200.0,,13.5,82.0,ORD-001711
CYC-001712,AGT-0189,BATCH-202505-218,300.0,264.0,12.0,82.0,ORD-001712
CYC-001713,AGT-0190,BATCH-202512-859,300.0,288.0,4.0,87.0,ORD-001713
CYC-001714,AGT-0190,BATCH-202501-143,500.0,478.0,4.4,88.0,ORD-001714
CYC-001715,AGT-0190,BATCH-202507-774,300.0,281.0,6.33,76.0,ORD-001715
CYC-001716,AGT-0190,BATCH-202512-645,100.0,95.0,5.0,82.0,ORD-001716
CYC-001717,AGT-0190,BATCH-202505-576,200.0,195.0,2.5,83.0,ORD-001717
CYC-001718,AGT-0190,,100.0,95.0,5.0,78.0,ORD-001718
CYC-001719,AGT-0190,BATCH-202507-545,500.0,477.0,4.6,82.0,ORD-001719
CYC-001720,AGT-0190,BATCH-202502-578,200.0,187.0,6.5,80.0,ORD-001720
CYC-001721,AGT-0190,BATCH-202503-358,300.0,284.0,5.33,84.0,ORD-001721
CYC-001722,AGT-0191,BATCH-202506-786,200.0,188.0,6.0,84.0,ORD-001722
CYC-001723,AGT-0191,BATCH-202508-628,200.0,187.0,6.5,,ORD-001723
CYC-001724,AGT-0191,BATCH-202512-993,200.0,185.0,7.5,95.0,ORD-001724
CYC-001725,AGT-0191,BATCH-202503-791,500.0,476.0,4.8,96.0,ORD-001725
CYC-001726,AGT-0191,BATCH-202504-227,300.0,284.0,5.33,84.0,ORD-001726
CYC-001727,AGT-0191,BATCH-202510-824,300.0,283.0,5.67,77.0,ORD-001727
CYC-001728,AGT-0191,BATCH-202501-811,1000.0,934.0,6.6,76.0,ORD-001728
CYC-001729,AGT-0191,BATCH-202501-251,1000.0,923.0,7.7,96.0,ORD-001729
CYC-001730,AGT-0192,BATCH-202501-793,500.0,472.0,5.6,,ORD-001730
CYC-001731,AGT-0192,BATCH-202508-551,200.0,187.0,6.5,97.0,ORD-001731
CYC-001732,AGT-0192,BATCH-202501-977,500.0,,4.8,79.0,ORD-001732
CYC-001733,AGT-0192,BATCH-202501-365,100.0,93.0,7.0,81.0,ORD-001733
CYC-001734,AGT-0192,BATCH-202502-160,100.0,91.0,9.0,89.0,ORD-001734
CYC-001735,AGT-0192,BATCH-202510-909,300.0,281.0,6.33,89.0,ORD-001735
CYC-001736,AGT-0192,BATCH-202502-336,500.0,467.0,6.6,94.0,ORD-001736
CYC-001737,AGT-0192,BATCH-202512-699,200.0,190.0,5.0,75.0,ORD-001737
CYC-001738,AGT-0192,BATCH-202507-583,100.0,93.0,7.0,80.0,ORD-001738
CYC-001739,AGT-0193,BATCH-202510-288,500.0,479.0,4.2,89.0,ORD-001739
CYC-001740,AGT-0193,BATCH-202509-173,100.0,94.0,6.0,98.0,ORD-001740
CYC-001741,AGT-0193,BATCH-202505-543,200.0,,5.5,81.0,ORD-001741
CYC-001742,AGT-0193,BATCH-202505-381,100.0,95.0,5.0,95.0,ORD-001742
CYC-001743,AGT-0193,BATCH-202502-292,300.0,290.0,3.33,99.0,ORD-001743
CYC-001744,AGT-0193,BATCH-202503-918,200.0,189.0,5.5,89.0,ORD-001744
CYC-001745,AGT-0193,BATCH-202501-324,200.0,192.0,4.0,,ORD-001745
CYC-001746,AGT-0194,BATCH-202507-340,200.0,191.0,4.5,95.0,ORD-001746
CYC-001747,AGT-0194,BATCH-202509-583,100.0,95.0,5.0,76.0,ORD-001747
CYC-001748,AGT-0194,BATCH-202508-481,300.0,282.0,6.0,77.0,ORD-001748
CYC-001749,AGT-0194,BATCH-202504-498,500.0,489.0,2.2,94.0,ORD-001749
CYC-001752,AGT-0194,BATCH-202504-585,300.0,284.0,5.33,81.0,ORD-001752
CYC-001753,AGT-0194,BATCH-202509-976,200.0,198.0,1.0,86.0,ORD-001753
CYC-001754,AGT-0194,BATCH-202501-275,500.0,495.0,1.0,76.0,ORD-001754
CYC-001755,AGT-0194,BATCH-202502-340,200.0,197.0,1.5,78.0,ORD-001755
CYC-001756,AGT-0195,BATCH-202504-426,300.0,297.0,1.0,81.0,ORD-001756
CYC-001757,AGT-0195,BATCH-202512-763,1000.0,990.0,1.0,85.0,ORD-001757
CYC-001758,AGT-0195,BATCH-202505-817,500.0,482.0,3.6,93.0,ORD-001758
CYC-001759,AGT-0195,BATCH-202505-801,200.0,194.0,3.0,83.0,ORD-001759
CYC-001760,AGT-0195,BATCH-202504-525,300.0,287.0,4.33,83.0,ORD-001760
CYC-001761,AGT-0195,BATCH-202510-154,200.0,195.0,2.5,97.0,ORD-001761
CYC-001762,AGT-0195,BATCH-202510-674,100.0,99.0,1.0,83.0,ORD-001762
CYC-001763,AGT-0195,BATCH-202509-938,100.0,95.0,5.0,87.0,ORD-001763
CYC-001764,AGT-0196,BATCH-202503-389,100.0,97.0,3.0,99.0,ORD-001764
CYC-001765,AGT-0196,BATCH-202503-158,200.0,182.0,9.0,87.0,ORD-001765
CYC-001766,AGT-0196,BATCH-202508-214,100.0,95.0,5.0,78.0,ORD-001766
CYC-001767,AGT-0196,BATCH-202511-484,200.0,183.0,8.5,93.0,ORD-001767
CYC-001768,AGT-0196,BATCH-202508-555,200.0,179.0,10.5,75.0,ORD-001768
CYC-001769,AGT-0196,BATCH-202510-599,500.0,464.0,7.2,92.0,ORD-001769
CYC-001770,AGT-0196,BATCH-202506-944,200.0,196.0,2.0,91.0,ORD-001770
CYC-001771,AGT-0196,BATCH-202512-923,200.0,185.0,7.5,92.0,ORD-001771
CYC-001772,AGT-0196,BATCH-202507-167,500.0,467.0,6.6,80.0,ORD-001772
CYC-001773,AGT-0196,BATCH-202512-343,200.0,,8.0,78.0,ORD-001773
CYC-001774,AGT-0196,BATCH-202502-911,1000.0,943.0,5.7,100.0,ORD-001774
CYC-001775,AGT-0196,BATCH-202507-878,500.0,491.0,1.8,98.0,ORD-001775
CYC-001776,AGT-0197,BATCH-202512-626,200.0,197.0,1.5,77.0,ORD-001776
CYC-001777,AGT-0197,BATCH-202503-330,100.0,92.0,8.0,99.0,ORD-001777
CYC-001778,AGT-0197,BATCH-202510-365,300.0,293.0,2.33,83.0,ORD-001778
CYC-001779,AGT-0197,BATCH-202506-353,200.0,192.0,4.0,93.0,ORD-001779
CYC-001780,AGT-0197,BATCH-202512-318,300.0,296.0,1.33,76.0,ORD-001780
CYC-001781,AGT-0197,BATCH-202505-240,200.0,193.0,3.5,97.0,ORD-001781
CYC-001782,AGT-0197,BATCH-202506-210,100.0,96.0,4.0,78.0,ORD-001782
CYC-001783,AGT-0198,BATCH-202510-143,100.0,92.0,8.0,84.0,ORD-001783
CYC-001784,AGT-0198,BATCH-202510-524,200.0,185.0,7.5,100.0,ORD-001784
CYC-001785,AGT-0198,BATCH-202507-563,300.0,270.0,10.0,81.0,ORD-001785
CYC-001786,AGT-0198,BATCH-202505-596,300.0,287.0,4.33,82.0,ORD-001786
CYC-001787,AGT-0198,BATCH-202505-913,100.0,90.0,10.0,94.0,ORD-001787
CYC-001788,AGT-0198,BATCH-202512-733,1000.0,943.0,5.7,95.0,ORD-001788
CYC-001789,AGT-0198,BATCH-202501-927,100.0,94.0,6.0,87.0,ORD-001789
CYC-001790,AGT-0198,BATCH-202501-471,100.0,92.0,8.0,78.0,ORD-001790
CYC-001791,AGT-0198,BATCH-202503-445,100.0,93.0,7.0,85.0,ORD-001791
CYC-001792,AGT-0198,BATCH-202512-947,300.0,274.0,8.67,96.0,ORD-001792
CYC-001793,AGT-0198,BATCH-202508-894,500.0,472.0,5.6,83.0,ORD-001793
CYC-001794,AGT-0199,BATCH-202510-121,500.0,488.0,2.4,81.0,ORD-001794
CYC-001795,AGT-0199,BATCH-202505-244,100.0,98.0,2.0,77.0,ORD-001795
CYC-001796,AGT-0199,BATCH-202506-490,200.0,189.0,5.5,79.0,ORD-001796
CYC-001797,AGT-0199,BATCH-202505-625,100.0,93.0,7.0,94.0,ORD-001797
CYC-001798,AGT-0199,BATCH-202512-349,1000.0,990.0,1.0,83.0,ORD-001798
CYC-001799,AGT-0199,BATCH-202510-514,100.0,97.0,3.0,76.0,ORD-001799
CYC-001800,AGT-0200,BATCH-202511-756,200.0,187.0,6.5,85.0,ORD-001800
CYC-001801,AGT-0200,BATCH-202507-339,300.0,285.0,5.0,95.0,ORD-001801
CYC-001802,AGT-0200,BATCH-202509-163,300.0,295.0,1.67,89.0,ORD-001802
CYC-001803,AGT-0200,BATCH-202512-561,300.0,272.0,9.33,95.0,ORD-001803
CYC-001804,AGT-0200,BATCH-202506-231,300.0,284.0,5.33,100.0,ORD-001804
CYC-001805,AGT-0200,BATCH-202510-927,100.0,94.0,6.0,86.0,ORD-001805
CYC-001806,AGT-0201,BATCH-202506-867,200.0,177.0,11.5,70.0,ORD-001806
CYC-001807,AGT-0201,BATCH-202507-472,200.0,179.0,10.5,79.0,ORD-001807
CYC-001808,AGT-0201,BATCH-202503-820,300.0,252.0,16.0,63.0,ORD-001808
CYC-001809,AGT-0201,BATCH-202507-157,200.0,176.0,12.0,80.0,ORD-001809
CYC-001810,AGT-0201,BATCH-202504-773,200.0,177.0,11.5,82.0,ORD-001810
CYC-001811,AGT-0201,BATCH-202507-441,500.0,436.0,12.8,67.0,ORD-001811
CYC-001812,AGT-0201,BATCH-202501-844,300.0,272.0,9.33,64.0,ORD-001812
CYC-001813,AGT-0201,BATCH-202510-386,200.0,171.0,14.5,56.99999999999999,ORD-001813
CYC-001814,AGT-0201,BATCH-202509-223,200.0,178.0,11.0,73.0,ORD-001814
CYC-001815,AGT-0202,BATCH-202502-319,200.0,188.0,6.0,93.0,ORD-001815
CYC-001816,AGT-0202,BATCH-202511-698,300.0,293.0,2.33,95.0,ORD-001816
CYC-001817,AGT-0202,BATCH-202511-650,300.0,278.0,7.33,95.0,ORD-001817
CYC-001818,AGT-0202,BATCH-202503-698,200.0,194.0,3.0,82.0,ORD-001818
CYC-001819,AGT-0202,BATCH-202506-451,100.0,92.0,8.0,77.0,ORD-001819
CYC-001820,AGT-0202,BATCH-202508-296,100.0,92.0,8.0,83.0,ORD-001820
CYC-001821,AGT-0202,BATCH-202511-735,500.0,464.0,7.2,78.0,ORD-001821
CYC-001822,AGT-0202,,200.0,191.0,4.5,79.0,ORD-001822
CYC-001823,AGT-0202,BATCH-202510-549,200.0,183.0,8.5,79.0,ORD-001823
CYC-001824,AGT-0202,BATCH-202510-702,300.0,280.0,6.67,94.0,ORD-001824
CYC-001825,AGT-0202,BATCH-202508-343,200.0,187.0,6.5,75.0,ORD-001825
CYC-001826,AGT-0203,BATCH-202509-162,1000.0,950.0,5.0,93.0,ORD-001826
CYC-001827,AGT-0203,BATCH-202511-495,100.0,92.0,8.0,93.0,ORD-001827
CYC-001828,AGT-0203,BATCH-202505-943,200.0,196.0,2.0,96.0,ORD-001828
CYC-001829,AGT-0203,BATCH-202503-368,500.0,466.0,6.8,87.0,ORD-001829
CYC-001830,AGT-0203,BATCH-202508-637,100.0,94.0,6.0,93.0,ORD-001830
CYC-001831,AGT-0203,BATCH-202504-359,200.0,194.0,3.0,84.0,ORD-001831
CYC-001832,AGT-0204,BATCH-202510-443,200.0,192.0,4.0,76.0,ORD-001832
CYC-001833,AGT-0204,BATCH-202502-649,300.0,290.0,3.33,79.0,ORD-001833
CYC-001834,AGT-0204,BATCH-202511-460,200.0,193.0,3.5,93.0,ORD-001834
CYC-001835,AGT-0204,BATCH-202507-400,300.0,289.0,3.67,95.0,ORD-001835
CYC-001836,AGT-0204,BATCH-202509-798,300.0,296.0,1.33,100.0,ORD-001836
CYC-001837,AGT-0204,BATCH-202509-613,100.0,95.0,5.0,78.0,ORD-001837
CYC-001838,AGT-0204,BATCH-202505-494,200.0,198.0,1.0,87.0,ORD-001838
CYC-001839,AGT-0204,BATCH-202505-841,300.0,297.0,1.0,77.0,ORD-001839
CYC-001840,AGT-0204,BATCH-202504-965,200.0,198.0,1.0,84.0,ORD-001840
CYC-001841,AGT-0204,BATCH-202501-129,200.0,185.0,7.5,82.0,ORD-001841
CYC-001842,AGT-0204,BATCH-202508-134,200.0,197.0,1.5,77.0,ORD-001842
CYC-001843,AGT-0205,,200.0,176.0,12.0,66.0,ORD-001843
CYC-001844,AGT-0205,BATCH-202511-569,200.0,164.0,18.0,73.0,ORD-001844
CYC-001845,AGT-0205,BATCH-202508-748,200.0,179.0,10.5,72.0,ORD-001845
CYC-001846,AGT-0205,BATCH-202502-266,200.0,181.0,9.5,84.0,ORD-001846
CYC-001847,AGT-0205,BATCH-202504-615,100.0,88.0,12.0,71.0,ORD-001847
CYC-001848,AGT-0205,BATCH-202509-513,200.0,185.0,7.5,84.0,ORD-001848
CYC-001849,AGT-0205,BATCH-202507-177,200.0,167.0,16.5,76.0,ORD-001849
CYC-001850,AGT-0205,BATCH-202507-567,200.0,167.0,16.5,75.0,ORD-001850
CYC-001851,AGT-0205,BATCH-202501-120,200.0,177.0,11.5,61.0,ORD-001851
CYC-001852,AGT-0205,BATCH-202511-714,200.0,173.0,13.5,83.0,ORD-001852
CYC-001853,AGT-0205,BATCH-202512-767,200.0,171.0,14.5,59.0,ORD-001853
CYC-001854,AGT-0205,BATCH-202501-107,200.0,171.0,14.5,83.0,ORD-001854
CYC-001855,AGT-0206,BATCH-202510-529,200.0,192.0,4.0,96.0,ORD-001855
CYC-001856,AGT-0206,BATCH-202511-696,200.0,185.0,7.5,86.0,ORD-001856
CYC-001857,AGT-0206,BATCH-202507-603,100.0,92.0,8.0,93.0,ORD-001857
CYC-001858,AGT-0206,BATCH-202506-770,100.0,92.0,8.0,93.0,ORD-001858
CYC-001859,AGT-0206,BATCH-202510-769,300.0,276.0,8.0,76.0,ORD-001859
CYC-001860,AGT-0206,BATCH-202509-778,500.0,476.0,4.8,81.0,ORD-001860
CYC-001861,AGT-0207,BATCH-202510-424,300.0,281.0,6.33,94.0,ORD-001861
CYC-001862,AGT-0207,BATCH-202510-216,200.0,187.0,6.5,90.0,ORD-001862
CYC-001863,AGT-0207,BATCH-202512-320,100.0,92.0,8.0,95.0,ORD-001863
CYC-001864,AGT-0207,BATCH-202507-617,200.0,185.0,7.5,77.0,ORD-001864
CYC-001865,AGT-0207,BATCH-202501-945,200.0,188.0,6.0,,ORD-001865
CYC-001866,AGT-0207,BATCH-202509-355,200.0,180.0,10.0,88.0,ORD-001866
CYC-001867,AGT-0207,BATCH-202505-358,500.0,460.0,8.0,99.0,ORD-001867
CYC-001868,AGT-0207,BATCH-202506-785,200.0,,6.0,88.0,ORD-001868
CYC-001869,AGT-0207,BATCH-202509-948,200.0,191.0,4.5,77.0,ORD-001869
CYC-001870,AGT-0207,BATCH-202509-618,500.0,478.0,4.4,77.0,ORD-001870
CYC-001871,AGT-0207,BATCH-202505-659,300.0,281.0,6.33,88.0,ORD-001871
CYC-001872,AGT-0208,BATCH-202501-438,100.0,94.0,6.0,87.0,ORD-001872
CYC-001873,AGT-0208,BATCH-202505-342,100.0,96.0,4.0,86.0,ORD-001873
CYC-001874,AGT-0208,BATCH-202512-519,100.0,95.0,5.0,98.0,ORD-001874
CYC-001875,AGT-0208,BATCH-202510-511,500.0,481.0,3.8,89.0,ORD-001875
CYC-001876,AGT-0208,BATCH-202507-992,200.0,185.0,7.5,84.0,ORD-001876
CYC-001877,AGT-0208,BATCH-202508-931,200.0,182.0,9.0,92.0,ORD-001877
CYC-001878,AGT-0208,BATCH-202507-750,200.0,188.0,6.0,87.0,ORD-001878
CYC-001879,AGT-0208,BATCH-202503-826,200.0,185.0,7.5,93.0,ORD-001879
CYC-001880,AGT-0208,BATCH-202510-525,200.0,189.0,5.5,83.0,ORD-001880
CYC-001881,AGT-0208,BATCH-202506-464,200.0,189.0,5.5,87.0,ORD-001881
CYC-001882,AGT-0208,BATCH-202503-324,100.0,91.0,9.0,96.0,ORD-001882
CYC-001883,AGT-0209,BATCH-202506-247,300.0,291.0,3.0,,ORD-001883
CYC-001884,AGT-0209,BATCH-202502-703,200.0,189.0,5.5,77.0,ORD-001884
CYC-001885,AGT-0209,BATCH-202508-928,500.0,476.0,4.8,87.0,ORD-001885
CYC-001886,AGT-0209,BATCH-202501-236,200.0,190.0,5.0,91.0,ORD-001886
CYC-001887,AGT-0209,BATCH-202505-666,300.0,282.0,6.0,76.0,ORD-001887
CYC-001888,AGT-0209,BATCH-202508-953,100.0,97.0,3.0,91.0,ORD-001888
CYC-001889,AGT-0209,BATCH-202510-790,300.0,286.0,4.67,77.0,ORD-001889
CYC-001890,AGT-0209,BATCH-202510-972,200.0,,3.5,,ORD-001890
CYC-001891,AGT-0210,BATCH-202512-180,1000.0,974.0,2.6,91.0,ORD-001891
CYC-001892,AGT-0210,BATCH-202512-330,100.0,92.0,8.0,82.0,ORD-001892
CYC-001893,AGT-0210,BATCH-202510-627,200.0,195.0,2.5,87.0,ORD-001893
CYC-001894,AGT-0210,BATCH-202511-405,100.0,96.0,4.0,83.0,ORD-001894
CYC-001895,AGT-0210,BATCH-202503-446,300.0,290.0,3.33,97.0,ORD-001895
CYC-001896,AGT-0210,BATCH-202501-610,300.0,290.0,3.33,98.0,ORD-001896
CYC-001897,AGT-0211,BATCH-202512-312,300.0,274.0,8.67,77.0,ORD-001897
CYC-001898,AGT-0211,BATCH-202511-445,300.0,280.0,6.67,89.0,ORD-001898
CYC-001899,AGT-0211,BATCH-202511-298,1000.0,956.0,4.4,85.0,ORD-001899
CYC-001900,AGT-0211,BATCH-202501-602,200.0,190.0,5.0,76.0,ORD-001900
CYC-001901,AGT-0211,BATCH-202512-676,200.0,181.0,9.5,86.0,ORD-001901
CYC-001902,AGT-0211,BATCH-202509-777,200.0,192.0,4.0,93.0,ORD-001902
CYC-001903,AGT-0211,BATCH-202510-491,200.0,190.0,5.0,87.0,ORD-001903
CYC-001904,AGT-0211,BATCH-202509-269,500.0,471.0,5.8,89.0,ORD-001904
CYC-001905,AGT-0211,BATCH-202505-818,200.0,186.0,7.0,85.0,ORD-001905
CYC-001906,AGT-0212,BATCH-202501-580,200.0,187.0,6.5,79.0,ORD-001906
CYC-001907,AGT-0212,BATCH-202503-484,1000.0,946.0,5.4,87.0,ORD-001907
CYC-001908,AGT-0212,BATCH-202503-581,200.0,185.0,7.5,89.0,ORD-001908
CYC-001909,AGT-0212,BATCH-202507-494,100.0,94.0,6.0,78.0,ORD-001909
CYC-001910,AGT-0212,BATCH-202506-336,300.0,292.0,2.67,89.0,ORD-001910
CYC-001911,AGT-0212,BATCH-202502-850,1000.0,,8.6,83.0,ORD-001911
CYC-001912,AGT-0212,BATCH-202501-770,100.0,91.0,9.0,77.0,ORD-001912
CYC-001913,AGT-0212,BATCH-202505-870,500.0,462.0,7.6,77.0,ORD-001913
CYC-001914,AGT-0212,BATCH-202506-658,100.0,96.0,4.0,84.0,ORD-001914
CYC-001915,AGT-0212,BATCH-202509-561,1000.0,964.0,3.6,89.0,ORD-001915
CYC-001916,AGT-0213,BATCH-202507-950,300.0,281.0,6.33,90.0,ORD-001916
CYC-001917,AGT-0213,BATCH-202504-355,200.0,182.0,9.0,77.0,ORD-001917
CYC-001918,AGT-0213,BATCH-202511-889,500.0,468.0,6.4,84.0,ORD-001918
CYC-001919,AGT-0213,BATCH-202505-991,100.0,93.0,7.0,,ORD-001919
CYC-001920,AGT-0213,BATCH-202507-375,300.0,281.0,6.33,79.0,ORD-001920
CYC-001921,AGT-0213,BATCH-202512-805,300.0,280.0,6.67,91.0,ORD-001921
CYC-001922,AGT-0213,BATCH-202508-191,300.0,290.0,3.33,98.0,ORD-001922
CYC-001923,AGT-0213,BATCH-202502-200,200.0,191.0,4.5,79.0,ORD-001923
CYC-001924,AGT-0214,BATCH-202505-465,200.0,188.0,6.0,97.0,ORD-001924
CYC-001925,AGT-0214,BATCH-202501-685,1000.0,935.0,6.5,76.0,ORD-001925
CYC-001926,AGT-0214,BATCH-202504-477,200.0,179.0,10.5,83.0,ORD-001926
CYC-001927,AGT-0214,BATCH-202503-344,200.0,196.0,2.0,79.0,ORD-001927
CYC-001928,AGT-0214,BATCH-202512-606,500.0,478.0,4.4,84.0,ORD-001928
CYC-001929,AGT-0214,BATCH-202501-385,100.0,,9.0,79.0,ORD-001929
CYC-001930,AGT-0215,BATCH-202505-602,200.0,185.0,7.5,94.0,ORD-001930
CYC-001931,AGT-0215,BATCH-202501-942,100.0,94.0,6.0,84.0,ORD-001931
CYC-001932,AGT-0215,BATCH-202502-259,200.0,185.0,7.5,90.0,ORD-001932
CYC-001933,AGT-0215,BATCH-202510-400,300.0,285.0,5.0,82.0,ORD-001933
CYC-001934,AGT-0215,BATCH-202505-245,1000.0,923.0,7.7,93.0,ORD-001934
CYC-001935,AGT-0215,BATCH-202510-100,300.0,275.0,8.33,95.0,ORD-001935
CYC-001936,AGT-0215,BATCH-202503-985,300.0,274.0,8.67,97.0,ORD-001936
CYC-001937,AGT-0215,BATCH-202501-933,200.0,191.0,4.5,79.0,ORD-001937
CYC-001938,AGT-0215,BATCH-202502-326,100.0,95.0,5.0,97.0,ORD-001938
CYC-001939,AGT-0216,BATCH-202504-483,200.0,194.0,3.0,78.0,ORD-001939
CYC-001940,AGT-0216,BATCH-202506-892,100.0,97.0,3.0,96.0,ORD-001940
CYC-001941,AGT-0216,BATCH-202505-881,100.0,92.0,8.0,77.0,ORD-001941
CYC-001942,AGT-0216,BATCH-202503-192,300.0,288.0,4.0,79.0,ORD-001942
CYC-001943,AGT-0216,BATCH-202512-627,500.0,479.0,4.2,98.0,ORD-001943
CYC-001944,AGT-0216,BATCH-202506-886,200.0,195.0,2.5,75.0,ORD-001944
CYC-001945,AGT-0216,BATCH-202509-719,1000.0,932.0,6.8,80.0,ORD-001945
CYC-001946,AGT-0217,BATCH-202502-920,500.0,472.0,5.6,81.0,ORD-001946
CYC-001947,AGT-0217,BATCH-202502-890,300.0,277.0,7.67,,ORD-001947
CYC-001948,AGT-0217,BATCH-202512-673,200.0,184.0,8.0,87.0,ORD-001948
CYC-001949,AGT-0217,BATCH-202510-578,300.0,282.0,6.0,93.0,ORD-001949
CYC-001950,AGT-0217,BATCH-202509-437,200.0,183.0,8.5,86.0,ORD-001950
CYC-001951,AGT-0217,BATCH-202503-788,200.0,184.0,8.0,78.0,ORD-001951
CYC-001952,AGT-0217,BATCH-202512-995,300.0,289.0,3.67,78.0,ORD-001952
CYC-001953,AGT-0217,BATCH-202507-935,200.0,188.0,6.0,80.0,ORD-001953
CYC-001954,AGT-0218,BATCH-202503-357,500.0,476.0,4.8,96.0,ORD-001954
CYC-001955,AGT-0218,BATCH-202502-425,200.0,191.0,4.5,98.0,ORD-001955
CYC-001956,AGT-0218,BATCH-202502-789,100.0,93.0,7.0,81.0,ORD-001956
CYC-001957,AGT-0218,BATCH-202508-415,200.0,198.0,1.0,80.0,ORD-001957
CYC-001958,AGT-0218,BATCH-202505-223,1000.0,931.0,6.9,84.0,ORD-001958
CYC-001959,AGT-0218,BATCH-202512-385,1000.0,943.0,5.7,83.0,ORD-001959
CYC-001960,AGT-0218,BATCH-202509-905,200.0,187.0,6.5,97.0,ORD-001960
CYC-001961,AGT-0218,BATCH-202502-410,200.0,185.0,7.5,,ORD-001961
CYC-001962,AGT-0218,BATCH-202504-106,200.0,183.0,8.5,81.0,ORD-001962
CYC-001963,AGT-0218,BATCH-202501-685,200.0,187.0,6.5,75.0,ORD-001963
CYC-001964,AGT-0218,BATCH-202511-352,500.0,468.0,6.4,92.0,ORD-001964
CYC-001965,AGT-0219,BATCH-202501-239,100.0,86.0,14.0,81.0,ORD-001965
CYC-001966,AGT-0219,BATCH-202501-336,300.0,255.0,15.0,71.0,ORD-001966
CYC-001967,AGT-0219,BATCH-202504-784,200.0,177.0,11.5,57.99999999999999,ORD-001967
CYC-001968,AGT-0219,BATCH-202503-832,100.0,87.0,13.0,73.0,ORD-001968
CYC-001969,AGT-0219,BATCH-202506-819,200.0,174.0,13.0,79.0,ORD-001969
CYC-001970,AGT-0219,BATCH-202508-392,300.0,252.0,16.0,68.0,ORD-001970
CYC-001971,AGT-0219,BATCH-202504-285,200.0,183.0,8.5,71.0,ORD-001971
CYC-001972,AGT-0219,BATCH-202502-336,300.0,273.0,9.0,82.0,ORD-001972
CYC-001973,AGT-0219,BATCH-202501-582,300.0,278.0,7.33,80.0,ORD-001973
CYC-001974,AGT-0220,BATCH-202508-829,300.0,297.0,1.0,100.0,ORD-001974
CYC-001975,AGT-0220,BATCH-202504-153,200.0,197.0,1.5,91.0,ORD-001975
CYC-001976,AGT-0220,BATCH-202507-136,300.0,293.0,2.33,85.0,ORD-001976
CYC-001977,AGT-0220,BATCH-202510-395,100.0,97.0,3.0,88.0,ORD-001977
CYC-001978,AGT-0220,BATCH-202512-767,200.0,180.0,10.0,76.0,ORD-001978
CYC-001979,AGT-0220,BATCH-202507-126,200.0,192.0,4.0,87.0,ORD-001979
CYC-001980,AGT-0221,BATCH-202512-463,200.0,184.0,8.0,86.0,ORD-001980
CYC-001981,AGT-0221,BATCH-202511-457,500.0,463.0,7.4,98.0,ORD-001981
CYC-001982,AGT-0221,BATCH-202501-666,200.0,193.0,3.5,89.0,ORD-001982
CYC-001983,AGT-0221,BATCH-202512-338,300.0,285.0,5.0,80.0,ORD-001983
CYC-001984,AGT-0221,BATCH-202509-555,1000.0,951.0,4.9,86.0,ORD-001984
CYC-001985,AGT-0221,BATCH-202505-641,1000.0,954.0,4.6,99.0,ORD-001985
CYC-001986,AGT-0221,BATCH-202506-653,200.0,192.0,4.0,79.0,ORD-001986
CYC-001987,AGT-0222,BATCH-202507-940,200.0,185.0,7.5,91.0,ORD-001987
CYC-001988,AGT-0222,BATCH-202508-370,300.0,282.0,6.0,91.0,ORD-001988
CYC-001989,AGT-0222,BATCH-202508-980,300.0,280.0,6.67,98.0,ORD-001989
CYC-001990,AGT-0222,BATCH-202501-535,500.0,478.0,4.4,86.0,ORD-001990
CYC-001991,AGT-0222,BATCH-202503-665,200.0,190.0,5.0,83.0,ORD-001991
CYC-001992,AGT-0222,BATCH-202501-599,300.0,277.0,7.67,90.0,ORD-001992
CYC-001993,AGT-0222,BATCH-202512-171,500.0,457.0,8.6,93.0,ORD-001993
CYC-001994,AGT-0222,BATCH-202508-198,200.0,187.0,6.5,76.0,ORD-001994
CYC-001995,AGT-0222,BATCH-202507-201,300.0,287.0,4.33,87.0,ORD-001995
CYC-001996,AGT-0223,BATCH-202508-949,100.0,94.0,6.0,95.0,ORD-001996
CYC-001997,AGT-0223,BATCH-202510-873,300.0,282.0,6.0,96.0,ORD-001997
CYC-001998,AGT-9999,BATCH-202509-475,200.0,169.0,15.5,56.99999999999999,ORD-001998
CYC-001999,AGT-0223,BATCH-202505-557,300.0,290.0,3.33,89.0,ORD-001999
CYC-002002,AGT-0223,BATCH-202505-524,500.0,479.0,4.2,,ORD-002002
CYC-002003,AGT-0223,BATCH-202510-405,300.0,284.0,5.33,95.0,ORD-002003
CYC-002004,AGT-0224,BATCH-202502-655,300.0,285.0,5.0,82.0,ORD-002004
CYC-002005,AGT-0224,BATCH-202505-638,500.0,,5.0,78.0,ORD-002005
CYC-002006,AGT-0224,BATCH-202508-487,300.0,288.0,4.0,82.0,ORD-002006
CYC-002007,AGT-0224,BATCH-202506-164,500.0,474.0,5.2,88.0,ORD-002007
CYC-002008,AGT-0224,BATCH-202503-739,100.0,93.0,7.0,100.0,ORD-002008
CYC-002009,AGT-0224,BATCH-202503-608,300.0,288.0,4.0,97.0,ORD-002009
CYC-002010,AGT-0225,BATCH-202504-444,500.0,471.0,5.8,77.0,ORD-002010
CYC-002011,AGT-0225,BATCH-202502-333,100.0,94.0,6.0,99.0,ORD-002011
CYC-002012,AGT-0225,BATCH-202511-593,500.0,483.0,3.4,87.0,ORD-002012
CYC-002013,AGT-0225,BATCH-202506-825,200.0,180.0,10.0,88.0,ORD-002013
CYC-002014,AGT-0225,BATCH-202512-991,300.0,281.0,6.33,86.0,ORD-002014
CYC-002015,AGT-0225,BATCH-202502-873,300.0,278.0,7.33,88.0,ORD-002015
CYC-002016,AGT-0226,BATCH-202501-727,300.0,283.0,5.67,84.0,ORD-002016
CYC-002017,AGT-0226,BATCH-202509-202,200.0,190.0,5.0,87.0,ORD-002017
CYC-002018,AGT-0226,BATCH-202508-234,500.0,473.0,5.4,87.0,ORD-002018
CYC-002019,AGT-0226,BATCH-202512-209,500.0,,6.8,98.0,ORD-002019
CYC-002020,AGT-0226,BATCH-202510-282,100.0,94.0,6.0,93.0,ORD-002020
CYC-002021,AGT-0226,BATCH-202511-909,300.0,287.0,4.33,90.0,ORD-002021
CYC-002022,AGT-0226,BATCH-202504-302,300.0,292.0,2.67,99.0,ORD-002022
CYC-002023,AGT-0226,BATCH-202501-456,100.0,,9.0,96.0,ORD-002023
CYC-002024,AGT-0226,BATCH-202511-699,300.0,277.0,7.67,100.0,ORD-002024
CYC-002025,AGT-0226,BATCH-202503-459,300.0,283.0,5.67,90.0,ORD-002025
CYC-002026,AGT-0226,BATCH-202504-163,300.0,286.0,4.67,84.0,ORD-002026
CYC-002027,AGT-0227,BATCH-202505-134,200.0,194.0,3.0,83.0,ORD-002027
CYC-002028,AGT-0227,BATCH-202507-555,300.0,279.0,7.0,83.0,ORD-002028
CYC-002029,AGT-0227,BATCH-202512-682,300.0,281.0,6.33,78.0,ORD-002029
CYC-002030,AGT-0227,BATCH-202504-549,200.0,183.0,8.5,94.0,ORD-002030
CYC-002031,AGT-0227,BATCH-202507-221,200.0,189.0,5.5,81.0,ORD-002031
CYC-002032,AGT-0227,BATCH-202506-395,200.0,185.0,7.5,97.0,ORD-002032
CYC-002033,AGT-0228,BATCH-202504-780,300.0,261.0,13.0,59.0,ORD-002033
CYC-002034,AGT-0228,BATCH-202512-134,200.0,181.0,9.5,59.0,ORD-002034
CYC-002035,AGT-0228,BATCH-202507-904,100.0,90.0,10.0,83.0,ORD-002035
CYC-002036,AGT-0228,BATCH-202502-247,300.0,273.0,9.0,56.99999999999999,ORD-002036
CYC-002037,AGT-0228,BATCH-202503-716,200.0,184.0,8.0,63.0,ORD-002037
CYC-002038,AGT-0228,BATCH-202503-856,100.0,92.0,8.0,73.0,ORD-002038
CYC-002039,AGT-0228,BATCH-202503-866,200.0,171.0,14.5,62.0,ORD-002039
CYC-002040,AGT-0228,BATCH-202510-482,200.0,172.0,14.0,64.0,ORD-002040
CYC-002041,AGT-0228,BATCH-202508-302,100.0,89.0,11.0,62.0,ORD-002041
CYC-002042,AGT-0228,BATCH-202506-645,200.0,170.0,15.0,56.00000000000001,ORD-002042
CYC-002043,AGT-0229,BATCH-202507-426,300.0,288.0,4.0,78.0,ORD-002043
CYC-002044,AGT-0229,BATCH-202501-537,1000.0,949.0,5.1,99.0,ORD-002044
CYC-002045,AGT-0229,BATCH-202509-327,100.0,96.0,4.0,87.0,ORD-002045
CYC-002046,AGT-0229,BATCH-202503-115,1000.0,935.0,6.5,83.0,ORD-002046
CYC-002047,AGT-0229,BATCH-202505-254,300.0,281.0,6.33,87.0,ORD-002047
CYC-002048,AGT-0229,BATCH-202501-939,500.0,462.0,7.6,91.0,ORD-002048
CYC-002049,AGT-0229,BATCH-202510-684,100.0,97.0,3.0,83.0,ORD-002049
CYC-002050,AGT-0229,BATCH-202505-976,200.0,192.0,4.0,90.0,ORD-002050
CYC-002051,AGT-0229,BATCH-202505-851,200.0,189.0,5.5,80.0,ORD-002051
CYC-002052,AGT-0229,BATCH-202502-117,200.0,189.0,5.5,96.0,ORD-002052
CYC-002053,AGT-0229,BATCH-202511-305,200.0,198.0,1.0,93.0,ORD-002053
CYC-002054,AGT-0229,BATCH-202504-549,500.0,469.0,6.2,89.0,ORD-002054
CYC-002055,AGT-0230,BATCH-202511-587,200.0,184.0,8.0,90.0,ORD-002055
CYC-002056,AGT-0230,BATCH-202501-545,100.0,93.0,7.0,86.0,ORD-002056
CYC-002057,AGT-0230,BATCH-202508-428,100.0,93.0,7.0,99.0,ORD-002057
CYC-002058,AGT-0230,BATCH-202505-412,300.0,276.0,8.0,94.0,ORD-002058
CYC-002059,AGT-0230,BATCH-202503-505,300.0,277.0,7.67,87.0,ORD-002059
CYC-002060,AGT-0230,BATCH-202504-438,200.0,183.0,8.5,92.0,ORD-002060
CYC-002061,AGT-0230,BATCH-202510-182,200.0,198.0,1.0,82.0,ORD-002061
CYC-002062,AGT-0230,BATCH-202505-817,300.0,275.0,8.33,98.0,ORD-002062
CYC-002063,AGT-0230,BATCH-202512-635,300.0,283.0,5.67,80.0,ORD-002063
CYC-002064,AGT-0230,BATCH-202507-547,300.0,290.0,3.33,82.0,ORD-002064
CYC-002065,AGT-0230,BATCH-202512-437,300.0,280.0,6.67,80.0,ORD-002065
CYC-002066,AGT-0231,BATCH-202502-603,300.0,278.0,7.33,91.0,ORD-002066
CYC-002067,AGT-0231,BATCH-202507-765,100.0,97.0,3.0,91.0,ORD-002067
CYC-002068,AGT-0231,BATCH-202506-627,200.0,189.0,5.5,94.0,ORD-002068
CYC-002069,AGT-0231,BATCH-202501-113,300.0,288.0,4.0,93.0,ORD-002069
CYC-002070,AGT-0231,BATCH-202501-331,300.0,279.0,7.0,84.0,ORD-002070
CYC-002071,AGT-0231,BATCH-202503-379,1000.0,966.0,3.4,90.0,ORD-002071
CYC-002072,AGT-0231,BATCH-202510-477,1000.0,908.0,9.2,77.0,ORD-002072
CYC-002073,AGT-0231,BATCH-202501-790,200.0,188.0,6.0,78.0,ORD-002073
CYC-002074,AGT-0231,BATCH-202504-777,100.0,97.0,3.0,88.0,ORD-002074
CYC-002075,AGT-0231,BATCH-202506-341,200.0,187.0,6.5,97.0,ORD-002075
CYC-002076,AGT-0231,BATCH-202501-176,300.0,284.0,5.33,96.0,ORD-002076
CYC-002077,AGT-0232,BATCH-202503-280,300.0,288.0,4.0,89.0,ORD-002077
CYC-002078,AGT-0232,BATCH-202509-977,300.0,288.0,4.0,89.0,ORD-002078
CYC-002079,AGT-0232,BATCH-202502-976,300.0,288.0,4.0,90.0,ORD-002079
CYC-002080,AGT-0232,BATCH-202507-240,200.0,186.0,7.0,97.0,ORD-002080
CYC-002081,AGT-0232,BATCH-202504-222,500.0,459.0,8.2,94.0,ORD-002081
CYC-002082,AGT-0232,BATCH-202509-676,500.0,468.0,6.4,96.0,ORD-002082
CYC-002083,AGT-0232,BATCH-202501-933,200.0,188.0,6.0,98.0,ORD-002083
CYC-002084,AGT-0232,BATCH-202502-806,200.0,193.0,3.5,75.0,ORD-002084
CYC-002085,AGT-0232,BATCH-202507-461,300.0,270.0,10.0,97.0,ORD-002085
CYC-002086,AGT-0232,BATCH-202503-459,300.0,283.0,5.67,88.0,ORD-002086
CYC-002087,AGT-0233,BATCH-202501-820,100.0,91.0,9.0,98.0,ORD-002087
CYC-002088,AGT-0233,BATCH-202506-760,300.0,282.0,6.0,89.0,ORD-002088
CYC-002089,AGT-0233,BATCH-202509-708,300.0,274.0,8.67,95.0,ORD-002089
CYC-002090,AGT-0233,BATCH-202503-352,300.0,270.0,10.0,84.0,ORD-002090
CYC-002091,AGT-0233,BATCH-202505-393,300.0,284.0,5.33,94.0,ORD-002091
CYC-002092,AGT-0233,BATCH-202506-862,100.0,94.0,6.0,92.0,ORD-002092
CYC-002093,AGT-0233,BATCH-202512-281,100.0,92.0,8.0,90.0,ORD-002093
CYC-002094,AGT-0233,BATCH-202512-285,100.0,95.0,5.0,96.0,ORD-002094
CYC-002095,AGT-0233,BATCH-202506-383,300.0,285.0,5.0,79.0,ORD-002095
CYC-002096,AGT-0233,BATCH-202507-953,300.0,291.0,3.0,77.0,ORD-002096
CYC-002097,AGT-0233,BATCH-202501-786,200.0,191.0,4.5,96.0,ORD-002097
CYC-002098,AGT-0234,BATCH-202504-403,500.0,473.0,5.4,89.0,ORD-002098
CYC-002099,AGT-0234,BATCH-202510-176,500.0,455.0,9.0,82.0,ORD-002099
CYC-002100,AGT-0234,BATCH-202510-256,300.0,285.0,5.0,88.0,ORD-002100
CYC-002102,AGT-0234,BATCH-202509-973,100.0,91.0,9.0,97.0,ORD-002102
CYC-002103,AGT-0234,BATCH-202509-679,1000.0,973.0,2.7,83.0,ORD-002103
CYC-002104,AGT-0234,BATCH-202503-229,500.0,475.0,5.0,98.0,ORD-002104
CYC-002105,AGT-0234,BATCH-202510-498,200.0,184.0,8.0,97.0,ORD-002105
CYC-002106,AGT-0234,BATCH-202507-204,300.0,290.0,3.33,93.0,ORD-002106
CYC-002107,AGT-0234,BATCH-202501-173,500.0,459.0,8.2,92.0,ORD-002107
CYC-002108,AGT-0235,BATCH-202506-241,100.0,96.0,4.0,90.0,ORD-002108
CYC-002109,AGT-0235,BATCH-202509-152,200.0,189.0,5.5,98.0,ORD-002109
CYC-002110,AGT-0235,BATCH-202509-979,300.0,289.0,3.67,94.0,ORD-002110
CYC-002111,AGT-0235,BATCH-202504-190,300.0,291.0,3.0,96.0,ORD-002111
CYC-002112,AGT-0235,BATCH-202503-833,500.0,462.0,7.6,77.0,ORD-002112
CYC-002113,AGT-0235,BATCH-202504-324,500.0,481.0,3.8,100.0,ORD-002113
CYC-002114,AGT-0235,BATCH-202507-513,300.0,288.0,4.0,78.0,ORD-002114
CYC-002115,AGT-0235,BATCH-202510-672,100.0,99.0,1.0,85.0,ORD-002115
CYC-002116,AGT-0236,BATCH-202509-871,1000.0,886.0,11.4,83.0,ORD-002116
CYC-002117,AGT-0236,BATCH-202502-704,500.0,464.0,7.2,57.99999999999999,ORD-002117
CYC-002118,AGT-0236,BATCH-202510-501,300.0,270.0,10.0,,ORD-002118
CYC-002119,AGT-0236,BATCH-202505-322,300.0,268.0,10.67,77.0,ORD-002119
CYC-002120,AGT-0236,BATCH-202512-480,200.0,174.0,13.0,68.0,ORD-002120
CYC-002121,AGT-0236,BATCH-202511-935,1000.0,879.0,12.1,68.0,ORD-002121
CYC-002122,AGT-0236,BATCH-202505-108,200.0,183.0,8.5,74.0,ORD-002122
CYC-002123,AGT-0236,BATCH-202503-229,1000.0,906.0,9.4,68.0,ORD-002123
CYC-002124,AGT-0236,BATCH-202507-201,300.0,267.0,11.0,56.00000000000001,ORD-002124
CYC-002125,AGT-0237,BATCH-202507-749,1000.0,967.0,3.3,75.0,ORD-002125
CYC-002126,AGT-0237,BATCH-202503-770,300.0,297.0,1.0,94.0,ORD-002126
CYC-002127,AGT-0237,BATCH-202501-800,100.0,95.0,5.0,97.0,ORD-002127
CYC-002128,AGT-0237,BATCH-202510-774,1000.0,960.0,4.0,79.0,ORD-002128
CYC-002129,AGT-0237,BATCH-202504-161,200.0,188.0,6.0,97.0,ORD-002129
CYC-002130,AGT-0237,BATCH-202510-233,100.0,97.0,3.0,81.0,ORD-002130
CYC-002131,AGT-0237,BATCH-202511-188,300.0,297.0,1.0,0.0,ORD-002131
CYC-002132,AGT-0237,BATCH-202505-330,300.0,292.0,2.67,82.0,ORD-002132
CYC-002133,AGT-0237,BATCH-202503-499,300.0,278.0,7.33,95.0,ORD-002133
CYC-002134,AGT-0237,BATCH-202501-438,200.0,184.0,8.0,77.0,ORD-002134
CYC-002135,AGT-0237,BATCH-202504-117,100.0,99.0,1.0,85.0,ORD-002135
CYC-002136,AGT-0237,BATCH-202504-713,200.0,198.0,1.0,80.0,ORD-002136
CYC-002137,AGT-0238,BATCH-202501-280,200.0,188.0,6.0,81.0,ORD-002137
CYC-002138,AGT-0238,BATCH-202505-911,500.0,488.0,2.4,81.0,ORD-002138
CYC-002139,AGT-0238,BATCH-202508-458,300.0,297.0,1.0,78.0,ORD-002139
CYC-002140,AGT-0238,BATCH-202506-507,200.0,195.0,2.5,82.0,ORD-002140
CYC-002141,AGT-0238,BATCH-202506-754,300.0,292.0,2.67,93.0,ORD-002141
CYC-002142,AGT-0238,BATCH-202502-335,100.0,94.0,6.0,95.0,ORD-002142
CYC-002143,AGT-0238,BATCH-202509-887,1000.0,981.0,1.9,83.0,ORD-002143
CYC-002144,AGT-0238,BATCH-202508-586,200.0,198.0,1.0,89.0,ORD-002144
CYC-002145,AGT-0239,BATCH-202509-986,500.0,474.0,5.2,92.0,ORD-002145
CYC-002146,AGT-0239,BATCH-202506-652,100.0,95.0,5.0,79.0,ORD-002146
CYC-002147,AGT-0239,BATCH-202504-630,300.0,275.0,8.33,,ORD-002147
CYC-002148,AGT-0239,BATCH-202503-672,200.0,187.0,6.5,87.0,ORD-002148
CYC-002149,AGT-0239,BATCH-202507-936,300.0,276.0,8.0,80.0,ORD-002149
CYC-002150,AGT-0239,BATCH-202506-889,200.0,191.0,4.5,82.0,ORD-002150
CYC-002151,AGT-0239,BATCH-202511-205,200.0,,6.0,98.0,ORD-002151
CYC-002152,AGT-0240,BATCH-202507-330,200.0,181.0,9.5,81.0,ORD-002152
CYC-002153,AGT-0240,BATCH-202510-464,300.0,283.0,5.67,78.0,ORD-002153
CYC-002154,AGT-0240,BATCH-202511-367,200.0,184.0,8.0,98.0,ORD-002154
CYC-002155,AGT-0240,BATCH-202501-292,500.0,461.0,7.8,91.0,ORD-002155
CYC-002156,AGT-0240,BATCH-202506-247,200.0,188.0,6.0,85.0,ORD-002156
CYC-002157,AGT-0240,BATCH-202504-544,300.0,282.0,6.0,90.0,ORD-002157
CYC-002158,AGT-0241,BATCH-202511-522,200.0,187.0,6.5,76.0,ORD-002158
CYC-002159,AGT-0241,BATCH-202504-781,300.0,275.0,8.33,83.0,ORD-002159
CYC-002160,AGT-0241,BATCH-202503-970,300.0,283.0,5.67,78.0,ORD-002160
CYC-002161,AGT-0241,BATCH-202505-637,100.0,94.0,6.0,94.0,ORD-002161
CYC-002162,AGT-0241,BATCH-202503-995,500.0,467.0,6.6,86.0,ORD-002162
CYC-002163,AGT-0241,BATCH-202503-847,300.0,279.0,7.0,86.0,ORD-002163
CYC-002164,AGT-0241,BATCH-202510-991,200.0,188.0,6.0,97.0,ORD-002164
CYC-002165,AGT-0241,BATCH-202507-650,200.0,191.0,4.5,100.0,ORD-002165
CYC-002166,AGT-0241,BATCH-202505-993,500.0,465.0,7.0,93.0,ORD-002166
CYC-002167,AGT-0241,BATCH-202509-742,200.0,186.0,7.0,83.0,ORD-002167
CYC-002168,AGT-0242,BATCH-202504-591,100.0,94.0,6.0,93.0,ORD-002168
CYC-002169,AGT-0242,BATCH-202512-147,200.0,187.0,6.5,79.0,ORD-002169
CYC-002170,AGT-0242,BATCH-202501-439,300.0,280.0,6.67,91.0,ORD-002170
CYC-002171,AGT-0242,BATCH-202503-934,500.0,481.0,3.8,85.0,ORD-002171
CYC-002172,AGT-0242,BATCH-202508-195,100.0,95.0,5.0,90.0,ORD-002172
CYC-002173,AGT-0242,BATCH-202510-809,300.0,280.0,6.67,91.0,ORD-002173
CYC-002174,AGT-0242,BATCH-202501-742,200.0,179.0,10.5,,ORD-002174
CYC-002175,AGT-0243,BATCH-202510-325,200.0,187.0,6.5,93.0,ORD-002175
CYC-002176,AGT-0243,BATCH-202504-750,100.0,94.0,6.0,87.0,ORD-002176
CYC-002177,AGT-0243,BATCH-202510-816,300.0,292.0,2.67,87.0,ORD-002177
CYC-002178,AGT-0243,BATCH-202510-234,200.0,187.0,6.5,,ORD-002178
CYC-002179,AGT-0243,BATCH-202507-126,200.0,183.0,8.5,91.0,ORD-002179
CYC-002180,AGT-0243,BATCH-202501-621,100.0,93.0,7.0,83.0,ORD-002180
CYC-002181,AGT-0244,BATCH-202505-928,100.0,93.0,7.0,,ORD-002181
CYC-002182,AGT-0244,BATCH-202501-304,500.0,458.0,8.4,95.0,ORD-002182
CYC-002183,AGT-0244,BATCH-202506-348,200.0,182.0,9.0,83.0,ORD-002183
CYC-002184,AGT-0244,BATCH-202506-123,100.0,95.0,5.0,91.0,ORD-002184
CYC-002185,AGT-0244,BATCH-202510-802,200.0,189.0,5.5,91.0,ORD-002185
CYC-002186,AGT-0244,BATCH-202508-524,500.0,458.0,8.4,79.0,ORD-002186
CYC-002187,AGT-0244,BATCH-202507-124,200.0,187.0,6.5,90.0,ORD-002187
CYC-002188,AGT-0245,BATCH-202510-538,300.0,286.0,4.67,94.0,ORD-002188
CYC-002189,AGT-0245,BATCH-202505-612,300.0,283.0,5.67,84.0,ORD-002189
CYC-002190,AGT-0245,BATCH-202508-560,500.0,481.0,3.8,99.0,ORD-002190
CYC-002191,AGT-0245,BATCH-202504-188,200.0,191.0,4.5,98.0,ORD-002191
CYC-002192,AGT-0245,BATCH-202506-655,200.0,182.0,9.0,90.0,ORD-002192
CYC-002193,AGT-0245,BATCH-202506-532,300.0,277.0,7.67,75.0,ORD-002193
CYC-002194,AGT-0245,BATCH-202504-176,200.0,190.0,5.0,83.0,ORD-002194
CYC-002195,AGT-0245,BATCH-202512-969,300.0,293.0,2.33,78.0,ORD-002195
CYC-002196,AGT-0245,BATCH-202510-909,300.0,279.0,7.0,99.0,ORD-002196
CYC-002197,AGT-0245,BATCH-202510-438,300.0,275.0,8.33,86.0,ORD-002197
CYC-002198,AGT-0245,BATCH-202509-866,200.0,179.0,10.5,83.0,ORD-002198
CYC-002199,AGT-0246,BATCH-202511-744,200.0,173.0,13.5,70.0,ORD-002199
CYC-002200,AGT-0246,BATCH-202504-944,200.0,182.0,9.0,71.0,ORD-002200
CYC-002201,AGT-0246,BATCH-202508-233,200.0,170.0,15.0,78.0,ORD-002201
CYC-002202,AGT-0246,BATCH-202507-772,200.0,175.0,12.5,80.0,ORD-002202
CYC-002203,AGT-0246,BATCH-202508-643,500.0,421.0,15.8,84.0,ORD-002203
CYC-002204,AGT-0246,BATCH-202508-797,100.0,87.0,13.0,68.0,ORD-002204
CYC-002205,AGT-0246,BATCH-202512-120,200.0,175.0,12.5,63.0,ORD-002205
CYC-002206,AGT-0246,BATCH-202509-371,300.0,261.0,13.0,70.0,ORD-002206
CYC-002207,AGT-0246,BATCH-202512-373,200.0,173.0,13.5,82.0,ORD-002207
CYC-002208,AGT-0246,BATCH-202506-146,300.0,264.0,12.0,77.0,ORD-002208
CYC-002209,AGT-0246,BATCH-202505-938,300.0,253.0,15.67,78.0,ORD-002209
CYC-002210,AGT-0246,BATCH-202504-497,100.0,89.0,11.0,61.0,ORD-002210
CYC-002211,AGT-0247,BATCH-202512-811,200.0,189.0,5.5,81.0,ORD-002211
CYC-002212,AGT-0247,BATCH-202512-476,100.0,94.0,6.0,88.0,ORD-002212
CYC-002213,AGT-0247,BATCH-202509-768,100.0,94.0,6.0,96.0,ORD-002213
CYC-002214,AGT-0247,BATCH-202506-440,300.0,281.0,6.33,81.0,ORD-002214
CYC-002215,AGT-0247,BATCH-202511-801,200.0,187.0,6.5,93.0,ORD-002215
CYC-002216,AGT-0247,BATCH-202506-948,1000.0,965.0,3.5,84.0,ORD-002216
CYC-002217,AGT-0247,BATCH-202511-617,100.0,91.0,9.0,84.0,ORD-002217
CYC-002218,AGT-0248,BATCH-202504-646,200.0,190.0,5.0,99.0,ORD-002218
CYC-002219,AGT-0248,BATCH-202503-303,1000.0,930.0,7.0,89.0,ORD-002219
CYC-002220,AGT-0248,BATCH-202505-145,1000.0,956.0,4.4,92.0,ORD-002220
CYC-002221,AGT-0248,BATCH-202507-764,300.0,274.0,8.67,93.0,ORD-002221
CYC-002222,AGT-0248,BATCH-202512-649,200.0,187.0,6.5,79.0,ORD-002222
CYC-002223,AGT-0248,BATCH-202510-649,500.0,487.0,2.6,76.0,ORD-002223
CYC-002224,AGT-0248,BATCH-202511-839,1000.0,955.0,4.5,,ORD-002224
CYC-002225,AGT-0248,BATCH-202512-598,200.0,181.0,9.5,84.0,ORD-002225
CYC-002226,AGT-0249,BATCH-202503-662,1000.0,932.0,6.8,81.0,ORD-002226
CYC-002227,AGT-0249,BATCH-202510-421,300.0,277.0,7.67,88.0,ORD-002227
CYC-002228,AGT-0249,BATCH-202502-452,100.0,94.0,6.0,97.0,ORD-002228
CYC-002229,AGT-0249,BATCH-202501-594,200.0,192.0,4.0,90.0,ORD-002229
CYC-002230,AGT-0249,BATCH-202501-908,200.0,189.0,5.5,75.0,ORD-002230
CYC-002231,AGT-0249,BATCH-202509-630,200.0,187.0,6.5,86.0,ORD-002231
CYC-002232,AGT-0249,BATCH-202505-544,100.0,90.0,10.0,91.0,ORD-002232
CYC-002233,AGT-0250,BATCH-202510-760,200.0,192.0,4.0,87.0,ORD-002233
CYC-002234,AGT-0250,BATCH-202507-130,200.0,194.0,3.0,93.0,ORD-002234
CYC-002235,AGT-0250,BATCH-202512-912,200.0,198.0,1.0,95.0,ORD-002235
CYC-002236,AGT-0250,BATCH-202507-951,100.0,98.0,2.0,83.0,ORD-002236
CYC-002237,AGT-0250,BATCH-202511-164,300.0,279.0,7.0,80.0,ORD-002237
CYC-002238,AGT-0250,BATCH-202506-479,200.0,191.0,4.5,81.0,ORD-002238
CYC-002239,AGT-0250,BATCH-202507-374,200.0,183.0,8.5,95.0,ORD-002239
CYC-002240,AGT-0250,BATCH-202511-210,100.0,95.0,5.0,90.0,ORD-002240
CYC-002241,AGT-0250,BATCH-202502-555,100.0,97.0,3.0,89.0,ORD-002241
CYC-002242,AGT-0250,BATCH-202508-698,1000.0,959.0,4.1,76.0,ORD-002242
CYC-002243,AGT-0250,BATCH-202508-590,300.0,291.0,3.0,78.0,ORD-002243
CYC-002244,AGT-0251,BATCH-202509-417,300.0,290.0,3.33,77.0,ORD-002244
CYC-002245,AGT-0251,BATCH-202505-851,100.0,95.0,5.0,89.0,ORD-002245
CYC-002246,AGT-0251,BATCH-202509-857,300.0,290.0,3.33,78.0,ORD-002246
CYC-002247,AGT-0251,BATCH-202512-345,200.0,192.0,4.0,93.0,ORD-002247
CYC-002248,AGT-0251,BATCH-202505-967,300.0,297.0,1.0,81.0,ORD-002248
CYC-002249,AGT-0251,BATCH-202512-462,200.0,193.0,3.5,89.0,ORD-002249
CYC-002251,AGT-0252,BATCH-202504-425,300.0,268.0,10.67,56.99999999999999,ORD-002251
CYC-002252,AGT-0252,BATCH-202507-793,200.0,171.0,14.5,60.0,ORD-002252
CYC-002253,AGT-0252,BATCH-202508-391,500.0,445.0,11.0,62.0,ORD-002253
CYC-002254,AGT-0252,BATCH-202501-629,300.0,265.0,11.67,79.0,ORD-002254
CYC-002255,AGT-0252,BATCH-202503-807,300.0,272.0,9.33,74.0,ORD-002255
CYC-002256,AGT-0252,BATCH-202512-219,1000.0,883.0,11.7,61.0,ORD-002256
CYC-002257,AGT-0253,BATCH-202511-192,200.0,188.0,6.0,80.0,ORD-002257
CYC-002258,AGT-0253,BATCH-202506-756,300.0,,8.0,77.0,ORD-002258
CYC-002259,AGT-0253,,200.0,191.0,4.5,81.0,ORD-002259
CYC-002260,AGT-0253,BATCH-202502-827,1000.0,925.0,7.5,91.0,ORD-002260
CYC-002261,AGT-0253,BATCH-202503-173,300.0,292.0,2.67,80.0,ORD-002261
CYC-002262,AGT-0253,BATCH-202501-829,200.0,188.0,6.0,87.0,ORD-002262
CYC-002263,AGT-0253,BATCH-202506-468,200.0,182.0,9.0,,ORD-002263
CYC-002264,AGT-0253,BATCH-202505-814,200.0,,5.5,100.0,ORD-002264
CYC-002265,AGT-0253,BATCH-202505-416,200.0,183.0,8.5,95.0,ORD-002265
CYC-002266,AGT-0253,BATCH-202505-776,200.0,187.0,6.5,77.0,ORD-002266
CYC-002267,AGT-0253,BATCH-202503-411,300.0,283.0,5.67,96.0,ORD-002267
CYC-002268,AGT-0253,BATCH-202512-300,100.0,93.0,7.0,98.0,ORD-002268
CYC-002269,AGT-0254,BATCH-202512-966,100.0,90.0,10.0,88.0,ORD-002269
CYC-002270,AGT-0254,BATCH-202502-205,200.0,187.0,6.5,82.0,ORD-002270
CYC-002271,AGT-0254,BATCH-202512-292,300.0,277.0,7.67,79.0,ORD-002271
CYC-002272,AGT-0254,BATCH-202501-152,200.0,191.0,4.5,79.0,ORD-002272
CYC-002273,AGT-0254,BATCH-202506-966,200.0,195.0,2.5,88.0,ORD-002273
CYC-002274,AGT-0254,BATCH-202502-781,200.0,195.0,2.5,96.0,ORD-002274
CYC-002275,AGT-0254,BATCH-202501-630,200.0,182.0,9.0,83.0,ORD-002275
CYC-002276,AGT-0254,BATCH-202510-683,300.0,271.0,9.67,97.0,ORD-002276
CYC-002277,AGT-0254,BATCH-202509-219,300.0,289.0,3.67,98.0,ORD-002277
CYC-002278,AGT-0254,BATCH-202504-255,1000.0,989.0,1.1,98.0,ORD-002278
CYC-002279,AGT-0254,BATCH-202506-383,200.0,185.0,7.5,81.0,ORD-002279
CYC-002280,AGT-0255,BATCH-202505-405,200.0,192.0,4.0,92.0,ORD-002280
CYC-002281,AGT-0255,BATCH-202511-288,200.0,188.0,6.0,88.0,ORD-002281
CYC-002282,AGT-0255,BATCH-202505-682,200.0,187.0,6.5,98.0,ORD-002282
CYC-002283,AGT-0255,BATCH-202508-571,200.0,190.0,5.0,89.0,ORD-002283
CYC-002284,AGT-0255,BATCH-202510-270,200.0,187.0,6.5,95.0,ORD-002284
CYC-002285,AGT-0255,BATCH-202509-205,500.0,464.0,7.2,99.0,ORD-002285
CYC-002286,AGT-0255,BATCH-202507-709,300.0,291.0,3.0,92.0,ORD-002286
CYC-002287,AGT-0255,BATCH-202505-802,100.0,92.0,8.0,89.0,ORD-002287
CYC-002288,AGT-0255,BATCH-202509-615,300.0,276.0,8.0,76.0,ORD-002288
CYC-002289,AGT-0255,BATCH-202512-288,100.0,94.0,6.0,80.0,ORD-002289
CYC-002290,AGT-0255,BATCH-202501-440,200.0,191.0,4.5,95.0,ORD-002290
CYC-002291,AGT-0256,BATCH-202510-145,200.0,183.0,8.5,99.0,ORD-002291
CYC-002292,AGT-0256,BATCH-202507-368,500.0,474.0,5.2,76.0,ORD-002292
CYC-002293,AGT-0256,BATCH-202506-962,300.0,283.0,5.67,90.0,ORD-002293
CYC-002294,AGT-0256,BATCH-202510-925,200.0,183.0,8.5,78.0,ORD-002294
CYC-002295,AGT-0256,BATCH-202505-542,200.0,189.0,5.5,80.0,ORD-002295
CYC-002296,AGT-0256,BATCH-202504-506,300.0,286.0,4.67,92.0,ORD-002296
CYC-002297,AGT-0257,BATCH-202503-984,200.0,198.0,1.0,84.0,ORD-002297
CYC-002298,AGT-0257,BATCH-202508-754,300.0,297.0,1.0,83.0,ORD-002298
CYC-002299,AGT-0257,BATCH-202512-971,200.0,198.0,1.0,85.0,ORD-002299
CYC-002300,AGT-0257,BATCH-202501-941,100.0,98.0,2.0,80.0,ORD-002300
CYC-002301,AGT-0257,BATCH-202508-347,300.0,285.0,5.0,81.0,ORD-002301
CYC-002302,AGT-0257,BATCH-202508-972,200.0,198.0,1.0,91.0,ORD-002302
CYC-002303,AGT-0258,BATCH-202510-284,100.0,,7.0,75.0,ORD-002303
CYC-002304,AGT-0258,BATCH-202507-660,100.0,95.0,5.0,84.0,ORD-002304
CYC-002305,AGT-0258,BATCH-202510-495,300.0,282.0,6.0,90.0,ORD-002305
CYC-002306,AGT-0258,BATCH-202510-176,300.0,280.0,6.67,85.0,ORD-002306
CYC-002307,AGT-0258,BATCH-202504-838,200.0,183.0,8.5,98.0,ORD-002307
CYC-002308,AGT-0258,BATCH-202502-904,100.0,96.0,4.0,91.0,ORD-002308
CYC-002309,AGT-0258,BATCH-202501-213,500.0,462.0,7.6,99.0,ORD-002309
CYC-002310,AGT-0258,BATCH-202507-882,200.0,192.0,4.0,87.0,ORD-002310
CYC-002311,AGT-0258,BATCH-202511-141,200.0,184.0,8.0,98.0,ORD-002311
CYC-002312,AGT-0259,BATCH-202512-982,300.0,277.0,7.67,81.0,ORD-002312
CYC-002313,AGT-0259,BATCH-202508-538,100.0,95.0,5.0,94.0,ORD-002313
CYC-002314,AGT-0259,BATCH-202507-163,200.0,184.0,8.0,95.0,ORD-002314
CYC-002315,AGT-0259,BATCH-202501-835,100.0,92.0,8.0,89.0,ORD-002315
CYC-002316,AGT-0259,BATCH-202502-299,100.0,93.0,7.0,90.0,ORD-002316
CYC-002317,AGT-0259,BATCH-202501-869,300.0,278.0,7.33,88.0,ORD-002317
CYC-002318,AGT-0259,BATCH-202510-557,200.0,189.0,5.5,96.0,ORD-002318
CYC-002319,AGT-0259,BATCH-202511-107,200.0,194.0,3.0,78.0,ORD-002319
CYC-002320,AGT-0259,BATCH-202502-823,200.0,191.0,4.5,97.0,ORD-002320
CYC-002321,AGT-0259,BATCH-202507-463,100.0,96.0,4.0,94.0,ORD-002321
CYC-002322,AGT-0260,BATCH-202510-837,500.0,479.0,4.2,100.0,ORD-002322
CYC-002323,AGT-0260,BATCH-202511-447,200.0,184.0,8.0,89.0,ORD-002323
CYC-002324,AGT-0260,BATCH-202505-949,200.0,181.0,9.5,82.0,ORD-002324
CYC-002325,AGT-0260,BATCH-202505-929,200.0,193.0,3.5,85.0,ORD-002325
CYC-002326,AGT-0260,BATCH-202502-814,100.0,92.0,8.0,99.0,ORD-002326
CYC-002327,AGT-0260,BATCH-202510-563,100.0,95.0,5.0,87.0,ORD-002327
CYC-002328,AGT-0260,BATCH-202505-628,200.0,190.0,5.0,77.0,ORD-002328
CYC-002329,AGT-0260,BATCH-202511-273,100.0,94.0,6.0,77.0,ORD-002329
CYC-002330,AGT-0260,BATCH-202503-317,300.0,288.0,4.0,87.0,ORD-002330
CYC-002331,AGT-9999,BATCH-202506-389,100.0,87.0,13.0,70.0,ORD-002331
CYC-002332,AGT-0260,BATCH-202511-358,500.0,457.0,8.6,80.0,ORD-002332
CYC-002333,AGT-0261,BATCH-202506-356,100.0,91.0,9.0,79.0,ORD-002333
CYC-002334,AGT-0261,BATCH-202506-463,200.0,185.0,7.5,90.0,ORD-002334
CYC-002335,AGT-0261,BATCH-202510-325,200.0,183.0,8.5,97.0,ORD-002335
CYC-002336,AGT-0261,BATCH-202506-601,300.0,285.0,5.0,80.0,ORD-002336
CYC-002337,AGT-0261,BATCH-202510-122,300.0,287.0,4.33,78.0,ORD-002337
CYC-002338,AGT-0261,BATCH-202507-480,100.0,94.0,6.0,77.0,ORD-002338
CYC-002339,AGT-0261,BATCH-202501-412,1000.0,931.0,6.9,86.0,ORD-002339
CYC-002340,AGT-0261,BATCH-202511-118,200.0,188.0,6.0,81.0,ORD-002340
CYC-002341,AGT-0261,BATCH-202507-600,100.0,92.0,8.0,86.0,ORD-002341
CYC-002342,AGT-0261,BATCH-202511-857,300.0,284.0,5.33,90.0,ORD-002342
CYC-002343,AGT-0261,BATCH-202504-751,200.0,184.0,8.0,82.0,ORD-002343
CYC-002344,AGT-0261,BATCH-202503-398,100.0,96.0,4.0,99.0,ORD-002344
CYC-002345,AGT-0262,BATCH-202510-273,300.0,267.0,11.0,72.0,ORD-002345
CYC-002346,AGT-0262,BATCH-202512-625,1000.0,891.0,10.9,75.0,ORD-002346
CYC-002347,AGT-0262,BATCH-202502-180,300.0,263.0,12.33,66.0,ORD-002347
CYC-002348,AGT-0262,BATCH-202511-108,300.0,265.0,11.67,57.99999999999999,ORD-002348
CYC-002349,AGT-0262,BATCH-202508-621,300.0,266.0,11.33,75.0,ORD-002349
CYC-002350,AGT-0262,BATCH-202512-983,100.0,86.0,14.0,69.0,ORD-002350
CYC-002351,AGT-0262,BATCH-202507-981,300.0,251.0,16.33,75.0,ORD-002351
CYC-002352,AGT-0263,BATCH-202512-534,200.0,190.0,5.0,80.0,ORD-002352
CYC-002353,AGT-0263,BATCH-202512-379,500.0,466.0,6.8,85.0,ORD-002353
CYC-002354,AGT-0263,BATCH-202507-606,200.0,188.0,6.0,89.0,ORD-002354
CYC-002355,AGT-0263,BATCH-202511-292,200.0,189.0,5.5,83.0,ORD-002355
CYC-002356,AGT-0263,BATCH-202508-842,300.0,280.0,6.67,77.0,ORD-002356
CYC-002357,AGT-0263,BATCH-202512-579,300.0,284.0,5.33,79.0,ORD-002357
CYC-002358,AGT-0263,BATCH-202504-623,300.0,279.0,7.0,85.0,ORD-002358
CYC-002359,AGT-0263,BATCH-202501-285,300.0,283.0,5.67,94.0,ORD-002359
CYC-002360,AGT-0264,BATCH-202501-423,200.0,179.0,10.5,100.0,ORD-002360
CYC-002361,AGT-0264,BATCH-202501-726,300.0,,8.33,79.0,ORD-002361
CYC-002362,AGT-0264,BATCH-202501-893,300.0,288.0,4.0,90.0,ORD-002362
CYC-002363,AGT-0264,BATCH-202508-210,200.0,185.0,7.5,92.0,ORD-002363
CYC-002364,AGT-0264,BATCH-202508-774,1000.0,985.0,1.5,98.0,ORD-002364
CYC-002365,AGT-0264,BATCH-202512-355,200.0,,8.5,80.0,ORD-002365
CYC-002366,AGT-0264,BATCH-202501-813,200.0,182.0,9.0,99.0,ORD-002366
CYC-002367,AGT-0264,BATCH-202506-314,1000.0,927.0,7.3,98.0,ORD-002367
CYC-002368,AGT-0265,BATCH-202501-649,500.0,481.0,3.8,77.0,ORD-002368
CYC-002369,AGT-0265,BATCH-202511-992,300.0,297.0,1.0,99.0,ORD-002369
CYC-002370,AGT-0265,BATCH-202509-456,200.0,195.0,2.5,89.0,ORD-002370
CYC-002371,AGT-0265,BATCH-202512-264,100.0,96.0,4.0,78.0,ORD-002371
CYC-002372,AGT-0265,BATCH-202506-611,500.0,476.0,4.8,83.0,ORD-002372
CYC-002373,AGT-0265,BATCH-202512-562,100.0,91.0,9.0,95.0,ORD-002373
CYC-002374,AGT-0265,BATCH-202504-180,200.0,187.0,6.5,78.0,ORD-002374
CYC-002375,AGT-0265,BATCH-202510-236,200.0,193.0,3.5,79.0,ORD-002375
CYC-002376,AGT-0266,BATCH-202501-313,200.0,185.0,7.5,82.0,ORD-002376
CYC-002377,AGT-0266,BATCH-202507-664,500.0,462.0,7.6,98.0,ORD-002377
CYC-002378,AGT-0266,BATCH-202504-314,100.0,97.0,3.0,,ORD-002378
CYC-002379,AGT-0266,BATCH-202501-716,200.0,189.0,5.5,86.0,ORD-002379
CYC-002380,AGT-0266,BATCH-202502-828,200.0,190.0,5.0,95.0,ORD-002380
CYC-002381,AGT-0266,BATCH-202508-230,1000.0,947.0,5.3,78.0,ORD-002381
CYC-002382,AGT-0266,BATCH-202505-743,300.0,276.0,8.0,81.0,ORD-002382
CYC-002383,AGT-0266,BATCH-202512-150,300.0,282.0,6.0,82.0,ORD-002383
CYC-002384,AGT-0266,BATCH-202510-648,200.0,186.0,7.0,92.0,ORD-002384
CYC-002385,AGT-0266,BATCH-202504-759,200.0,182.0,9.0,88.0,ORD-002385
CYC-002386,AGT-0267,BATCH-202503-840,200.0,183.0,8.5,59.0,ORD-002386
CYC-002387,AGT-0267,BATCH-202501-650,300.0,265.0,11.67,74.0,ORD-002387
CYC-002388,AGT-0267,BATCH-202501-798,200.0,178.0,11.0,77.0,ORD-002388
CYC-002389,AGT-0267,BATCH-202507-826,200.0,180.0,10.0,75.0,ORD-002389
CYC-002390,AGT-0267,BATCH-202501-807,300.0,272.0,9.33,66.0,ORD-002390
CYC-002391,AGT-0267,BATCH-202504-966,100.0,87.0,13.0,77.0,ORD-002391
CYC-002392,AGT-0267,BATCH-202505-234,100.0,89.0,11.0,73.0,ORD-002392
CYC-002393,AGT-0268,BATCH-202507-339,200.0,194.0,3.0,95.0,ORD-002393
CYC-002394,AGT-0268,BATCH-202507-457,200.0,195.0,2.5,93.0,ORD-002394
CYC-002395,AGT-0268,BATCH-202501-227,300.0,291.0,3.0,98.0,ORD-002395
CYC-002396,AGT-0268,BATCH-202506-493,200.0,189.0,5.5,88.0,ORD-002396
CYC-002397,AGT-0268,BATCH-202506-262,300.0,297.0,1.0,77.0,ORD-002397
CYC-002398,AGT-0268,BATCH-202507-360,200.0,193.0,3.5,85.0,ORD-002398
CYC-002399,AGT-0268,BATCH-202507-844,200.0,193.0,3.5,95.0,ORD-002399
CYC-002401,AGT-0268,BATCH-202503-730,300.0,283.0,5.67,98.0,ORD-002401
CYC-002402,AGT-0268,BATCH-202506-302,200.0,193.0,3.5,96.0,ORD-002402
CYC-002403,AGT-0269,BATCH-202510-783,100.0,96.0,4.0,84.0,ORD-002403
CYC-002404,AGT-0269,BATCH-202502-287,300.0,281.0,6.33,85.0,ORD-002404
CYC-002405,AGT-0269,BATCH-202511-105,200.0,182.0,9.0,89.0,ORD-002405
CYC-002406,AGT-0269,BATCH-202502-803,200.0,181.0,9.5,89.0,ORD-002406
CYC-002407,AGT-0269,BATCH-202509-686,300.0,275.0,8.33,98.0,ORD-002407
CYC-002408,AGT-0269,BATCH-202503-451,200.0,190.0,5.0,87.0,ORD-002408
CYC-002409,AGT-0269,BATCH-202502-333,300.0,271.0,9.67,90.0,ORD-002409
CYC-002410,AGT-0269,BATCH-202511-680,200.0,184.0,8.0,76.0,ORD-002410
CYC-002411,AGT-0269,BATCH-202509-958,200.0,192.0,4.0,99.0,ORD-002411
CYC-002412,AGT-0270,BATCH-202512-642,300.0,281.0,6.33,95.0,ORD-002412
CYC-002413,AGT-0270,BATCH-202507-766,300.0,280.0,6.67,90.0,ORD-002413
CYC-002414,AGT-0270,BATCH-202506-985,100.0,94.0,6.0,82.0,ORD-002414
CYC-002415,AGT-0270,BATCH-202509-498,300.0,278.0,7.33,85.0,ORD-002415
CYC-002416,AGT-0270,BATCH-202511-577,200.0,189.0,5.5,85.0,ORD-002416
CYC-002417,AGT-0270,BATCH-202507-490,200.0,185.0,7.5,81.0,ORD-002417
CYC-002418,AGT-0270,BATCH-202508-742,500.0,492.0,1.6,92.0,ORD-002418
CYC-002419,AGT-0271,BATCH-202503-926,300.0,273.0,9.0,81.0,ORD-002419
CYC-002420,AGT-0271,BATCH-202506-153,300.0,260.0,13.33,70.0,ORD-002420
CYC-002421,AGT-0271,BATCH-202511-519,300.0,258.0,14.0,73.0,ORD-002421
CYC-002422,AGT-0271,BATCH-202502-368,500.0,442.0,11.6,83.0,ORD-002422
CYC-002423,AGT-0271,BATCH-202512-750,100.0,85.0,15.0,56.99999999999999,ORD-002423
CYC-002424,AGT-0271,BATCH-202508-451,300.0,253.0,15.67,56.99999999999999,ORD-002424
CYC-002425,AGT-0272,BATCH-202508-533,500.0,470.0,6.0,86.0,ORD-002425
CYC-002426,AGT-0272,BATCH-202509-218,200.0,192.0,4.0,92.0,ORD-002426
CYC-002427,AGT-0272,BATCH-202510-231,300.0,286.0,4.67,96.0,ORD-002427
CYC-002428,AGT-0272,BATCH-202511-487,200.0,182.0,9.0,90.0,ORD-002428
CYC-002429,AGT-0272,BATCH-202505-316,200.0,183.0,8.5,91.0,ORD-002429
CYC-002430,AGT-0272,BATCH-202502-167,100.0,94.0,6.0,83.0,ORD-002430
CYC-002431,AGT-0272,BATCH-202509-997,1000.0,,6.9,84.0,ORD-002431
CYC-002432,AGT-0272,BATCH-202504-301,100.0,94.0,6.0,99.0,ORD-002432
CYC-002433,AGT-0272,BATCH-202504-312,100.0,91.0,9.0,88.0,ORD-002433
CYC-002434,AGT-0273,BATCH-202509-649,100.0,96.0,4.0,94.0,ORD-002434
CYC-002435,AGT-0273,BATCH-202503-366,200.0,195.0,2.5,97.0,ORD-002435
CYC-002436,AGT-0273,BATCH-202502-589,200.0,182.0,9.0,76.0,ORD-002436
CYC-002437,AGT-0273,BATCH-202512-991,200.0,190.0,5.0,95.0,ORD-002437
CYC-002438,AGT-0273,BATCH-202507-736,300.0,284.0,5.33,98.0,ORD-002438
CYC-002439,AGT-0273,BATCH-202510-753,200.0,194.0,3.0,100.0,ORD-002439
CYC-002440,AGT-0273,BATCH-202504-879,300.0,272.0,9.33,93.0,ORD-002440
CYC-002441,AGT-0273,BATCH-202501-338,200.0,193.0,3.5,83.0,ORD-002441
CYC-002442,AGT-0274,BATCH-202508-669,300.0,278.0,7.33,84.0,ORD-002442
CYC-002443,AGT-0274,BATCH-202502-253,100.0,95.0,5.0,84.0,ORD-002443
CYC-002444,AGT-0274,BATCH-202505-338,200.0,185.0,7.5,76.0,ORD-002444
CYC-002445,AGT-0274,BATCH-202505-622,200.0,186.0,7.0,93.0,ORD-002445
CYC-002446,AGT-0274,BATCH-202501-710,500.0,472.0,5.6,99.0,ORD-002446
CYC-002447,AGT-0274,BATCH-202507-932,300.0,275.0,8.33,76.0,ORD-002447
CYC-002448,AGT-0274,BATCH-202510-126,100.0,94.0,6.0,85.0,ORD-002448
CYC-002449,AGT-0274,BATCH-202504-725,200.0,187.0,6.5,75.0,ORD-002449
CYC-002450,AGT-0275,BATCH-202511-166,1000.0,953.0,4.7,,ORD-002450
CYC-002452,AGT-0275,BATCH-202506-638,200.0,193.0,3.5,86.0,ORD-002452
CYC-002453,AGT-0275,BATCH-202502-679,500.0,479.0,4.2,85.0,ORD-002453
CYC-002454,AGT-0275,BATCH-202512-220,200.0,188.0,6.0,99.0,ORD-002454
CYC-002455,AGT-0275,BATCH-202501-149,200.0,193.0,3.5,85.0,ORD-002455
CYC-002456,AGT-0275,BATCH-202507-105,500.0,475.0,5.0,95.0,ORD-002456
CYC-002457,AGT-0275,BATCH-202510-679,100.0,96.0,4.0,77.0,ORD-002457
CYC-002458,AGT-0276,BATCH-202511-512,200.0,178.0,11.0,72.0,ORD-002458
CYC-002459,AGT-0276,BATCH-202508-386,100.0,87.0,13.0,78.0,ORD-002459
CYC-002460,AGT-0276,BATCH-202512-928,200.0,176.0,12.0,71.0,ORD-002460
CYC-002461,AGT-0276,BATCH-202508-194,500.0,438.0,12.4,57.99999999999999,ORD-002461
CYC-002462,AGT-0276,BATCH-202501-513,500.0,442.0,11.6,72.0,ORD-002462
CYC-002463,AGT-0276,BATCH-202505-771,300.0,249.0,17.0,78.0,ORD-002463
CYC-002464,AGT-0276,BATCH-202507-860,200.0,180.0,10.0,64.0,ORD-002464
CYC-002465,AGT-0277,BATCH-202505-689,200.0,190.0,5.0,84.0,ORD-002465
CYC-002466,AGT-0277,BATCH-202502-248,200.0,182.0,9.0,78.0,ORD-002466
CYC-002467,AGT-0277,BATCH-202510-148,200.0,184.0,8.0,98.0,ORD-002467
CYC-002468,AGT-0277,BATCH-202512-411,500.0,481.0,3.8,93.0,ORD-002468
CYC-002469,AGT-0277,BATCH-202504-108,200.0,181.0,9.5,92.0,ORD-002469
CYC-002470,AGT-0277,BATCH-202511-655,100.0,90.0,10.0,83.0,ORD-002470
CYC-002471,AGT-0277,BATCH-202512-989,200.0,192.0,4.0,88.0,ORD-002471
CYC-002472,AGT-0277,BATCH-202512-521,200.0,191.0,4.5,87.0,ORD-002472
CYC-002473,AGT-0278,BATCH-202504-843,100.0,87.0,13.0,76.0,ORD-002473
CYC-002474,AGT-0278,BATCH-202510-442,300.0,271.0,9.67,62.0,ORD-002474
CYC-002475,AGT-0278,BATCH-202507-441,200.0,176.0,12.0,66.0,ORD-002475
CYC-002476,AGT-0278,BATCH-202505-896,300.0,263.0,12.33,69.0,ORD-002476
CYC-002477,AGT-0278,BATCH-202505-222,200.0,183.0,8.5,84.0,ORD-002477
CYC-002478,AGT-0278,BATCH-202509-414,300.0,249.0,17.0,68.0,ORD-002478
CYC-002479,AGT-0278,BATCH-202512-555,100.0,86.0,14.0,81.0,ORD-002479
CYC-002480,AGT-0278,BATCH-202506-690,500.0,454.0,9.2,82.0,ORD-002480
CYC-002481,AGT-0279,BATCH-202508-474,200.0,198.0,1.0,93.0,ORD-002481
CYC-002482,AGT-0279,BATCH-202505-596,500.0,483.0,3.4,87.0,ORD-002482
CYC-002483,AGT-0279,BATCH-202510-436,100.0,99.0,1.0,83.0,ORD-002483
CYC-002484,AGT-0279,BATCH-202501-142,1000.0,982.0,1.8,79.0,ORD-002484
CYC-002485,AGT-0279,BATCH-202512-477,500.0,478.0,4.4,93.0,ORD-002485
CYC-002486,AGT-0279,BATCH-202506-236,200.0,195.0,2.5,96.0,ORD-002486
CYC-002487,AGT-0280,BATCH-202501-169,500.0,430.0,14.0,67.0,ORD-002487
CYC-002488,AGT-0280,BATCH-202510-779,300.0,246.0,18.0,81.0,ORD-002488
CYC-002489,AGT-0280,BATCH-202505-699,200.0,172.0,14.0,56.00000000000001,ORD-002489
CYC-002490,AGT-0280,BATCH-202512-726,200.0,171.0,14.5,56.00000000000001,ORD-002490
CYC-002491,AGT-0280,BATCH-202504-413,1000.0,866.0,13.4,68.0,ORD-002491
CYC-002492,AGT-0280,BATCH-202508-678,200.0,176.0,12.0,82.0,ORD-002492
CYC-002493,AGT-0280,BATCH-202506-765,1000.0,867.0,13.3,81.0,ORD-002493
CYC-002494,AGT-0280,BATCH-202509-159,300.0,269.0,10.33,67.0,ORD-002494
CYC-002495,AGT-0280,BATCH-202509-439,300.0,274.0,8.67,56.99999999999999,ORD-002495
CYC-002496,AGT-0281,BATCH-202508-158,200.0,190.0,5.0,85.0,ORD-002496
CYC-002497,AGT-0281,BATCH-202502-717,300.0,277.0,7.67,82.0,ORD-002497
CYC-002498,AGT-0281,BATCH-202512-819,200.0,185.0,7.5,96.0,ORD-002498
CYC-002499,AGT-0281,BATCH-202507-938,1000.0,930.0,7.0,78.0,ORD-002499
CYC-002502,AGT-0281,BATCH-202508-305,1000.0,951.0,4.9,100.0,ORD-002502
CYC-002503,AGT-0281,BATCH-202501-239,500.0,455.0,9.0,90.0,ORD-002503
CYC-002504,AGT-0281,BATCH-202508-239,200.0,191.0,4.5,92.0,ORD-002504
CYC-002505,AGT-0281,BATCH-202502-706,300.0,286.0,4.67,81.0,ORD-002505
CYC-002506,AGT-0282,BATCH-202504-688,100.0,89.0,11.0,67.0,ORD-002506
CYC-002507,AGT-0282,BATCH-202507-514,200.0,168.0,16.0,71.0,ORD-002507
CYC-002508,AGT-0282,BATCH-202510-254,300.0,278.0,7.33,68.0,ORD-002508
CYC-002509,AGT-0282,BATCH-202504-585,200.0,178.0,11.0,57.99999999999999,ORD-002509
CYC-002510,AGT-0282,BATCH-202503-456,100.0,88.0,12.0,66.0,ORD-002510
CYC-002511,AGT-0282,BATCH-202509-769,100.0,86.0,14.0,56.00000000000001,ORD-002511
CYC-002512,AGT-0282,BATCH-202509-881,200.0,,11.5,56.00000000000001,ORD-002512
CYC-002513,AGT-0282,BATCH-202507-544,100.0,94.0,6.0,64.0,ORD-002513
CYC-002514,AGT-0282,BATCH-202509-549,300.0,266.0,11.33,76.0,ORD-002514
CYC-002515,AGT-0282,BATCH-202504-489,200.0,176.0,12.0,69.0,ORD-002515
CYC-002516,AGT-0282,BATCH-202508-973,200.0,178.0,11.0,73.0,ORD-002516
CYC-002517,AGT-0283,BATCH-202506-188,300.0,287.0,4.33,94.0,ORD-002517
CYC-002518,AGT-0283,BATCH-202512-934,500.0,450.0,10.0,86.0,ORD-002518
CYC-002519,AGT-0283,BATCH-202512-400,200.0,188.0,6.0,,ORD-002519
CYC-002520,AGT-0283,BATCH-202506-899,300.0,278.0,7.33,80.0,ORD-002520
CYC-002521,AGT-0283,BATCH-202503-248,200.0,188.0,6.0,100.0,ORD-002521
CYC-002522,AGT-0283,BATCH-202503-951,100.0,96.0,4.0,97.0,ORD-002522
CYC-002523,AGT-0283,BATCH-202506-206,300.0,287.0,4.33,95.0,ORD-002523
CYC-002524,AGT-0284,BATCH-202505-955,1000.0,912.0,8.8,89.0,ORD-002524
CYC-002525,AGT-0284,BATCH-202505-234,200.0,185.0,7.5,78.0,ORD-002525
CYC-002526,AGT-0284,BATCH-202508-719,200.0,190.0,5.0,89.0,ORD-002526
CYC-002527,AGT-0284,BATCH-202512-502,200.0,188.0,6.0,80.0,ORD-002527
CYC-002528,AGT-0284,BATCH-202502-852,300.0,293.0,2.33,81.0,ORD-002528
CYC-002529,AGT-0284,BATCH-202501-926,100.0,92.0,8.0,97.0,ORD-002529
CYC-002530,AGT-0284,BATCH-202502-850,100.0,96.0,4.0,99.0,ORD-002530
CYC-002531,AGT-0285,BATCH-202504-228,200.0,190.0,5.0,93.0,ORD-002531
CYC-002532,AGT-0285,BATCH-202508-685,200.0,181.0,9.5,85.0,ORD-002532
CYC-002533,AGT-0285,BATCH-202505-621,100.0,95.0,5.0,83.0,ORD-002533
CYC-002534,AGT-0285,BATCH-202506-588,200.0,182.0,9.0,84.0,ORD-002534
CYC-002535,AGT-0285,BATCH-202502-214,200.0,187.0,6.5,88.0,ORD-002535
CYC-002536,AGT-0285,BATCH-202501-833,500.0,457.0,8.6,89.0,ORD-002536
CYC-002537,AGT-0285,BATCH-202511-870,200.0,190.0,5.0,93.0,ORD-002537
CYC-002538,AGT-0285,BATCH-202507-690,300.0,278.0,7.33,76.0,ORD-002538
CYC-002539,AGT-0285,BATCH-202507-603,100.0,94.0,6.0,81.0,ORD-002539
CYC-002540,AGT-0285,BATCH-202508-415,500.0,442.0,11.6,83.0,ORD-002540
CYC-002541,AGT-0285,BATCH-202505-805,200.0,194.0,3.0,79.0,ORD-002541
CYC-002542,AGT-0286,BATCH-202508-158,200.0,190.0,5.0,75.0,ORD-002542
CYC-002543,AGT-0286,BATCH-202510-765,100.0,93.0,7.0,86.0,ORD-002543
CYC-002544,AGT-0286,BATCH-202502-685,100.0,92.0,8.0,96.0,ORD-002544
CYC-002545,AGT-0286,BATCH-202505-879,300.0,286.0,4.67,93.0,ORD-002545
CYC-002546,AGT-0286,BATCH-202507-397,200.0,186.0,7.0,,ORD-002546
CYC-002547,AGT-0286,BATCH-202502-204,200.0,189.0,5.5,97.0,ORD-002547
CYC-002548,AGT-0286,BATCH-202511-283,200.0,182.0,9.0,76.0,ORD-002548
CYC-002549,AGT-0286,BATCH-202501-925,1000.0,947.0,5.3,88.0,ORD-002549
CYC-002550,AGT-0287,BATCH-202502-482,200.0,173.0,13.5,61.0,ORD-002550
CYC-002551,AGT-0287,BATCH-202507-330,500.0,434.0,13.2,75.0,ORD-002551
CYC-002552,AGT-0287,BATCH-202508-854,1000.0,887.0,11.3,66.0,ORD-002552
CYC-002553,AGT-0287,BATCH-202509-912,300.0,265.0,11.67,63.0,ORD-002553
CYC-002554,AGT-0287,BATCH-202510-894,300.0,257.0,14.33,64.0,ORD-002554
CYC-002555,AGT-0287,BATCH-202509-378,200.0,175.0,12.5,79.0,ORD-002555
CYC-002556,AGT-0287,BATCH-202505-273,200.0,176.0,12.0,57.99999999999999,ORD-002556
CYC-002557,AGT-0287,BATCH-202504-756,200.0,174.0,13.0,82.0,ORD-002557
CYC-002558,AGT-0287,BATCH-202502-738,300.0,264.0,12.0,77.0,ORD-002558
CYC-002559,AGT-0287,BATCH-202507-942,200.0,178.0,11.0,64.0,ORD-002559
CYC-002560,AGT-0287,BATCH-202501-636,1000.0,905.0,9.5,59.0,ORD-002560
CYC-002561,AGT-0288,BATCH-202512-771,200.0,170.0,15.0,56.00000000000001,ORD-002561
CYC-002562,AGT-0288,BATCH-202508-651,500.0,445.0,11.0,84.0,ORD-002562
CYC-002563,AGT-0288,BATCH-202504-351,100.0,91.0,9.0,71.0,ORD-002563
CYC-002564,AGT-0288,BATCH-202509-834,100.0,90.0,10.0,65.0,ORD-002564
CYC-002565,AGT-0288,BATCH-202509-417,300.0,261.0,13.0,70.0,ORD-002565
CYC-002566,AGT-0288,BATCH-202512-607,100.0,87.0,13.0,76.0,ORD-002566
CYC-002567,AGT-0288,BATCH-202501-357,100.0,88.0,12.0,71.0,ORD-002567
CYC-002568,AGT-0289,BATCH-202504-728,200.0,175.0,12.5,56.00000000000001,ORD-002568
CYC-002569,AGT-0289,BATCH-202503-137,200.0,177.0,11.5,72.0,ORD-002569
CYC-002570,AGT-0289,BATCH-202509-179,100.0,86.0,14.0,,ORD-002570
CYC-002571,AGT-0289,BATCH-202503-324,100.0,90.0,10.0,81.0,ORD-002571
CYC-002572,AGT-0289,BATCH-202502-166,200.0,170.0,15.0,79.0,ORD-002572
CYC-002573,AGT-0289,BATCH-202510-346,500.0,457.0,8.6,62.0,ORD-002573
CYC-002574,AGT-0289,BATCH-202511-181,100.0,87.0,13.0,56.00000000000001,ORD-002574
CYC-002575,AGT-0289,BATCH-202511-738,300.0,267.0,11.0,77.0,ORD-002575
CYC-002576,AGT-0289,BATCH-202509-864,200.0,173.0,13.5,68.0,ORD-002576
CYC-002577,AGT-0289,BATCH-202512-231,200.0,180.0,10.0,73.0,ORD-002577
CYC-002578,AGT-0290,BATCH-202502-287,500.0,495.0,1.0,76.0,ORD-002578
CYC-002579,AGT-0290,BATCH-202508-735,200.0,192.0,4.0,86.0,ORD-002579
CYC-002580,AGT-0290,BATCH-202501-705,200.0,194.0,3.0,84.0,ORD-002580
CYC-002581,AGT-0290,BATCH-202509-683,500.0,480.0,4.0,92.0,ORD-002581
CYC-002582,AGT-0290,BATCH-202503-895,300.0,282.0,6.0,79.0,ORD-002582
CYC-002583,AGT-0290,BATCH-202510-234,500.0,489.0,2.2,90.0,ORD-002583
CYC-002584,AGT-0290,BATCH-202508-954,300.0,288.0,4.0,78.0,ORD-002584
CYC-002585,AGT-0290,BATCH-202509-156,200.0,192.0,4.0,81.0,ORD-002585
CYC-002586,AGT-0290,BATCH-202509-908,200.0,197.0,1.5,,ORD-002586
CYC-002587,AGT-0290,BATCH-202501-612,100.0,97.0,3.0,77.0,ORD-002587
CYC-002588,AGT-0290,BATCH-202511-346,200.0,196.0,2.0,84.0,ORD-002588
CYC-002589,AGT-0291,BATCH-202507-813,200.0,186.0,7.0,87.0,ORD-002589
CYC-002590,AGT-0291,BATCH-202509-624,1000.0,959.0,4.1,94.0,ORD-002590
CYC-002591,AGT-0291,BATCH-202503-932,300.0,288.0,4.0,85.0,ORD-002591
CYC-002592,AGT-0291,BATCH-202505-479,300.0,275.0,8.33,97.0,ORD-002592
CYC-002593,AGT-0291,BATCH-202502-501,200.0,188.0,6.0,84.0,ORD-002593
CYC-002594,AGT-0291,BATCH-202503-867,300.0,279.0,7.0,76.0,ORD-002594
CYC-002595,AGT-0291,BATCH-202505-633,200.0,191.0,4.5,92.0,ORD-002595
CYC-002596,AGT-0291,BATCH-202502-723,200.0,186.0,7.0,78.0,ORD-002596
CYC-002597,AGT-0291,BATCH-202504-632,200.0,188.0,6.0,88.0,ORD-002597
CYC-002598,AGT-0291,BATCH-202505-416,300.0,284.0,5.33,87.0,ORD-002598
CYC-002599,AGT-0291,BATCH-202509-199,300.0,285.0,5.0,,ORD-002599
CYC-002600,AGT-0292,BATCH-202504-414,200.0,176.0,12.0,74.0,ORD-002600
CYC-002601,AGT-0292,BATCH-202504-456,300.0,267.0,11.0,,ORD-002601
CYC-002602,AGT-0292,BATCH-202503-402,300.0,263.0,12.33,61.0,ORD-002602
CYC-002603,AGT-0292,BATCH-202511-655,200.0,175.0,12.5,65.0,ORD-002603
CYC-002604,AGT-0292,BATCH-202510-758,100.0,89.0,11.0,75.0,ORD-002604
CYC-002605,AGT-0292,BATCH-202505-840,300.0,259.0,13.67,74.0,ORD-002605
CYC-002606,AGT-0292,BATCH-202502-146,200.0,177.0,11.5,69.0,ORD-002606
CYC-002607,AGT-0293,BATCH-202508-732,300.0,262.0,12.67,70.0,ORD-002607
CYC-002608,AGT-0293,BATCH-202506-403,200.0,,12.5,73.0,ORD-002608
CYC-002609,AGT-0293,BATCH-202504-383,1000.0,,15.5,56.00000000000001,ORD-002609
CYC-002610,AGT-0293,BATCH-202506-180,300.0,273.0,9.0,73.0,ORD-002610
CYC-002611,AGT-0293,BATCH-202510-616,100.0,,13.0,56.00000000000001,ORD-002611
CYC-002612,AGT-0293,BATCH-202512-567,200.0,175.0,12.5,56.00000000000001,ORD-002612
CYC-002613,AGT-0293,BATCH-202512-535,200.0,175.0,12.5,73.0,ORD-002613
CYC-002614,AGT-0293,BATCH-202512-441,100.0,84.0,16.0,80.0,ORD-002614
CYC-002615,AGT-0293,BATCH-202511-213,300.0,277.0,7.67,61.0,ORD-002615
CYC-002616,AGT-0293,BATCH-202510-693,200.0,171.0,14.5,56.00000000000001,ORD-002616
CYC-002617,AGT-0293,BATCH-202512-476,300.0,262.0,12.67,76.0,ORD-002617
CYC-002618,AGT-0294,BATCH-202504-425,200.0,194.0,3.0,85.0,ORD-002618
CYC-002619,AGT-0294,BATCH-202506-681,200.0,198.0,1.0,,ORD-002619
CYC-002620,AGT-0294,BATCH-202512-654,1000.0,971.0,2.9,78.0,ORD-002620
CYC-002621,AGT-0294,BATCH-202503-729,300.0,286.0,4.67,86.0,ORD-002621
CYC-002622,AGT-0294,BATCH-202507-724,200.0,193.0,3.5,79.0,ORD-002622
CYC-002623,AGT-0294,BATCH-202509-258,500.0,491.0,1.8,83.0,ORD-002623
CYC-002624,AGT-0294,BATCH-202505-513,300.0,284.0,5.33,88.0,ORD-002624
CYC-002625,AGT-0295,BATCH-202504-816,200.0,173.0,13.5,59.0,ORD-002625
CYC-002626,AGT-0295,BATCH-202505-921,300.0,270.0,10.0,82.0,ORD-002626
CYC-002627,AGT-0295,BATCH-202509-935,100.0,85.0,15.0,56.99999999999999,ORD-002627
CYC-002628,AGT-0295,BATCH-202505-628,100.0,90.0,10.0,81.0,ORD-002628
CYC-002629,AGT-0295,BATCH-202502-525,200.0,173.0,13.5,78.0,ORD-002629
CYC-002630,AGT-0295,BATCH-202501-806,200.0,170.0,15.0,79.0,ORD-002630
CYC-002631,AGT-0296,BATCH-202509-907,300.0,291.0,3.0,90.0,ORD-002631
CYC-002632,AGT-0296,BATCH-202507-925,100.0,97.0,3.0,97.0,ORD-002632
CYC-002633,AGT-0296,BATCH-202509-539,100.0,96.0,4.0,82.0,ORD-002633
CYC-002634,AGT-0296,BATCH-202506-967,300.0,290.0,3.33,93.0,ORD-002634
CYC-002635,AGT-0296,BATCH-202508-863,200.0,195.0,2.5,96.0,ORD-002635
CYC-002636,AGT-0296,BATCH-202511-696,300.0,297.0,1.0,86.0,ORD-002636
CYC-002637,AGT-0296,BATCH-202509-202,200.0,190.0,5.0,78.0,ORD-002637
CYC-002638,AGT-0296,BATCH-202501-345,200.0,192.0,4.0,83.0,ORD-002638
CYC-002639,AGT-0296,BATCH-202511-672,100.0,98.0,2.0,90.0,ORD-002639
CYC-002640,AGT-0297,BATCH-202504-434,300.0,285.0,5.0,81.0,ORD-002640
CYC-002641,AGT-0297,BATCH-202511-623,300.0,293.0,2.33,81.0,ORD-002641
CYC-002642,AGT-0297,BATCH-202512-568,100.0,96.0,4.0,83.0,ORD-002642
CYC-002643,AGT-0297,BATCH-202509-867,200.0,185.0,7.5,89.0,ORD-002643
CYC-002644,AGT-0297,BATCH-202512-922,100.0,92.0,8.0,90.0,ORD-002644
CYC-002645,AGT-0297,BATCH-202502-574,200.0,192.0,4.0,92.0,ORD-002645
CYC-002646,AGT-0298,BATCH-202501-256,100.0,96.0,4.0,96.0,ORD-002646
CYC-002647,AGT-0298,BATCH-202504-656,200.0,190.0,5.0,80.0,ORD-002647
CYC-002648,AGT-0298,BATCH-202505-745,200.0,194.0,3.0,89.0,ORD-002648
CYC-002649,AGT-0298,BATCH-202511-396,200.0,196.0,2.0,88.0,ORD-002649
CYC-002650,AGT-0298,BATCH-202512-119,300.0,275.0,8.33,94.0,ORD-002650
CYC-002651,AGT-0298,BATCH-202512-469,200.0,189.0,5.5,84.0,ORD-002651
CYC-002652,AGT-0298,BATCH-202507-621,200.0,188.0,6.0,79.0,ORD-002652
CYC-002653,AGT-0298,BATCH-202511-510,200.0,188.0,6.0,76.0,ORD-002653
CYC-002654,AGT-0298,BATCH-202511-934,300.0,273.0,9.0,86.0,ORD-002654
CYC-002655,AGT-0298,BATCH-202510-605,200.0,189.0,5.5,80.0,ORD-002655
CYC-002656,AGT-0299,BATCH-202503-604,300.0,,1.67,84.0,ORD-002656
CYC-002657,AGT-0299,BATCH-202504-372,100.0,93.0,7.0,79.0,ORD-002657
CYC-002658,AGT-0299,BATCH-202508-854,200.0,193.0,3.5,80.0,ORD-002658
CYC-002659,AGT-0299,BATCH-202504-862,300.0,282.0,6.0,75.0,ORD-002659
CYC-002660,AGT-0299,BATCH-202503-572,200.0,198.0,1.0,78.0,ORD-002660
CYC-002661,AGT-0299,BATCH-202510-989,500.0,485.0,3.0,84.0,ORD-002661
CYC-002662,AGT-0299,BATCH-202510-943,200.0,192.0,4.0,100.0,ORD-002662
CYC-002663,AGT-0299,BATCH-202507-397,300.0,297.0,1.0,91.0,ORD-002663
CYC-002664,AGT-9999,BATCH-202504-353,300.0,264.0,12.0,63.0,ORD-002664
CYC-002665,AGT-0300,BATCH-202507-788,500.0,475.0,5.0,75.0,ORD-002665
CYC-002666,AGT-0300,BATCH-202503-190,500.0,466.0,6.8,85.0,ORD-002666
CYC-002667,AGT-0300,BATCH-202504-487,200.0,191.0,4.5,99.0,ORD-002667
CYC-002668,AGT-0300,BATCH-202508-959,1000.0,927.0,7.3,87.0,ORD-002668
CYC-002669,AGT-0300,,200.0,184.0,8.0,89.0,ORD-002669
CYC-002670,AGT-0300,BATCH-202508-870,300.0,278.0,7.33,91.0,ORD-002670
CYC-002671,AGT-0300,BATCH-202506-822,500.0,469.0,6.2,92.0,ORD-002671
CYC-002672,AGT-0300,BATCH-202509-948,500.0,467.0,6.6,85.0,ORD-002672
CYC-002673,AGT-0301,BATCH-202503-143,300.0,268.0,10.67,61.0,ORD-002673
CYC-002674,AGT-0301,BATCH-202501-273,500.0,431.0,13.8,77.0,ORD-002674
CYC-002675,AGT-0301,,200.0,179.0,10.5,68.0,ORD-002675
CYC-002676,AGT-0301,BATCH-202507-292,300.0,255.0,15.0,61.0,ORD-002676
CYC-002677,AGT-0301,BATCH-202510-594,100.0,87.0,13.0,57.99999999999999,ORD-002677
CYC-002678,AGT-0301,BATCH-202506-758,300.0,249.0,17.0,66.0,ORD-002678
CYC-002679,AGT-0301,BATCH-202507-988,200.0,171.0,14.5,84.0,ORD-002679
CYC-002680,AGT-0302,BATCH-202506-324,100.0,87.0,13.0,77.0,ORD-002680
CYC-002681,AGT-0302,BATCH-202507-430,200.0,178.0,11.0,60.0,ORD-002681
CYC-002682,AGT-0302,BATCH-202507-827,200.0,176.0,12.0,76.0,ORD-002682
CYC-002683,AGT-0302,BATCH-202509-188,200.0,173.0,13.5,59.0,ORD-002683
CYC-002684,AGT-0302,BATCH-202505-204,300.0,267.0,11.0,75.0,ORD-002684
CYC-002685,AGT-0302,BATCH-202504-607,200.0,179.0,10.5,63.0,ORD-002685
CYC-002686,AGT-0302,BATCH-202503-659,300.0,245.0,18.33,,ORD-002686
CYC-002687,AGT-0302,BATCH-202507-118,300.0,261.0,13.0,79.0,ORD-002687
CYC-002688,AGT-0302,BATCH-202509-431,200.0,173.0,13.5,56.00000000000001,ORD-002688
CYC-002689,AGT-0302,BATCH-202503-618,500.0,418.0,16.4,61.0,ORD-002689
CYC-002690,AGT-0302,BATCH-202509-382,200.0,175.0,12.5,66.0,ORD-002690
CYC-002691,AGT-0302,BATCH-202501-510,300.0,264.0,12.0,83.0,ORD-002691
CYC-002692,AGT-0303,BATCH-202508-272,1000.0,990.0,1.0,80.0,ORD-002692
CYC-002693,AGT-0303,BATCH-202510-939,200.0,192.0,4.0,92.0,ORD-002693
CYC-002694,AGT-0303,BATCH-202509-539,200.0,188.0,6.0,81.0,ORD-002694
CYC-002695,AGT-0303,BATCH-202506-102,100.0,98.0,2.0,95.0,ORD-002695
CYC-002696,AGT-0303,BATCH-202508-516,200.0,190.0,5.0,82.0,ORD-002696
CYC-002697,AGT-0303,BATCH-202505-730,200.0,188.0,6.0,96.0,ORD-002697
CYC-002698,AGT-0303,BATCH-202512-941,300.0,281.0,6.33,79.0,ORD-002698
CYC-002699,AGT-0303,BATCH-202506-946,300.0,288.0,4.0,89.0,ORD-002699
CYC-002700,AGT-0303,BATCH-202509-740,1000.0,987.0,1.3,81.0,ORD-002700
CYC-002701,AGT-0304,BATCH-202508-641,100.0,92.0,8.0,77.0,ORD-002701
CYC-002702,AGT-0304,BATCH-202504-450,200.0,192.0,4.0,92.0,ORD-002702
CYC-002703,AGT-0304,BATCH-202508-738,100.0,94.0,6.0,83.0,ORD-002703
CYC-002704,AGT-0304,BATCH-202505-957,500.0,453.0,9.4,93.0,ORD-002704
CYC-002705,AGT-0304,BATCH-202503-579,100.0,96.0,4.0,,ORD-002705
CYC-002706,AGT-0304,BATCH-202506-266,300.0,276.0,8.0,82.0,ORD-002706
CYC-002707,AGT-0304,BATCH-202508-638,200.0,185.0,7.5,92.0,ORD-002707
CYC-002708,AGT-0304,BATCH-202507-763,300.0,297.0,1.0,99.0,ORD-002708
CYC-002709,AGT-0304,BATCH-202501-566,500.0,491.0,1.8,90.0,ORD-002709
CYC-002710,AGT-0305,BATCH-202508-176,300.0,283.0,5.67,81.0,ORD-002710
CYC-002711,AGT-0305,BATCH-202508-410,500.0,480.0,4.0,82.0,ORD-002711
CYC-002712,AGT-0305,BATCH-202503-488,100.0,96.0,4.0,82.0,ORD-002712
CYC-002713,AGT-0305,BATCH-202505-436,200.0,190.0,5.0,79.0,ORD-002713
CYC-002714,AGT-0305,BATCH-202507-235,200.0,186.0,7.0,79.0,ORD-002714
CYC-002715,AGT-0305,BATCH-202508-105,200.0,184.0,8.0,81.0,ORD-002715
CYC-002716,AGT-0305,BATCH-202510-418,100.0,93.0,7.0,87.0,ORD-002716
CYC-002717,AGT-0305,BATCH-202505-473,100.0,94.0,6.0,84.0,ORD-002717
CYC-002718,AGT-0306,BATCH-202507-217,200.0,182.0,9.0,67.0,ORD-002718
CYC-002719,AGT-0306,BATCH-202504-192,200.0,175.0,12.5,69.0,ORD-002719
CYC-002720,AGT-0306,BATCH-202512-945,200.0,174.0,13.0,82.0,ORD-002720
CYC-002721,AGT-0306,BATCH-202501-608,300.0,263.0,12.33,79.0,ORD-002721
CYC-002722,AGT-0306,BATCH-202502-594,300.0,264.0,12.0,79.0,ORD-002722
CYC-002723,AGT-0306,BATCH-202511-237,100.0,90.0,10.0,75.0,ORD-002723
CYC-002724,AGT-0306,BATCH-202501-510,300.0,258.0,14.0,69.0,ORD-002724
CYC-002725,AGT-0306,BATCH-202502-286,300.0,258.0,14.0,,ORD-002725
CYC-002726,AGT-0306,BATCH-202504-897,200.0,175.0,12.5,65.0,ORD-002726
CYC-002727,AGT-0306,BATCH-202508-235,300.0,270.0,10.0,60.0,ORD-002727
CYC-002728,AGT-0306,BATCH-202501-203,1000.0,848.0,15.2,66.0,ORD-002728
CYC-002729,AGT-0307,BATCH-202507-937,200.0,187.0,6.5,77.0,ORD-002729
CYC-002730,AGT-0307,BATCH-202507-980,300.0,297.0,1.0,89.0,ORD-002730
CYC-002731,AGT-0307,BATCH-202507-775,100.0,94.0,6.0,93.0,ORD-002731
CYC-002732,AGT-0307,BATCH-202509-611,200.0,180.0,10.0,86.0,ORD-002732
CYC-002733,AGT-0307,BATCH-202509-509,300.0,274.0,8.67,84.0,ORD-002733
CYC-002734,AGT-0307,BATCH-202504-602,100.0,96.0,4.0,94.0,ORD-002734
CYC-002735,AGT-0307,BATCH-202503-429,200.0,186.0,7.0,82.0,ORD-002735
CYC-002736,AGT-0308,BATCH-202506-896,1000.0,969.0,3.1,77.0,ORD-002736
CYC-002737,AGT-0308,BATCH-202501-583,200.0,191.0,4.5,87.0,ORD-002737
CYC-002738,AGT-0308,BATCH-202506-204,1000.0,922.0,7.8,85.0,ORD-002738
CYC-002739,AGT-0308,BATCH-202510-159,100.0,93.0,7.0,95.0,ORD-002739
CYC-002740,AGT-0308,BATCH-202505-667,100.0,91.0,9.0,85.0,ORD-002740
CYC-002741,AGT-0308,BATCH-202505-862,200.0,183.0,8.5,87.0,ORD-002741
CYC-002742,AGT-0308,BATCH-202502-837,200.0,181.0,9.5,98.0,ORD-002742
CYC-002743,AGT-0308,BATCH-202508-306,300.0,276.0,8.0,82.0,ORD-002743
CYC-002744,AGT-0308,BATCH-202506-910,300.0,282.0,6.0,78.0,ORD-002744
CYC-002745,AGT-0309,BATCH-202510-694,200.0,190.0,5.0,81.0,ORD-002745
CYC-002746,AGT-0309,BATCH-202512-509,100.0,93.0,7.0,98.0,ORD-002746
CYC-002747,AGT-0309,BATCH-202507-110,200.0,185.0,7.5,76.0,ORD-002747
CYC-002748,AGT-0309,BATCH-202504-118,200.0,186.0,7.0,84.0,ORD-002748
CYC-002749,AGT-0309,BATCH-202508-611,100.0,93.0,7.0,75.0,ORD-002749
CYC-002751,AGT-0309,BATCH-202512-240,200.0,188.0,6.0,96.0,ORD-002751
CYC-002752,AGT-0309,BATCH-202511-912,200.0,188.0,6.0,78.0,ORD-002752
CYC-002753,AGT-0309,BATCH-202501-396,500.0,482.0,3.6,77.0,ORD-002753
CYC-002754,AGT-0309,BATCH-202508-537,100.0,91.0,9.0,82.0,ORD-002754
CYC-002755,AGT-0310,BATCH-202504-616,100.0,92.0,8.0,98.0,ORD-002755
CYC-002756,AGT-0310,BATCH-202512-395,1000.0,913.0,8.7,95.0,ORD-002756
CYC-002757,AGT-0310,BATCH-202505-986,200.0,192.0,4.0,96.0,ORD-002757
CYC-002758,AGT-0310,BATCH-202508-715,200.0,179.0,10.5,94.0,ORD-002758
CYC-002759,AGT-0310,BATCH-202511-982,200.0,189.0,5.5,94.0,ORD-002759
CYC-002760,AGT-0310,BATCH-202501-673,200.0,191.0,4.5,80.0,ORD-002760
CYC-002761,AGT-0310,BATCH-202511-714,300.0,282.0,6.0,88.0,ORD-002761
CYC-002762,AGT-0310,BATCH-202508-780,300.0,,8.67,95.0,ORD-002762
CYC-002763,AGT-0310,BATCH-202503-339,300.0,275.0,8.33,76.0,ORD-002763
CYC-002764,AGT-0310,BATCH-202505-441,200.0,188.0,6.0,90.0,ORD-002764
CYC-002765,AGT-0310,BATCH-202507-594,200.0,185.0,7.5,79.0,ORD-002765
CYC-002766,AGT-0310,BATCH-202507-549,100.0,95.0,5.0,76.0,ORD-002766
CYC-002767,AGT-0311,BATCH-202507-609,200.0,193.0,3.5,96.0,ORD-002767
CYC-002768,AGT-0311,BATCH-202508-182,100.0,93.0,7.0,77.0,ORD-002768
CYC-002769,AGT-0311,BATCH-202509-760,300.0,284.0,5.33,78.0,ORD-002769
CYC-002770,AGT-0311,BATCH-202512-630,200.0,190.0,5.0,77.0,ORD-002770
CYC-002771,AGT-0311,BATCH-202503-530,500.0,457.0,8.6,93.0,ORD-002771
CYC-002772,AGT-0311,BATCH-202511-223,200.0,185.0,7.5,85.0,ORD-002772
CYC-002773,AGT-0311,BATCH-202507-215,300.0,287.0,4.33,85.0,ORD-002773
CYC-002774,AGT-0311,BATCH-202502-591,200.0,190.0,5.0,79.0,ORD-002774
CYC-002775,AGT-0311,BATCH-202504-747,200.0,,7.0,,ORD-002775
CYC-002776,AGT-0311,BATCH-202502-514,300.0,274.0,8.67,82.0,ORD-002776
CYC-002777,AGT-0312,BATCH-202503-204,1000.0,910.0,9.0,90.0,ORD-002777
CYC-002778,AGT-0312,BATCH-202508-473,200.0,184.0,8.0,78.0,ORD-002778
CYC-002779,AGT-0312,BATCH-202501-978,200.0,191.0,4.5,91.0,ORD-002779
CYC-002780,AGT-0312,BATCH-202512-561,300.0,292.0,2.67,78.0,ORD-002780
CYC-002781,AGT-0312,BATCH-202503-798,300.0,277.0,7.67,85.0,ORD-002781
CYC-002782,AGT-0312,BATCH-202503-486,100.0,92.0,8.0,93.0,ORD-002782
CYC-002783,AGT-0312,BATCH-202501-963,200.0,184.0,8.0,,ORD-002783
CYC-002784,AGT-0312,BATCH-202510-832,300.0,284.0,5.33,88.0,ORD-002784
CYC-002785,AGT-0312,BATCH-202512-694,100.0,96.0,4.0,91.0,ORD-002785
CYC-002786,AGT-0312,BATCH-202510-763,300.0,275.0,8.33,89.0,ORD-002786
CYC-002787,AGT-0312,BATCH-202503-248,100.0,95.0,5.0,85.0,ORD-002787
CYC-002788,AGT-0313,BATCH-202507-655,300.0,267.0,11.0,97.0,ORD-002788
CYC-002789,AGT-0313,BATCH-202501-863,500.0,473.0,5.4,75.0,ORD-002789
CYC-002790,AGT-0313,BATCH-202504-880,300.0,293.0,2.33,92.0,ORD-002790
CYC-002791,AGT-0313,BATCH-202506-256,500.0,495.0,1.0,79.0,ORD-002791
CYC-002792,AGT-0313,BATCH-202509-955,300.0,282.0,6.0,75.0,ORD-002792
CYC-002793,AGT-0313,BATCH-202511-759,1000.0,966.0,3.4,92.0,ORD-002793
CYC-002794,AGT-0313,BATCH-202507-348,300.0,282.0,6.0,90.0,ORD-002794
CYC-002795,AGT-0313,BATCH-202512-197,1000.0,972.0,2.8,91.0,ORD-002795
CYC-002796,AGT-0313,BATCH-202511-522,300.0,287.0,4.33,77.0,ORD-002796
CYC-002797,AGT-0313,BATCH-202504-728,100.0,94.0,6.0,81.0,ORD-002797
CYC-002798,AGT-0313,BATCH-202510-872,300.0,269.0,10.33,99.0,ORD-002798
CYC-002799,AGT-0313,BATCH-202507-280,200.0,186.0,7.0,98.0,ORD-002799
CYC-002802,AGT-0314,BATCH-202502-825,100.0,95.0,5.0,81.0,ORD-002802
CYC-002803,AGT-0314,BATCH-202504-600,100.0,95.0,5.0,78.0,ORD-002803
CYC-002804,AGT-0314,BATCH-202503-636,200.0,193.0,3.5,75.0,ORD-002804
CYC-002805,AGT-0314,BATCH-202510-318,100.0,97.0,3.0,76.0,ORD-002805
CYC-002806,AGT-0314,BATCH-202503-806,200.0,191.0,4.5,80.0,ORD-002806
CYC-002807,AGT-0314,BATCH-202510-941,500.0,485.0,3.0,95.0,ORD-002807
CYC-002808,AGT-0314,BATCH-202501-634,200.0,192.0,4.0,92.0,ORD-002808
CYC-002809,AGT-0314,BATCH-202506-988,200.0,198.0,1.0,83.0,ORD-002809
CYC-002810,AGT-0315,BATCH-202512-810,300.0,284.0,5.33,87.0,ORD-002810
CYC-002811,AGT-0315,BATCH-202510-569,300.0,285.0,5.0,77.0,ORD-002811
CYC-002812,AGT-0315,BATCH-202505-384,100.0,95.0,5.0,76.0,ORD-002812
CYC-002813,AGT-0315,BATCH-202503-181,200.0,188.0,6.0,90.0,ORD-002813
CYC-002814,AGT-0315,BATCH-202508-442,500.0,476.0,4.8,98.0,ORD-002814
CYC-002815,AGT-0315,BATCH-202504-167,200.0,189.0,5.5,82.0,ORD-002815
CYC-002816,AGT-0316,BATCH-202508-470,500.0,475.0,5.0,95.0,ORD-002816
CYC-002817,AGT-0316,BATCH-202506-780,200.0,185.0,7.5,96.0,ORD-002817
CYC-002818,AGT-0316,BATCH-202502-338,500.0,483.0,3.4,93.0,ORD-002818
CYC-002819,AGT-0316,BATCH-202510-549,200.0,188.0,6.0,90.0,ORD-002819
CYC-002820,AGT-0316,BATCH-202511-903,200.0,190.0,5.0,85.0,ORD-002820
CYC-002821,AGT-0316,BATCH-202507-764,100.0,95.0,5.0,93.0,ORD-002821
CYC-002822,AGT-0316,BATCH-202507-115,200.0,193.0,3.5,84.0,ORD-002822
CYC-002823,AGT-0317,BATCH-202511-934,1000.0,934.0,6.6,81.0,ORD-002823
CYC-002824,AGT-0317,BATCH-202508-667,500.0,461.0,7.8,77.0,ORD-002824
CYC-002825,AGT-0317,BATCH-202510-693,300.0,271.0,9.67,76.0,ORD-002825
CYC-002826,AGT-0317,BATCH-202511-760,500.0,470.0,6.0,98.0,ORD-002826
CYC-002827,AGT-0317,BATCH-202504-507,100.0,93.0,7.0,92.0,ORD-002827
CYC-002828,AGT-0317,BATCH-202512-444,300.0,277.0,7.67,78.0,ORD-002828
CYC-002829,AGT-0318,BATCH-202504-768,100.0,95.0,5.0,93.0,ORD-002829
CYC-002830,AGT-0318,BATCH-202511-639,200.0,189.0,5.5,92.0,ORD-002830
CYC-002831,AGT-0318,BATCH-202510-524,500.0,472.0,5.6,77.0,ORD-002831
CYC-002832,AGT-0318,BATCH-202512-845,100.0,92.0,8.0,83.0,ORD-002832
CYC-002833,AGT-0318,BATCH-202505-699,500.0,462.0,7.6,94.0,ORD-002833
CYC-002834,AGT-0318,BATCH-202510-411,200.0,185.0,7.5,95.0,ORD-002834
CYC-002835,AGT-0318,BATCH-202511-982,300.0,281.0,6.33,89.0,ORD-002835
CYC-002836,AGT-0318,BATCH-202511-385,200.0,194.0,3.0,94.0,ORD-002836
CYC-002837,AGT-0318,BATCH-202508-542,200.0,192.0,4.0,93.0,ORD-002837
CYC-002838,AGT-0318,BATCH-202502-643,200.0,187.0,6.5,86.0,ORD-002838
CYC-002839,AGT-0319,BATCH-202505-183,1000.0,939.0,6.1,89.0,ORD-002839
CYC-002840,AGT-0319,BATCH-202508-345,200.0,182.0,9.0,78.0,ORD-002840
CYC-002841,AGT-0319,BATCH-202503-354,300.0,275.0,8.33,0.0,ORD-002841
CYC-002842,AGT-0319,BATCH-202508-821,200.0,184.0,8.0,86.0,ORD-002842
CYC-002843,AGT-0319,BATCH-202501-374,300.0,288.0,4.0,78.0,ORD-002843
CYC-002844,AGT-0319,BATCH-202504-755,500.0,460.0,8.0,76.0,ORD-002844
CYC-002845,AGT-0319,BATCH-202501-526,500.0,484.0,3.2,87.0,ORD-002845
CYC-002846,AGT-0319,BATCH-202509-944,200.0,183.0,8.5,83.0,ORD-002846
CYC-002847,AGT-0320,BATCH-202511-288,200.0,179.0,10.5,67.0,ORD-002847
CYC-002848,AGT-0320,BATCH-202510-903,100.0,86.0,14.0,70.0,ORD-002848
CYC-002849,AGT-0320,BATCH-202501-785,100.0,86.0,14.0,62.0,ORD-002849
CYC-002850,AGT-0320,BATCH-202505-921,300.0,264.0,12.0,55.00000000000001,ORD-002850
CYC-002851,AGT-0320,BATCH-202507-495,200.0,,13.5,75.0,ORD-002851
CYC-002852,AGT-0320,BATCH-202512-415,100.0,87.0,13.0,81.0,ORD-002852
CYC-002853,AGT-0320,BATCH-202506-863,200.0,183.0,8.5,74.0,ORD-002853
CYC-002854,AGT-0320,BATCH-202510-827,200.0,175.0,12.5,68.0,ORD-002854
CYC-002855,AGT-0320,BATCH-202502-269,100.0,89.0,11.0,85.0,ORD-002855
CYC-002856,AGT-0320,BATCH-202505-401,100.0,88.0,12.0,59.0,ORD-002856
CYC-002857,AGT-0321,BATCH-202509-841,300.0,292.0,2.67,83.0,ORD-002857
CYC-002858,AGT-0321,BATCH-202503-974,100.0,91.0,9.0,78.0,ORD-002858
CYC-002859,AGT-0321,BATCH-202502-655,100.0,96.0,4.0,93.0,ORD-002859
CYC-002860,AGT-0321,BATCH-202510-466,200.0,186.0,7.0,79.0,ORD-002860
CYC-002861,AGT-0321,BATCH-202503-441,200.0,194.0,3.0,79.0,ORD-002861
CYC-002862,AGT-0321,BATCH-202504-490,300.0,276.0,8.0,85.0,ORD-002862
CYC-002863,AGT-0321,BATCH-202506-342,200.0,192.0,4.0,90.0,ORD-002863
CYC-002864,AGT-0321,BATCH-202508-790,200.0,188.0,6.0,93.0,ORD-002864
CYC-002865,AGT-0321,BATCH-202510-200,100.0,90.0,10.0,78.0,ORD-002865
CYC-002866,AGT-0321,,200.0,182.0,9.0,96.0,ORD-002866
CYC-002867,AGT-0321,BATCH-202512-908,500.0,478.0,4.4,76.0,ORD-002867
CYC-002868,AGT-0322,BATCH-202511-567,200.0,197.0,1.5,94.0,ORD-002868
CYC-002869,AGT-0322,BATCH-202511-572,200.0,196.0,2.0,82.0,ORD-002869
CYC-002870,AGT-0322,BATCH-202504-883,300.0,,4.0,92.0,ORD-002870
CYC-002871,AGT-0322,BATCH-202501-183,200.0,189.0,5.5,78.0,ORD-002871
CYC-002872,AGT-0322,BATCH-202504-991,200.0,185.0,7.5,99.0,ORD-002872
CYC-002873,AGT-0322,BATCH-202509-647,500.0,470.0,6.0,92.0,ORD-002873
CYC-002874,AGT-0322,BATCH-202509-979,200.0,191.0,4.5,97.0,ORD-002874
CYC-002875,AGT-0322,BATCH-202509-731,200.0,,1.5,91.0,ORD-002875
CYC-002876,AGT-0322,BATCH-202508-169,300.0,285.0,5.0,79.0,ORD-002876
CYC-002877,AGT-0322,BATCH-202503-602,100.0,92.0,8.0,97.0,ORD-002877
CYC-002878,AGT-0323,BATCH-202501-505,500.0,,6.0,90.0,ORD-002878
CYC-002879,AGT-0323,BATCH-202511-545,200.0,190.0,5.0,96.0,ORD-002879
CYC-002880,AGT-0323,BATCH-202509-325,300.0,282.0,6.0,88.0,ORD-002880
CYC-002881,AGT-0323,BATCH-202508-633,200.0,186.0,7.0,78.0,ORD-002881
CYC-002882,AGT-0323,BATCH-202508-239,200.0,183.0,8.5,79.0,ORD-002882
CYC-002883,AGT-0323,BATCH-202501-979,100.0,96.0,4.0,91.0,ORD-002883
CYC-002884,AGT-0323,BATCH-202508-247,100.0,96.0,4.0,92.0,ORD-002884
CYC-002885,AGT-0323,BATCH-202505-331,200.0,182.0,9.0,76.0,ORD-002885
CYC-002886,AGT-0323,BATCH-202510-814,100.0,91.0,9.0,92.0,ORD-002886
CYC-002887,AGT-0323,BATCH-202509-307,300.0,272.0,9.33,80.0,ORD-002887
CYC-002888,AGT-0324,BATCH-202510-152,200.0,190.0,5.0,94.0,ORD-002888
CYC-002889,AGT-0324,BATCH-202509-505,300.0,283.0,5.67,76.0,ORD-002889
CYC-002890,AGT-0324,BATCH-202508-751,300.0,281.0,6.33,80.0,ORD-002890
CYC-002891,AGT-0324,,300.0,286.0,4.67,79.0,ORD-002891
CYC-002892,AGT-0324,BATCH-202509-599,300.0,283.0,5.67,84.0,ORD-002892
CYC-002893,AGT-0324,BATCH-202504-822,200.0,195.0,2.5,92.0,ORD-002893
CYC-002894,AGT-0325,BATCH-202506-382,200.0,187.0,6.5,82.0,ORD-002894
CYC-002895,AGT-0325,BATCH-202503-218,300.0,288.0,4.0,89.0,ORD-002895
CYC-002896,AGT-0325,BATCH-202510-498,100.0,92.0,8.0,84.0,ORD-002896
CYC-002897,AGT-0325,BATCH-202508-851,200.0,,5.5,91.0,ORD-002897
CYC-002898,AGT-0325,BATCH-202505-259,200.0,183.0,8.5,91.0,ORD-002898
CYC-002899,AGT-0325,BATCH-202501-385,200.0,194.0,3.0,90.0,ORD-002899
CYC-002900,AGT-0325,BATCH-202510-457,200.0,190.0,5.0,99.0,ORD-002900
CYC-002901,AGT-0325,BATCH-202506-964,100.0,93.0,7.0,92.0,ORD-002901
CYC-002902,AGT-0325,BATCH-202508-132,200.0,188.0,6.0,84.0,ORD-002902
CYC-002903,AGT-0326,BATCH-202501-426,300.0,269.0,10.33,83.0,ORD-002903
CYC-002904,AGT-0326,BATCH-202511-532,300.0,282.0,6.0,98.0,ORD-002904
CYC-002905,AGT-0326,BATCH-202501-595,200.0,191.0,4.5,98.0,ORD-002905
CYC-002906,AGT-0326,BATCH-202511-511,100.0,92.0,8.0,98.0,ORD-002906
CYC-002907,AGT-0326,BATCH-202501-140,500.0,480.0,4.0,99.0,ORD-002907
CYC-002908,AGT-0326,BATCH-202508-726,100.0,96.0,4.0,78.0,ORD-002908
CYC-002909,AGT-0326,BATCH-202509-329,300.0,275.0,8.33,100.0,ORD-002909
CYC-002910,AGT-0326,BATCH-202506-616,200.0,183.0,8.5,86.0,ORD-002910
CYC-002911,AGT-0326,BATCH-202509-572,200.0,191.0,4.5,94.0,ORD-002911
CYC-002912,AGT-0326,BATCH-202511-231,300.0,283.0,5.67,82.0,ORD-002912
CYC-002913,AGT-0326,BATCH-202508-255,200.0,183.0,8.5,100.0,ORD-002913
CYC-002914,AGT-0327,BATCH-202502-935,100.0,92.0,8.0,78.0,ORD-002914
CYC-002915,AGT-0327,BATCH-202507-222,200.0,194.0,3.0,79.0,ORD-002915
CYC-002916,AGT-0327,BATCH-202511-587,200.0,191.0,4.5,80.0,ORD-002916
CYC-002917,AGT-0327,BATCH-202506-639,100.0,92.0,8.0,93.0,ORD-002917
CYC-002918,AGT-0327,BATCH-202505-429,300.0,293.0,2.33,93.0,ORD-002918
CYC-002919,AGT-0327,BATCH-202501-353,200.0,182.0,9.0,83.0,ORD-002919
CYC-002920,AGT-0327,BATCH-202501-464,200.0,187.0,6.5,87.0,ORD-002920
CYC-002921,AGT-0327,BATCH-202512-140,200.0,187.0,6.5,89.0,ORD-002921
CYC-002922,AGT-0327,BATCH-202510-528,200.0,182.0,9.0,92.0,ORD-002922
CYC-002923,AGT-0328,BATCH-202509-235,200.0,173.0,13.5,63.0,ORD-002923
CYC-002924,AGT-0328,BATCH-202503-126,100.0,92.0,8.0,78.0,ORD-002924
CYC-002925,AGT-0328,BATCH-202504-126,300.0,282.0,6.0,65.0,ORD-002925
CYC-002926,AGT-0328,BATCH-202511-876,300.0,248.0,17.33,63.0,ORD-002926
CYC-002927,AGT-0328,BATCH-202501-836,100.0,89.0,11.0,69.0,ORD-002927
CYC-002928,AGT-0328,,100.0,87.0,13.0,60.0,ORD-002928
CYC-002929,AGT-0328,BATCH-202501-641,100.0,91.0,9.0,77.0,ORD-002929
CYC-002930,AGT-0328,BATCH-202510-116,300.0,272.0,9.33,78.0,ORD-002930
CYC-002931,AGT-0328,BATCH-202509-945,200.0,178.0,11.0,60.0,ORD-002931
CYC-002932,AGT-0328,BATCH-202508-310,200.0,174.0,13.0,56.00000000000001,ORD-002932
CYC-002933,AGT-0328,BATCH-202502-296,300.0,258.0,14.0,59.0,ORD-002933
CYC-002934,AGT-0328,BATCH-202512-855,100.0,90.0,10.0,57.99999999999999,ORD-002934
CYC-002935,AGT-0329,BATCH-202503-893,300.0,286.0,4.67,95.0,ORD-002935
CYC-002936,AGT-0329,BATCH-202507-132,300.0,282.0,6.0,98.0,ORD-002936
CYC-002937,AGT-0329,BATCH-202505-950,100.0,96.0,4.0,80.0,ORD-002937
CYC-002938,AGT-0329,BATCH-202503-580,100.0,92.0,8.0,79.0,ORD-002938
CYC-002939,AGT-0329,BATCH-202503-272,300.0,290.0,3.33,77.0,ORD-002939
CYC-002940,AGT-0329,BATCH-202502-686,300.0,283.0,5.67,85.0,ORD-002940
CYC-002941,AGT-0329,BATCH-202512-503,200.0,185.0,7.5,100.0,ORD-002941
CYC-002942,AGT-0330,BATCH-202503-977,200.0,194.0,3.0,,ORD-002942
CYC-002943,AGT-0330,BATCH-202510-288,300.0,277.0,7.67,,ORD-002943
CYC-002944,AGT-0330,BATCH-202502-268,200.0,181.0,9.5,93.0,ORD-002944
CYC-002945,AGT-0330,BATCH-202507-620,200.0,189.0,5.5,96.0,ORD-002945
CYC-002946,AGT-0330,BATCH-202503-856,200.0,187.0,6.5,88.0,ORD-002946
CYC-002947,AGT-0330,BATCH-202502-240,100.0,94.0,6.0,77.0,ORD-002947
CYC-002948,AGT-0330,BATCH-202505-138,200.0,183.0,8.5,100.0,ORD-002948
CYC-002949,AGT-0330,BATCH-202506-505,200.0,188.0,6.0,78.0,ORD-002949
CYC-002950,AGT-0330,BATCH-202509-687,100.0,94.0,6.0,95.0,ORD-002950
CYC-002951,AGT-0330,BATCH-202506-153,300.0,287.0,4.33,97.0,ORD-002951
CYC-002952,AGT-0330,BATCH-202505-266,300.0,289.0,3.67,97.0,ORD-002952
CYC-002953,AGT-0331,BATCH-202506-757,200.0,185.0,7.5,86.0,ORD-002953
CYC-002954,AGT-0331,BATCH-202508-684,300.0,283.0,5.67,,ORD-002954
CYC-002955,AGT-0331,BATCH-202503-841,300.0,,8.0,98.0,ORD-002955
CYC-002956,AGT-0331,BATCH-202506-201,200.0,193.0,3.5,88.0,ORD-002956
CYC-002957,AGT-0331,BATCH-202511-385,300.0,281.0,6.33,79.0,ORD-002957
CYC-002958,AGT-0331,BATCH-202510-191,300.0,288.0,4.0,92.0,ORD-002958
CYC-002959,AGT-0331,BATCH-202509-441,500.0,476.0,4.8,90.0,ORD-002959
CYC-002960,AGT-0331,BATCH-202512-141,200.0,184.0,8.0,93.0,ORD-002960
CYC-002961,AGT-0331,BATCH-202507-238,200.0,191.0,4.5,85.0,ORD-002961
CYC-002962,AGT-0331,BATCH-202501-458,200.0,188.0,6.0,76.0,ORD-002962
CYC-002963,AGT-0332,BATCH-202511-381,200.0,184.0,8.0,98.0,ORD-002963
CYC-002964,AGT-0332,BATCH-202501-466,500.0,447.0,10.6,97.0,ORD-002964
CYC-002965,AGT-0332,BATCH-202507-417,200.0,188.0,6.0,90.0,ORD-002965
CYC-002966,AGT-0332,BATCH-202502-741,200.0,186.0,7.0,79.0,ORD-002966
CYC-002967,AGT-0332,BATCH-202503-257,500.0,466.0,6.8,94.0,ORD-002967
CYC-002968,AGT-0332,BATCH-202511-578,300.0,290.0,3.33,79.0,ORD-002968
CYC-002969,AGT-0332,BATCH-202511-997,200.0,179.0,10.5,95.0,ORD-002969
CYC-002970,AGT-0333,BATCH-202504-148,300.0,290.0,3.33,92.0,ORD-002970
CYC-002971,AGT-0333,BATCH-202505-254,300.0,281.0,6.33,97.0,ORD-002971
CYC-002972,AGT-0333,BATCH-202502-679,200.0,191.0,4.5,85.0,ORD-002972
CYC-002973,AGT-0333,BATCH-202512-391,300.0,282.0,6.0,76.0,ORD-002973
CYC-002974,AGT-0333,BATCH-202512-223,100.0,94.0,6.0,81.0,ORD-002974
CYC-002975,AGT-0333,BATCH-202501-665,200.0,188.0,6.0,77.0,ORD-002975
CYC-002976,AGT-0334,BATCH-202511-104,300.0,264.0,12.0,66.0,ORD-002976
CYC-002977,AGT-0334,BATCH-202507-632,300.0,260.0,13.33,71.0,ORD-002977
CYC-002978,AGT-0334,BATCH-202512-724,300.0,267.0,11.0,75.0,ORD-002978
CYC-002979,AGT-0334,BATCH-202504-659,200.0,181.0,9.5,63.0,ORD-002979
CYC-002980,AGT-0334,BATCH-202508-392,500.0,422.0,15.6,75.0,ORD-002980
CYC-002981,AGT-0334,BATCH-202501-862,200.0,172.0,14.0,80.0,ORD-002981
CYC-002982,AGT-0334,BATCH-202512-363,500.0,435.0,13.0,69.0,ORD-002982
CYC-002983,AGT-0335,BATCH-202512-534,200.0,184.0,8.0,77.0,ORD-002983
CYC-002984,AGT-0335,BATCH-202501-702,300.0,275.0,8.33,,ORD-002984
CYC-002985,AGT-0335,BATCH-202501-221,300.0,283.0,5.67,91.0,ORD-002985
CYC-002986,AGT-0335,BATCH-202506-575,200.0,183.0,8.5,83.0,ORD-002986
CYC-002987,AGT-0335,BATCH-202509-608,500.0,460.0,8.0,91.0,ORD-002987
CYC-002988,AGT-0335,BATCH-202504-265,200.0,186.0,7.0,88.0,ORD-002988
CYC-002989,AGT-0335,BATCH-202501-663,200.0,193.0,3.5,87.0,ORD-002989
CYC-002990,AGT-0336,BATCH-202505-329,200.0,186.0,7.0,99.0,ORD-002990
CYC-002991,AGT-0336,BATCH-202508-256,1000.0,984.0,1.6,96.0,ORD-002991
CYC-002992,AGT-0336,BATCH-202503-178,200.0,194.0,3.0,,ORD-002992
CYC-002993,AGT-0336,BATCH-202509-535,200.0,194.0,3.0,100.0,ORD-002993
CYC-002994,AGT-0336,BATCH-202503-342,100.0,93.0,7.0,75.0,ORD-002994
CYC-002995,AGT-0336,BATCH-202504-913,500.0,477.0,4.6,84.0,ORD-002995
CYC-002996,AGT-0336,BATCH-202503-398,100.0,89.0,11.0,82.0,ORD-002996
CYC-002997,AGT-9999,BATCH-202507-264,200.0,178.0,11.0,71.0,ORD-002997
CYC-002998,AGT-0337,BATCH-202503-538,100.0,92.0,8.0,99.0,ORD-002998
CYC-002999,AGT-0337,BATCH-202510-736,200.0,183.0,8.5,96.0,ORD-002999
CYC-003002,AGT-0337,BATCH-202510-204,200.0,188.0,6.0,89.0,ORD-003002
CYC-003003,AGT-0337,BATCH-202505-567,300.0,281.0,6.33,86.0,ORD-003003
CYC-003004,AGT-0337,BATCH-202509-672,200.0,183.0,8.5,77.0,ORD-003004
CYC-003005,AGT-0338,BATCH-202508-552,300.0,285.0,5.0,89.0,ORD-003005
CYC-003006,AGT-0338,BATCH-202511-801,100.0,93.0,7.0,76.0,ORD-003006
CYC-003007,AGT-0338,BATCH-202506-973,200.0,189.0,5.5,84.0,ORD-003007
CYC-003008,AGT-0338,BATCH-202508-774,200.0,177.0,11.5,96.0,ORD-003008
CYC-003009,AGT-0338,BATCH-202505-540,200.0,192.0,4.0,88.0,ORD-003009
CYC-003010,AGT-0338,BATCH-202502-118,200.0,182.0,9.0,80.0,ORD-003010
CYC-003011,AGT-0338,BATCH-202507-679,200.0,192.0,4.0,85.0,ORD-003011
CYC-003012,AGT-0338,BATCH-202510-197,200.0,196.0,2.0,96.0,ORD-003012
CYC-003013,AGT-0338,BATCH-202508-891,1000.0,954.0,4.6,89.0,ORD-003013
CYC-003014,AGT-0338,BATCH-202509-149,300.0,280.0,6.67,92.0,ORD-003014
CYC-003015,AGT-0338,BATCH-202509-708,100.0,90.0,10.0,91.0,ORD-003015
CYC-003016,AGT-0338,BATCH-202507-816,200.0,184.0,8.0,79.0,ORD-003016
CYC-003017,AGT-0339,BATCH-202511-998,300.0,278.0,7.33,89.0,ORD-003017
CYC-003018,AGT-0339,BATCH-202506-984,200.0,182.0,9.0,84.0,ORD-003018
CYC-003019,AGT-0339,BATCH-202506-202,300.0,279.0,7.0,76.0,ORD-003019
CYC-003020,AGT-0339,BATCH-202505-794,200.0,187.0,6.5,96.0,ORD-003020
CYC-003021,AGT-0339,BATCH-202501-820,100.0,91.0,9.0,,ORD-003021
CYC-003022,AGT-0339,BATCH-202502-455,200.0,194.0,3.0,94.0,ORD-003022
CYC-003023,AGT-0339,BATCH-202512-991,100.0,95.0,5.0,98.0,ORD-003023
CYC-003024,AGT-0340,BATCH-202508-691,200.0,178.0,11.0,84.0,ORD-003024
CYC-003025,AGT-0340,BATCH-202511-715,200.0,175.0,12.5,84.0,ORD-003025
CYC-003026,AGT-0340,BATCH-202501-425,500.0,438.0,12.4,71.0,ORD-003026
CYC-003027,AGT-0340,BATCH-202509-477,500.0,451.0,9.8,85.0,ORD-003027
CYC-003028,AGT-0340,BATCH-202506-471,200.0,179.0,10.5,76.0,ORD-003028
CYC-003029,AGT-0340,BATCH-202504-947,200.0,174.0,13.0,72.0,ORD-003029
CYC-003030,AGT-0340,BATCH-202504-528,200.0,175.0,12.5,56.99999999999999,ORD-003030
CYC-003031,AGT-0340,BATCH-202505-900,300.0,259.0,13.67,55.00000000000001,ORD-003031
CYC-003032,AGT-0341,BATCH-202508-716,300.0,281.0,6.33,77.0,ORD-003032
CYC-003033,AGT-0341,BATCH-202503-165,100.0,94.0,6.0,85.0,ORD-003033
CYC-003034,AGT-0341,BATCH-202504-520,200.0,190.0,5.0,86.0,ORD-003034
CYC-003035,AGT-0341,BATCH-202503-177,200.0,186.0,7.0,96.0,ORD-003035
CYC-003036,AGT-0341,BATCH-202506-230,500.0,474.0,5.2,95.0,ORD-003036
CYC-003037,AGT-0341,BATCH-202504-616,100.0,94.0,6.0,85.0,ORD-003037
CYC-003038,AGT-0342,BATCH-202508-571,200.0,198.0,1.0,91.0,ORD-003038
CYC-003039,AGT-0342,BATCH-202501-326,200.0,196.0,2.0,93.0,ORD-003039
CYC-003040,AGT-0342,BATCH-202505-508,300.0,297.0,1.0,82.0,ORD-003040
CYC-003041,AGT-0342,BATCH-202501-116,300.0,284.0,5.33,76.0,ORD-003041
CYC-003042,AGT-0342,BATCH-202510-286,500.0,495.0,1.0,96.0,ORD-003042
CYC-003043,AGT-0342,BATCH-202505-969,100.0,,5.0,83.0,ORD-003043
CYC-003044,AGT-0342,BATCH-202508-223,300.0,282.0,6.0,82.0,ORD-003044
CYC-003045,AGT-0342,BATCH-202509-158,200.0,197.0,1.5,87.0,ORD-003045
CYC-003046,AGT-0343,BATCH-202502-971,200.0,175.0,12.5,62.0,ORD-003046
CYC-003047,AGT-0343,BATCH-202503-940,300.0,258.0,14.0,78.0,ORD-003047
CYC-003048,AGT-0343,BATCH-202511-467,100.0,89.0,11.0,74.0,ORD-003048
CYC-003049,AGT-0343,BATCH-202504-906,200.0,172.0,14.0,69.0,ORD-003049
CYC-003050,AGT-0343,BATCH-202507-109,100.0,85.0,15.0,82.0,ORD-003050
CYC-003051,AGT-0343,BATCH-202508-276,200.0,183.0,8.5,83.0,ORD-003051
CYC-003052,AGT-0343,BATCH-202511-467,300.0,264.0,12.0,63.0,ORD-003052
CYC-003053,AGT-0343,BATCH-202510-241,100.0,89.0,11.0,61.0,ORD-003053
CYC-003054,AGT-0343,BATCH-202501-851,200.0,182.0,9.0,66.0,ORD-003054
CYC-003055,AGT-0343,BATCH-202510-123,100.0,85.0,15.0,68.0,ORD-003055
CYC-003056,AGT-0343,BATCH-202509-399,100.0,85.0,15.0,78.0,ORD-003056
CYC-003057,AGT-0344,BATCH-202506-439,300.0,274.0,8.67,81.0,ORD-003057
CYC-003058,AGT-0344,BATCH-202508-434,300.0,282.0,6.0,,ORD-003058
CYC-003059,AGT-0344,BATCH-202510-884,200.0,191.0,4.5,88.0,ORD-003059
CYC-003060,AGT-0344,BATCH-202504-129,1000.0,944.0,5.6,99.0,ORD-003060
CYC-003061,AGT-0344,BATCH-202506-288,200.0,186.0,7.0,98.0,ORD-003061
CYC-003062,AGT-0344,BATCH-202501-547,200.0,194.0,3.0,84.0,ORD-003062
CYC-003063,AGT-0344,BATCH-202506-182,200.0,186.0,7.0,79.0,ORD-003063
CYC-003064,AGT-0344,BATCH-202506-845,200.0,189.0,5.5,97.0,ORD-003064
CYC-003065,AGT-0345,BATCH-202512-230,100.0,93.0,7.0,79.0,ORD-003065
CYC-003066,AGT-0345,BATCH-202505-830,300.0,275.0,8.33,80.0,ORD-003066
CYC-003067,AGT-0345,BATCH-202501-282,200.0,184.0,8.0,94.0,ORD-003067
CYC-003068,AGT-0345,BATCH-202503-217,200.0,188.0,6.0,99.0,ORD-003068
CYC-003069,AGT-0345,BATCH-202503-103,100.0,94.0,6.0,94.0,ORD-003069
CYC-003070,AGT-0345,BATCH-202507-550,200.0,194.0,3.0,96.0,ORD-003070
CYC-003071,AGT-0345,BATCH-202508-675,500.0,455.0,9.0,89.0,ORD-003071
CYC-003072,AGT-0345,BATCH-202506-120,500.0,458.0,8.4,,ORD-003072
CYC-003073,AGT-0345,BATCH-202505-202,300.0,280.0,6.67,92.0,ORD-003073
CYC-003074,AGT-0345,BATCH-202511-979,300.0,284.0,5.33,83.0,ORD-003074
CYC-003075,AGT-0345,BATCH-202504-169,300.0,278.0,7.33,86.0,ORD-003075
CYC-003076,AGT-0345,BATCH-202510-764,200.0,192.0,4.0,78.0,ORD-003076
CYC-003077,AGT-0346,BATCH-202506-744,1000.0,,5.0,78.0,ORD-003077
CYC-003078,AGT-0346,BATCH-202507-361,300.0,290.0,3.33,80.0,ORD-003078
CYC-003079,AGT-0346,BATCH-202504-507,500.0,494.0,1.2,80.0,ORD-003079
CYC-003080,AGT-0346,BATCH-202507-908,200.0,193.0,3.5,88.0,ORD-003080
CYC-003081,AGT-0346,BATCH-202505-682,100.0,98.0,2.0,94.0,ORD-003081
CYC-003082,AGT-0346,BATCH-202510-938,200.0,195.0,2.5,80.0,ORD-003082
CYC-003083,AGT-0347,BATCH-202512-309,100.0,96.0,4.0,97.0,ORD-003083
CYC-003084,AGT-0347,BATCH-202505-554,200.0,196.0,2.0,100.0,ORD-003084
CYC-003085,AGT-0347,BATCH-202505-936,200.0,189.0,5.5,85.0,ORD-003085
CYC-003086,AGT-0347,BATCH-202509-272,200.0,198.0,1.0,82.0,ORD-003086
CYC-003087,AGT-0347,BATCH-202505-309,300.0,283.0,5.67,100.0,ORD-003087
CYC-003088,AGT-0347,BATCH-202502-841,300.0,293.0,2.33,84.0,ORD-003088
CYC-003089,AGT-0347,BATCH-202506-396,300.0,296.0,1.33,79.0,ORD-003089
CYC-003090,AGT-0347,BATCH-202501-479,200.0,195.0,2.5,81.0,ORD-003090
CYC-003091,AGT-0347,BATCH-202507-224,300.0,278.0,7.33,83.0,ORD-003091
CYC-003092,AGT-0347,BATCH-202506-472,100.0,99.0,1.0,78.0,ORD-003092
CYC-003093,AGT-0347,BATCH-202503-239,500.0,471.0,5.8,77.0,ORD-003093
CYC-003094,AGT-0347,BATCH-202501-465,500.0,493.0,1.4,75.0,ORD-003094
CYC-003095,AGT-0348,BATCH-202506-302,100.0,94.0,6.0,80.0,ORD-003095
CYC-003096,AGT-0348,BATCH-202505-187,100.0,95.0,5.0,84.0,ORD-003096
CYC-003097,AGT-0348,BATCH-202507-219,500.0,477.0,4.6,90.0,ORD-003097
CYC-003098,AGT-0348,BATCH-202511-822,200.0,184.0,8.0,92.0,ORD-003098
CYC-003099,AGT-0348,BATCH-202501-283,100.0,92.0,8.0,95.0,ORD-003099
CYC-003100,AGT-0348,BATCH-202508-672,200.0,187.0,6.5,93.0,ORD-003100
CYC-003101,AGT-0348,BATCH-202508-366,300.0,279.0,7.0,94.0,ORD-003101
CYC-003102,AGT-0348,BATCH-202510-309,1000.0,927.0,7.3,90.0,ORD-003102
CYC-003103,AGT-0349,BATCH-202510-685,300.0,277.0,7.67,79.0,ORD-003103
CYC-003104,AGT-0349,BATCH-202504-313,300.0,280.0,6.67,56.99999999999999,ORD-003104
CYC-003105,AGT-0349,BATCH-202501-688,300.0,268.0,10.67,66.0,ORD-003105
CYC-003106,AGT-0349,BATCH-202504-430,200.0,177.0,11.5,59.0,ORD-003106
CYC-003107,AGT-0349,BATCH-202505-255,200.0,172.0,14.0,,ORD-003107
CYC-003108,AGT-0349,BATCH-202507-679,300.0,255.0,15.0,59.0,ORD-003108
CYC-003109,AGT-0349,BATCH-202505-462,200.0,171.0,14.5,84.0,ORD-003109
CYC-003110,AGT-0349,BATCH-202508-418,200.0,176.0,12.0,69.0,ORD-003110
CYC-003111,AGT-0349,BATCH-202505-169,100.0,92.0,8.0,67.0,ORD-003111
CYC-003112,AGT-0349,BATCH-202505-434,200.0,176.0,12.0,57.99999999999999,ORD-003112
CYC-003113,AGT-0350,BATCH-202506-893,200.0,188.0,6.0,92.0,ORD-003113
CYC-003114,AGT-0350,BATCH-202504-585,300.0,286.0,4.67,80.0,ORD-003114
CYC-003115,AGT-0350,BATCH-202503-459,300.0,289.0,3.67,87.0,ORD-003115
CYC-003116,AGT-0350,BATCH-202502-611,300.0,295.0,1.67,93.0,ORD-003116
CYC-003117,AGT-0350,BATCH-202501-637,500.0,476.0,4.8,85.0,ORD-003117
CYC-003118,AGT-0350,BATCH-202506-791,200.0,194.0,3.0,82.0,ORD-003118
CYC-003119,AGT-0350,BATCH-202511-735,500.0,481.0,3.8,93.0,ORD-003119
CYC-003120,AGT-0351,BATCH-202509-719,100.0,87.0,13.0,80.0,ORD-003120
CYC-003121,AGT-0351,BATCH-202509-682,300.0,270.0,10.0,84.0,ORD-003121
CYC-003122,AGT-0351,BATCH-202501-822,200.0,172.0,14.0,73.0,ORD-003122
CYC-003123,AGT-0351,BATCH-202501-700,300.0,255.0,15.0,56.99999999999999,ORD-003123
CYC-003124,AGT-0351,BATCH-202505-741,100.0,86.0,14.0,61.0,ORD-003124
CYC-003125,AGT-0351,BATCH-202508-184,100.0,87.0,13.0,79.0,ORD-003125
CYC-003126,AGT-0351,BATCH-202504-126,200.0,171.0,14.5,56.00000000000001,ORD-003126
CYC-003127,AGT-0351,BATCH-202511-362,200.0,179.0,10.5,67.0,ORD-003127
CYC-003128,AGT-0351,BATCH-202503-901,200.0,175.0,12.5,82.0,ORD-003128
CYC-003129,AGT-0351,BATCH-202509-441,300.0,259.0,13.67,70.0,ORD-003129
CYC-003130,AGT-0352,BATCH-202508-150,100.0,92.0,8.0,89.0,ORD-003130
CYC-003131,AGT-0352,BATCH-202508-228,200.0,194.0,3.0,78.0,ORD-003131
CYC-003132,AGT-0352,BATCH-202508-343,300.0,290.0,3.33,99.0,ORD-003132
CYC-003133,AGT-0352,BATCH-202506-478,200.0,183.0,8.5,81.0,ORD-003133
CYC-003134,AGT-0352,BATCH-202508-666,100.0,93.0,7.0,78.0,ORD-003134
CYC-003135,AGT-0352,BATCH-202501-978,100.0,91.0,9.0,87.0,ORD-003135
CYC-003136,AGT-0352,BATCH-202505-911,100.0,93.0,7.0,85.0,ORD-003136
CYC-003137,AGT-0352,BATCH-202505-884,200.0,190.0,5.0,85.0,ORD-003137
CYC-003138,AGT-0352,BATCH-202510-271,200.0,185.0,7.5,96.0,ORD-003138
CYC-003139,AGT-0353,BATCH-202504-410,300.0,285.0,5.0,82.0,ORD-003139
CYC-003140,AGT-0353,BATCH-202507-435,100.0,95.0,5.0,100.0,ORD-003140
CYC-003141,AGT-0353,BATCH-202507-457,200.0,185.0,7.5,83.0,ORD-003141
CYC-003142,AGT-0353,BATCH-202511-831,300.0,276.0,8.0,93.0,ORD-003142
CYC-003143,AGT-0353,BATCH-202505-125,300.0,288.0,4.0,87.0,ORD-003143
CYC-003144,AGT-0353,BATCH-202505-286,200.0,179.0,10.5,95.0,ORD-003144
CYC-003145,AGT-0353,BATCH-202507-712,200.0,186.0,7.0,93.0,ORD-003145
CYC-003146,AGT-0353,BATCH-202511-363,100.0,95.0,5.0,96.0,ORD-003146
CYC-003147,AGT-0353,BATCH-202505-283,300.0,290.0,3.33,79.0,ORD-003147
CYC-003148,AGT-0353,BATCH-202502-802,300.0,283.0,5.67,84.0,ORD-003148
CYC-003149,AGT-0353,BATCH-202503-952,100.0,92.0,8.0,80.0,ORD-003149
CYC-003150,AGT-0353,BATCH-202510-814,200.0,187.0,6.5,,ORD-003150
CYC-003152,AGT-0354,BATCH-202502-896,200.0,186.0,7.0,75.0,ORD-003152
CYC-003153,AGT-0354,BATCH-202503-623,100.0,99.0,1.0,78.0,ORD-003153
CYC-003154,AGT-0354,,500.0,476.0,4.8,81.0,ORD-003154
CYC-003155,AGT-0354,BATCH-202511-427,100.0,,7.0,91.0,ORD-003155
CYC-003156,AGT-0354,BATCH-202501-847,200.0,198.0,1.0,84.0,ORD-003156
CYC-003157,AGT-0355,BATCH-202510-394,200.0,183.0,8.5,76.0,ORD-003157
CYC-003158,AGT-0355,BATCH-202512-487,100.0,93.0,7.0,84.0,ORD-003158
CYC-003159,AGT-0355,BATCH-202501-855,200.0,196.0,2.0,80.0,ORD-003159
CYC-003160,AGT-0355,BATCH-202504-304,200.0,,7.0,98.0,ORD-003160
CYC-003161,AGT-0355,BATCH-202509-242,100.0,95.0,5.0,94.0,ORD-003161
CYC-003162,AGT-0355,BATCH-202501-493,200.0,184.0,8.0,83.0,ORD-003162
CYC-003163,AGT-0355,BATCH-202502-278,200.0,186.0,7.0,92.0,ORD-003163
CYC-003164,AGT-0355,BATCH-202511-135,200.0,189.0,5.5,81.0,ORD-003164
CYC-003165,AGT-0355,BATCH-202512-552,200.0,190.0,5.0,80.0,ORD-003165
CYC-003166,AGT-0355,BATCH-202511-748,200.0,197.0,1.5,94.0,ORD-003166
CYC-003167,AGT-0356,BATCH-202507-425,300.0,254.0,15.33,59.0,ORD-003167
CYC-003168,AGT-0356,BATCH-202503-529,200.0,164.0,18.0,56.99999999999999,ORD-003168
CYC-003169,AGT-0356,BATCH-202512-326,200.0,180.0,10.0,56.99999999999999,ORD-003169
CYC-003170,AGT-0356,BATCH-202502-659,200.0,177.0,11.5,72.0,ORD-003170
CYC-003171,AGT-0356,BATCH-202501-686,200.0,175.0,12.5,,ORD-003171
CYC-003172,AGT-0356,BATCH-202511-956,200.0,168.0,16.0,83.0,ORD-003172
CYC-003173,AGT-0356,BATCH-202506-801,300.0,271.0,9.67,79.0,ORD-003173
CYC-003174,AGT-0356,BATCH-202510-607,200.0,171.0,14.5,60.0,ORD-003174
CYC-003175,AGT-0356,BATCH-202501-815,300.0,266.0,11.33,77.0,ORD-003175
CYC-003176,AGT-0356,BATCH-202508-230,200.0,175.0,12.5,64.0,ORD-003176
CYC-003177,AGT-0357,BATCH-202507-413,300.0,289.0,3.67,77.0,ORD-003177
CYC-003178,AGT-0357,BATCH-202507-821,200.0,191.0,4.5,82.0,ORD-003178
CYC-003179,AGT-0357,BATCH-202501-161,300.0,296.0,1.33,80.0,ORD-003179
CYC-003180,AGT-0357,BATCH-202512-307,300.0,296.0,1.33,83.0,ORD-003180
CYC-003181,AGT-0357,BATCH-202509-759,200.0,192.0,4.0,94.0,ORD-003181
CYC-003182,AGT-0357,BATCH-202502-992,200.0,189.0,5.5,80.0,ORD-003182
CYC-003183,AGT-0357,BATCH-202510-866,500.0,490.0,2.0,77.0,ORD-003183
CYC-003184,AGT-0357,BATCH-202512-137,300.0,291.0,3.0,76.0,ORD-003184
CYC-003185,AGT-0357,BATCH-202506-123,200.0,190.0,5.0,81.0,ORD-003185
CYC-003186,AGT-0357,BATCH-202507-475,200.0,186.0,7.0,82.0,ORD-003186
CYC-003187,AGT-0357,BATCH-202510-153,200.0,192.0,4.0,100.0,ORD-003187
CYC-003188,AGT-0357,BATCH-202502-843,100.0,93.0,7.0,80.0,ORD-003188
CYC-003189,AGT-0358,BATCH-202511-796,300.0,290.0,3.33,89.0,ORD-003189
CYC-003190,AGT-0358,BATCH-202508-530,200.0,189.0,5.5,88.0,ORD-003190
CYC-003191,AGT-0358,BATCH-202505-336,500.0,481.0,3.8,79.0,ORD-003191
CYC-003192,AGT-0358,BATCH-202506-930,300.0,276.0,8.0,82.0,ORD-003192
CYC-003193,AGT-0358,BATCH-202509-986,100.0,94.0,6.0,96.0,ORD-003193
CYC-003194,AGT-0358,BATCH-202505-539,500.0,467.0,6.6,86.0,ORD-003194
CYC-003195,AGT-0359,BATCH-202509-121,300.0,285.0,5.0,78.0,ORD-003195
CYC-003196,AGT-0359,BATCH-202505-150,300.0,289.0,3.67,77.0,ORD-003196
CYC-003197,AGT-0359,BATCH-202510-792,200.0,192.0,4.0,95.0,ORD-003197
CYC-003198,AGT-0359,BATCH-202503-770,500.0,487.0,2.6,82.0,ORD-003198
CYC-003199,AGT-0359,BATCH-202502-141,300.0,281.0,6.33,94.0,ORD-003199
CYC-003201,AGT-0360,BATCH-202505-591,300.0,295.0,1.67,94.0,ORD-003201
CYC-003202,AGT-0360,BATCH-202507-654,200.0,194.0,3.0,83.0,ORD-003202
CYC-003203,AGT-0360,BATCH-202501-218,300.0,284.0,5.33,80.0,ORD-003203
CYC-003204,AGT-0360,BATCH-202510-568,100.0,95.0,5.0,83.0,ORD-003204
CYC-003205,AGT-0360,BATCH-202504-335,200.0,194.0,3.0,76.0,ORD-003205
CYC-003206,AGT-0360,BATCH-202512-700,300.0,297.0,1.0,93.0,ORD-003206
CYC-003207,AGT-0360,BATCH-202506-276,200.0,194.0,3.0,79.0,ORD-003207
CYC-003208,AGT-0360,BATCH-202509-844,200.0,182.0,9.0,96.0,ORD-003208
CYC-003209,AGT-0360,BATCH-202501-674,200.0,198.0,1.0,92.0,ORD-003209
CYC-003210,AGT-0360,BATCH-202508-363,200.0,191.0,4.5,84.0,ORD-003210
CYC-003211,AGT-0361,BATCH-202508-487,200.0,190.0,5.0,76.0,ORD-003211
CYC-003212,AGT-0361,BATCH-202508-327,200.0,186.0,7.0,98.0,ORD-003212
CYC-003213,AGT-0361,BATCH-202503-510,200.0,191.0,4.5,93.0,ORD-003213
CYC-003214,AGT-0361,BATCH-202506-468,1000.0,935.0,6.5,95.0,ORD-003214
CYC-003215,AGT-0361,BATCH-202510-835,300.0,277.0,7.67,89.0,ORD-003215
CYC-003216,AGT-0361,BATCH-202511-510,300.0,287.0,4.33,78.0,ORD-003216
CYC-003217,AGT-0361,BATCH-202503-541,200.0,196.0,2.0,93.0,ORD-003217
CYC-003218,AGT-0361,BATCH-202506-667,200.0,188.0,6.0,93.0,ORD-003218
CYC-003219,AGT-0362,BATCH-202511-611,200.0,176.0,12.0,82.0,ORD-003219
CYC-003220,AGT-0362,BATCH-202502-214,100.0,93.0,7.0,,ORD-003220
CYC-003221,AGT-0362,BATCH-202508-833,300.0,279.0,7.0,81.0,ORD-003221
CYC-003222,AGT-0362,BATCH-202506-457,300.0,288.0,4.0,93.0,ORD-003222
CYC-003223,AGT-0362,BATCH-202503-810,300.0,276.0,8.0,81.0,ORD-003223
CYC-003224,AGT-0362,BATCH-202503-505,300.0,279.0,7.0,77.0,ORD-003224
CYC-003225,AGT-0362,BATCH-202504-784,200.0,189.0,5.5,84.0,ORD-003225
CYC-003226,AGT-0362,BATCH-202501-761,200.0,186.0,7.0,98.0,ORD-003226
CYC-003227,AGT-0362,BATCH-202505-286,300.0,278.0,7.33,95.0,ORD-003227
CYC-003228,AGT-0362,BATCH-202506-419,200.0,188.0,6.0,80.0,ORD-003228
CYC-003229,AGT-0362,BATCH-202501-424,100.0,93.0,7.0,80.0,ORD-003229
CYC-003230,AGT-0362,BATCH-202508-432,200.0,193.0,3.5,89.0,ORD-003230
CYC-003231,AGT-0363,BATCH-202501-414,100.0,91.0,9.0,77.0,ORD-003231
CYC-003232,AGT-0363,BATCH-202510-301,200.0,191.0,4.5,85.0,ORD-003232
CYC-003233,AGT-0363,BATCH-202503-308,300.0,280.0,6.67,97.0,ORD-003233
CYC-003234,AGT-0363,BATCH-202512-279,100.0,94.0,6.0,92.0,ORD-003234
CYC-003235,AGT-0363,BATCH-202503-334,100.0,95.0,5.0,99.0,ORD-003235
CYC-003236,AGT-0363,BATCH-202511-454,200.0,183.0,8.5,99.0,ORD-003236
CYC-003237,AGT-0363,BATCH-202512-302,1000.0,940.0,6.0,79.0,ORD-003237
CYC-003238,AGT-0363,BATCH-202508-170,300.0,278.0,7.33,92.0,ORD-003238
CYC-003239,AGT-0363,BATCH-202502-518,200.0,187.0,6.5,85.0,ORD-003239
CYC-003240,AGT-0363,BATCH-202512-205,300.0,280.0,6.67,84.0,ORD-003240
CYC-003241,AGT-0364,BATCH-202511-773,500.0,480.0,4.0,87.0,ORD-003241
CYC-003242,AGT-0364,BATCH-202510-197,500.0,465.0,7.0,87.0,ORD-003242
CYC-003243,AGT-0364,BATCH-202503-353,300.0,288.0,4.0,85.0,ORD-003243
CYC-003244,AGT-0364,BATCH-202507-549,200.0,189.0,5.5,98.0,ORD-003244
CYC-003245,AGT-0364,BATCH-202511-537,100.0,96.0,4.0,76.0,ORD-003245
CYC-003246,AGT-0364,BATCH-202507-244,100.0,92.0,8.0,85.0,ORD-003246
CYC-003247,AGT-0364,BATCH-202502-915,300.0,268.0,10.67,81.0,ORD-003247
CYC-003248,AGT-0364,BATCH-202504-429,300.0,282.0,6.0,99.0,ORD-003248
CYC-003249,AGT-0364,BATCH-202508-451,200.0,193.0,3.5,76.0,ORD-003249
CYC-003251,AGT-0364,BATCH-202505-597,100.0,,8.0,83.0,ORD-003251
CYC-003252,AGT-0364,BATCH-202511-693,100.0,,4.0,91.0,ORD-003252
CYC-003253,AGT-0365,BATCH-202504-857,200.0,193.0,3.5,76.0,ORD-003253
CYC-003254,AGT-0365,BATCH-202506-898,200.0,189.0,5.5,76.0,ORD-003254
CYC-003255,AGT-0365,BATCH-202512-266,100.0,,4.0,78.0,ORD-003255
CYC-003256,AGT-0365,BATCH-202504-146,100.0,96.0,4.0,86.0,ORD-003256
CYC-003257,AGT-0365,BATCH-202511-667,200.0,189.0,5.5,88.0,ORD-003257
CYC-003258,AGT-0365,BATCH-202501-575,100.0,95.0,5.0,97.0,ORD-003258
CYC-003259,AGT-0365,BATCH-202507-548,200.0,182.0,9.0,79.0,ORD-003259
CYC-003260,AGT-0365,BATCH-202512-644,100.0,94.0,6.0,95.0,ORD-003260
CYC-003261,AGT-0365,BATCH-202507-550,200.0,179.0,10.5,96.0,ORD-003261
CYC-003262,AGT-0365,BATCH-202512-251,100.0,94.0,6.0,91.0,ORD-003262
CYC-003263,AGT-0365,BATCH-202511-132,500.0,468.0,6.4,75.0,ORD-003263
CYC-003264,AGT-0366,BATCH-202504-466,300.0,297.0,1.0,89.0,ORD-003264
CYC-003265,AGT-0366,BATCH-202502-777,200.0,191.0,4.5,97.0,ORD-003265
CYC-003266,AGT-0366,BATCH-202506-261,200.0,190.0,5.0,88.0,ORD-003266
CYC-003267,AGT-0366,BATCH-202505-258,200.0,191.0,4.5,89.0,ORD-003267
CYC-003268,AGT-0366,BATCH-202510-442,200.0,193.0,3.5,93.0,ORD-003268
CYC-003269,AGT-0366,BATCH-202508-136,200.0,193.0,3.5,79.0,ORD-003269
CYC-003270,AGT-0366,BATCH-202508-823,100.0,96.0,4.0,79.0,ORD-003270
CYC-003271,AGT-0366,BATCH-202505-283,300.0,,3.67,88.0,ORD-003271
CYC-003272,AGT-0366,BATCH-202505-764,1000.0,982.0,1.8,90.0,ORD-003272
CYC-003273,AGT-0366,BATCH-202505-356,100.0,97.0,3.0,80.0,ORD-003273
CYC-003274,AGT-0367,BATCH-202504-163,300.0,274.0,8.67,92.0,ORD-003274
CYC-003275,AGT-0367,BATCH-202510-220,200.0,178.0,11.0,96.0,ORD-003275
CYC-003276,AGT-0367,BATCH-202503-377,300.0,278.0,7.33,80.0,ORD-003276
CYC-003277,AGT-0367,BATCH-202509-369,200.0,185.0,7.5,76.0,ORD-003277
CYC-003278,AGT-0367,BATCH-202508-705,300.0,281.0,6.33,99.0,ORD-003278
CYC-003279,AGT-0367,BATCH-202509-382,100.0,,6.0,87.0,ORD-003279
CYC-003280,AGT-0367,BATCH-202506-400,300.0,279.0,7.0,81.0,ORD-003280
CYC-003281,AGT-0367,BATCH-202505-860,200.0,192.0,4.0,99.0,ORD-003281
CYC-003282,AGT-0367,BATCH-202501-753,1000.0,943.0,5.7,75.0,ORD-003282
CYC-003283,AGT-0367,BATCH-202508-791,300.0,293.0,2.33,95.0,ORD-003283
CYC-003284,AGT-0367,BATCH-202506-989,300.0,286.0,4.67,91.0,ORD-003284
CYC-003285,AGT-0368,BATCH-202509-132,200.0,190.0,5.0,85.0,ORD-003285
CYC-003286,AGT-0368,BATCH-202506-471,100.0,94.0,6.0,92.0,ORD-003286
CYC-003287,AGT-0368,BATCH-202502-977,200.0,184.0,8.0,81.0,ORD-003287
CYC-003288,AGT-0368,BATCH-202507-814,200.0,191.0,4.5,92.0,ORD-003288
CYC-003289,AGT-0368,BATCH-202504-354,200.0,186.0,7.0,92.0,ORD-003289
CYC-003290,AGT-0368,BATCH-202505-435,500.0,462.0,7.6,80.0,ORD-003290
CYC-003291,AGT-0368,BATCH-202501-133,200.0,187.0,6.5,84.0,ORD-003291
CYC-003292,AGT-0368,BATCH-202506-611,500.0,468.0,6.4,88.0,ORD-003292
CYC-003293,AGT-0368,BATCH-202501-212,200.0,190.0,5.0,90.0,ORD-003293
CYC-003294,AGT-0368,BATCH-202502-908,200.0,184.0,8.0,97.0,ORD-003294
CYC-003295,AGT-0368,BATCH-202509-657,300.0,275.0,8.33,86.0,ORD-003295
CYC-003296,AGT-0368,BATCH-202506-395,300.0,279.0,7.0,95.0,ORD-003296
CYC-003297,AGT-0369,BATCH-202504-723,300.0,294.0,2.0,90.0,ORD-003297
CYC-003298,AGT-0369,BATCH-202506-326,200.0,187.0,6.5,91.0,ORD-003298
CYC-003299,AGT-0369,BATCH-202503-682,100.0,93.0,7.0,94.0,ORD-003299
CYC-003300,AGT-0369,BATCH-202510-159,200.0,193.0,3.5,85.0,ORD-003300
CYC-003301,AGT-0369,BATCH-202511-450,300.0,263.0,12.33,98.0,ORD-003301
CYC-003302,AGT-0369,BATCH-202503-408,500.0,473.0,5.4,82.0,ORD-003302
CYC-003303,AGT-0369,BATCH-202505-392,200.0,191.0,4.5,82.0,ORD-003303
CYC-003304,AGT-0369,BATCH-202507-744,200.0,190.0,5.0,98.0,ORD-003304
CYC-003305,AGT-0369,BATCH-202506-747,100.0,97.0,3.0,75.0,ORD-003305
CYC-003306,AGT-0369,BATCH-202501-661,100.0,93.0,7.0,90.0,ORD-003306
CYC-003307,AGT-0369,BATCH-202512-679,300.0,275.0,8.33,100.0,ORD-003307
CYC-003308,AGT-0369,BATCH-202502-244,500.0,486.0,2.8,92.0,ORD-003308
CYC-003309,AGT-0370,BATCH-202501-319,300.0,283.0,5.67,94.0,ORD-003309
CYC-003310,AGT-0370,BATCH-202512-108,200.0,189.0,5.5,76.0,ORD-003310
CYC-003311,AGT-0370,BATCH-202503-239,500.0,447.0,10.6,99.0,ORD-003311
CYC-003312,AGT-0370,BATCH-202504-531,300.0,277.0,7.67,77.0,ORD-003312
CYC-003313,AGT-0370,BATCH-202504-814,300.0,284.0,5.33,92.0,ORD-003313
CYC-003314,AGT-0370,BATCH-202508-692,200.0,194.0,3.0,90.0,ORD-003314
CYC-003315,AGT-0370,BATCH-202507-418,500.0,473.0,5.4,92.0,ORD-003315
CYC-003316,AGT-0371,BATCH-202512-500,500.0,458.0,8.4,91.0,ORD-003316
CYC-003317,AGT-0371,BATCH-202501-995,300.0,282.0,6.0,93.0,ORD-003317
CYC-003318,AGT-0371,BATCH-202511-877,100.0,95.0,5.0,76.0,ORD-003318
CYC-003319,AGT-0371,BATCH-202507-560,300.0,282.0,6.0,95.0,ORD-003319
CYC-003320,AGT-0371,BATCH-202502-974,200.0,183.0,8.5,79.0,ORD-003320
CYC-003321,AGT-0371,BATCH-202504-595,100.0,94.0,6.0,87.0,ORD-003321
CYC-003322,AGT-0371,BATCH-202503-756,200.0,189.0,5.5,93.0,ORD-003322
CYC-003323,AGT-0371,BATCH-202507-799,300.0,294.0,2.0,89.0,ORD-003323
CYC-003324,AGT-0371,BATCH-202511-259,300.0,279.0,7.0,98.0,ORD-003324
CYC-003325,AGT-0372,BATCH-202506-309,100.0,94.0,6.0,94.0,ORD-003325
CYC-003326,AGT-0372,BATCH-202508-911,1000.0,959.0,4.1,99.0,ORD-003326
CYC-003327,AGT-0372,BATCH-202504-429,200.0,196.0,2.0,87.0,ORD-003327
CYC-003328,AGT-0372,BATCH-202506-872,300.0,273.0,9.0,82.0,ORD-003328
CYC-003329,AGT-0372,BATCH-202507-915,100.0,93.0,7.0,89.0,ORD-003329
CYC-003330,AGT-9999,BATCH-202509-330,100.0,85.0,15.0,62.0,ORD-003330
CYC-003331,AGT-0372,BATCH-202510-780,200.0,192.0,4.0,84.0,ORD-003331
CYC-003332,AGT-0373,BATCH-202505-345,200.0,188.0,6.0,84.0,ORD-003332
CYC-003333,AGT-0373,BATCH-202508-714,100.0,94.0,6.0,98.0,ORD-003333
CYC-003334,AGT-0373,BATCH-202501-377,300.0,276.0,8.0,85.0,ORD-003334
CYC-003335,AGT-0373,BATCH-202504-996,300.0,274.0,8.67,96.0,ORD-003335
CYC-003336,AGT-0373,BATCH-202510-631,100.0,93.0,7.0,84.0,ORD-003336
CYC-003337,AGT-0373,BATCH-202510-642,500.0,474.0,5.2,99.0,ORD-003337
CYC-003338,AGT-0373,BATCH-202511-968,1000.0,908.0,9.2,82.0,ORD-003338
CYC-003339,AGT-0373,BATCH-202509-862,200.0,176.0,12.0,99.0,ORD-003339
CYC-003340,AGT-0373,BATCH-202505-202,200.0,186.0,7.0,88.0,ORD-003340
CYC-003341,AGT-0373,BATCH-202508-588,300.0,288.0,4.0,85.0,ORD-003341
CYC-003342,AGT-0374,BATCH-202505-686,200.0,186.0,7.0,81.0,ORD-003342
CYC-003343,AGT-0374,BATCH-202501-854,500.0,470.0,6.0,85.0,ORD-003343
CYC-003344,AGT-0374,BATCH-202511-558,300.0,279.0,7.0,82.0,ORD-003344
CYC-003345,AGT-0374,BATCH-202509-345,200.0,183.0,8.5,75.0,ORD-003345
CYC-003346,AGT-0374,BATCH-202503-781,100.0,91.0,9.0,100.0,ORD-003346
CYC-003347,AGT-0374,BATCH-202504-548,300.0,280.0,6.67,84.0,ORD-003347
CYC-003348,AGT-0374,BATCH-202512-679,200.0,190.0,5.0,78.0,ORD-003348
CYC-003349,AGT-0374,BATCH-202512-790,200.0,192.0,4.0,96.0,ORD-003349
CYC-003350,AGT-0374,BATCH-202503-496,200.0,184.0,8.0,98.0,ORD-003350
CYC-003351,AGT-0374,BATCH-202507-538,100.0,94.0,6.0,82.0,ORD-003351
CYC-003352,AGT-0374,BATCH-202501-577,500.0,452.0,9.6,91.0,ORD-003352
CYC-003353,AGT-0375,BATCH-202505-764,300.0,269.0,10.33,83.0,ORD-003353
CYC-003354,AGT-0375,BATCH-202510-240,100.0,,10.0,62.0,ORD-003354
CYC-003355,AGT-0375,BATCH-202512-516,300.0,276.0,8.0,78.0,ORD-003355
CYC-003356,AGT-0375,BATCH-202511-219,300.0,273.0,9.0,70.0,ORD-003356
CYC-003357,AGT-0375,BATCH-202502-177,200.0,175.0,12.5,80.0,ORD-003357
CYC-003358,AGT-0375,BATCH-202511-170,200.0,171.0,14.5,69.0,ORD-003358
CYC-003359,AGT-0375,BATCH-202506-374,100.0,89.0,11.0,69.0,ORD-003359
CYC-003360,AGT-0376,BATCH-202511-327,200.0,183.0,8.5,79.0,ORD-003360
CYC-003361,AGT-0376,BATCH-202506-419,100.0,96.0,4.0,100.0,ORD-003361
CYC-003362,AGT-0376,BATCH-202502-915,300.0,281.0,6.33,75.0,ORD-003362
CYC-003363,AGT-0376,BATCH-202508-488,500.0,477.0,4.6,96.0,ORD-003363
CYC-003364,AGT-0376,BATCH-202501-889,100.0,91.0,9.0,76.0,ORD-003364
CYC-003365,AGT-0376,,200.0,188.0,6.0,81.0,ORD-003365
CYC-003366,AGT-0376,BATCH-202504-194,200.0,189.0,5.5,77.0,ORD-003366
CYC-003367,AGT-0376,BATCH-202503-246,200.0,182.0,9.0,82.0,ORD-003367
CYC-003368,AGT-0376,BATCH-202509-686,1000.0,953.0,4.7,81.0,ORD-003368
CYC-003369,AGT-0376,BATCH-202512-604,200.0,185.0,7.5,99.0,ORD-003369
CYC-003370,AGT-0376,BATCH-202508-947,200.0,198.0,1.0,80.0,ORD-003370
CYC-003371,AGT-0376,BATCH-202504-490,300.0,275.0,8.33,96.0,ORD-003371
CYC-003372,AGT-0377,BATCH-202512-876,100.0,93.0,7.0,100.0,ORD-003372
CYC-003373,AGT-0377,BATCH-202503-739,200.0,187.0,6.5,86.0,ORD-003373
CYC-003374,AGT-0377,BATCH-202509-183,1000.0,951.0,4.9,99.0,ORD-003374
CYC-003375,AGT-0377,BATCH-202501-754,100.0,90.0,10.0,84.0,ORD-003375
CYC-003376,AGT-0377,BATCH-202509-865,200.0,184.0,8.0,84.0,ORD-003376
CYC-003377,AGT-0377,BATCH-202510-940,1000.0,977.0,2.3,93.0,ORD-003377
CYC-003378,AGT-0377,BATCH-202507-885,100.0,92.0,8.0,83.0,ORD-003378
CYC-003379,AGT-0377,BATCH-202505-413,300.0,286.0,4.67,83.0,ORD-003379
CYC-003380,AGT-0377,BATCH-202503-517,200.0,191.0,4.5,76.0,ORD-003380
CYC-003381,AGT-0377,BATCH-202501-644,200.0,190.0,5.0,96.0,ORD-003381
CYC-003382,AGT-0378,BATCH-202511-659,1000.0,970.0,3.0,87.0,ORD-003382
CYC-003383,AGT-0378,BATCH-202507-259,500.0,463.0,7.4,80.0,ORD-003383
CYC-003384,AGT-0378,BATCH-202509-930,200.0,190.0,5.0,88.0,ORD-003384
CYC-003385,AGT-0378,BATCH-202512-953,100.0,93.0,7.0,97.0,ORD-003385
CYC-003386,AGT-0378,BATCH-202507-954,300.0,276.0,8.0,76.0,ORD-003386
CYC-003387,AGT-0378,BATCH-202504-767,200.0,188.0,6.0,80.0,ORD-003387
CYC-003388,AGT-0378,BATCH-202502-872,300.0,292.0,2.67,98.0,ORD-003388
CYC-003389,AGT-0378,BATCH-202511-213,500.0,471.0,5.8,97.0,ORD-003389
CYC-003390,AGT-0378,BATCH-202506-224,200.0,183.0,8.5,84.0,ORD-003390
CYC-003391,AGT-0378,BATCH-202501-163,300.0,280.0,6.67,80.0,ORD-003391
CYC-003392,AGT-0378,BATCH-202511-318,300.0,297.0,1.0,88.0,ORD-003392
CYC-003393,AGT-0379,BATCH-202502-263,200.0,179.0,10.5,95.0,ORD-003393
CYC-003394,AGT-0379,BATCH-202512-709,100.0,96.0,4.0,94.0,ORD-003394
CYC-003395,AGT-0379,BATCH-202511-307,200.0,198.0,1.0,83.0,ORD-003395
CYC-003396,AGT-0379,BATCH-202512-964,200.0,198.0,1.0,89.0,ORD-003396
CYC-003397,AGT-0379,BATCH-202507-428,100.0,95.0,5.0,86.0,ORD-003397
CYC-003398,AGT-0379,BATCH-202503-227,200.0,197.0,1.5,94.0,ORD-003398
CYC-003399,AGT-0379,BATCH-202501-717,100.0,95.0,5.0,85.0,ORD-003399
CYC-003400,AGT-0379,BATCH-202502-601,100.0,94.0,6.0,77.0,ORD-003400
CYC-003401,AGT-0379,BATCH-202507-421,200.0,198.0,1.0,80.0,ORD-003401
CYC-003402,AGT-0379,BATCH-202509-322,1000.0,990.0,1.0,89.0,ORD-003402
CYC-003403,AGT-0379,BATCH-202508-178,200.0,192.0,4.0,78.0,ORD-003403
CYC-003404,AGT-0380,BATCH-202502-626,300.0,287.0,4.33,78.0,ORD-003404
CYC-003405,AGT-0380,BATCH-202501-466,300.0,295.0,1.67,83.0,ORD-003405
CYC-003406,AGT-0380,BATCH-202509-478,100.0,97.0,3.0,95.0,ORD-003406
CYC-003407,AGT-0380,BATCH-202512-280,200.0,190.0,5.0,98.0,ORD-003407
CYC-003408,AGT-0380,BATCH-202510-765,200.0,193.0,3.5,82.0,ORD-003408
CYC-003409,AGT-0380,BATCH-202512-918,300.0,295.0,1.67,79.0,ORD-003409
CYC-003410,AGT-0380,BATCH-202509-421,100.0,97.0,3.0,92.0,ORD-003410
CYC-003411,AGT-0380,BATCH-202507-503,200.0,194.0,3.0,90.0,ORD-003411
CYC-003412,AGT-0380,BATCH-202512-351,200.0,194.0,3.0,97.0,ORD-003412
CYC-003413,AGT-0381,BATCH-202503-863,200.0,180.0,10.0,,ORD-003413
CYC-003414,AGT-0381,BATCH-202508-451,300.0,261.0,13.0,82.0,ORD-003414
CYC-003415,AGT-0381,BATCH-202502-565,500.0,444.0,11.2,80.0,ORD-003415
CYC-003416,AGT-0381,BATCH-202506-169,300.0,256.0,14.67,83.0,ORD-003416
CYC-003417,AGT-0381,BATCH-202506-951,200.0,184.0,8.0,81.0,ORD-003417
CYC-003418,AGT-0381,BATCH-202510-944,300.0,269.0,10.33,75.0,ORD-003418
CYC-003419,AGT-0382,BATCH-202504-321,300.0,269.0,10.33,81.0,ORD-003419
CYC-003420,AGT-0382,BATCH-202511-926,100.0,86.0,14.0,84.0,ORD-003420
CYC-003421,AGT-0382,BATCH-202501-289,300.0,253.0,15.67,61.0,ORD-003421
CYC-003422,AGT-0382,BATCH-202510-783,200.0,177.0,11.5,60.0,ORD-003422
CYC-003423,AGT-0382,BATCH-202502-165,100.0,88.0,12.0,83.0,ORD-003423
CYC-003424,AGT-0382,BATCH-202501-986,300.0,265.0,11.67,81.0,ORD-003424
CYC-003425,AGT-0382,BATCH-202507-964,100.0,88.0,12.0,76.0,ORD-003425
CYC-003426,AGT-0383,BATCH-202507-318,300.0,286.0,4.67,82.0,ORD-003426
CYC-003427,AGT-0383,BATCH-202507-947,500.0,477.0,4.6,98.0,ORD-003427
CYC-003428,AGT-0383,BATCH-202510-504,100.0,99.0,1.0,76.0,ORD-003428
CYC-003429,AGT-0383,BATCH-202512-605,300.0,278.0,7.33,77.0,ORD-003429
CYC-003430,AGT-0383,BATCH-202502-125,200.0,196.0,2.0,80.0,ORD-003430
CYC-003431,AGT-0383,BATCH-202509-196,200.0,198.0,1.0,95.0,ORD-003431
CYC-003432,AGT-0383,BATCH-202508-861,300.0,291.0,3.0,89.0,ORD-003432
CYC-003433,AGT-0383,BATCH-202512-640,100.0,94.0,6.0,85.0,ORD-003433
CYC-003434,AGT-0383,BATCH-202501-983,200.0,192.0,4.0,87.0,ORD-003434
CYC-003435,AGT-0384,BATCH-202507-852,200.0,182.0,9.0,88.0,ORD-003435
CYC-003436,AGT-0384,BATCH-202503-355,200.0,193.0,3.5,92.0,ORD-003436
CYC-003437,AGT-0384,BATCH-202510-647,300.0,285.0,5.0,92.0,ORD-003437
CYC-003438,AGT-0384,BATCH-202506-590,200.0,185.0,7.5,81.0,ORD-003438
CYC-003439,AGT-0384,BATCH-202505-749,1000.0,926.0,7.4,78.0,ORD-003439
CYC-003440,AGT-0384,BATCH-202503-178,300.0,283.0,5.67,82.0,ORD-003440
CYC-003441,AGT-0384,BATCH-202512-275,100.0,98.0,2.0,95.0,ORD-003441
CYC-003442,AGT-0384,BATCH-202507-577,300.0,289.0,3.67,87.0,ORD-003442
CYC-003443,AGT-0384,BATCH-202504-337,200.0,193.0,3.5,78.0,ORD-003443
CYC-003444,AGT-0384,BATCH-202512-865,200.0,190.0,5.0,81.0,ORD-003444
CYC-003445,AGT-0384,BATCH-202507-136,200.0,184.0,8.0,81.0,ORD-003445
CYC-003446,AGT-0384,BATCH-202505-138,100.0,91.0,9.0,78.0,ORD-003446
CYC-003447,AGT-0385,BATCH-202512-774,300.0,280.0,6.67,79.0,ORD-003447
CYC-003448,AGT-0385,BATCH-202501-601,100.0,89.0,11.0,81.0,ORD-003448
CYC-003449,AGT-0385,BATCH-202505-289,200.0,192.0,4.0,81.0,ORD-003449
CYC-003450,AGT-0385,BATCH-202512-609,300.0,286.0,4.67,87.0,ORD-003450
CYC-003451,AGT-0385,BATCH-202511-254,200.0,189.0,5.5,99.0,ORD-003451
CYC-003452,AGT-0385,BATCH-202509-678,300.0,289.0,3.67,95.0,ORD-003452
CYC-003453,AGT-0385,BATCH-202512-318,300.0,283.0,5.67,75.0,ORD-003453
CYC-003454,AGT-0385,BATCH-202501-693,200.0,193.0,3.5,96.0,ORD-003454
CYC-003455,AGT-0385,BATCH-202508-105,200.0,193.0,3.5,82.0,ORD-003455
CYC-003456,AGT-0385,BATCH-202506-889,100.0,99.0,1.0,81.0,ORD-003456
CYC-003457,AGT-0385,BATCH-202501-432,1000.0,925.0,7.5,94.0,ORD-003457
CYC-003458,AGT-0386,BATCH-202503-421,200.0,188.0,6.0,78.0,ORD-003458
CYC-003459,AGT-0386,BATCH-202506-485,300.0,286.0,4.67,100.0,ORD-003459
CYC-003460,AGT-0386,BATCH-202503-862,200.0,184.0,8.0,87.0,ORD-003460
CYC-003461,AGT-0386,BATCH-202509-643,200.0,187.0,6.5,95.0,ORD-003461
CYC-003462,AGT-0386,BATCH-202510-142,100.0,97.0,3.0,99.0,ORD-003462
CYC-003463,AGT-0386,BATCH-202510-701,200.0,191.0,4.5,84.0,ORD-003463
CYC-003464,AGT-0386,BATCH-202511-390,200.0,184.0,8.0,81.0,ORD-003464
CYC-003465,AGT-0386,BATCH-202509-632,200.0,184.0,8.0,78.0,ORD-003465
CYC-003466,AGT-0386,BATCH-202507-881,200.0,185.0,7.5,77.0,ORD-003466
CYC-003467,AGT-0387,BATCH-202501-949,100.0,92.0,8.0,92.0,ORD-003467
CYC-003468,AGT-0387,BATCH-202512-586,300.0,289.0,3.67,78.0,ORD-003468
CYC-003469,AGT-0387,BATCH-202509-370,200.0,186.0,7.0,99.0,ORD-003469
CYC-003470,AGT-0387,BATCH-202511-252,200.0,184.0,8.0,81.0,ORD-003470
CYC-003471,AGT-0387,BATCH-202509-767,200.0,187.0,6.5,83.0,ORD-003471
CYC-003472,AGT-0387,BATCH-202508-189,300.0,278.0,7.33,98.0,ORD-003472
CYC-003473,AGT-0387,BATCH-202503-790,200.0,187.0,6.5,82.0,ORD-003473
CYC-003474,AGT-0387,BATCH-202503-312,500.0,450.0,10.0,100.0,ORD-003474
CYC-003475,AGT-0387,BATCH-202504-167,200.0,187.0,6.5,94.0,ORD-003475
CYC-003476,AGT-0387,BATCH-202506-387,200.0,183.0,8.5,85.0,ORD-003476
CYC-003477,AGT-0387,BATCH-202510-748,300.0,285.0,5.0,88.0,ORD-003477
CYC-003478,AGT-0387,BATCH-202501-645,300.0,279.0,7.0,98.0,ORD-003478
CYC-003479,AGT-0388,BATCH-202501-860,200.0,197.0,1.5,90.0,ORD-003479
CYC-003480,AGT-0388,BATCH-202506-284,300.0,272.0,9.33,95.0,ORD-003480
CYC-003481,AGT-0388,BATCH-202510-540,100.0,94.0,6.0,78.0,ORD-003481
CYC-003482,AGT-0388,BATCH-202508-781,200.0,189.0,5.5,77.0,ORD-003482
CYC-003483,AGT-0388,BATCH-202502-350,100.0,92.0,8.0,81.0,ORD-003483
CYC-003484,AGT-0388,BATCH-202509-357,200.0,186.0,7.0,79.0,ORD-003484
CYC-003485,AGT-0388,BATCH-202508-802,200.0,183.0,8.5,92.0,ORD-003485
CYC-003486,AGT-0388,BATCH-202501-607,100.0,94.0,6.0,93.0,ORD-003486
CYC-003487,AGT-0388,BATCH-202509-679,200.0,183.0,8.5,94.0,ORD-003487
CYC-003488,AGT-0388,BATCH-202502-315,300.0,277.0,7.67,85.0,ORD-003488
CYC-003489,AGT-0389,BATCH-202505-252,500.0,493.0,1.4,,ORD-003489
CYC-003490,AGT-0389,BATCH-202504-775,100.0,93.0,7.0,76.0,ORD-003490
CYC-003491,AGT-0389,BATCH-202510-995,1000.0,960.0,4.0,100.0,ORD-003491
CYC-003492,AGT-0389,BATCH-202511-577,200.0,198.0,1.0,81.0,ORD-003492
CYC-003493,AGT-0389,BATCH-202503-203,300.0,291.0,3.0,89.0,ORD-003493
CYC-003494,AGT-0389,BATCH-202508-160,100.0,96.0,4.0,89.0,ORD-003494
CYC-003495,AGT-0389,BATCH-202512-712,100.0,96.0,4.0,77.0,ORD-003495
CYC-003496,AGT-0389,BATCH-202511-436,200.0,192.0,4.0,81.0,ORD-003496
CYC-003497,AGT-0389,BATCH-202501-683,500.0,495.0,1.0,87.0,ORD-003497
CYC-003498,AGT-0389,BATCH-202511-647,500.0,495.0,1.0,85.0,ORD-003498
CYC-003499,AGT-0389,BATCH-202510-167,200.0,192.0,4.0,76.0,ORD-003499
CYC-003502,AGT-0390,BATCH-202504-171,300.0,261.0,13.0,83.0,ORD-003502
CYC-003503,AGT-0390,BATCH-202510-489,300.0,261.0,13.0,61.0,ORD-003503
CYC-003504,AGT-0390,BATCH-202507-698,200.0,170.0,15.0,56.00000000000001,ORD-003504
CYC-003505,AGT-0390,BATCH-202504-365,100.0,85.0,15.0,76.0,ORD-003505
CYC-003506,AGT-0390,BATCH-202511-739,100.0,85.0,15.0,84.0,ORD-003506
CYC-003507,AGT-0390,BATCH-202512-466,200.0,178.0,11.0,73.0,ORD-003507
CYC-003508,AGT-0391,BATCH-202505-913,200.0,188.0,6.0,82.0,ORD-003508
CYC-003509,AGT-0391,BATCH-202501-634,200.0,184.0,8.0,98.0,ORD-003509
CYC-003510,AGT-0391,BATCH-202511-785,200.0,186.0,7.0,83.0,ORD-003510
CYC-003511,AGT-0391,,300.0,286.0,4.67,86.0,ORD-003511
CYC-003512,AGT-0391,BATCH-202510-559,200.0,189.0,5.5,95.0,ORD-003512
CYC-003513,AGT-0391,BATCH-202501-637,200.0,189.0,5.5,84.0,ORD-003513
CYC-003514,AGT-0391,BATCH-202507-195,300.0,273.0,9.0,83.0,ORD-003514
CYC-003515,AGT-0392,BATCH-202507-309,200.0,186.0,7.0,78.0,ORD-003515
CYC-003516,AGT-0392,BATCH-202504-860,500.0,474.0,5.2,83.0,ORD-003516
CYC-003517,AGT-0392,BATCH-202512-105,200.0,193.0,3.5,90.0,ORD-003517
CYC-003518,AGT-0392,BATCH-202504-691,200.0,182.0,9.0,87.0,ORD-003518
CYC-003519,AGT-0392,BATCH-202507-277,200.0,185.0,7.5,78.0,ORD-003519
CYC-003520,AGT-0392,BATCH-202510-138,200.0,187.0,6.5,89.0,ORD-003520
CYC-003521,AGT-0392,,200.0,188.0,6.0,96.0,ORD-003521
CYC-003522,AGT-0392,BATCH-202508-722,300.0,284.0,5.33,94.0,ORD-003522
CYC-003523,AGT-0392,BATCH-202506-327,200.0,185.0,7.5,88.0,ORD-003523
CYC-003524,AGT-0392,BATCH-202508-463,200.0,184.0,8.0,97.0,ORD-003524
CYC-003525,AGT-0393,BATCH-202505-946,300.0,276.0,8.0,,ORD-003525
CYC-003526,AGT-0393,BATCH-202505-146,300.0,287.0,4.33,78.0,ORD-003526
CYC-003527,AGT-0393,BATCH-202509-163,300.0,289.0,3.67,94.0,ORD-003527
CYC-003528,AGT-0393,BATCH-202508-116,200.0,187.0,6.5,81.0,ORD-003528
CYC-003529,AGT-0393,BATCH-202502-107,200.0,188.0,6.0,99.0,ORD-003529
CYC-003530,AGT-0393,BATCH-202507-576,200.0,191.0,4.5,78.0,ORD-003530
CYC-003531,AGT-0393,BATCH-202504-959,300.0,272.0,9.33,76.0,ORD-003531
CYC-003532,AGT-0393,BATCH-202502-884,200.0,184.0,8.0,,ORD-003532
CYC-003533,AGT-0393,BATCH-202504-558,100.0,94.0,6.0,77.0,ORD-003533
CYC-003534,AGT-0393,BATCH-202501-543,100.0,97.0,3.0,78.0,ORD-003534
CYC-003535,AGT-0393,BATCH-202507-275,300.0,279.0,7.0,98.0,ORD-003535
CYC-003536,AGT-0393,BATCH-202512-166,300.0,276.0,8.0,96.0,ORD-003536
CYC-003537,AGT-0394,BATCH-202502-833,300.0,273.0,9.0,84.0,ORD-003537
CYC-003538,AGT-0394,BATCH-202501-609,300.0,277.0,7.67,99.0,ORD-003538
CYC-003539,AGT-0394,,200.0,191.0,4.5,77.0,ORD-003539
CYC-003540,AGT-0394,BATCH-202504-706,300.0,,7.67,88.0,ORD-003540
CYC-003541,AGT-0394,BATCH-202505-773,200.0,194.0,3.0,82.0,ORD-003541
CYC-003542,AGT-0394,BATCH-202505-443,500.0,473.0,5.4,78.0,ORD-003542
CYC-003543,AGT-0395,,200.0,186.0,7.0,90.0,ORD-003543
CYC-003544,AGT-0395,BATCH-202504-105,200.0,182.0,9.0,95.0,ORD-003544
CYC-003545,AGT-0395,BATCH-202507-937,300.0,287.0,4.33,76.0,ORD-003545
CYC-003546,AGT-0395,BATCH-202509-466,300.0,283.0,5.67,82.0,ORD-003546
CYC-003547,AGT-0395,BATCH-202509-861,200.0,184.0,8.0,79.0,ORD-003547
CYC-003548,AGT-0395,BATCH-202509-118,200.0,184.0,8.0,78.0,ORD-003548
CYC-003549,AGT-0396,BATCH-202510-393,200.0,187.0,6.5,89.0,ORD-003549
CYC-003550,AGT-0396,BATCH-202505-105,200.0,185.0,7.5,79.0,ORD-003550
CYC-003551,AGT-0396,BATCH-202506-713,100.0,95.0,5.0,0.0,ORD-003551
CYC-003552,AGT-0396,BATCH-202505-336,300.0,279.0,7.0,98.0,ORD-003552
CYC-003553,AGT-0396,BATCH-202508-341,300.0,291.0,3.0,93.0,ORD-003553
CYC-003554,AGT-0396,BATCH-202505-981,300.0,291.0,3.0,93.0,ORD-003554
CYC-003555,AGT-0396,BATCH-202502-114,200.0,189.0,5.5,91.0,ORD-003555
CYC-003556,AGT-0396,BATCH-202506-472,300.0,297.0,1.0,97.0,ORD-003556
CYC-003557,AGT-0396,BATCH-202503-561,300.0,276.0,8.0,78.0,ORD-003557
CYC-003558,AGT-0397,BATCH-202505-484,300.0,269.0,10.33,84.0,ORD-003558
CYC-003559,AGT-0397,BATCH-202504-694,100.0,89.0,11.0,70.0,ORD-003559
CYC-003560,AGT-0397,BATCH-202502-960,100.0,88.0,12.0,75.0,ORD-003560
CYC-003561,AGT-0397,BATCH-202506-686,200.0,164.0,18.0,67.0,ORD-003561
CYC-003562,AGT-0397,BATCH-202507-642,100.0,87.0,13.0,67.0,ORD-003562
CYC-003563,AGT-0397,BATCH-202506-181,200.0,179.0,10.5,82.0,ORD-003563
CYC-003564,AGT-0397,BATCH-202512-668,200.0,173.0,13.5,69.0,ORD-003564
CYC-003565,AGT-0397,BATCH-202501-860,300.0,279.0,7.0,78.0,ORD-003565
CYC-003566,AGT-0398,BATCH-202507-430,200.0,181.0,9.5,79.0,ORD-003566
CYC-003567,AGT-0398,BATCH-202506-626,500.0,445.0,11.0,56.00000000000001,ORD-003567
CYC-003568,AGT-0398,BATCH-202503-575,100.0,90.0,10.0,74.0,ORD-003568
CYC-003569,AGT-0398,BATCH-202505-638,200.0,179.0,10.5,59.0,ORD-003569
CYC-003570,AGT-0398,BATCH-202507-154,300.0,259.0,13.67,72.0,ORD-003570
CYC-003571,AGT-0398,BATCH-202509-859,100.0,87.0,13.0,74.0,ORD-003571
CYC-003572,AGT-0399,BATCH-202504-823,300.0,281.0,6.33,97.0,ORD-003572
CYC-003573,AGT-0399,BATCH-202509-242,500.0,471.0,5.8,78.0,ORD-003573
CYC-003574,AGT-0399,BATCH-202502-194,200.0,190.0,5.0,85.0,ORD-003574
CYC-003575,AGT-0399,BATCH-202507-937,200.0,182.0,9.0,92.0,ORD-003575
CYC-003576,AGT-0399,BATCH-202512-744,300.0,279.0,7.0,78.0,ORD-003576
CYC-003577,AGT-0399,BATCH-202502-325,500.0,473.0,5.4,94.0,ORD-003577
CYC-003578,AGT-0399,BATCH-202502-295,200.0,196.0,2.0,87.0,ORD-003578
CYC-003579,AGT-0399,BATCH-202505-472,100.0,95.0,5.0,81.0,ORD-003579
CYC-003580,AGT-0399,BATCH-202505-381,100.0,91.0,9.0,98.0,ORD-003580
CYC-003581,AGT-0399,BATCH-202508-872,1000.0,899.0,10.1,88.0,ORD-003581
CYC-003582,AGT-0400,BATCH-202512-633,500.0,495.0,1.0,80.0,ORD-003582
CYC-003583,AGT-0400,BATCH-202501-849,300.0,296.0,1.33,96.0,ORD-003583
CYC-003584,AGT-0400,BATCH-202501-662,500.0,483.0,3.4,98.0,ORD-003584
CYC-003585,AGT-0400,BATCH-202505-768,100.0,98.0,2.0,89.0,ORD-003585
CYC-003586,AGT-0400,BATCH-202502-842,100.0,99.0,1.0,78.0,ORD-003586
CYC-003587,AGT-0400,BATCH-202509-187,100.0,97.0,3.0,96.0,ORD-003587
CYC-003588,AGT-0400,BATCH-202507-749,200.0,191.0,4.5,93.0,ORD-003588
CYC-003589,AGT-0400,BATCH-202508-774,300.0,291.0,3.0,85.0,ORD-003589
CYC-003590,AGT-0400,BATCH-202507-996,200.0,193.0,3.5,85.0,ORD-003590
CYC-003591,AGT-0400,BATCH-202507-316,300.0,287.0,4.33,81.0,ORD-003591
CYC-003592,AGT-0400,BATCH-202503-176,500.0,481.0,3.8,95.0,ORD-003592
CYC-003593,AGT-0401,BATCH-202511-784,100.0,97.0,3.0,95.0,ORD-003593
CYC-003594,AGT-0401,BATCH-202512-460,300.0,284.0,5.33,89.0,ORD-003594
CYC-003595,AGT-0401,BATCH-202511-205,200.0,179.0,10.5,93.0,ORD-003595
CYC-003596,AGT-0401,BATCH-202509-576,300.0,278.0,7.33,76.0,ORD-003596
CYC-003597,AGT-0401,BATCH-202501-126,200.0,188.0,6.0,91.0,ORD-003597
CYC-003598,AGT-0401,BATCH-202503-997,100.0,94.0,6.0,89.0,ORD-003598
CYC-003599,AGT-0401,BATCH-202510-183,500.0,449.0,10.2,89.0,ORD-003599
CYC-003601,AGT-0402,BATCH-202505-673,200.0,178.0,11.0,56.00000000000001,ORD-003601
CYC-003602,AGT-0402,BATCH-202507-270,100.0,91.0,9.0,56.00000000000001,ORD-003602
CYC-003603,AGT-0402,BATCH-202506-291,200.0,172.0,14.0,84.0,ORD-003603
CYC-003604,AGT-0402,BATCH-202504-866,100.0,87.0,13.0,79.0,ORD-003604
CYC-003605,AGT-0402,BATCH-202508-384,500.0,443.0,11.4,67.0,ORD-003605
CYC-003606,AGT-0402,BATCH-202506-144,300.0,272.0,9.33,80.0,ORD-003606
CYC-003607,AGT-0402,BATCH-202506-248,300.0,263.0,12.33,63.0,ORD-003607
CYC-003608,AGT-0402,BATCH-202508-473,200.0,172.0,14.0,60.0,ORD-003608
CYC-003609,AGT-0402,BATCH-202508-968,300.0,262.0,12.67,66.0,ORD-003609
CYC-003610,AGT-0403,,500.0,495.0,1.0,92.0,ORD-003610
CYC-003611,AGT-0403,BATCH-202512-883,200.0,198.0,1.0,87.0,ORD-003611
CYC-003612,AGT-0403,BATCH-202509-711,200.0,192.0,4.0,100.0,ORD-003612
CYC-003613,AGT-0403,BATCH-202512-477,300.0,296.0,1.33,92.0,ORD-003613
CYC-003614,AGT-0403,BATCH-202509-483,300.0,291.0,3.0,90.0,ORD-003614
CYC-003615,AGT-0403,BATCH-202509-260,100.0,97.0,3.0,84.0,ORD-003615
CYC-003616,AGT-0403,BATCH-202501-448,200.0,198.0,1.0,89.0,ORD-003616
CYC-003617,AGT-0403,BATCH-202511-686,500.0,495.0,1.0,79.0,ORD-003617
CYC-003618,AGT-0403,BATCH-202511-592,100.0,98.0,2.0,95.0,ORD-003618
CYC-003619,AGT-0403,BATCH-202503-674,200.0,190.0,5.0,88.0,ORD-003619
CYC-003620,AGT-0404,BATCH-202503-889,300.0,293.0,2.33,92.0,ORD-003620
CYC-003621,AGT-0404,BATCH-202507-615,300.0,281.0,6.33,79.0,ORD-003621
CYC-003622,AGT-0404,BATCH-202505-518,200.0,186.0,7.0,79.0,ORD-003622
CYC-003623,AGT-0404,BATCH-202502-289,200.0,182.0,9.0,81.0,ORD-003623
CYC-003624,AGT-0404,BATCH-202504-469,200.0,189.0,5.5,92.0,ORD-003624
CYC-003625,AGT-0404,BATCH-202507-192,200.0,198.0,1.0,94.0,ORD-003625
CYC-003626,AGT-0404,BATCH-202512-721,1000.0,965.0,3.5,79.0,ORD-003626
CYC-003627,AGT-0404,BATCH-202508-413,200.0,193.0,3.5,81.0,ORD-003627
CYC-003628,AGT-0404,BATCH-202505-176,200.0,182.0,9.0,98.0,ORD-003628
CYC-003629,AGT-0404,BATCH-202503-389,500.0,476.0,4.8,95.0,ORD-003629
CYC-003630,AGT-0404,BATCH-202502-135,200.0,184.0,8.0,77.0,ORD-003630
CYC-003631,AGT-0404,BATCH-202506-980,300.0,274.0,8.67,90.0,ORD-003631
CYC-003632,AGT-0405,BATCH-202501-692,200.0,184.0,8.0,91.0,ORD-003632
CYC-003633,AGT-0405,BATCH-202502-572,300.0,280.0,6.67,80.0,ORD-003633
CYC-003634,AGT-0405,BATCH-202507-909,100.0,96.0,4.0,86.0,ORD-003634
CYC-003635,AGT-0405,BATCH-202507-304,200.0,187.0,6.5,89.0,ORD-003635
CYC-003636,AGT-0405,BATCH-202503-185,300.0,274.0,8.67,87.0,ORD-003636
CYC-003637,AGT-0405,BATCH-202506-851,200.0,195.0,2.5,77.0,ORD-003637
CYC-003638,AGT-0406,BATCH-202501-848,200.0,188.0,6.0,87.0,ORD-003638
CYC-003639,AGT-0406,BATCH-202503-695,300.0,282.0,6.0,88.0,ORD-003639
CYC-003640,AGT-0406,BATCH-202502-140,300.0,280.0,6.67,95.0,ORD-003640
CYC-003641,AGT-0406,BATCH-202502-427,100.0,93.0,7.0,97.0,ORD-003641
CYC-003642,AGT-0406,BATCH-202508-242,200.0,186.0,7.0,91.0,ORD-003642
CYC-003643,AGT-0406,BATCH-202505-767,100.0,90.0,10.0,92.0,ORD-003643
CYC-003644,AGT-0406,BATCH-202505-277,300.0,289.0,3.67,86.0,ORD-003644
CYC-003645,AGT-0406,BATCH-202503-568,200.0,185.0,7.5,92.0,ORD-003645
CYC-003646,AGT-0407,BATCH-202508-519,1000.0,926.0,7.4,77.0,ORD-003646
CYC-003647,AGT-0407,BATCH-202512-898,200.0,183.0,8.5,,ORD-003647
CYC-003648,AGT-0407,BATCH-202507-123,300.0,290.0,3.33,99.0,ORD-003648
CYC-003649,AGT-0407,BATCH-202506-217,200.0,189.0,5.5,88.0,ORD-003649
CYC-003650,AGT-0407,BATCH-202507-425,200.0,192.0,4.0,90.0,ORD-003650
CYC-003651,AGT-0407,BATCH-202507-354,1000.0,938.0,6.2,93.0,ORD-003651
CYC-003652,AGT-0407,BATCH-202503-838,500.0,474.0,5.2,78.0,ORD-003652
CYC-003653,AGT-0407,BATCH-202505-978,200.0,186.0,7.0,95.0,ORD-003653
CYC-003654,AGT-0408,BATCH-202507-769,300.0,284.0,5.33,81.0,ORD-003654
CYC-003655,AGT-0408,BATCH-202512-136,300.0,296.0,1.33,80.0,ORD-003655
CYC-003656,AGT-0408,BATCH-202512-404,200.0,189.0,5.5,87.0,ORD-003656
CYC-003657,AGT-0408,BATCH-202502-233,200.0,191.0,4.5,97.0,ORD-003657
CYC-003658,AGT-0408,BATCH-202512-300,200.0,191.0,4.5,76.0,ORD-003658
CYC-003659,AGT-0408,BATCH-202503-857,100.0,92.0,8.0,86.0,ORD-003659
CYC-003660,AGT-0409,BATCH-202501-652,100.0,92.0,8.0,90.0,ORD-003660
CYC-003661,AGT-0409,BATCH-202502-967,300.0,267.0,11.0,90.0,ORD-003661
CYC-003662,AGT-0409,BATCH-202512-560,200.0,188.0,6.0,97.0,ORD-003662
CYC-003663,AGT-9999,BATCH-202508-535,1000.0,843.0,15.7,64.0,ORD-003663
CYC-003664,AGT-0409,BATCH-202506-731,200.0,188.0,6.0,81.0,ORD-003664
CYC-003665,AGT-0409,BATCH-202507-230,100.0,,8.0,94.0,ORD-003665
CYC-003666,AGT-0409,BATCH-202511-230,100.0,94.0,6.0,92.0,ORD-003666
CYC-003667,AGT-0409,BATCH-202503-485,500.0,462.0,7.6,98.0,ORD-003667
CYC-003668,AGT-0409,BATCH-202506-609,200.0,193.0,3.5,98.0,ORD-003668
CYC-003669,AGT-0409,BATCH-202510-365,300.0,275.0,8.33,99.0,ORD-003669
CYC-003670,AGT-0410,BATCH-202509-348,500.0,463.0,7.4,87.0,ORD-003670
CYC-003671,AGT-0410,BATCH-202509-327,100.0,92.0,8.0,83.0,ORD-003671
CYC-003672,AGT-0410,BATCH-202510-487,300.0,285.0,5.0,83.0,ORD-003672
CYC-003673,AGT-0410,BATCH-202504-496,100.0,92.0,8.0,81.0,ORD-003673
CYC-003674,AGT-0410,BATCH-202504-767,100.0,92.0,8.0,83.0,ORD-003674
CYC-003675,AGT-0410,BATCH-202503-117,100.0,91.0,9.0,90.0,ORD-003675
CYC-003676,AGT-0411,BATCH-202512-680,100.0,92.0,8.0,80.0,ORD-003676
CYC-003677,AGT-0411,BATCH-202508-207,200.0,197.0,1.5,79.0,ORD-003677
CYC-003678,AGT-0411,BATCH-202512-963,200.0,188.0,6.0,89.0,ORD-003678
CYC-003679,AGT-0411,BATCH-202504-162,100.0,94.0,6.0,99.0,ORD-003679
CYC-003680,AGT-0411,BATCH-202505-930,300.0,276.0,8.0,93.0,ORD-003680
CYC-003681,AGT-0411,BATCH-202507-338,200.0,182.0,9.0,79.0,ORD-003681
CYC-003682,AGT-0411,BATCH-202509-945,300.0,271.0,9.67,77.0,ORD-003682
CYC-003683,AGT-0412,BATCH-202508-787,200.0,192.0,4.0,92.0,ORD-003683
CYC-003684,AGT-0412,BATCH-202508-139,300.0,275.0,8.33,100.0,ORD-003684
CYC-003685,AGT-0412,BATCH-202505-843,200.0,188.0,6.0,92.0,ORD-003685
CYC-003686,AGT-0412,BATCH-202510-637,1000.0,927.0,7.3,88.0,ORD-003686
CYC-003687,AGT-0412,BATCH-202508-698,200.0,192.0,4.0,82.0,ORD-003687
CYC-003688,AGT-0412,BATCH-202510-468,300.0,288.0,4.0,97.0,ORD-003688
CYC-003689,AGT-0412,BATCH-202510-346,100.0,91.0,9.0,97.0,ORD-003689
CYC-003690,AGT-0412,BATCH-202506-701,200.0,182.0,9.0,93.0,ORD-003690
CYC-003691,AGT-0413,BATCH-202510-750,200.0,193.0,3.5,85.0,ORD-003691
CYC-003692,AGT-0413,BATCH-202505-112,100.0,95.0,5.0,98.0,ORD-003692
CYC-003693,AGT-0413,BATCH-202501-899,200.0,188.0,6.0,75.0,ORD-003693
CYC-003694,AGT-0413,BATCH-202504-473,200.0,191.0,4.5,97.0,ORD-003694
CYC-003695,AGT-0413,BATCH-202511-819,100.0,96.0,4.0,86.0,ORD-003695
CYC-003696,AGT-0413,BATCH-202511-273,200.0,187.0,6.5,99.0,ORD-003696
CYC-003697,AGT-0413,BATCH-202505-375,100.0,95.0,5.0,88.0,ORD-003697
CYC-003698,AGT-0414,BATCH-202509-364,100.0,89.0,11.0,85.0,ORD-003698
CYC-003699,AGT-0414,BATCH-202501-546,100.0,91.0,9.0,66.0,ORD-003699
CYC-003700,AGT-0414,BATCH-202509-170,500.0,436.0,12.8,73.0,ORD-003700
CYC-003701,AGT-0414,BATCH-202511-745,100.0,89.0,11.0,75.0,ORD-003701
CYC-003702,AGT-0414,BATCH-202509-856,100.0,87.0,13.0,67.0,ORD-003702
CYC-003703,AGT-0414,BATCH-202504-550,500.0,441.0,11.8,74.0,ORD-003703
CYC-003704,AGT-0414,BATCH-202501-627,100.0,87.0,13.0,82.0,ORD-003704
CYC-003705,AGT-0414,BATCH-202507-780,500.0,448.0,10.4,56.00000000000001,ORD-003705
CYC-003706,AGT-0414,BATCH-202503-790,200.0,179.0,10.5,68.0,ORD-003706
CYC-003707,AGT-0415,BATCH-202501-410,200.0,195.0,2.5,91.0,ORD-003707
CYC-003708,AGT-0415,BATCH-202506-701,100.0,94.0,6.0,84.0,ORD-003708
CYC-003709,AGT-0415,BATCH-202507-126,200.0,198.0,1.0,78.0,ORD-003709
CYC-003710,AGT-0415,BATCH-202508-447,200.0,190.0,5.0,97.0,ORD-003710
CYC-003711,AGT-0415,BATCH-202503-477,300.0,286.0,4.67,92.0,ORD-003711
CYC-003712,AGT-0415,BATCH-202504-232,300.0,280.0,6.67,98.0,ORD-003712
CYC-003713,AGT-0415,BATCH-202505-929,300.0,,4.33,85.0,ORD-003713
CYC-003714,AGT-0415,BATCH-202511-189,300.0,296.0,1.33,90.0,ORD-003714
CYC-003715,AGT-0415,BATCH-202508-927,100.0,99.0,1.0,89.0,ORD-003715
CYC-003716,AGT-0415,BATCH-202504-581,1000.0,936.0,6.4,87.0,ORD-003716
CYC-003717,AGT-0416,BATCH-202501-448,200.0,198.0,1.0,81.0,ORD-003717
CYC-003718,AGT-0416,BATCH-202512-681,1000.0,990.0,1.0,93.0,ORD-003718
CYC-003719,AGT-0416,BATCH-202506-256,100.0,94.0,6.0,85.0,ORD-003719
CYC-003720,AGT-0416,BATCH-202509-785,300.0,292.0,2.67,93.0,ORD-003720
CYC-003721,AGT-0416,BATCH-202511-680,200.0,195.0,2.5,85.0,ORD-003721
CYC-003722,AGT-0416,BATCH-202504-201,300.0,295.0,1.67,80.0,ORD-003722
CYC-003723,AGT-0416,BATCH-202509-787,200.0,195.0,2.5,81.0,ORD-003723
CYC-003724,AGT-0416,BATCH-202505-928,500.0,490.0,2.0,86.0,ORD-003724
CYC-003725,AGT-0416,BATCH-202506-778,500.0,472.0,5.6,95.0,ORD-003725
CYC-003726,AGT-0416,BATCH-202505-888,200.0,194.0,3.0,79.0,ORD-003726
CYC-003727,AGT-0416,BATCH-202512-949,300.0,,6.0,94.0,ORD-003727
CYC-003728,AGT-0416,BATCH-202510-104,300.0,293.0,2.33,94.0,ORD-003728
CYC-003729,AGT-0417,BATCH-202508-406,200.0,186.0,7.0,84.0,ORD-003729
CYC-003730,AGT-0417,BATCH-202502-604,100.0,93.0,7.0,87.0,ORD-003730
CYC-003731,AGT-0417,BATCH-202512-669,300.0,275.0,8.33,91.0,ORD-003731
CYC-003732,AGT-0417,BATCH-202507-957,300.0,277.0,7.67,99.0,ORD-003732
CYC-003733,AGT-0417,BATCH-202508-855,100.0,92.0,8.0,78.0,ORD-003733
CYC-003734,AGT-0417,BATCH-202509-335,200.0,183.0,8.5,83.0,ORD-003734
CYC-003735,AGT-0417,BATCH-202507-421,300.0,279.0,7.0,75.0,ORD-003735
CYC-003736,AGT-0417,BATCH-202512-458,200.0,186.0,7.0,86.0,ORD-003736
CYC-003737,AGT-0417,BATCH-202512-705,200.0,186.0,7.0,81.0,ORD-003737
CYC-003738,AGT-0417,BATCH-202509-635,200.0,194.0,3.0,92.0,ORD-003738
CYC-003739,AGT-0417,,300.0,277.0,7.67,96.0,ORD-003739
CYC-003740,AGT-0417,BATCH-202501-519,300.0,275.0,8.33,92.0,ORD-003740
CYC-003741,AGT-0418,BATCH-202501-622,1000.0,963.0,3.7,87.0,ORD-003741
CYC-003742,AGT-0418,BATCH-202504-669,300.0,283.0,5.67,88.0,ORD-003742
CYC-003743,AGT-0418,BATCH-202508-701,200.0,185.0,7.5,79.0,ORD-003743
CYC-003744,AGT-0418,BATCH-202508-476,200.0,190.0,5.0,91.0,ORD-003744
CYC-003745,AGT-0418,BATCH-202507-566,500.0,474.0,5.2,77.0,ORD-003745
CYC-003746,AGT-0418,BATCH-202511-706,300.0,280.0,6.67,87.0,ORD-003746
CYC-003747,AGT-0419,BATCH-202507-798,300.0,289.0,3.67,83.0,ORD-003747
CYC-003748,AGT-0419,BATCH-202509-988,100.0,95.0,5.0,76.0,ORD-003748
CYC-003749,AGT-0419,BATCH-202505-156,200.0,194.0,3.0,88.0,ORD-003749
CYC-003751,AGT-0419,BATCH-202503-144,300.0,289.0,3.67,75.0,ORD-003751
CYC-003752,AGT-0419,BATCH-202509-529,100.0,95.0,5.0,82.0,ORD-003752
CYC-003753,AGT-0419,BATCH-202508-775,200.0,198.0,1.0,96.0,ORD-003753
CYC-003754,AGT-0419,BATCH-202507-975,500.0,472.0,5.6,81.0,ORD-003754
CYC-003755,AGT-0420,BATCH-202507-250,300.0,272.0,9.33,99.0,ORD-003755
CYC-003756,AGT-0420,BATCH-202501-161,100.0,91.0,9.0,76.0,ORD-003756
CYC-003757,AGT-0420,BATCH-202510-158,200.0,,4.0,76.0,ORD-003757
CYC-003758,AGT-0420,BATCH-202510-986,300.0,290.0,3.33,88.0,ORD-003758
CYC-003759,AGT-0420,BATCH-202505-426,200.0,189.0,5.5,86.0,ORD-003759
CYC-003760,AGT-0420,BATCH-202501-373,200.0,185.0,7.5,96.0,ORD-003760
CYC-003761,AGT-0420,BATCH-202510-932,200.0,190.0,5.0,99.0,ORD-003761
CYC-003762,AGT-0420,BATCH-202507-527,500.0,463.0,7.4,95.0,ORD-003762
CYC-003763,AGT-0420,BATCH-202505-616,200.0,189.0,5.5,93.0,ORD-003763
CYC-003764,AGT-0420,BATCH-202502-937,200.0,189.0,5.5,100.0,ORD-003764
CYC-003765,AGT-0420,BATCH-202503-129,200.0,189.0,5.5,84.0,ORD-003765
CYC-003766,AGT-0420,BATCH-202510-197,200.0,187.0,6.5,92.0,ORD-003766
CYC-003767,AGT-0421,BATCH-202501-951,200.0,186.0,7.0,98.0,ORD-003767
CYC-003768,AGT-0421,BATCH-202510-250,500.0,482.0,3.6,80.0,ORD-003768
CYC-003769,AGT-0421,BATCH-202511-197,300.0,286.0,4.67,92.0,ORD-003769
CYC-003770,AGT-0421,BATCH-202505-209,300.0,288.0,4.0,92.0,ORD-003770
CYC-003771,AGT-0421,BATCH-202510-200,100.0,95.0,5.0,85.0,ORD-003771
CYC-003772,AGT-0421,BATCH-202508-593,100.0,94.0,6.0,97.0,ORD-003772
CYC-003773,AGT-0422,BATCH-202510-157,100.0,89.0,11.0,78.0,ORD-003773
CYC-003774,AGT-0422,BATCH-202510-134,100.0,87.0,13.0,70.0,ORD-003774
CYC-003775,AGT-0422,BATCH-202512-497,100.0,90.0,10.0,76.0,ORD-003775
CYC-003776,AGT-0422,BATCH-202512-261,1000.0,849.0,15.1,62.0,ORD-003776
CYC-003777,AGT-0422,BATCH-202506-714,300.0,259.0,13.67,56.00000000000001,ORD-003777
CYC-003778,AGT-0422,BATCH-202509-679,500.0,447.0,10.6,76.0,ORD-003778
CYC-003779,AGT-0422,BATCH-202512-817,200.0,169.0,15.5,61.0,ORD-003779
CYC-003780,AGT-0422,BATCH-202510-293,500.0,424.0,15.2,59.0,ORD-003780
CYC-003781,AGT-0422,BATCH-202507-258,200.0,181.0,9.5,100.0,ORD-003781
CYC-003782,AGT-0422,BATCH-202512-867,300.0,278.0,7.33,75.0,ORD-003782
CYC-003783,AGT-0422,BATCH-202508-819,100.0,88.0,12.0,69.0,ORD-003783
CYC-003784,AGT-0423,BATCH-202510-215,300.0,274.0,8.67,84.0,ORD-003784
CYC-003785,AGT-0423,BATCH-202509-417,300.0,284.0,5.33,92.0,ORD-003785
CYC-003786,AGT-0423,BATCH-202510-868,100.0,92.0,8.0,84.0,ORD-003786
CYC-003787,AGT-0423,BATCH-202512-925,200.0,190.0,5.0,100.0,ORD-003787
CYC-003788,AGT-0423,,300.0,288.0,4.0,79.0,ORD-003788
CYC-003789,AGT-0423,BATCH-202509-209,200.0,184.0,8.0,89.0,ORD-003789
CYC-003790,AGT-0423,BATCH-202504-821,100.0,95.0,5.0,82.0,ORD-003790
CYC-003791,AGT-0424,BATCH-202504-260,300.0,282.0,6.0,100.0,ORD-003791
CYC-003792,AGT-0424,BATCH-202512-348,300.0,293.0,2.33,97.0,ORD-003792
CYC-003793,AGT-0424,BATCH-202511-460,100.0,96.0,4.0,88.0,ORD-003793
CYC-003794,AGT-0424,BATCH-202511-391,100.0,99.0,1.0,97.0,ORD-003794
CYC-003795,AGT-0424,BATCH-202506-994,200.0,195.0,2.5,89.0,ORD-003795
CYC-003796,AGT-0424,BATCH-202512-732,200.0,196.0,2.0,88.0,ORD-003796
CYC-003797,AGT-0424,BATCH-202503-196,200.0,188.0,6.0,97.0,ORD-003797
CYC-003798,AGT-0424,BATCH-202503-557,500.0,495.0,1.0,82.0,ORD-003798
CYC-003799,AGT-0424,BATCH-202511-950,500.0,475.0,5.0,88.0,ORD-003799
CYC-003800,AGT-0424,BATCH-202501-124,500.0,480.0,4.0,88.0,ORD-003800
CYC-003801,AGT-0424,BATCH-202504-327,200.0,185.0,7.5,,ORD-003801
CYC-003802,AGT-0425,BATCH-202506-112,100.0,92.0,8.0,88.0,ORD-003802
CYC-003803,AGT-0425,BATCH-202509-904,200.0,182.0,9.0,80.0,ORD-003803
CYC-003804,AGT-0425,BATCH-202511-383,200.0,183.0,8.5,93.0,ORD-003804
CYC-003805,AGT-0425,BATCH-202508-249,100.0,93.0,7.0,92.0,ORD-003805
CYC-003806,AGT-0425,BATCH-202503-621,100.0,94.0,6.0,96.0,ORD-003806
CYC-003807,AGT-0425,BATCH-202508-589,200.0,190.0,5.0,80.0,ORD-003807
CYC-003808,AGT-0425,BATCH-202507-227,300.0,273.0,9.0,96.0,ORD-003808
CYC-003809,AGT-0426,BATCH-202503-244,200.0,179.0,10.5,80.0,ORD-003809
CYC-003810,AGT-0426,BATCH-202508-549,200.0,178.0,11.0,74.0,ORD-003810
CYC-003811,AGT-0426,BATCH-202507-158,100.0,86.0,14.0,64.0,ORD-003811
CYC-003812,AGT-0426,BATCH-202512-534,200.0,177.0,11.5,65.0,ORD-003812
CYC-003813,AGT-0426,BATCH-202508-367,300.0,268.0,10.67,63.0,ORD-003813
CYC-003814,AGT-0426,BATCH-202504-713,500.0,454.0,9.2,75.0,ORD-003814
CYC-003815,AGT-0426,BATCH-202501-693,200.0,175.0,12.5,70.0,ORD-003815
CYC-003816,AGT-0426,BATCH-202501-495,200.0,179.0,10.5,72.0,ORD-003816
CYC-003817,AGT-0426,BATCH-202506-753,300.0,266.0,11.33,62.0,ORD-003817
CYC-003818,AGT-0426,BATCH-202501-842,300.0,271.0,9.67,68.0,ORD-003818
CYC-003819,AGT-0426,BATCH-202505-630,200.0,175.0,12.5,64.0,ORD-003819
CYC-003820,AGT-0427,BATCH-202501-772,300.0,286.0,4.67,97.0,ORD-003820
CYC-003821,AGT-0427,BATCH-202509-546,100.0,94.0,6.0,97.0,ORD-003821
CYC-003822,AGT-0427,BATCH-202511-525,200.0,185.0,7.5,94.0,ORD-003822
CYC-003823,AGT-0427,BATCH-202502-129,200.0,192.0,4.0,87.0,ORD-003823
CYC-003824,AGT-0427,BATCH-202503-505,300.0,274.0,8.67,88.0,ORD-003824
CYC-003825,AGT-0427,BATCH-202504-231,500.0,464.0,7.2,77.0,ORD-003825
CYC-003826,AGT-0427,BATCH-202509-947,200.0,189.0,5.5,90.0,ORD-003826
CYC-003827,AGT-0428,BATCH-202501-646,500.0,455.0,9.0,84.0,ORD-003827
CYC-003828,AGT-0428,BATCH-202512-242,100.0,96.0,4.0,80.0,ORD-003828
CYC-003829,AGT-0428,BATCH-202509-658,200.0,183.0,8.5,92.0,ORD-003829
CYC-003830,AGT-0428,BATCH-202506-250,300.0,282.0,6.0,84.0,ORD-003830
CYC-003831,AGT-0428,BATCH-202507-584,200.0,184.0,8.0,93.0,ORD-003831
CYC-003832,AGT-0428,BATCH-202510-344,200.0,193.0,3.5,83.0,ORD-003832
CYC-003833,AGT-0428,BATCH-202509-389,300.0,282.0,6.0,78.0,ORD-003833
CYC-003834,AGT-0428,BATCH-202504-856,300.0,274.0,8.67,96.0,ORD-003834
CYC-003835,AGT-0428,BATCH-202511-736,200.0,193.0,3.5,92.0,ORD-003835
CYC-003836,AGT-0429,BATCH-202505-527,200.0,172.0,14.0,80.0,ORD-003836
CYC-003837,AGT-0429,BATCH-202505-125,100.0,88.0,12.0,70.0,ORD-003837
CYC-003838,AGT-0429,BATCH-202509-301,200.0,177.0,11.5,57.99999999999999,ORD-003838
CYC-003839,AGT-0429,BATCH-202511-298,100.0,83.0,17.0,62.0,ORD-003839
CYC-003840,AGT-0429,BATCH-202510-868,100.0,89.0,11.0,85.0,ORD-003840
CYC-003841,AGT-0429,BATCH-202505-486,300.0,263.0,12.33,62.0,ORD-003841
CYC-003842,AGT-0429,BATCH-202506-570,500.0,450.0,10.0,79.0,ORD-003842
CYC-003843,AGT-0430,BATCH-202511-456,300.0,275.0,8.33,98.0,ORD-003843
CYC-003844,AGT-0430,BATCH-202512-382,200.0,192.0,4.0,76.0,ORD-003844
CYC-003845,AGT-0430,BATCH-202512-570,200.0,184.0,8.0,,ORD-003845
CYC-003846,AGT-0430,BATCH-202511-589,200.0,192.0,4.0,84.0,ORD-003846
CYC-003847,AGT-0430,BATCH-202506-763,300.0,291.0,3.0,90.0,ORD-003847
CYC-003848,AGT-0430,BATCH-202504-448,500.0,468.0,6.4,84.0,ORD-003848
CYC-003849,AGT-0430,BATCH-202502-239,1000.0,954.0,4.6,89.0,ORD-003849
CYC-003850,AGT-0431,BATCH-202506-449,200.0,173.0,13.5,83.0,ORD-003850
CYC-003852,AGT-0431,BATCH-202509-111,500.0,434.0,13.2,55.00000000000001,ORD-003852
CYC-003853,AGT-0431,BATCH-202508-976,100.0,86.0,14.0,64.0,ORD-003853
CYC-003854,AGT-0431,BATCH-202503-162,1000.0,892.0,10.8,71.0,ORD-003854
CYC-003855,AGT-0431,BATCH-202509-735,300.0,257.0,14.33,78.0,ORD-003855
CYC-003856,AGT-0431,BATCH-202508-332,100.0,90.0,10.0,67.0,ORD-003856
CYC-003857,AGT-0431,BATCH-202505-267,300.0,276.0,8.0,56.00000000000001,ORD-003857
CYC-003858,AGT-0431,BATCH-202506-584,200.0,180.0,10.0,59.0,ORD-003858
CYC-003859,AGT-0432,BATCH-202505-855,300.0,273.0,9.0,86.0,ORD-003859
CYC-003860,AGT-0432,BATCH-202512-264,300.0,,4.0,86.0,ORD-003860
CYC-003861,AGT-0432,BATCH-202504-461,500.0,456.0,8.8,94.0,ORD-003861
CYC-003862,AGT-0432,BATCH-202508-487,500.0,485.0,3.0,91.0,ORD-003862
CYC-003863,AGT-0432,BATCH-202510-987,500.0,493.0,1.4,90.0,ORD-003863
CYC-003864,AGT-0432,BATCH-202508-521,200.0,191.0,4.5,77.0,ORD-003864
CYC-003865,AGT-0432,BATCH-202507-588,200.0,188.0,6.0,90.0,ORD-003865
CYC-003866,AGT-0432,BATCH-202512-755,200.0,188.0,6.0,75.0,ORD-003866
CYC-003867,AGT-0432,BATCH-202510-741,100.0,95.0,5.0,77.0,ORD-003867
CYC-003868,AGT-0433,BATCH-202508-594,500.0,481.0,3.8,84.0,ORD-003868
CYC-003869,AGT-0433,BATCH-202503-897,500.0,478.0,4.4,87.0,ORD-003869
CYC-003870,AGT-0433,BATCH-202508-789,200.0,187.0,6.5,83.0,ORD-003870
CYC-003871,AGT-0433,BATCH-202507-249,100.0,97.0,3.0,87.0,ORD-003871
CYC-003872,AGT-0433,BATCH-202509-845,100.0,99.0,1.0,88.0,ORD-003872
CYC-003873,AGT-0433,BATCH-202503-586,200.0,191.0,4.5,,ORD-003873
CYC-003874,AGT-0433,BATCH-202508-701,200.0,187.0,6.5,89.0,ORD-003874
CYC-003875,AGT-0433,BATCH-202506-824,200.0,189.0,5.5,,ORD-003875
CYC-003876,AGT-0433,BATCH-202504-199,200.0,194.0,3.0,93.0,ORD-003876
CYC-003877,AGT-0433,BATCH-202503-410,1000.0,931.0,6.9,,ORD-003877
CYC-003878,AGT-0433,BATCH-202507-834,200.0,184.0,8.0,98.0,ORD-003878
CYC-003879,AGT-0433,BATCH-202507-433,200.0,187.0,6.5,77.0,ORD-003879
CYC-003880,AGT-0434,BATCH-202507-130,100.0,86.0,14.0,81.0,ORD-003880
CYC-003881,AGT-0434,BATCH-202506-592,500.0,441.0,11.8,56.99999999999999,ORD-003881
CYC-003882,AGT-0434,BATCH-202509-934,300.0,276.0,8.0,60.0,ORD-003882
CYC-003883,AGT-0434,BATCH-202510-843,200.0,175.0,12.5,85.0,ORD-003883
CYC-003884,AGT-0434,BATCH-202501-149,300.0,258.0,14.0,57.99999999999999,ORD-003884
CYC-003885,AGT-0434,BATCH-202510-243,1000.0,908.0,9.2,77.0,ORD-003885
CYC-003886,AGT-0435,BATCH-202506-249,100.0,96.0,4.0,80.0,ORD-003886
CYC-003887,AGT-0435,BATCH-202508-136,500.0,483.0,3.4,79.0,ORD-003887
CYC-003888,AGT-0435,BATCH-202504-463,200.0,191.0,4.5,92.0,ORD-003888
CYC-003889,AGT-0435,BATCH-202508-983,200.0,189.0,5.5,94.0,ORD-003889
CYC-003890,AGT-0435,BATCH-202502-212,1000.0,970.0,3.0,82.0,ORD-003890
CYC-003891,AGT-0435,BATCH-202503-627,200.0,192.0,4.0,92.0,ORD-003891
CYC-003892,AGT-0436,BATCH-202506-683,200.0,198.0,1.0,95.0,ORD-003892
CYC-003893,AGT-0436,BATCH-202505-522,100.0,93.0,7.0,79.0,ORD-003893
CYC-003894,AGT-0436,BATCH-202510-146,300.0,287.0,4.33,94.0,ORD-003894
CYC-003895,AGT-0436,BATCH-202501-111,200.0,191.0,4.5,78.0,ORD-003895
CYC-003896,AGT-0436,BATCH-202506-681,200.0,195.0,2.5,91.0,ORD-003896
CYC-003897,AGT-0436,BATCH-202509-615,100.0,94.0,6.0,87.0,ORD-003897
CYC-003898,AGT-0436,BATCH-202502-355,200.0,196.0,2.0,81.0,ORD-003898
CYC-003899,AGT-0436,BATCH-202503-286,100.0,98.0,2.0,95.0,ORD-003899
CYC-003900,AGT-0436,BATCH-202512-891,200.0,198.0,1.0,91.0,ORD-003900
CYC-003901,AGT-0436,BATCH-202511-646,1000.0,977.0,2.3,88.0,ORD-003901
CYC-003902,AGT-0437,BATCH-202510-829,200.0,187.0,6.5,79.0,ORD-003902
CYC-003903,AGT-0437,BATCH-202501-446,100.0,97.0,3.0,95.0,ORD-003903
CYC-003904,AGT-0437,BATCH-202508-162,200.0,188.0,6.0,78.0,ORD-003904
CYC-003905,AGT-0437,BATCH-202511-189,300.0,279.0,7.0,81.0,ORD-003905
CYC-003906,AGT-0437,BATCH-202510-716,200.0,190.0,5.0,82.0,ORD-003906
CYC-003907,AGT-0437,BATCH-202503-312,200.0,187.0,6.5,84.0,ORD-003907
CYC-003908,AGT-0437,BATCH-202508-345,100.0,94.0,6.0,85.0,ORD-003908
CYC-003909,AGT-0438,BATCH-202508-486,300.0,284.0,5.33,82.0,ORD-003909
CYC-003910,AGT-0438,BATCH-202512-159,1000.0,957.0,4.3,98.0,ORD-003910
CYC-003911,AGT-0438,BATCH-202502-269,100.0,95.0,5.0,82.0,ORD-003911
CYC-003912,AGT-0438,BATCH-202508-342,300.0,291.0,3.0,82.0,ORD-003912
CYC-003913,AGT-0438,BATCH-202503-568,100.0,97.0,3.0,94.0,ORD-003913
CYC-003914,AGT-0438,BATCH-202512-267,100.0,93.0,7.0,90.0,ORD-003914
CYC-003915,AGT-0438,BATCH-202511-804,200.0,190.0,5.0,95.0,ORD-003915
CYC-003916,AGT-0438,BATCH-202509-648,100.0,98.0,2.0,99.0,ORD-003916
CYC-003917,AGT-0438,BATCH-202507-357,200.0,193.0,3.5,98.0,ORD-003917
CYC-003918,AGT-0438,BATCH-202501-926,300.0,284.0,5.33,96.0,ORD-003918
CYC-003919,AGT-0438,BATCH-202503-379,200.0,198.0,1.0,82.0,ORD-003919
CYC-003920,AGT-0439,BATCH-202503-983,300.0,264.0,12.0,78.0,ORD-003920
CYC-003921,AGT-0439,BATCH-202508-336,300.0,263.0,12.33,79.0,ORD-003921
CYC-003922,AGT-0439,BATCH-202504-700,100.0,90.0,10.0,61.0,ORD-003922
CYC-003923,AGT-0439,BATCH-202508-301,500.0,427.0,14.6,62.0,ORD-003923
CYC-003924,AGT-0439,BATCH-202507-598,500.0,,15.6,66.0,ORD-003924
CYC-003925,AGT-0439,BATCH-202510-442,500.0,462.0,7.6,63.0,ORD-003925
CYC-003926,AGT-0439,BATCH-202503-854,300.0,246.0,18.0,85.0,ORD-003926
CYC-003927,AGT-0439,BATCH-202502-824,300.0,268.0,10.67,64.0,ORD-003927
CYC-003928,AGT-0439,BATCH-202502-955,200.0,181.0,9.5,76.0,ORD-003928
CYC-003929,AGT-0439,BATCH-202501-212,300.0,262.0,12.67,68.0,ORD-003929
CYC-003930,AGT-0439,BATCH-202501-233,200.0,178.0,11.0,73.0,ORD-003930
CYC-003931,AGT-0439,BATCH-202510-287,200.0,167.0,16.5,80.0,ORD-003931
CYC-003932,AGT-0440,BATCH-202501-266,200.0,172.0,14.0,69.0,ORD-003932
CYC-003933,AGT-0440,BATCH-202503-176,200.0,180.0,10.0,59.0,ORD-003933
CYC-003934,AGT-0440,BATCH-202503-547,300.0,267.0,11.0,69.0,ORD-003934
CYC-003935,AGT-0440,BATCH-202502-484,300.0,273.0,9.0,64.0,ORD-003935
CYC-003936,AGT-0440,BATCH-202503-916,500.0,442.0,11.6,65.0,ORD-003936
CYC-003937,AGT-0440,BATCH-202507-842,300.0,258.0,14.0,69.0,ORD-003937
CYC-003938,AGT-0440,BATCH-202502-339,300.0,271.0,9.67,56.99999999999999,ORD-003938
CYC-003939,AGT-0440,BATCH-202511-406,300.0,271.0,9.67,83.0,ORD-003939
CYC-003940,AGT-0440,BATCH-202506-367,200.0,175.0,12.5,56.99999999999999,ORD-003940
CYC-003941,AGT-0440,BATCH-202508-580,1000.0,845.0,15.5,81.0,ORD-003941
CYC-003942,AGT-0440,BATCH-202505-610,200.0,173.0,13.5,81.0,ORD-003942
CYC-003943,AGT-0440,BATCH-202504-219,200.0,168.0,16.0,59.0,ORD-003943
CYC-003944,AGT-0441,BATCH-202511-414,300.0,277.0,7.67,94.0,ORD-003944
CYC-003945,AGT-0441,BATCH-202510-917,300.0,292.0,2.67,85.0,ORD-003945
CYC-003946,AGT-0441,BATCH-202511-179,200.0,186.0,7.0,99.0,ORD-003946
CYC-003947,AGT-0441,BATCH-202501-772,500.0,458.0,8.4,84.0,ORD-003947
CYC-003948,AGT-0441,BATCH-202502-689,100.0,91.0,9.0,84.0,ORD-003948
CYC-003949,AGT-0441,BATCH-202508-897,300.0,285.0,5.0,91.0,ORD-003949
CYC-003950,AGT-0441,BATCH-202511-237,100.0,94.0,6.0,77.0,ORD-003950
CYC-003951,AGT-0441,BATCH-202512-204,500.0,454.0,9.2,89.0,ORD-003951
CYC-003952,AGT-0441,BATCH-202501-313,300.0,284.0,5.33,88.0,ORD-003952
CYC-003953,AGT-0441,BATCH-202509-188,200.0,189.0,5.5,94.0,ORD-003953
CYC-003954,AGT-0441,BATCH-202512-409,100.0,97.0,3.0,99.0,ORD-003954
CYC-003955,AGT-0442,BATCH-202510-151,300.0,288.0,4.0,75.0,ORD-003955
CYC-003956,AGT-0442,BATCH-202508-987,200.0,197.0,1.5,93.0,ORD-003956
CYC-003957,AGT-0442,BATCH-202506-778,300.0,276.0,8.0,76.0,ORD-003957
CYC-003958,AGT-0442,BATCH-202501-891,300.0,282.0,6.0,90.0,ORD-003958
CYC-003959,AGT-0442,BATCH-202505-252,100.0,99.0,1.0,88.0,ORD-003959
CYC-003960,AGT-0442,BATCH-202509-544,200.0,198.0,1.0,80.0,ORD-003960
CYC-003961,AGT-0442,BATCH-202505-859,500.0,468.0,6.4,96.0,ORD-003961
CYC-003962,AGT-0442,BATCH-202507-658,500.0,460.0,8.0,95.0,ORD-003962
CYC-003963,AGT-0442,BATCH-202505-711,200.0,190.0,5.0,88.0,ORD-003963
CYC-003964,AGT-0442,BATCH-202503-487,100.0,95.0,5.0,92.0,ORD-003964
CYC-003965,AGT-0442,BATCH-202512-727,100.0,99.0,1.0,100.0,ORD-003965
CYC-003966,AGT-0442,BATCH-202509-721,200.0,190.0,5.0,93.0,ORD-003966
CYC-003967,AGT-0443,BATCH-202506-578,200.0,,7.0,94.0,ORD-003967
CYC-003968,AGT-0443,BATCH-202506-987,500.0,466.0,6.8,90.0,ORD-003968
CYC-003969,AGT-0443,BATCH-202505-595,100.0,90.0,10.0,77.0,ORD-003969
CYC-003970,AGT-0443,BATCH-202508-132,200.0,177.0,11.5,80.0,ORD-003970
CYC-003971,AGT-0443,,100.0,94.0,6.0,82.0,ORD-003971
CYC-003972,AGT-0443,BATCH-202503-870,200.0,186.0,7.0,85.0,ORD-003972
CYC-003973,AGT-0443,BATCH-202503-844,200.0,184.0,8.0,95.0,ORD-003973
CYC-003974,AGT-0443,BATCH-202507-993,200.0,190.0,5.0,90.0,ORD-003974
CYC-003975,AGT-0443,BATCH-202507-866,300.0,271.0,9.67,97.0,ORD-003975
CYC-003976,AGT-0444,BATCH-202503-470,300.0,262.0,12.67,62.0,ORD-003976
CYC-003977,AGT-0444,BATCH-202502-965,200.0,181.0,9.5,74.0,ORD-003977
CYC-003978,AGT-0444,BATCH-202505-380,300.0,268.0,10.67,71.0,ORD-003978
CYC-003979,AGT-0444,BATCH-202506-214,200.0,175.0,12.5,63.0,ORD-003979
CYC-003980,AGT-0444,BATCH-202508-598,1000.0,892.0,10.8,74.0,ORD-003980
CYC-003981,AGT-0444,BATCH-202506-960,200.0,178.0,11.0,85.0,ORD-003981
CYC-003982,AGT-0444,BATCH-202510-593,200.0,172.0,14.0,,ORD-003982
CYC-003983,AGT-0444,BATCH-202509-737,200.0,169.0,15.5,80.0,ORD-003983
CYC-003984,AGT-0444,BATCH-202505-845,300.0,257.0,14.33,81.0,ORD-003984
CYC-003985,AGT-0444,BATCH-202503-565,300.0,266.0,11.33,73.0,ORD-003985
CYC-003986,AGT-0445,BATCH-202511-705,200.0,193.0,3.5,82.0,ORD-003986
CYC-003987,AGT-0445,BATCH-202507-180,1000.0,990.0,1.0,95.0,ORD-003987
CYC-003988,AGT-0445,BATCH-202510-372,200.0,194.0,3.0,97.0,ORD-003988
CYC-003989,AGT-0445,,200.0,191.0,4.5,92.0,ORD-003989
CYC-003990,AGT-0445,BATCH-202508-173,200.0,194.0,3.0,84.0,ORD-003990
CYC-003991,AGT-0445,BATCH-202504-493,300.0,284.0,5.33,97.0,ORD-003991
CYC-003992,AGT-0445,BATCH-202512-737,100.0,97.0,3.0,77.0,ORD-003992
CYC-003993,AGT-0445,BATCH-202501-192,200.0,188.0,6.0,97.0,ORD-003993
CYC-003994,AGT-0445,BATCH-202508-922,500.0,491.0,1.8,80.0,ORD-003994
CYC-003995,AGT-0445,BATCH-202505-960,300.0,288.0,4.0,75.0,ORD-003995
CYC-003996,AGT-9999,BATCH-202510-843,300.0,273.0,9.0,78.0,ORD-003996
CYC-003997,AGT-0446,BATCH-202503-806,200.0,198.0,1.0,97.0,ORD-003997
CYC-003998,AGT-0446,BATCH-202508-959,100.0,99.0,1.0,81.0,ORD-003998
CYC-003999,AGT-0446,BATCH-202502-355,300.0,289.0,3.67,99.0,ORD-003999
CYC-004002,AGT-0446,BATCH-202503-920,200.0,195.0,2.5,94.0,ORD-004002
CYC-004003,AGT-0447,BATCH-202511-644,200.0,183.0,8.5,86.0,ORD-004003
CYC-004004,AGT-0447,BATCH-202501-452,200.0,195.0,2.5,97.0,ORD-004004
CYC-004005,AGT-0447,BATCH-202512-329,300.0,275.0,8.33,90.0,ORD-004005
CYC-004006,AGT-0447,BATCH-202508-833,300.0,272.0,9.33,84.0,ORD-004006
CYC-004007,AGT-0447,BATCH-202504-265,300.0,290.0,3.33,76.0,ORD-004007
CYC-004008,AGT-0447,BATCH-202507-337,300.0,283.0,5.67,76.0,ORD-004008
CYC-004009,AGT-0447,BATCH-202510-276,100.0,94.0,6.0,96.0,ORD-004009
CYC-004010,AGT-0448,BATCH-202503-432,300.0,278.0,7.33,84.0,ORD-004010
CYC-004011,AGT-0448,BATCH-202510-855,300.0,280.0,6.67,93.0,ORD-004011
CYC-004012,AGT-0448,BATCH-202505-317,200.0,196.0,2.0,99.0,ORD-004012
CYC-004013,AGT-0448,BATCH-202508-786,300.0,275.0,8.33,98.0,ORD-004013
CYC-004014,AGT-0448,BATCH-202504-782,200.0,188.0,6.0,91.0,ORD-004014
CYC-004015,AGT-0448,BATCH-202508-324,100.0,93.0,7.0,90.0,ORD-004015
CYC-004016,AGT-0448,BATCH-202503-654,200.0,186.0,7.0,93.0,ORD-004016
CYC-004017,AGT-0448,BATCH-202510-607,100.0,94.0,6.0,92.0,ORD-004017
CYC-004018,AGT-0448,BATCH-202504-440,200.0,188.0,6.0,91.0,ORD-004018
CYC-004019,AGT-0448,BATCH-202506-172,200.0,185.0,7.5,98.0,ORD-004019
CYC-004020,AGT-0448,BATCH-202503-205,200.0,188.0,6.0,100.0,ORD-004020
CYC-004021,AGT-0449,BATCH-202510-552,200.0,182.0,9.0,98.0,ORD-004021
CYC-004022,AGT-0449,BATCH-202501-769,200.0,178.0,11.0,76.0,ORD-004022
CYC-004023,AGT-0449,BATCH-202507-333,300.0,279.0,7.0,77.0,ORD-004023
CYC-004024,AGT-0449,BATCH-202507-623,100.0,93.0,7.0,85.0,ORD-004024
CYC-004025,AGT-0449,BATCH-202505-104,100.0,89.0,11.0,94.0,ORD-004025
CYC-004026,AGT-0449,BATCH-202508-756,500.0,465.0,7.0,100.0,ORD-004026
CYC-004027,AGT-0449,BATCH-202504-108,300.0,284.0,5.33,76.0,ORD-004027
CYC-004028,AGT-0449,BATCH-202504-478,100.0,94.0,6.0,93.0,ORD-004028
CYC-004029,AGT-0449,BATCH-202508-438,300.0,291.0,3.0,91.0,ORD-004029
CYC-004030,AGT-0449,BATCH-202502-883,200.0,189.0,5.5,96.0,ORD-004030
CYC-004031,AGT-0449,BATCH-202505-911,200.0,188.0,6.0,95.0,ORD-004031
CYC-004032,AGT-0450,BATCH-202504-950,300.0,285.0,5.0,76.0,ORD-004032
CYC-004033,AGT-0450,BATCH-202504-562,300.0,279.0,7.0,90.0,ORD-004033
CYC-004034,AGT-0450,BATCH-202504-298,500.0,480.0,4.0,94.0,ORD-004034
CYC-004035,AGT-0450,BATCH-202509-420,200.0,192.0,4.0,93.0,ORD-004035
CYC-004036,AGT-0450,BATCH-202505-852,1000.0,950.0,5.0,91.0,ORD-004036
CYC-004037,AGT-0450,BATCH-202503-127,200.0,192.0,4.0,81.0,ORD-004037
CYC-004038,AGT-0450,BATCH-202510-568,200.0,178.0,11.0,85.0,ORD-004038
CYC-004039,AGT-0450,BATCH-202504-907,200.0,182.0,9.0,93.0,ORD-004039
CYC-004040,AGT-0451,BATCH-202507-743,1000.0,924.0,7.6,78.0,ORD-004040
CYC-004041,AGT-0451,BATCH-202504-998,300.0,270.0,10.0,84.0,ORD-004041
CYC-004042,AGT-0451,BATCH-202501-878,100.0,86.0,14.0,82.0,ORD-004042
CYC-004043,AGT-0451,BATCH-202506-533,500.0,435.0,13.0,66.0,ORD-004043
CYC-004044,AGT-0451,BATCH-202504-686,200.0,177.0,11.5,70.0,ORD-004044
CYC-004045,AGT-0451,BATCH-202507-918,200.0,184.0,8.0,77.0,ORD-004045
CYC-004046,AGT-0451,BATCH-202504-773,300.0,258.0,14.0,78.0,ORD-004046
CYC-004047,AGT-0451,BATCH-202512-194,300.0,260.0,13.33,73.0,ORD-004047
CYC-004048,AGT-0452,BATCH-202506-886,200.0,183.0,8.5,87.0,ORD-004048
CYC-004049,AGT-0452,BATCH-202512-235,100.0,92.0,8.0,98.0,ORD-004049
CYC-004050,AGT-0452,BATCH-202502-861,300.0,280.0,6.67,97.0,ORD-004050
CYC-004051,AGT-0452,BATCH-202501-121,200.0,190.0,5.0,76.0,ORD-004051
CYC-004052,AGT-0452,BATCH-202504-572,200.0,194.0,3.0,96.0,ORD-004052
CYC-004053,AGT-0452,BATCH-202507-690,300.0,278.0,7.33,81.0,ORD-004053
CYC-004054,AGT-0452,BATCH-202508-490,500.0,486.0,2.8,77.0,ORD-004054
CYC-004055,AGT-0453,BATCH-202510-373,1000.0,939.0,6.1,82.0,ORD-004055
CYC-004056,AGT-0453,BATCH-202503-957,100.0,94.0,6.0,91.0,ORD-004056
CYC-004057,AGT-0453,BATCH-202507-453,200.0,191.0,4.5,,ORD-004057
CYC-004058,AGT-0453,BATCH-202507-265,100.0,94.0,6.0,81.0,ORD-004058
CYC-004059,AGT-0453,BATCH-202509-661,100.0,99.0,1.0,100.0,ORD-004059
CYC-004060,AGT-0453,BATCH-202509-897,300.0,274.0,8.67,85.0,ORD-004060
CYC-004061,AGT-0453,BATCH-202510-613,200.0,185.0,7.5,97.0,ORD-004061
CYC-004062,AGT-0453,BATCH-202504-638,300.0,282.0,6.0,87.0,ORD-004062
CYC-004063,AGT-0454,BATCH-202502-667,1000.0,914.0,8.6,76.0,ORD-004063
CYC-004064,AGT-0454,BATCH-202502-904,200.0,187.0,6.5,93.0,ORD-004064
CYC-004065,AGT-0454,BATCH-202501-503,200.0,185.0,7.5,98.0,ORD-004065
CYC-004066,AGT-0454,BATCH-202504-384,300.0,272.0,9.33,82.0,ORD-004066
CYC-004067,AGT-0454,BATCH-202505-836,200.0,186.0,7.0,99.0,ORD-004067
CYC-004068,AGT-0454,BATCH-202501-634,300.0,271.0,9.67,93.0,ORD-004068
CYC-004069,AGT-0454,BATCH-202511-313,100.0,93.0,7.0,94.0,ORD-004069
CYC-004070,AGT-0454,BATCH-202507-386,200.0,185.0,7.5,80.0,ORD-004070
CYC-004071,AGT-0455,BATCH-202503-389,300.0,252.0,16.0,76.0,ORD-004071
CYC-004072,AGT-0455,BATCH-202507-296,500.0,440.0,12.0,65.0,ORD-004072
CYC-004073,AGT-0455,BATCH-202509-871,300.0,265.0,11.67,56.99999999999999,ORD-004073
CYC-004074,AGT-0455,BATCH-202503-720,500.0,434.0,13.2,69.0,ORD-004074
CYC-004075,AGT-0455,BATCH-202509-426,300.0,248.0,17.33,71.0,ORD-004075
CYC-004076,AGT-0455,BATCH-202510-194,100.0,,9.0,79.0,ORD-004076
CYC-004077,AGT-0455,BATCH-202501-995,300.0,269.0,10.33,80.0,ORD-004077
CYC-004078,AGT-0455,BATCH-202510-483,200.0,175.0,12.5,66.0,ORD-004078
CYC-004079,AGT-0455,BATCH-202505-200,300.0,276.0,8.0,76.0,ORD-004079
CYC-004080,AGT-0455,BATCH-202506-509,300.0,258.0,14.0,83.0,ORD-004080
CYC-004081,AGT-0455,BATCH-202504-989,200.0,173.0,13.5,70.0,ORD-004081
CYC-004082,AGT-0455,BATCH-202505-674,300.0,275.0,8.33,,ORD-004082
CYC-004083,AGT-0456,BATCH-202503-757,200.0,181.0,9.5,100.0,ORD-004083
CYC-004084,AGT-0456,BATCH-202506-386,500.0,469.0,6.2,98.0,ORD-004084
CYC-004085,AGT-0456,BATCH-202505-931,200.0,184.0,8.0,99.0,ORD-004085
CYC-004086,AGT-0456,BATCH-202512-472,200.0,191.0,4.5,77.0,ORD-004086
CYC-004087,AGT-0456,BATCH-202504-608,1000.0,924.0,7.6,83.0,ORD-004087
CYC-004088,AGT-0456,BATCH-202502-739,200.0,185.0,7.5,85.0,ORD-004088
CYC-004089,AGT-0457,BATCH-202507-783,100.0,95.0,5.0,99.0,ORD-004089
CYC-004090,AGT-0457,BATCH-202508-928,200.0,180.0,10.0,86.0,ORD-004090
CYC-004091,AGT-0457,BATCH-202507-754,200.0,192.0,4.0,81.0,ORD-004091
CYC-004092,AGT-0457,BATCH-202504-912,200.0,186.0,7.0,83.0,ORD-004092
CYC-004093,AGT-0457,BATCH-202503-669,200.0,196.0,2.0,85.0,ORD-004093
CYC-004094,AGT-0457,,200.0,181.0,9.5,87.0,ORD-004094
CYC-004095,AGT-0457,BATCH-202502-472,300.0,285.0,5.0,78.0,ORD-004095
CYC-004096,AGT-0457,BATCH-202511-959,100.0,89.0,11.0,99.0,ORD-004096
CYC-004097,AGT-0457,BATCH-202501-895,300.0,290.0,3.33,93.0,ORD-004097
CYC-004098,AGT-0457,BATCH-202510-794,200.0,197.0,1.5,99.0,ORD-004098
CYC-004099,AGT-0457,BATCH-202507-843,300.0,280.0,6.67,94.0,ORD-004099
CYC-004100,AGT-0457,BATCH-202511-249,200.0,181.0,9.5,88.0,ORD-004100
CYC-004101,AGT-0458,BATCH-202502-782,200.0,189.0,5.5,88.0,ORD-004101
CYC-004102,AGT-0458,BATCH-202507-626,300.0,288.0,4.0,91.0,ORD-004102
CYC-004103,AGT-0458,BATCH-202504-823,200.0,183.0,8.5,76.0,ORD-004103
CYC-004104,AGT-0458,BATCH-202512-426,100.0,94.0,6.0,85.0,ORD-004104
CYC-004105,AGT-0458,BATCH-202504-751,100.0,93.0,7.0,98.0,ORD-004105
CYC-004106,AGT-0458,BATCH-202509-594,1000.0,949.0,5.1,80.0,ORD-004106
CYC-004107,AGT-0458,BATCH-202510-410,500.0,487.0,2.6,85.0,ORD-004107
CYC-004108,AGT-0458,BATCH-202505-420,200.0,186.0,7.0,100.0,ORD-004108
CYC-004109,AGT-0458,BATCH-202510-289,200.0,187.0,6.5,90.0,ORD-004109
CYC-004110,AGT-0459,BATCH-202511-574,500.0,441.0,11.8,70.0,ORD-004110
CYC-004111,AGT-0459,BATCH-202512-675,100.0,86.0,14.0,78.0,ORD-004111
CYC-004112,AGT-0459,BATCH-202505-705,300.0,267.0,11.0,57.99999999999999,ORD-004112
CYC-004113,AGT-0459,BATCH-202502-513,200.0,184.0,8.0,74.0,ORD-004113
CYC-004114,AGT-0459,BATCH-202501-282,100.0,83.0,17.0,72.0,ORD-004114
CYC-004115,AGT-0459,BATCH-202506-151,300.0,269.0,10.33,74.0,ORD-004115
CYC-004116,AGT-0459,BATCH-202505-640,200.0,172.0,14.0,66.0,ORD-004116
CYC-004117,AGT-0459,BATCH-202509-639,200.0,181.0,9.5,82.0,ORD-004117
CYC-004118,AGT-0459,BATCH-202508-409,200.0,170.0,15.0,84.0,ORD-004118
CYC-004119,AGT-0459,BATCH-202512-919,200.0,181.0,9.5,66.0,ORD-004119
CYC-004120,AGT-0459,BATCH-202508-836,300.0,273.0,9.0,56.00000000000001,ORD-004120
CYC-004121,AGT-0460,BATCH-202509-143,100.0,88.0,12.0,84.0,ORD-004121
CYC-004122,AGT-0460,BATCH-202503-465,500.0,437.0,12.6,70.0,ORD-004122
CYC-004123,AGT-0460,BATCH-202505-350,300.0,253.0,15.67,60.0,ORD-004123
CYC-004124,AGT-0460,BATCH-202503-578,200.0,166.0,17.0,78.0,ORD-004124
CYC-004125,AGT-0460,BATCH-202501-123,300.0,278.0,7.33,63.0,ORD-004125
CYC-004126,AGT-0460,BATCH-202507-735,100.0,89.0,11.0,64.0,ORD-004126
CYC-004127,AGT-0460,BATCH-202512-747,100.0,86.0,14.0,56.00000000000001,ORD-004127
CYC-004128,AGT-0460,BATCH-202505-874,300.0,263.0,12.33,63.0,ORD-004128
CYC-004129,AGT-0460,BATCH-202508-652,300.0,263.0,12.33,71.0,ORD-004129
CYC-004130,AGT-0461,BATCH-202507-215,100.0,95.0,5.0,77.0,ORD-004130
CYC-004131,AGT-0461,BATCH-202505-283,300.0,284.0,5.33,96.0,ORD-004131
CYC-004132,AGT-0461,BATCH-202511-229,200.0,188.0,6.0,90.0,ORD-004132
CYC-004133,AGT-0461,BATCH-202508-331,100.0,,3.0,87.0,ORD-004133
CYC-004134,AGT-0461,BATCH-202504-427,200.0,187.0,6.5,77.0,ORD-004134
CYC-004135,AGT-0461,BATCH-202510-430,200.0,182.0,9.0,88.0,ORD-004135
CYC-004136,AGT-0461,BATCH-202510-116,500.0,462.0,7.6,94.0,ORD-004136
CYC-004137,AGT-0461,BATCH-202505-752,100.0,94.0,6.0,95.0,ORD-004137
CYC-004138,AGT-0461,BATCH-202504-787,300.0,281.0,6.33,77.0,ORD-004138
CYC-004139,AGT-0462,BATCH-202508-658,300.0,291.0,3.0,81.0,ORD-004139
CYC-004140,AGT-0462,BATCH-202512-555,100.0,95.0,5.0,81.0,ORD-004140
CYC-004141,AGT-0462,BATCH-202506-450,100.0,92.0,8.0,91.0,ORD-004141
CYC-004142,AGT-0462,BATCH-202505-570,200.0,180.0,10.0,78.0,ORD-004142
CYC-004143,AGT-0462,BATCH-202504-552,200.0,182.0,9.0,96.0,ORD-004143
CYC-004144,AGT-0462,BATCH-202506-921,500.0,478.0,4.4,96.0,ORD-004144
CYC-004145,AGT-0462,BATCH-202511-486,200.0,188.0,6.0,83.0,ORD-004145
CYC-004146,AGT-0462,BATCH-202507-944,100.0,90.0,10.0,87.0,ORD-004146
CYC-004147,AGT-0462,BATCH-202509-878,100.0,93.0,7.0,89.0,ORD-004147
CYC-004148,AGT-0462,BATCH-202503-211,300.0,284.0,5.33,98.0,ORD-004148
CYC-004149,AGT-0462,BATCH-202506-607,300.0,282.0,6.0,75.0,ORD-004149
CYC-004150,AGT-0462,BATCH-202510-328,200.0,190.0,5.0,94.0,ORD-004150
CYC-004151,AGT-0463,BATCH-202509-648,200.0,186.0,7.0,92.0,ORD-004151
CYC-004152,AGT-0463,BATCH-202504-697,100.0,93.0,7.0,80.0,ORD-004152
CYC-004153,AGT-0463,BATCH-202509-457,100.0,93.0,7.0,77.0,ORD-004153
CYC-004154,AGT-0463,BATCH-202505-356,100.0,94.0,6.0,92.0,ORD-004154
CYC-004155,AGT-0463,BATCH-202504-174,100.0,92.0,8.0,86.0,ORD-004155
CYC-004156,AGT-0463,BATCH-202507-616,200.0,193.0,3.5,86.0,ORD-004156
CYC-004157,AGT-0463,BATCH-202508-763,200.0,191.0,4.5,92.0,ORD-004157
CYC-004158,AGT-0463,BATCH-202503-589,200.0,189.0,5.5,89.0,ORD-004158
CYC-004159,AGT-0463,BATCH-202512-706,200.0,192.0,4.0,96.0,ORD-004159
CYC-004160,AGT-0463,BATCH-202503-404,200.0,192.0,4.0,91.0,ORD-004160
CYC-004161,AGT-0464,BATCH-202512-357,500.0,472.0,5.6,95.0,ORD-004161
CYC-004162,AGT-0464,BATCH-202508-662,100.0,95.0,5.0,84.0,ORD-004162
CYC-004163,AGT-0464,BATCH-202501-793,1000.0,942.0,5.8,87.0,ORD-004163
CYC-004164,AGT-0464,BATCH-202504-557,200.0,185.0,7.5,77.0,ORD-004164
CYC-004165,AGT-0464,BATCH-202504-201,200.0,193.0,3.5,84.0,ORD-004165
CYC-004166,AGT-0464,BATCH-202511-434,100.0,92.0,8.0,93.0,ORD-004166
CYC-004167,AGT-0464,BATCH-202504-814,300.0,278.0,7.33,83.0,ORD-004167
CYC-004168,AGT-0464,BATCH-202509-433,200.0,192.0,4.0,78.0,ORD-004168
CYC-004169,AGT-0464,BATCH-202508-263,200.0,182.0,9.0,95.0,ORD-004169
CYC-004170,AGT-0464,BATCH-202510-308,200.0,190.0,5.0,95.0,ORD-004170
CYC-004171,AGT-0465,BATCH-202511-224,100.0,92.0,8.0,100.0,ORD-004171
CYC-004172,AGT-0465,BATCH-202509-804,500.0,473.0,5.4,78.0,ORD-004172
CYC-004173,AGT-0465,BATCH-202506-439,200.0,191.0,4.5,88.0,ORD-004173
CYC-004174,AGT-0465,BATCH-202502-203,300.0,278.0,7.33,95.0,ORD-004174
CYC-004175,AGT-0465,BATCH-202512-639,200.0,185.0,7.5,88.0,ORD-004175
CYC-004176,AGT-0465,BATCH-202505-448,200.0,184.0,8.0,94.0,ORD-004176
CYC-004177,AGT-0465,BATCH-202512-985,100.0,94.0,6.0,82.0,ORD-004177
CYC-004178,AGT-0465,BATCH-202511-120,100.0,92.0,8.0,76.0,ORD-004178
CYC-004179,AGT-0465,BATCH-202507-629,200.0,188.0,6.0,98.0,ORD-004179
CYC-004180,AGT-0466,BATCH-202504-120,200.0,183.0,8.5,85.0,ORD-004180
CYC-004181,AGT-0466,BATCH-202510-123,200.0,191.0,4.5,82.0,ORD-004181
CYC-004182,AGT-0466,BATCH-202507-896,100.0,97.0,3.0,92.0,ORD-004182
CYC-004183,AGT-0466,BATCH-202509-571,500.0,482.0,3.6,82.0,ORD-004183
CYC-004184,AGT-0466,BATCH-202511-744,300.0,285.0,5.0,95.0,ORD-004184
CYC-004185,AGT-0466,BATCH-202504-973,200.0,184.0,8.0,80.0,ORD-004185
CYC-004186,AGT-0466,BATCH-202505-595,500.0,467.0,6.6,82.0,ORD-004186
CYC-004187,AGT-0466,BATCH-202504-428,100.0,95.0,5.0,95.0,ORD-004187
CYC-004188,AGT-0467,BATCH-202506-278,300.0,288.0,4.0,85.0,ORD-004188
CYC-004189,AGT-0467,BATCH-202512-214,200.0,184.0,8.0,85.0,ORD-004189
CYC-004190,AGT-0467,BATCH-202501-549,100.0,96.0,4.0,75.0,ORD-004190
CYC-004191,AGT-0467,BATCH-202511-944,1000.0,918.0,8.2,88.0,ORD-004191
CYC-004192,AGT-0467,BATCH-202503-286,500.0,482.0,3.6,77.0,ORD-004192
CYC-004193,AGT-0467,BATCH-202512-954,200.0,188.0,6.0,89.0,ORD-004193
CYC-004194,AGT-0468,BATCH-202510-522,1000.0,932.0,6.8,88.0,ORD-004194
CYC-004195,AGT-0468,BATCH-202503-270,1000.0,955.0,4.5,88.0,ORD-004195
CYC-004196,AGT-0468,BATCH-202504-408,500.0,479.0,4.2,82.0,ORD-004196
CYC-004197,AGT-0468,BATCH-202501-892,200.0,194.0,3.0,85.0,ORD-004197
CYC-004198,AGT-0468,BATCH-202504-414,300.0,280.0,6.67,94.0,ORD-004198
CYC-004199,AGT-0468,BATCH-202508-849,300.0,290.0,3.33,92.0,ORD-004199
CYC-004200,AGT-0468,BATCH-202505-300,200.0,190.0,5.0,89.0,ORD-004200
CYC-004202,AGT-0469,BATCH-202507-276,200.0,195.0,2.5,90.0,ORD-004202
CYC-004203,AGT-0469,BATCH-202508-289,200.0,182.0,9.0,85.0,ORD-004203
CYC-004204,AGT-0469,BATCH-202502-696,1000.0,946.0,5.4,84.0,ORD-004204
CYC-004205,AGT-0469,BATCH-202510-402,200.0,184.0,8.0,91.0,ORD-004205
CYC-004206,AGT-0469,BATCH-202507-654,300.0,281.0,6.33,95.0,ORD-004206
CYC-004207,AGT-0469,BATCH-202505-518,100.0,95.0,5.0,85.0,ORD-004207
CYC-004208,AGT-0469,BATCH-202508-126,200.0,186.0,7.0,86.0,ORD-004208
CYC-004209,AGT-0469,BATCH-202505-218,200.0,193.0,3.5,92.0,ORD-004209
CYC-004210,AGT-0469,BATCH-202503-460,200.0,186.0,7.0,91.0,ORD-004210
CYC-004211,AGT-0469,BATCH-202509-402,200.0,184.0,8.0,89.0,ORD-004211
CYC-004212,AGT-0470,BATCH-202501-472,300.0,284.0,5.33,80.0,ORD-004212
CYC-004213,AGT-0470,BATCH-202507-744,200.0,194.0,3.0,95.0,ORD-004213
CYC-004214,AGT-0470,BATCH-202508-406,500.0,459.0,8.2,96.0,ORD-004214
CYC-004215,AGT-0470,BATCH-202512-113,300.0,276.0,8.0,86.0,ORD-004215
CYC-004216,AGT-0470,BATCH-202508-532,200.0,187.0,6.5,80.0,ORD-004216
CYC-004217,AGT-0470,BATCH-202505-275,500.0,465.0,7.0,98.0,ORD-004217
CYC-004218,AGT-0470,BATCH-202504-276,100.0,95.0,5.0,86.0,ORD-004218
CYC-004219,AGT-0470,BATCH-202501-469,500.0,467.0,6.6,98.0,ORD-004219
CYC-004220,AGT-0471,BATCH-202505-454,300.0,277.0,7.67,96.0,ORD-004220
CYC-004221,AGT-0471,BATCH-202505-797,100.0,92.0,8.0,95.0,ORD-004221
CYC-004222,AGT-0471,BATCH-202512-354,200.0,192.0,4.0,83.0,ORD-004222
CYC-004223,AGT-0471,BATCH-202501-968,200.0,188.0,6.0,77.0,ORD-004223
CYC-004224,AGT-0471,BATCH-202504-693,200.0,192.0,4.0,95.0,ORD-004224
CYC-004225,AGT-0471,BATCH-202512-239,200.0,185.0,7.5,80.0,ORD-004225
CYC-004226,AGT-0471,BATCH-202507-983,200.0,189.0,5.5,97.0,ORD-004226
CYC-004227,AGT-0471,BATCH-202506-292,300.0,282.0,6.0,76.0,ORD-004227
CYC-004228,AGT-0472,BATCH-202506-382,100.0,87.0,13.0,84.0,ORD-004228
CYC-004229,AGT-0472,BATCH-202508-177,100.0,83.0,17.0,70.0,ORD-004229
CYC-004230,AGT-0472,BATCH-202511-791,300.0,270.0,10.0,65.0,ORD-004230
CYC-004231,AGT-0472,BATCH-202503-442,200.0,178.0,11.0,68.0,ORD-004231
CYC-004232,AGT-0472,BATCH-202508-543,500.0,438.0,12.4,61.0,ORD-004232
CYC-004233,AGT-0472,BATCH-202504-451,200.0,175.0,12.5,56.00000000000001,ORD-004233
CYC-004234,AGT-0472,BATCH-202506-706,500.0,463.0,7.4,56.00000000000001,ORD-004234
CYC-004235,AGT-0472,BATCH-202503-768,100.0,84.0,16.0,76.0,ORD-004235
CYC-004236,AGT-0473,BATCH-202508-852,200.0,189.0,5.5,83.0,ORD-004236
CYC-004237,AGT-0473,BATCH-202502-436,300.0,278.0,7.33,77.0,ORD-004237
CYC-004238,AGT-0473,BATCH-202507-142,300.0,280.0,6.67,81.0,ORD-004238
CYC-004239,AGT-0473,BATCH-202507-980,200.0,187.0,6.5,86.0,ORD-004239
CYC-004240,AGT-0473,BATCH-202511-633,200.0,186.0,7.0,81.0,ORD-004240
CYC-004241,AGT-0473,BATCH-202501-130,300.0,286.0,4.67,98.0,ORD-004241
CYC-004242,AGT-0473,BATCH-202501-112,200.0,184.0,8.0,83.0,ORD-004242
CYC-004243,AGT-0473,BATCH-202502-861,300.0,282.0,6.0,78.0,ORD-004243
CYC-004244,AGT-0473,BATCH-202502-367,1000.0,959.0,4.1,89.0,ORD-004244
CYC-004245,AGT-0473,BATCH-202507-806,300.0,279.0,7.0,86.0,ORD-004245
CYC-004246,AGT-0473,BATCH-202511-550,200.0,190.0,5.0,93.0,ORD-004246
CYC-004247,AGT-0474,BATCH-202508-634,200.0,189.0,5.5,87.0,ORD-004247
CYC-004248,AGT-0474,BATCH-202510-337,500.0,469.0,6.2,81.0,ORD-004248
CYC-004249,AGT-0474,BATCH-202502-733,300.0,284.0,5.33,95.0,ORD-004249
CYC-004251,AGT-0474,BATCH-202504-330,100.0,95.0,5.0,82.0,ORD-004251
CYC-004252,AGT-0474,BATCH-202511-517,100.0,96.0,4.0,87.0,ORD-004252
CYC-004253,AGT-0474,BATCH-202508-975,300.0,283.0,5.67,84.0,ORD-004253
CYC-004254,AGT-0475,BATCH-202501-859,500.0,448.0,10.4,79.0,ORD-004254
CYC-004255,AGT-0475,BATCH-202509-698,200.0,179.0,10.5,76.0,ORD-004255
CYC-004256,AGT-0475,BATCH-202505-720,200.0,196.0,2.0,98.0,ORD-004256
CYC-004257,AGT-0475,BATCH-202509-435,200.0,192.0,4.0,89.0,ORD-004257
CYC-004258,AGT-0475,BATCH-202509-953,200.0,186.0,7.0,87.0,ORD-004258
CYC-004259,AGT-0475,BATCH-202511-699,300.0,271.0,9.67,,ORD-004259
CYC-004260,AGT-0475,BATCH-202503-193,300.0,284.0,5.33,91.0,ORD-004260
CYC-004261,AGT-0476,BATCH-202509-857,300.0,282.0,6.0,0.0,ORD-004261
CYC-004262,AGT-0476,BATCH-202510-485,300.0,285.0,5.0,86.0,ORD-004262
CYC-004263,AGT-0476,BATCH-202507-947,200.0,188.0,6.0,80.0,ORD-004263
CYC-004264,AGT-0476,BATCH-202504-514,200.0,186.0,7.0,84.0,ORD-004264
CYC-004265,AGT-0476,BATCH-202511-669,300.0,289.0,3.67,88.0,ORD-004265
CYC-004266,AGT-0476,BATCH-202510-786,200.0,181.0,9.5,87.0,ORD-004266
CYC-004267,AGT-0476,BATCH-202504-645,200.0,191.0,4.5,94.0,ORD-004267
CYC-004268,AGT-0477,BATCH-202512-591,100.0,95.0,5.0,99.0,ORD-004268
CYC-004269,AGT-0477,BATCH-202505-565,200.0,186.0,7.0,97.0,ORD-004269
CYC-004270,AGT-0477,BATCH-202505-835,300.0,274.0,8.67,,ORD-004270
CYC-004271,AGT-0477,BATCH-202510-749,200.0,186.0,7.0,81.0,ORD-004271
CYC-004272,AGT-0477,BATCH-202504-607,200.0,190.0,5.0,96.0,ORD-004272
CYC-004273,AGT-0477,BATCH-202501-668,200.0,187.0,6.5,,ORD-004273
CYC-004274,AGT-0478,BATCH-202511-674,200.0,180.0,10.0,98.0,ORD-004274
CYC-004275,AGT-0478,BATCH-202511-507,1000.0,919.0,8.1,98.0,ORD-004275
CYC-004276,AGT-0478,BATCH-202511-304,1000.0,919.0,8.1,96.0,ORD-004276
CYC-004277,AGT-0478,BATCH-202503-488,200.0,184.0,8.0,80.0,ORD-004277
CYC-004278,AGT-0478,BATCH-202509-834,300.0,281.0,6.33,89.0,ORD-004278
CYC-004279,AGT-0478,BATCH-202505-171,300.0,292.0,2.67,76.0,ORD-004279
CYC-004280,AGT-0478,BATCH-202509-673,200.0,193.0,3.5,94.0,ORD-004280
CYC-004281,AGT-0479,BATCH-202508-130,200.0,184.0,8.0,88.0,ORD-004281
CYC-004282,AGT-0479,BATCH-202506-195,100.0,93.0,7.0,78.0,ORD-004282
CYC-004283,AGT-0479,BATCH-202510-163,100.0,93.0,7.0,95.0,ORD-004283
CYC-004284,AGT-0479,BATCH-202502-890,100.0,94.0,6.0,82.0,ORD-004284
CYC-004285,AGT-0479,BATCH-202509-902,500.0,465.0,7.0,82.0,ORD-004285
CYC-004286,AGT-0479,BATCH-202509-827,200.0,186.0,7.0,99.0,ORD-004286
CYC-004287,AGT-0479,BATCH-202502-293,300.0,273.0,9.0,76.0,ORD-004287
CYC-004288,AGT-0479,BATCH-202508-747,100.0,94.0,6.0,76.0,ORD-004288
CYC-004289,AGT-0479,BATCH-202509-805,200.0,188.0,6.0,83.0,ORD-004289
CYC-004290,AGT-0480,BATCH-202512-551,300.0,282.0,6.0,86.0,ORD-004290
CYC-004291,AGT-0480,BATCH-202507-961,1000.0,957.0,4.3,78.0,ORD-004291
CYC-004292,AGT-0480,BATCH-202501-172,1000.0,926.0,7.4,93.0,ORD-004292
CYC-004293,AGT-0480,BATCH-202508-773,100.0,91.0,9.0,94.0,ORD-004293
CYC-004294,AGT-0480,BATCH-202508-441,100.0,91.0,9.0,83.0,ORD-004294
CYC-004295,AGT-0480,BATCH-202512-290,100.0,94.0,6.0,87.0,ORD-004295
CYC-004296,AGT-0480,BATCH-202504-211,500.0,446.0,10.8,95.0,ORD-004296
CYC-004297,AGT-0480,BATCH-202507-135,300.0,289.0,3.67,97.0,ORD-004297
CYC-004298,AGT-0480,BATCH-202502-739,100.0,92.0,8.0,86.0,ORD-004298
CYC-004299,AGT-0480,BATCH-202501-502,300.0,287.0,4.33,96.0,ORD-004299
CYC-004300,AGT-0481,BATCH-202506-487,200.0,194.0,3.0,95.0,ORD-004300
CYC-004301,AGT-0481,BATCH-202504-859,500.0,473.0,5.4,87.0,ORD-004301
CYC-004302,AGT-0481,BATCH-202509-318,100.0,93.0,7.0,98.0,ORD-004302
CYC-004303,AGT-0481,BATCH-202510-424,200.0,187.0,6.5,76.0,ORD-004303
CYC-004304,AGT-0481,BATCH-202505-878,100.0,96.0,4.0,83.0,ORD-004304
CYC-004305,AGT-0481,BATCH-202509-839,200.0,187.0,6.5,75.0,ORD-004305
CYC-004306,AGT-0481,BATCH-202504-129,200.0,191.0,4.5,97.0,ORD-004306
CYC-004307,AGT-0481,BATCH-202501-571,500.0,458.0,8.4,79.0,ORD-004307
CYC-004308,AGT-0482,BATCH-202502-152,300.0,282.0,6.0,83.0,ORD-004308
CYC-004309,AGT-0482,BATCH-202501-239,300.0,279.0,7.0,77.0,ORD-004309
CYC-004310,AGT-0482,BATCH-202509-487,200.0,191.0,4.5,78.0,ORD-004310
CYC-004311,AGT-0482,BATCH-202501-846,300.0,,6.67,94.0,ORD-004311
CYC-004312,AGT-0482,BATCH-202511-745,1000.0,952.0,4.8,91.0,ORD-004312
CYC-004313,AGT-0482,BATCH-202501-175,200.0,183.0,8.5,82.0,ORD-004313
CYC-004314,AGT-0482,BATCH-202511-428,1000.0,964.0,3.6,87.0,ORD-004314
CYC-004315,AGT-0482,BATCH-202508-514,300.0,291.0,3.0,88.0,ORD-004315
CYC-004316,AGT-0482,BATCH-202505-699,100.0,94.0,6.0,88.0,ORD-004316
CYC-004317,AGT-0483,BATCH-202507-684,100.0,96.0,4.0,99.0,ORD-004317
CYC-004318,AGT-0483,BATCH-202503-846,200.0,179.0,10.5,87.0,ORD-004318
CYC-004319,AGT-0483,BATCH-202502-863,300.0,284.0,5.33,86.0,ORD-004319
CYC-004320,AGT-0483,BATCH-202510-591,200.0,187.0,6.5,96.0,ORD-004320
CYC-004321,AGT-0483,BATCH-202511-380,500.0,470.0,6.0,89.0,ORD-004321
CYC-004322,AGT-0483,BATCH-202511-156,100.0,93.0,7.0,97.0,ORD-004322
CYC-004323,AGT-0483,BATCH-202502-955,200.0,188.0,6.0,86.0,ORD-004323
CYC-004324,AGT-0483,BATCH-202509-301,500.0,478.0,4.4,90.0,ORD-004324
CYC-004325,AGT-0483,BATCH-202505-336,200.0,188.0,6.0,84.0,ORD-004325
CYC-004326,AGT-0483,BATCH-202509-706,300.0,286.0,4.67,96.0,ORD-004326
CYC-004327,AGT-0483,BATCH-202504-932,500.0,,8.4,77.0,ORD-004327
CYC-004328,AGT-0484,BATCH-202505-325,100.0,90.0,10.0,95.0,ORD-004328
CYC-004329,AGT-9999,BATCH-202501-218,200.0,175.0,12.5,84.0,ORD-004329
CYC-004330,AGT-0484,BATCH-202502-720,200.0,189.0,5.5,92.0,ORD-004330
CYC-004331,AGT-0484,BATCH-202509-503,500.0,456.0,8.8,90.0,ORD-004331
CYC-004332,AGT-0484,BATCH-202508-117,200.0,191.0,4.5,94.0,ORD-004332
CYC-004333,AGT-0484,BATCH-202502-418,500.0,459.0,8.2,76.0,ORD-004333
CYC-004334,AGT-0485,BATCH-202501-850,1000.0,923.0,7.7,85.0,ORD-004334
CYC-004335,AGT-0485,BATCH-202505-320,200.0,183.0,8.5,100.0,ORD-004335
CYC-004336,AGT-0485,BATCH-202510-785,300.0,281.0,6.33,87.0,ORD-004336
CYC-004337,AGT-0485,BATCH-202503-291,200.0,189.0,5.5,78.0,ORD-004337
CYC-004338,AGT-0485,BATCH-202503-836,300.0,278.0,7.33,81.0,ORD-004338
CYC-004339,AGT-0485,BATCH-202505-177,100.0,91.0,9.0,97.0,ORD-004339
CYC-004340,AGT-0485,BATCH-202508-951,200.0,,5.0,95.0,ORD-004340
CYC-004341,AGT-0485,BATCH-202504-199,300.0,294.0,2.0,82.0,ORD-004341
CYC-004342,AGT-0485,BATCH-202506-459,100.0,96.0,4.0,95.0,ORD-004342
CYC-004343,AGT-0485,BATCH-202511-114,100.0,92.0,8.0,96.0,ORD-004343
CYC-004344,AGT-0485,BATCH-202509-268,200.0,189.0,5.5,84.0,ORD-004344
CYC-004345,AGT-0486,BATCH-202509-581,200.0,186.0,7.0,99.0,ORD-004345
CYC-004346,AGT-0486,BATCH-202507-529,100.0,94.0,6.0,75.0,ORD-004346
CYC-004347,AGT-0486,BATCH-202505-715,500.0,475.0,5.0,89.0,ORD-004347
CYC-004348,AGT-0486,BATCH-202511-777,200.0,189.0,5.5,98.0,ORD-004348
CYC-004349,AGT-0486,BATCH-202509-388,200.0,178.0,11.0,82.0,ORD-004349
CYC-004350,AGT-0486,BATCH-202511-961,1000.0,948.0,5.2,80.0,ORD-004350
CYC-004351,AGT-0486,BATCH-202510-848,200.0,193.0,3.5,85.0,ORD-004351
CYC-004352,AGT-0487,BATCH-202504-116,200.0,189.0,5.5,81.0,ORD-004352
CYC-004353,AGT-0487,BATCH-202506-109,200.0,193.0,3.5,84.0,ORD-004353
CYC-004354,AGT-0487,BATCH-202510-959,200.0,183.0,8.5,97.0,ORD-004354
CYC-004355,AGT-0487,BATCH-202507-711,100.0,91.0,9.0,91.0,ORD-004355
CYC-004356,AGT-0487,BATCH-202502-110,300.0,283.0,5.67,91.0,ORD-004356
CYC-004357,AGT-0487,BATCH-202509-153,300.0,280.0,6.67,78.0,ORD-004357
CYC-004358,AGT-0487,BATCH-202502-991,200.0,186.0,7.0,99.0,ORD-004358
CYC-004359,AGT-0487,BATCH-202509-680,200.0,183.0,8.5,81.0,ORD-004359
CYC-004360,AGT-0487,BATCH-202508-554,300.0,274.0,8.67,79.0,ORD-004360
CYC-004361,AGT-0487,BATCH-202511-248,100.0,94.0,6.0,82.0,ORD-004361
CYC-004362,AGT-0487,BATCH-202503-730,200.0,183.0,8.5,82.0,ORD-004362
CYC-004363,AGT-0488,BATCH-202507-510,300.0,288.0,4.0,84.0,ORD-004363
CYC-004364,AGT-0488,BATCH-202505-657,200.0,183.0,8.5,76.0,ORD-004364
CYC-004365,AGT-0488,BATCH-202509-412,500.0,442.0,11.6,80.0,ORD-004365
CYC-004366,AGT-0488,BATCH-202504-309,100.0,95.0,5.0,96.0,ORD-004366
CYC-004367,AGT-0488,BATCH-202502-440,300.0,274.0,8.67,79.0,ORD-004367
CYC-004368,AGT-0488,BATCH-202508-377,500.0,453.0,9.4,92.0,ORD-004368
CYC-004369,AGT-0488,BATCH-202508-255,200.0,182.0,9.0,80.0,ORD-004369
CYC-004370,AGT-0488,BATCH-202511-458,300.0,294.0,2.0,95.0,ORD-004370
CYC-004371,AGT-0488,BATCH-202508-824,500.0,476.0,4.8,83.0,ORD-004371
CYC-004372,AGT-0488,BATCH-202511-230,200.0,187.0,6.5,81.0,ORD-004372
CYC-004373,AGT-0489,BATCH-202504-948,200.0,176.0,12.0,82.0,ORD-004373
CYC-004374,AGT-0489,BATCH-202510-828,300.0,274.0,8.67,64.0,ORD-004374
CYC-004375,AGT-0489,BATCH-202508-114,100.0,84.0,16.0,72.0,ORD-004375
CYC-004376,AGT-0489,BATCH-202508-229,300.0,268.0,10.67,69.0,ORD-004376
CYC-004377,AGT-0489,BATCH-202507-832,500.0,432.0,13.6,67.0,ORD-004377
CYC-004378,AGT-0489,BATCH-202503-739,100.0,90.0,10.0,69.0,ORD-004378
CYC-004379,AGT-0489,BATCH-202511-971,200.0,179.0,10.5,56.99999999999999,ORD-004379
CYC-004380,AGT-0489,BATCH-202512-255,100.0,83.0,17.0,82.0,ORD-004380
CYC-004381,AGT-0489,BATCH-202503-719,200.0,174.0,13.0,56.99999999999999,ORD-004381
CYC-004382,AGT-0489,BATCH-202507-947,100.0,86.0,14.0,60.0,ORD-004382
CYC-004383,AGT-0490,BATCH-202510-870,1000.0,957.0,4.3,92.0,ORD-004383
CYC-004384,AGT-0490,BATCH-202512-524,200.0,188.0,6.0,79.0,ORD-004384
CYC-004385,AGT-0490,BATCH-202501-665,200.0,191.0,4.5,84.0,ORD-004385
CYC-004386,AGT-0490,BATCH-202504-371,300.0,283.0,5.67,93.0,ORD-004386
CYC-004387,AGT-0490,BATCH-202505-148,300.0,284.0,5.33,79.0,ORD-004387
CYC-004388,AGT-0490,BATCH-202504-938,300.0,291.0,3.0,83.0,ORD-004388
CYC-004389,AGT-0490,BATCH-202502-361,300.0,,7.0,96.0,ORD-004389
CYC-004390,AGT-0490,BATCH-202505-155,1000.0,932.0,6.8,100.0,ORD-004390
CYC-004391,AGT-0490,BATCH-202506-151,300.0,287.0,4.33,86.0,ORD-004391
CYC-004392,AGT-0491,BATCH-202508-264,1000.0,886.0,11.4,78.0,ORD-004392
CYC-004393,AGT-0491,BATCH-202504-434,200.0,,6.0,88.0,ORD-004393
CYC-004394,AGT-0491,BATCH-202501-444,200.0,190.0,5.0,78.0,ORD-004394
CYC-004395,AGT-0491,BATCH-202506-681,1000.0,912.0,8.8,84.0,ORD-004395
CYC-004396,AGT-0491,BATCH-202503-437,200.0,181.0,9.5,87.0,ORD-004396
CYC-004397,AGT-0491,BATCH-202503-157,300.0,292.0,2.67,78.0,ORD-004397
CYC-004398,AGT-0491,BATCH-202501-861,200.0,192.0,4.0,95.0,ORD-004398
CYC-004399,AGT-0491,BATCH-202506-499,200.0,184.0,8.0,81.0,ORD-004399
CYC-004401,AGT-0492,BATCH-202507-196,1000.0,935.0,6.5,76.0,ORD-004401
CYC-004402,AGT-0492,BATCH-202505-298,100.0,94.0,6.0,93.0,ORD-004402
CYC-004403,AGT-0492,BATCH-202506-536,200.0,180.0,10.0,84.0,ORD-004403
CYC-004404,AGT-0492,BATCH-202506-353,200.0,191.0,4.5,85.0,ORD-004404
CYC-004405,AGT-0492,BATCH-202508-319,200.0,183.0,8.5,78.0,ORD-004405
CYC-004406,AGT-0492,BATCH-202508-339,200.0,181.0,9.5,89.0,ORD-004406
CYC-004407,AGT-0492,BATCH-202506-692,300.0,287.0,4.33,88.0,ORD-004407
CYC-004408,AGT-0492,BATCH-202502-880,500.0,471.0,5.8,81.0,ORD-004408
CYC-004409,AGT-0492,BATCH-202505-409,100.0,96.0,4.0,85.0,ORD-004409
CYC-004410,AGT-0492,BATCH-202505-948,500.0,473.0,5.4,75.0,ORD-004410
CYC-004411,AGT-0493,BATCH-202511-233,300.0,291.0,3.0,87.0,ORD-004411
CYC-004412,AGT-0493,BATCH-202511-779,200.0,185.0,7.5,97.0,ORD-004412
CYC-004413,AGT-0493,BATCH-202509-796,200.0,189.0,5.5,95.0,ORD-004413
CYC-004414,AGT-0493,BATCH-202503-436,500.0,464.0,7.2,79.0,ORD-004414
CYC-004415,AGT-0493,BATCH-202512-996,200.0,189.0,5.5,86.0,ORD-004415
CYC-004416,AGT-0493,BATCH-202511-478,300.0,278.0,7.33,94.0,ORD-004416
CYC-004417,AGT-0493,BATCH-202505-389,200.0,191.0,4.5,97.0,ORD-004417
CYC-004418,AGT-0494,BATCH-202505-605,100.0,94.0,6.0,89.0,ORD-004418
CYC-004419,AGT-0494,BATCH-202506-978,300.0,282.0,6.0,,ORD-004419
CYC-004420,AGT-0494,BATCH-202511-917,100.0,93.0,7.0,97.0,ORD-004420
CYC-004421,AGT-0494,BATCH-202507-773,200.0,190.0,5.0,85.0,ORD-004421
CYC-004422,AGT-0494,BATCH-202509-183,100.0,99.0,1.0,92.0,ORD-004422
CYC-004423,AGT-0494,BATCH-202512-775,300.0,281.0,6.33,82.0,ORD-004423
CYC-004424,AGT-0494,BATCH-202506-986,100.0,93.0,7.0,86.0,ORD-004424
CYC-004425,AGT-0494,BATCH-202501-807,300.0,271.0,9.67,93.0,ORD-004425
CYC-004426,AGT-0494,BATCH-202507-704,200.0,191.0,4.5,80.0,ORD-004426
CYC-004427,AGT-0495,BATCH-202502-362,300.0,270.0,10.0,100.0,ORD-004427
CYC-004428,AGT-0495,BATCH-202506-839,300.0,276.0,8.0,86.0,ORD-004428
CYC-004429,AGT-0495,BATCH-202502-485,200.0,,5.0,86.0,ORD-004429
CYC-004430,AGT-0495,BATCH-202509-539,200.0,187.0,6.5,92.0,ORD-004430
CYC-004431,AGT-0495,BATCH-202507-632,200.0,187.0,6.5,91.0,ORD-004431
CYC-004432,AGT-0495,BATCH-202508-151,1000.0,980.0,2.0,77.0,ORD-004432
CYC-004433,AGT-0495,BATCH-202509-118,200.0,187.0,6.5,85.0,ORD-004433
CYC-004434,AGT-0495,BATCH-202504-853,200.0,185.0,7.5,90.0,ORD-004434
CYC-004435,AGT-0495,BATCH-202503-336,500.0,467.0,6.6,82.0,ORD-004435
CYC-004436,AGT-0495,BATCH-202506-217,1000.0,921.0,7.9,86.0,ORD-004436
CYC-004437,AGT-0495,BATCH-202506-817,300.0,290.0,3.33,92.0,ORD-004437
CYC-004438,AGT-0496,BATCH-202504-445,300.0,281.0,6.33,99.0,ORD-004438
CYC-004439,AGT-0496,BATCH-202502-560,100.0,97.0,3.0,95.0,ORD-004439
CYC-004440,AGT-0496,BATCH-202510-232,300.0,292.0,2.67,91.0,ORD-004440
CYC-004441,AGT-0496,BATCH-202510-808,500.0,476.0,4.8,97.0,ORD-004441
CYC-004442,AGT-0496,BATCH-202505-155,200.0,189.0,5.5,100.0,ORD-004442
CYC-004443,AGT-0496,BATCH-202505-120,100.0,94.0,6.0,82.0,ORD-004443
CYC-004444,AGT-0496,BATCH-202501-666,300.0,280.0,6.67,90.0,ORD-004444
CYC-004445,AGT-0496,BATCH-202502-729,200.0,189.0,5.5,83.0,ORD-004445
CYC-004446,AGT-0496,BATCH-202503-288,200.0,182.0,9.0,95.0,ORD-004446
CYC-004447,AGT-0496,BATCH-202506-711,1000.0,935.0,6.5,86.0,ORD-004447
CYC-004448,AGT-0496,BATCH-202506-737,200.0,181.0,9.5,88.0,ORD-004448
CYC-004449,AGT-0497,BATCH-202507-611,200.0,185.0,7.5,75.0,ORD-004449
CYC-004450,AGT-0497,BATCH-202512-228,500.0,449.0,10.2,81.0,ORD-004450
CYC-004451,AGT-0497,BATCH-202504-119,500.0,453.0,9.4,79.0,ORD-004451
CYC-004452,AGT-0497,BATCH-202512-272,100.0,91.0,9.0,77.0,ORD-004452
CYC-004453,AGT-0497,BATCH-202508-759,300.0,277.0,7.67,75.0,ORD-004453
CYC-004454,AGT-0497,BATCH-202508-514,300.0,283.0,5.67,93.0,ORD-004454
CYC-004455,AGT-0497,BATCH-202512-789,100.0,93.0,7.0,91.0,ORD-004455
CYC-004456,AGT-0497,BATCH-202504-621,200.0,189.0,5.5,89.0,ORD-004456
CYC-004457,AGT-0498,BATCH-202508-316,300.0,284.0,5.33,85.0,ORD-004457
CYC-004458,AGT-0498,BATCH-202509-215,200.0,190.0,5.0,95.0,ORD-004458
CYC-004459,AGT-0498,BATCH-202511-832,500.0,451.0,9.8,87.0,ORD-004459
CYC-004460,AGT-0498,BATCH-202504-331,100.0,97.0,3.0,79.0,ORD-004460
CYC-004461,AGT-0498,BATCH-202501-780,200.0,186.0,7.0,90.0,ORD-004461
CYC-004462,AGT-0498,BATCH-202507-998,200.0,194.0,3.0,87.0,ORD-004462
CYC-004463,AGT-0498,BATCH-202502-424,100.0,94.0,6.0,87.0,ORD-004463
CYC-004464,AGT-0498,BATCH-202508-304,200.0,192.0,4.0,78.0,ORD-004464
CYC-004465,AGT-0498,BATCH-202511-797,1000.0,933.0,6.7,93.0,ORD-004465
CYC-004466,AGT-0498,BATCH-202504-866,100.0,96.0,4.0,92.0,ORD-004466
CYC-004467,AGT-0498,BATCH-202502-381,200.0,192.0,4.0,91.0,ORD-004467
CYC-004468,AGT-0499,BATCH-202508-492,300.0,258.0,14.0,61.0,ORD-004468
CYC-004469,AGT-0499,BATCH-202505-352,100.0,88.0,12.0,61.0,ORD-004469
CYC-004470,AGT-0499,BATCH-202511-178,100.0,85.0,15.0,,ORD-004470
CYC-004471,AGT-0499,BATCH-202506-935,200.0,172.0,14.0,64.0,ORD-004471
CYC-004472,AGT-0499,BATCH-202502-289,200.0,174.0,13.0,59.0,ORD-004472
CYC-004473,AGT-0499,BATCH-202510-649,200.0,178.0,11.0,78.0,ORD-004473
CYC-004474,AGT-0499,BATCH-202511-836,100.0,84.0,16.0,63.0,ORD-004474
CYC-004475,AGT-0499,BATCH-202505-843,300.0,267.0,11.0,56.00000000000001,ORD-004475
CYC-004476,AGT-0500,BATCH-202508-314,200.0,164.0,18.0,82.0,ORD-004476
CYC-004477,AGT-0500,BATCH-202509-719,300.0,259.0,13.67,73.0,ORD-004477
CYC-004478,AGT-0500,BATCH-202505-577,200.0,171.0,14.5,61.0,ORD-004478
CYC-004479,AGT-0500,BATCH-202511-702,300.0,261.0,13.0,64.0,ORD-004479
CYC-004480,AGT-0500,BATCH-202501-194,1000.0,915.0,8.5,64.0,ORD-004480
CYC-004481,AGT-0500,BATCH-202508-380,200.0,185.0,7.5,75.0,ORD-004481
CYC-004482,AGT-0500,BATCH-202512-299,200.0,176.0,12.0,76.0,ORD-004482
CYC-004483,AGT-0500,BATCH-202503-988,300.0,275.0,8.33,64.0,ORD-004483
CYC-004484,AGT-0500,BATCH-202505-493,200.0,180.0,10.0,81.0,ORD-004484
CYC-004485,AGT-0500,BATCH-202511-259,100.0,82.0,18.0,67.0,ORD-004485
